2026-10-02T20:20:54Z SPOT-31593C > bm pub bmcam/cmd {"id":65001,"c":"set","kv":{"video.record.encoder.denoise":"cdn_off"}} 1 1
2026-10-02T20:20:57Z bm pub bmcam/cmd {"id":65001,"c":"set","kv":{"video.record.encoder.denoise":"cdn_off"}} 1 1
2026-10-02T20:20:57Z 1790972459.828 e6fe83ea6b4a2b7f, [bmcam004] REJECTED id=65001 'video.record.encoder.denoise' is not a setting e=key k=video.record.encoder.denoise cfg=683a9a62
2026-10-02T20:20:57Z 1790972459.875 e6fe83ea6b4a2b7f, [bmcam004] REJECTED id=65001 (duplicate: original answer) e=key k=video.record.encoder.denoise cfg=683a9a62
2026-10-02T20:20:57Z 1790972459.925 e6fe83ea6b4a2b7f, [bmcam004] REJECTED id=65001 (duplicate: original answer) e=key k=video.record.encoder.denoise cfg=683a9a62
2026-10-02T20:20:57Z 1790972459.976 e6fe83ea6b4a2b7f, [bmcam004] REJECTED id=65001 (duplicate: original answer) e=key k=video.record.encoder.denoise cfg=683a9a62
2026-10-02T20:20:57Z 1790972460.027 e6fe83ea6b4a2b7f, [bmcam004] REJECTED id=65001 (duplicate: original answer) e=key k=video.record.encoder.denoise cfg=683a9a62
2026-10-02T20:20:57Z 1790972460.078 e6fe83ea6b4a2b7f, [bmcam004] REJECTED id=65001 (duplicate: original answer) e=key k=video.record.encoder.denoise cfg=683a9a62
2026-10-02T20:20:57Z 1790972460.125 e6fe83ea6b4a2b7f, [bmcam004] REJECTED id=65001 (duplicate: original answer) e=key k=video.record.encoder.denoise cfg=683a9a62
2026-10-02T20:20:57Z 1790972460.175 e6fe83ea6b4a2b7f, [bmcam004] REJECTED id=65001 (duplicate: original answer) e=key k=video.record.encoder.denoise cfg=683a9a62
2026-10-02T20:20:57Z 1790972460.394 e6fe83ea6b4a2b7f, [bmcam004] REJECTED id=65001 (duplicate: original answer) e=key k=video.record.encoder.denoise cfg=683a9a62
2026-10-02T20:20:57Z 1790972460.445 e6fe83ea6b4a2b7f, [bmcam004] REJECTED id=65001 (duplicate: original answer) e=key k=video.record.encoder.denoise cfg=683a9a62
2026-10-02T20:20:58Z Starting cross coherence correction check.
2026-10-02T20:20:58Z Composite coherence i_gMax: 6
2026-10-02T20:20:58Z Stats Waves Basic analysis start
2026-10-02T20:20:58Z Analyzing wind data
2026-10-02T20:20:58Z Wind data analysis complete
2026-10-02T20:20:58Z stat comp end
2026-10-02T20:20:58Z stats Waves Full analysis start
2026-10-02T20:20:58Z Analyzing wind data
2026-10-02T20:20:58Z Wind data analysis complete
2026-10-02T20:20:58Z Full stat peak Szz: 0.000000
2026-10-02T20:20:58Z Full stat norm factor: 10000.000000
2026-10-02T20:21:05Z SPOT-31593C > bm pub bmcam/cmd {"id":65002,"c":"set","kv":{"camera.controls_enabled":true,"camera.image_processing.enabled":true,"camera.image_processing.denoise":"cdn_fast","camera.image_processing.sharpness":2.0}} 1 1
2026-10-02T20:21:06Z bm pub bmcam/cmd {"id":65002,"c":"set","kv":{"camera.controls_enabled":true,"camera.image_processing.enabled":true,"camera.image_processing.denoise":"cdn_fast","camera.image_processing.sharpness":2.0
2026-10-02T20:21:07Z 1790972469.613 e6fe83ea6b4a2b7f, [bmcam004] OK id=65002 camera.image_processing.enabled: false -> true, camera.image_processing.denoise: none -> cdn_fast, camera.image_processing.sharpness: 1.0 -> 2.
2026-10-02T20:21:07Z 1790972469.664 e6fe83ea6b4a2b7f, [bmcam004] OK id=65002 camera.image_processing.enabled: false -> true, camera.image_processing.denoise: none -> cdn_fast, camera.image_processi (duplicate: original a
2026-10-02T20:21:07Z 1790972469.714 e6fe83ea6b4a2b7f, [bmcam004] OK id=65002 camera.image_processing.enabled: false -> true, camera.image_processing.denoise: none -> cdn_fast, camera.image_processi (duplicate: original a
2026-10-02T20:21:07Z 1790972469.773 e6fe83ea6b4a2b7f, [bmcam004] OK id=65002 camera.image_processing.enabled: false -> true, camera.image_processing.denoise: none -> cdn_fast, camera.image_processi (duplicate: original a
2026-10-02T20:21:07Z 1790972469.824 e6fe83ea6b4a2b7f, [bmcam004] OK id=65002 camera.image_processing.enabled: false -> true, camera.image_processing.denoise: none -> cdn_fast, camera.image_processi (duplicate: original a
2026-10-02T20:21:07Z 1790972469.875 e6fe83ea6b4a2b7f, [bmcam004] OK id=65002 camera.image_processing.enabled: false -> true, camera.image_processing.denoise: none -> cdn_fast, camera.image_processi (duplicate: original a
2026-10-02T20:21:07Z 1790972469.925 e6fe83ea6b4a2b7f, [bmcam004] OK id=65002 camera.image_processing.enabled: false -> true, camera.image_processing.denoise: none -> cdn_fast, camera.image_processi (duplicate: original a
2026-10-02T20:21:07Z 1790972469.976 e6fe83ea6b4a2b7f, [bmcam004] OK id=65002 camera.image_processing.enabled: false -> true, camera.image_processing.denoise: none -> cdn_fast, camera.image_processi (duplicate: original a
2026-10-02T20:21:07Z 1790972470.023 e6fe83ea6b4a2b7f, [bmcam004] OK id=65002 camera.image_processing.enabled: false -> true, camera.image_processing.denoise: none -> cdn_fast, camera.image_processi (duplicate: original a
2026-10-02T20:21:07Z 1790972470.074 e6fe83ea6b4a2b7f, [bmcam004] OK id=65002 camera.image_processing.enabled: false -> true, camera.image_processing.denoise: none -> cdn_fast, camera.image_processi (duplicate: original a
2026-10-02T20:21:15Z SPOT-31593C > bm pub bmcam/cmd {"id":65003,"c":"set","kv":{"still.quality_ladder":[20,15,11,9]}} 1 1
2026-10-02T20:21:16Z bm pub bmcam/cmd {"id":65003,"c":"set","kv":{"still.quality_ladder":[20,15,11,9]}} 1 1
2026-10-02T20:21:16Z 1790972478.816 e6fe83ea6b4a2b7f, [bmcam004] OK id=65003 still.quality_ladder: 90,80,70,60,50,40,30,25,20,15,13,11,9 -> 20,15,11,9 (next action) cfg=c1dd83fa
2026-10-02T20:21:16Z 1790972478.875 e6fe83ea6b4a2b7f, [bmcam004] OK id=65003 still.quality_ladder: 90,80,70,60,50,40,30,25,20,15,13,11,9 -> 20,15,11,9 (next action) (duplicate: original answer) cfg=c1dd83fa
2026-10-02T20:21:16Z 1790972478.925 e6fe83ea6b4a2b7f, [bmcam004] OK id=65003 still.quality_ladder: 90,80,70,60,50,40,30,25,20,15,13,11,9 -> 20,15,11,9 (next action) (duplicate: original answer) cfg=c1dd83fa
2026-10-02T20:21:16Z 1790972478.984 e6fe83ea6b4a2b7f, [bmcam004] OK id=65003 still.quality_ladder: 90,80,70,60,50,40,30,25,20,15,13,11,9 -> 20,15,11,9 (next action) (duplicate: original answer) cfg=c1dd83fa
2026-10-02T20:21:16Z 1790972479.023 e6fe83ea6b4a2b7f, [bmcam004] OK id=65003 still.quality_ladder: 90,80,70,60,50,40,30,25,20,15,13,11,9 -> 20,15,11,9 (next action) (duplicate: original answer) cfg=c1dd83fa
2026-10-02T20:21:16Z 1790972479.082 e6fe83ea6b4a2b7f, [bmcam004] OK id=65003 still.quality_ladder: 90,80,70,60,50,40,30,25,20,15,13,11,9 -> 20,15,11,9 (next action) (duplicate: original answer) cfg=c1dd83fa
2026-10-02T20:21:16Z 1790972479.132 e6fe83ea6b4a2b7f, [bmcam004] OK id=65003 still.quality_ladder: 90,80,70,60,50,40,30,25,20,15,13,11,9 -> 20,15,11,9 (next action) (duplicate: original answer) cfg=c1dd83fa
2026-10-02T20:21:16Z 1790972479.183 e6fe83ea6b4a2b7f, [bmcam004] OK id=65003 still.quality_ladder: 90,80,70,60,50,40,30,25,20,15,13,11,9 -> 20,15,11,9 (next action) (duplicate: original answer) cfg=c1dd83fa
2026-10-02T20:21:16Z 1790972479.234 e6fe83ea6b4a2b7f, [bmcam004] OK id=65003 still.quality_ladder: 90,80,70,60,50,40,30,25,20,15,13,11,9 -> 20,15,11,9 (next action) (duplicate: original answer) cfg=c1dd83fa
2026-10-02T20:21:16Z 1790972479.285 e6fe83ea6b4a2b7f, [bmcam004] OK id=65003 still.quality_ladder: 90,80,70,60,50,40,30,25,20,15,13,11,9 -> 20,15,11,9 (next action) (duplicate: original answer) cfg=c1dd83fa
2026-10-02T20:21:23Z 2026-10-02T20:21:25.460Z [BRIDGE_CFG] [INFO] Bridge topology in topology sampler:
2026-10-02T20:21:23Z 2026-10-02T20:21:25.464Z [BRIDGE_CFG] [INFO] 0e582dd12c1e1480
2026-10-02T20:21:23Z 2026-10-02T20:21:25.468Z [BRIDGE_CFG] [INFO] e6fe83ea6b4a2b7f
2026-10-02T20:21:23Z 2026-10-02T20:21:25.468Z [BRIDGE_SYS] [INFO] Checking CRC in report builder!
2026-10-02T20:21:23Z 2026-10-02T20:21:25.472Z [BRIDGE_SYS] [INFO] Got CRC f3b914aa OLD CRC f3b914aa
2026-10-02T20:21:23Z 2026-10-02T20:21:25.472Z [BRIDGE_SYS] [INFO] CRCs match, not updating
2026-10-02T20:21:27Z SPOT-31593C > bm pub bmcam/cmd {"id":65004,"c":"trg","v":2,"kv":{"med":"still","m":40}} 1 1
2026-10-02T20:21:28Z bm pub bmcam/cmd {"id":65004,"c":"trg","v":2,"kv":{"med":"still","m":40}} 1 1
2026-10-02T20:21:28Z 1790972490.980 e6fe83ea6b4a2b7f, [bmcam004] OK id=65004 trg 2 armed: capture + output per mode (next decision point); one action only: mode.media=still, still.message_cap=40 cfg=c1dd83fa
2026-10-02T20:21:28Z 1790972491.039 e6fe83ea6b4a2b7f, [bmcam004] OK id=65004 trg 2 armed: capture + output per mode (next decision point); one action only: mode.media=still, still.message_cap=40 (duplicate: original answ
2026-10-02T20:21:28Z 1790972491.089 e6fe83ea6b4a2b7f, [bmcam004] OK id=65004 trg 2 armed: capture + output per mode (next decision point); one action only: mode.media=still, still.message_cap=40 (duplicate: original answ
2026-10-02T20:21:28Z 1790972491.140 e6fe83ea6b4a2b7f, [bmcam004] OK id=65004 trg 2 armed: capture + output per mode (next decision point); one action only: mode.media=still, still.message_cap=40 (duplicate: original answ
2026-10-02T20:21:28Z 1790972491.191 e6fe83ea6b4a2b7f, [bmcam004] OK id=65004 trg 2 armed: capture + output per mode (next decision point); one action only: mode.media=still, still.message_cap=40 (duplicate: original answ
2026-10-02T20:21:28Z 1790972491.242 e6fe83ea6b4a2b7f, [bmcam004] OK id=65004 trg 2 armed: capture + output per mode (next decision point); one action only: mode.media=still, still.message_cap=40 (duplicate: original answ
2026-10-02T20:21:28Z 1790972491.289 e6fe83ea6b4a2b7f, [bmcam004] OK id=65004 trg 2 armed: capture + output per mode (next decision point); one action only: mode.media=still, still.message_cap=40 (duplicate: original answ
2026-10-02T20:21:28Z 1790972491.339 e6fe83ea6b4a2b7f, [bmcam004] OK id=65004 trg 2 armed: capture + output per mode (next decision point); one action only: mode.media=still, still.message_cap=40 (duplicate: original answ
2026-10-02T20:21:28Z 1790972491.390 e6fe83ea6b4a2b7f, [bmcam004] OK id=65004 trg 2 armed: capture + output per mode (next decision point); one action only: mode.media=still, still.message_cap=40 (duplicate: original answ
2026-10-02T20:22:59Z SPOT-31593C > bm pub bmcam/cmd {"id":65005,"c":"trg","v":2,"kv":{"m":80}} 1 1
2026-10-02T20:23:02Z bm pub bmcam/cmd {"id":65005,"c":"trg","v":2,"kv":{"m":80}} 1 1
2026-10-02T20:23:02Z 1790972584.996 e6fe83ea6b4a2b7f, [bmcam004] OK id=65005 trg 2 armed: capture + output per mode (next decision point); one action only: video.send.message_cap=80 cfg=c1dd83fa
2026-10-02T20:23:02Z 1790972585.054 e6fe83ea6b4a2b7f, [bmcam004] OK id=65005 trg 2 armed: capture + output per mode (next decision point); one action only: video.send.message_cap=80 (duplicate: original answer) cfg=c1dd8
2026-10-02T20:23:02Z 1790972585.105 e6fe83ea6b4a2b7f, [bmcam004] OK id=65005 trg 2 armed: capture + output per mode (next decision point); one action only: video.send.message_cap=80 (duplicate: original answer) cfg=c1dd8
2026-10-02T20:23:02Z 1790972585.156 e6fe83ea6b4a2b7f, [bmcam004] OK id=65005 trg 2 armed: capture + output per mode (next decision point); one action only: video.send.message_cap=80 (duplicate: original answer) cfg=c1dd8
2026-10-02T20:23:02Z 1790972585.203 e6fe83ea6b4a2b7f, [bmcam004] OK id=65005 trg 2 armed: capture + output per mode (next decision point); one action only: video.send.message_cap=80 (duplicate: original answer) cfg=c1dd8
2026-10-02T20:23:02Z 1790972585.253 e6fe83ea6b4a2b7f, [bmcam004] OK id=65005 trg 2 armed: capture + output per mode (next decision point); one action only: video.send.message_cap=80 (duplicate: original answer) cfg=c1dd8
2026-10-02T20:23:02Z 1790972585.304 e6fe83ea6b4a2b7f, [bmcam004] OK id=65005 trg 2 armed: capture + output per mode (next decision point); one action only: video.send.message_cap=80 (duplicate: original answer) cfg=c1dd8
2026-10-02T20:23:02Z 1790972585.355 e6fe83ea6b4a2b7f, [bmcam004] OK id=65005 trg 2 armed: capture + output per mode (next decision point); one action only: video.send.message_cap=80 (duplicate: original answer) cfg=c1dd8
2026-10-02T20:23:02Z 1790972585.406 e6fe83ea6b4a2b7f, [bmcam004] OK id=65005 trg 2 armed: capture + output per mode (next decision point); one action only: video.send.message_cap=80 (duplicate: original answer) cfg=c1dd8
2026-10-02T20:23:02Z 1790972585.464 e6fe83ea6b4a2b7f, [bmcam004] OK id=65005 trg 2 armed: capture + output per mode (next decision point); one action only: video.send.message_cap=80 (duplicate: original answer) cfg=c1dd8
2026-10-02T20:27:08Z SPOT-31593C > bm pub bmcam/cmd {"id":65011,"c":"set","kv":{"camera.image_processing.sharpness":0.0}} 1 1
2026-10-02T20:27:11Z bm pub bmcam/cmd {"id":65011,"c":"set","kv":{"camera.image_processing.sharpness":0.0}} 1 1
2026-10-02T20:27:11Z 1790972833.800 e6fe83ea6b4a2b7f, [bmcam004] OK id=65011 camera.image_processing.sharpness: 2.0 -> 0.0 (next action) cfg=ac04c5e0
2026-10-02T20:27:11Z 1790972833.859 e6fe83ea6b4a2b7f, [bmcam004] OK id=65011 camera.image_processing.sharpness: 2.0 -> 0.0 (next action) (duplicate: original answer) cfg=ac04c5e0
2026-10-02T20:27:11Z 1790972833.910 e6fe83ea6b4a2b7f, [bmcam004] OK id=65011 camera.image_processing.sharpness: 2.0 -> 0.0 (next action) (duplicate: original answer) cfg=ac04c5e0
2026-10-02T20:27:11Z 1790972833.960 e6fe83ea6b4a2b7f, [bmcam004] OK id=65011 camera.image_processing.sharpness: 2.0 -> 0.0 (next action) (duplicate: original answer) cfg=ac04c5e0
2026-10-02T20:27:11Z 1790972834.007 e6fe83ea6b4a2b7f, [bmcam004] OK id=65011 camera.image_processing.sharpness: 2.0 -> 0.0 (next action) (duplicate: original answer) cfg=ac04c5e0
2026-10-02T20:27:11Z 1790972834.058 e6fe83ea6b4a2b7f, [bmcam004] OK id=65011 camera.image_processing.sharpness: 2.0 -> 0.0 (next action) (duplicate: original answer) cfg=ac04c5e0
2026-10-02T20:27:11Z 1790972834.109 e6fe83ea6b4a2b7f, [bmcam004] OK id=65011 camera.image_processing.sharpness: 2.0 -> 0.0 (next action) (duplicate: original answer) cfg=ac04c5e0
2026-10-02T20:27:11Z 1790972834.160 e6fe83ea6b4a2b7f, [bmcam004] OK id=65011 camera.image_processing.sharpness: 2.0 -> 0.0 (next action) (duplicate: original answer) cfg=ac04c5e0
2026-10-02T20:27:11Z 1790972834.218 e6fe83ea6b4a2b7f, [bmcam004] OK id=65011 camera.image_processing.sharpness: 2.0 -> 0.0 (next action) (duplicate: original answer) cfg=ac04c5e0
2026-10-02T20:27:12Z 1790972834.417 e6fe83ea6b4a2b7f, [bmcam004] OK id=65011 camera.image_processing.sharpness: 2.0 -> 0.0 (next action) (duplicate: original answer) cfg=ac04c5e0
2026-10-02T20:27:22Z SPOT-31593C > bm pub bmcam/cmd {"id":65012,"c":"trg","v":2,"kv":{"med":"still","m":40}} 1 1
2026-10-02T20:27:23Z bm pub bmcam/cmd {"id":65012,"c":"trg","v":2,"kv":{"med":"still","m":40}} 1 1
2026-10-02T20:27:23Z 1790972846.339 e6fe83ea6b4a2b7f, [bmcam004] OK id=65012 trg 2 armed: capture + output per mode (next decision point); one action only: mode.media=still, still.message_cap=40 cfg=ac04c5e0
2026-10-02T20:27:23Z 1790972846.390 e6fe83ea6b4a2b7f, [bmcam004] OK id=65012 trg 2 armed: capture + output per mode (next decision point); one action only: mode.media=still, still.message_cap=40 (duplicate: original answ
2026-10-02T20:27:23Z 1790972846.437 e6fe83ea6b4a2b7f, [bmcam004] OK id=65012 trg 2 armed: capture + output per mode (next decision point); one action only: mode.media=still, still.message_cap=40 (duplicate: original answ
2026-10-02T20:27:24Z 1790972846.500 e6fe83ea6b4a2b7f, [bmcam004] OK id=65012 trg 2 armed: capture + output per mode (next decision point); one action only: mode.media=still, still.message_cap=40 (duplicate: original answ
2026-10-02T20:27:24Z 1790972846.550 e6fe83ea6b4a2b7f, [bmcam004] OK id=65012 trg 2 armed: capture + output per mode (next decision point); one action only: mode.media=still, still.message_cap=40 (duplicate: original answ
2026-10-02T20:27:24Z 1790972846.597 e6fe83ea6b4a2b7f, [bmcam004] OK id=65012 trg 2 armed: capture + output per mode (next decision point); one action only: mode.media=still, still.message_cap=40 (duplicate: original answ
2026-10-02T20:27:24Z 1790972846.648 e6fe83ea6b4a2b7f, [bmcam004] OK id=65012 trg 2 armed: capture + output per mode (next decision point); one action only: mode.media=still, still.message_cap=40 (duplicate: original answ
2026-10-02T20:27:24Z 1790972846.699 e6fe83ea6b4a2b7f, [bmcam004] OK id=65012 trg 2 armed: capture + output per mode (next decision point); one action only: mode.media=still, still.message_cap=40 (duplicate: original answ
2026-10-02T20:27:24Z 1790972846.750 e6fe83ea6b4a2b7f, [bmcam004] OK id=65012 trg 2 armed: capture + output per mode (next decision point); one action only: mode.media=still, still.message_cap=40 (duplicate: original answ
2026-10-02T20:27:24Z 1790972846.800 e6fe83ea6b4a2b7f, [bmcam004] OK id=65012 trg 2 armed: capture + output per mode (next decision point); one action only: mode.media=still, still.message_cap=40 (duplicate: original answ
2026-10-02T20:27:26Z 2026-10-02T20:27:29.136Z [MS] [INFO] Added message(id: 3254 len: 262) to queue MS_Q_CELLULAR_ONLY: (1)!
2026-10-02T20:27:26Z 2026-10-02T20:27:29.136Z [BM_TX] [INFO] Submitted spotter/transmit-data message to cell-only queue, Len: 135
2026-10-02T20:27:26Z 2026-10-02T20:27:29.136Z [BM_TX] [DEBUG] Message:
2026-10-02T20:27:26Z  3c 57 53 20 76 3d 31 20
2026-10-02T20:27:26Z  61 3d 63 61 70 20 63 66
2026-10-02T20:27:26Z  67 3d 61 63 30 34 63 35
2026-10-02T20:27:26Z  65 30 20 75 70 3d 34 32
2026-10-02T20:27:26Z  33 20 74 7a 3d 41 6d 65
2026-10-02T20:27:26Z  72 69 63 61 2f 4c 6f 73
2026-10-02T20:27:26Z  5f 41 6e 67 65 6c 65 73
2026-10-02T20:27:26Z  20 6c 74 3d 6e 61 20 77
2026-10-02T20:27:26Z  73 3d 30 30 30 30 20 77
2026-10-02T20:27:26Z  65 3d 30 30 30 30 20 72
2026-10-02T20:27:26Z  6b 3d 31 30 30 30 78 35
2026-10-02T20:27:26Z  36 32 20 71 3d 32 30 20
2026-10-02T20:27:26Z  63 74 3d 33 38 2e 36 20
2026-10-02T20:27:26Z  73 68 61 3d 33 34 61 36
2026-10-02T20:27:26Z  32 32 32 65 61 39 34 63
2026-10-02T20:27:26Z  20 68 6e 3d 62 6d 63 61
2026-10-02T20:27:26Z  6d 30 30 34 3e 0a
2026-10-02T20:27:26Z 2026-10-02T20:27:29.195Z [MS] [DEBUG] Notecard is 14.000000 pct full.
2026-10-02T20:27:26Z 2026-10-02T20:27:29.195Z [MS] [DEBUG] Has message 3254 expired? queuedTime: 68424404, now64: 68424460, remaining: 86399944
2026-10-02T20:27:26Z 2026-10-02T20:27:29.195Z [MS] [INFO] Sending Cellular message to Notecard.
2026-10-02T20:27:26Z 2026-10-02T20:27:29.195Z [MS] [INFO] Queuing message 3254 20004EA0
2026-10-02T20:28:42Z SPOT-31593C > bm pub bmcam/cmd {"id":65013,"c":"set","kv":{"camera.image_processing.sharpness":16.0}} 1 1
2026-10-02T20:28:44Z bm pub bmcam/cmd {"id":65013,"c":"set","kv":{"camera.image_processing.sharpness":16.0}} 1 1
2026-10-02T20:28:44Z 1790972927.343 e6fe83ea6b4a2b7f, [bmcam004] OK id=65013 camera.image_processing.sharpness: 0.0 -> 16.0 (next action) cfg=12fd5a5b
2026-10-02T20:28:44Z 1790972927.394 e6fe83ea6b4a2b7f, [bmcam004] OK id=65013 camera.image_processing.sharpness: 0.0 -> 16.0 (next action) (duplicate: original answer) cfg=12fd5a5b
2026-10-02T20:28:44Z 1790972927.441 e6fe83ea6b4a2b7f, [bmcam004] OK id=65013 camera.image_processing.sharpness: 0.0 -> 16.0 (next action) (duplicate: original answer) cfg=12fd5a5b
2026-10-02T20:28:44Z 1790972927.492 e6fe83ea6b4a2b7f, [bmcam004] OK id=65013 camera.image_processing.sharpness: 0.0 -> 16.0 (next action) (duplicate: original answer) cfg=12fd5a5b
2026-10-02T20:28:45Z 1790972927.542 e6fe83ea6b4a2b7f, [bmcam004] OK id=65013 camera.image_processing.sharpness: 0.0 -> 16.0 (next action) (duplicate: original answer) cfg=12fd5a5b
2026-10-02T20:28:45Z 1790972927.593 e6fe83ea6b4a2b7f, [bmcam004] OK id=65013 camera.image_processing.sharpness: 0.0 -> 16.0 (next action) (duplicate: original answer) cfg=12fd5a5b
2026-10-02T20:28:45Z 1790972927.652 e6fe83ea6b4a2b7f, [bmcam004] OK id=65013 camera.image_processing.sharpness: 0.0 -> 16.0 (next action) (duplicate: original answer) cfg=12fd5a5b
2026-10-02T20:28:45Z 1790972927.703 e6fe83ea6b4a2b7f, [bmcam004] OK id=65013 camera.image_processing.sharpness: 0.0 -> 16.0 (next action) (duplicate: original answer) cfg=12fd5a5b
2026-10-02T20:28:45Z 1790972927.753 e6fe83ea6b4a2b7f, [bmcam004] OK id=65013 camera.image_processing.sharpness: 0.0 -> 16.0 (next action) (duplicate: original answer) cfg=12fd5a5b
2026-10-02T20:28:45Z 1790972927.804 e6fe83ea6b4a2b7f, [bmcam004] OK id=65013 camera.image_processing.sharpness: 0.0 -> 16.0 (next action) (duplicate: original answer) cfg=12fd5a5b
2026-10-02T20:28:56Z SPOT-31593C > bm pub bmcam/cmd {"id":65014,"c":"trg","v":2,"kv":{"med":"still","m":40}} 1 1
2026-10-02T20:28:57Z bm pub bmcam/cmd {"id":65014,"c":"trg","v":2,"kv":{"med":"still","m":40}} 1 1
2026-10-02T20:28:57Z 1790972939.917 e6fe83ea6b4a2b7f, [bmcam004] OK id=65014 trg 2 armed: capture + output per mode (next decision point); one action only: mode.media=still, still.message_cap=40 cfg=12fd5a5b
2026-10-02T20:28:57Z 1790972939.968 e6fe83ea6b4a2b7f, [bmcam004] OK id=65014 trg 2 armed: capture + output per mode (next decision point); one action only: mode.media=still, still.message_cap=40 (duplicate: original answ
2026-10-02T20:28:57Z 1790972940.019 e6fe83ea6b4a2b7f, [bmcam004] OK id=65014 trg 2 armed: capture + output per mode (next decision point); one action only: mode.media=still, still.message_cap=40 (duplicate: original answ
2026-10-02T20:28:57Z 1790972940.070 e6fe83ea6b4a2b7f, [bmcam004] OK id=65014 trg 2 armed: capture + output per mode (next decision point); one action only: mode.media=still, still.message_cap=40 (duplicate: original answ
2026-10-02T20:28:57Z 1790972940.128 e6fe83ea6b4a2b7f, [bmcam004] OK id=65014 trg 2 armed: capture + output per mode (next decision point); one action only: mode.media=still, still.message_cap=40 (duplicate: original answ
2026-10-02T20:28:57Z 1790972940.179 e6fe83ea6b4a2b7f, [bmcam004] OK id=65014 trg 2 armed: capture + output per mode (next decision point); one action only: mode.media=still, still.message_cap=40 (duplicate: original answ
2026-10-02T20:28:57Z 1790972940.230 e6fe83ea6b4a2b7f, [bmcam004] OK id=65014 trg 2 armed: capture + output per mode (next decision point); one action only: mode.media=still, still.message_cap=40 (duplicate: original answ
2026-10-02T20:28:57Z 1790972940.281 e6fe83ea6b4a2b7f, [bmcam004] OK id=65014 trg 2 armed: capture + output per mode (next decision point); one action only: mode.media=still, still.message_cap=40 (duplicate: original answ
2026-10-02T20:28:57Z 1790972940.332 e6fe83ea6b4a2b7f, [bmcam004] OK id=65014 trg 2 armed: capture + output per mode (next decision point); one action only: mode.media=still, still.message_cap=40 (duplicate: original answ
2026-10-02T20:30:40Z SPOT-31593C > bm pub bmcam/cmd {"id":65015,"c":"reset","k":["camera.image_processing.sharpness"]} 1 1
2026-10-02T20:30:43Z bm pub bmcam/cmd {"id":65015,"c":"reset","k":["camera.image_processing.sharpness"]} 1 1
2026-10-02T20:30:43Z 1790973045.730 e6fe83ea6b4a2b7f, [bmcam004] OK id=65015 reset camera.image_processing.sharpness -> YAML cfg=59a4dc32
2026-10-02T20:30:43Z 1790973045.781 e6fe83ea6b4a2b7f, [bmcam004] OK id=65015 reset camera.image_processing.sharpness -> YAML (duplicate: original answer) cfg=59a4dc32
2026-10-02T20:30:43Z 1790973045.832 e6fe83ea6b4a2b7f, [bmcam004] OK id=65015 reset camera.image_processing.sharpness -> YAML (duplicate: original answer) cfg=59a4dc32
2026-10-02T20:30:43Z 1790973045.882 e6fe83ea6b4a2b7f, [bmcam004] OK id=65015 reset camera.image_processing.sharpness -> YAML (duplicate: original answer) cfg=59a4dc32
2026-10-02T20:30:43Z 1790973045.929 e6fe83ea6b4a2b7f, [bmcam004] OK id=65015 reset camera.image_processing.sharpness -> YAML (duplicate: original answer) cfg=59a4dc32
2026-10-02T20:30:43Z 1790973045.980 e6fe83ea6b4a2b7f, [bmcam004] OK id=65015 reset camera.image_processing.sharpness -> YAML (duplicate: original answer) cfg=59a4dc32
2026-10-02T20:30:43Z 1790973046.042 e6fe83ea6b4a2b7f, [bmcam004] OK id=65015 reset camera.image_processing.sharpness -> YAML (duplicate: original answer) cfg=59a4dc32
2026-10-02T20:30:43Z 1790973046.089 e6fe83ea6b4a2b7f, [bmcam004] OK id=65015 reset camera.image_processing.sharpness -> YAML (duplicate: original answer) cfg=59a4dc32
2026-10-02T20:30:43Z 1790973046.140 e6fe83ea6b4a2b7f, [bmcam004] OK id=65015 reset camera.image_processing.sharpness -> YAML (duplicate: original answer) cfg=59a4dc32
2026-10-02T20:30:43Z 1790973046.191 e6fe83ea6b4a2b7f, [bmcam004] OK id=65015 reset camera.image_processing.sharpness -> YAML (duplicate: original answer) cfg=59a4dc32
2026-10-02T20:30:51Z SPOT-31593C > bm pub bmcam/cmd {"id":65016,"c":"set","kv":{"camera.image_processing.contrast":0.5}} 1 1
2026-10-02T20:30:52Z bm pub bmcam/cmd {"id":65016,"c":"set","kv":{"camera.image_processing.contrast":0.5}} 1 1
2026-10-02T20:30:52Z 1790973055.109 e6fe83ea6b4a2b7f, [bmcam004] OK id=65016 camera.image_processing.contrast: none -> 0.5 (next action) cfg=48a13b4f
2026-10-02T20:30:52Z 1790973055.160 e6fe83ea6b4a2b7f, [bmcam004] OK id=65016 camera.image_processing.contrast: none -> 0.5 (next action) (duplicate: original answer) cfg=48a13b4f
2026-10-02T20:30:52Z 1790973055.210 e6fe83ea6b4a2b7f, [bmcam004] OK id=65016 camera.image_processing.contrast: none -> 0.5 (next action) (duplicate: original answer) cfg=48a13b4f
2026-10-02T20:30:52Z 1790973055.261 e6fe83ea6b4a2b7f, [bmcam004] OK id=65016 camera.image_processing.contrast: none -> 0.5 (next action) (duplicate: original answer) cfg=48a13b4f
2026-10-02T20:30:52Z 1790973055.312 e6fe83ea6b4a2b7f, [bmcam004] OK id=65016 camera.image_processing.contrast: none -> 0.5 (next action) (duplicate: original answer) cfg=48a13b4f
2026-10-02T20:30:52Z 1790973055.359 e6fe83ea6b4a2b7f, [bmcam004] OK id=65016 camera.image_processing.contrast: none -> 0.5 (next action) (duplicate: original answer) cfg=48a13b4f
2026-10-02T20:30:52Z 1790973055.421 e6fe83ea6b4a2b7f, [bmcam004] OK id=65016 camera.image_processing.contrast: none -> 0.5 (next action) (duplicate: original answer) cfg=48a13b4f
2026-10-02T20:30:53Z 1790973055.468 e6fe83ea6b4a2b7f, [bmcam004] OK id=65016 camera.image_processing.contrast: none -> 0.5 (next action) (duplicate: original answer) cfg=48a13b4f
2026-10-02T20:30:53Z 1790973055.519 e6fe83ea6b4a2b7f, [bmcam004] OK id=65016 camera.image_processing.contrast: none -> 0.5 (next action) (duplicate: original answer) cfg=48a13b4f
2026-10-02T20:30:53Z 1790973055.570 e6fe83ea6b4a2b7f, [bmcam004] OK id=65016 camera.image_processing.contrast: none -> 0.5 (next action) (duplicate: original answer) cfg=48a13b4f
2026-10-02T20:31:03Z SPOT-31593C > bm pub bmcam/cmd {"id":65017,"c":"trg","v":2,"kv":{"med":"still","m":40}} 1 1
2026-10-02T20:31:04Z bm pub bmcam/cmd {"id":65017,"c":"trg","v":2,"kv":{"med":"still","m":40}} 1 1
2026-10-02T20:31:04Z 1790973067.488 e6fe83ea6b4a2b7f, [bmcam004] OK id=65017 trg 2 armed: capture + output per mode (next decision point); one action only: mode.media=still, still.message_cap=40 cfg=48a13b4f
2026-10-02T20:31:05Z 1790973067.539 e6fe83ea6b4a2b7f, [bmcam004] OK id=65017 trg 2 armed: capture + output per mode (next decision point); one action only: mode.media=still, still.message_cap=40 (duplicate: original answ
2026-10-02T20:31:05Z 1790973067.589 e6fe83ea6b4a2b7f, [bmcam004] OK id=65017 trg 2 armed: capture + output per mode (next decision point); one action only: mode.media=still, still.message_cap=40 (duplicate: original answ
2026-10-02T20:31:05Z 1790973067.640 e6fe83ea6b4a2b7f, [bmcam004] OK id=65017 trg 2 armed: capture + output per mode (next decision point); one action only: mode.media=still, still.message_cap=40 (duplicate: original answ
2026-10-02T20:31:05Z 1790973067.691 e6fe83ea6b4a2b7f, [bmcam004] OK id=65017 trg 2 armed: capture + output per mode (next decision point); one action only: mode.media=still, still.message_cap=40 (duplicate: original answ
2026-10-02T20:31:05Z 1790973067.738 e6fe83ea6b4a2b7f, [bmcam004] OK id=65017 trg 2 armed: capture + output per mode (next decision point); one action only: mode.media=still, still.message_cap=40 (duplicate: original answ
2026-10-02T20:31:05Z 1790973067.800 e6fe83ea6b4a2b7f, [bmcam004] OK id=65017 trg 2 armed: capture + output per mode (next decision point); one action only: mode.media=still, still.message_cap=40 (duplicate: original answ
2026-10-02T20:31:05Z 1790973067.847 e6fe83ea6b4a2b7f, [bmcam004] OK id=65017 trg 2 armed: capture + output per mode (next decision point); one action only: mode.media=still, still.message_cap=40 (duplicate: original answ
2026-10-02T20:31:05Z 1790973067.898 e6fe83ea6b4a2b7f, [bmcam004] OK id=65017 trg 2 armed: capture + output per mode (next decision point); one action only: mode.media=still, still.message_cap=40 (duplicate: original answ
2026-10-02T20:31:06Z 2026-10-02T20:31:09.136Z [MS] [INFO] Added message(id: 3357 len: 262) to queue MS_Q_CELLULAR_ONLY: (1)!
2026-10-02T20:31:06Z 2026-10-02T20:31:09.136Z [BM_TX] [INFO] Submitted spotter/transmit-data message to cell-only queue, Len: 135
2026-10-02T20:31:06Z 2026-10-02T20:31:09.136Z [BM_TX] [DEBUG] Message:
2026-10-02T20:31:06Z  3c 57 53 20 76 3d 31 20
2026-10-02T20:31:06Z  61 3d 63 61 70 20 63 66
2026-10-02T20:31:06Z  67 3d 34 38 61 31 33 62
2026-10-02T20:31:06Z  34 66 20 75 70 3d 36 34
2026-10-02T20:31:06Z  33 20 74 7a 3d 41 6d 65
2026-10-02T20:31:06Z  72 69 63 61 2f 4c 6f 73
2026-10-02T20:31:06Z  5f 41 6e 67 65 6c 65 73
2026-10-02T20:31:06Z  20 6c 74 3d 6e 61 20 77
2026-10-02T20:31:06Z  73 3d 30 30 30 30 20 77
2026-10-02T20:31:06Z  65 3d 30 30 30 30 20 72
2026-10-02T20:31:06Z  6b 3d 31 30 30 30 78 35
2026-10-02T20:31:06Z  36 32 20 71 3d 32 30 20
2026-10-02T20:31:06Z  63 74 3d 33 39 2e 32 20
2026-10-02T20:31:06Z  73 68 61 3d 33 34 61 36
2026-10-02T20:31:06Z  32 32 32 65 61 39 34 63
2026-10-02T20:31:06Z  20 68 6e 3d 62 6d 63 61
2026-10-02T20:31:06Z  6d 30 30 34 3e 0a
2026-10-02T20:31:06Z 2026-10-02T20:31:09.195Z [MS] [DEBUG] Notecard is 22.000000 pct full.
2026-10-02T20:31:06Z 2026-10-02T20:31:09.195Z [MS] [DEBUG] Has message 3357 expired? queuedTime: 68644444, now64: 68644502, remaining: 86399942
2026-10-02T20:31:06Z 2026-10-02T20:31:09.199Z [MS] [INFO] Sending Cellular message to Notecard.
2026-10-02T20:31:06Z 2026-10-02T20:31:09.199Z [MS] [INFO] Queuing message 3357 20004EA0
2026-10-02T20:32:09Z SPOT-31593C > bm pub bmcam/cmd {"id":65018,"c":"set","kv":{"camera.image_processing.contrast":2.0}} 1 1
2026-10-02T20:32:11Z bm pub bmcam/cmd {"id":65018,"c":"set","kv":{"camera.image_processing.contrast":2.0}} 1 1
2026-10-02T20:32:11Z 1790973134.386 e6fe83ea6b4a2b7f, [bmcam004] OK id=65018 camera.image_processing.contrast: 0.5 -> 2.0 (next action) cfg=aa3d07d3
2026-10-02T20:32:12Z 1790973134.445 e6fe83ea6b4a2b7f, [bmcam004] OK id=65018 camera.image_processing.contrast: 0.5 -> 2.0 (next action) (duplicate: original answer) cfg=aa3d07d3
2026-10-02T20:32:12Z 1790973134.496 e6fe83ea6b4a2b7f, [bmcam004] OK id=65018 camera.image_processing.contrast: 0.5 -> 2.0 (next action) (duplicate: original answer) cfg=aa3d07d3
2026-10-02T20:32:12Z 1790973134.546 e6fe83ea6b4a2b7f, [bmcam004] OK id=65018 camera.image_processing.contrast: 0.5 -> 2.0 (next action) (duplicate: original answer) cfg=aa3d07d3
2026-10-02T20:32:12Z 1790973134.597 e6fe83ea6b4a2b7f, [bmcam004] OK id=65018 camera.image_processing.contrast: 0.5 -> 2.0 (next action) (duplicate: original answer) cfg=aa3d07d3
2026-10-02T20:32:12Z 1790973134.644 e6fe83ea6b4a2b7f, [bmcam004] OK id=65018 camera.image_processing.contrast: 0.5 -> 2.0 (next action) (duplicate: original answer) cfg=aa3d07d3
2026-10-02T20:32:12Z 1790973134.695 e6fe83ea6b4a2b7f, [bmcam004] OK id=65018 camera.image_processing.contrast: 0.5 -> 2.0 (next action) (duplicate: original answer) cfg=aa3d07d3
2026-10-02T20:32:12Z 1790973134.746 e6fe83ea6b4a2b7f, [bmcam004] OK id=65018 camera.image_processing.contrast: 0.5 -> 2.0 (next action) (duplicate: original answer) cfg=aa3d07d3
2026-10-02T20:32:12Z 1790973134.964 e6fe83ea6b4a2b7f, [bmcam004] OK id=65018 camera.image_processing.contrast: 0.5 -> 2.0 (next action) (duplicate: original answer) cfg=aa3d07d3
2026-10-02T20:32:12Z 1790973135.015 e6fe83ea6b4a2b7f, [bmcam004] OK id=65018 camera.image_processing.contrast: 0.5 -> 2.0 (next action) (duplicate: original answer) cfg=aa3d07d3
2026-10-02T20:32:23Z SPOT-31593C > bm pub bmcam/cmd {"id":65019,"c":"trg","v":2,"kv":{"med":"still","m":40}} 1 1
2026-10-02T20:32:24Z bm pub bmcam/cmd {"id":65019,"c":"trg","v":2,"kv":{"med":"still","m":40}} 1 1
2026-10-02T20:32:24Z 1790973147.152 e6fe83ea6b4a2b7f, [bmcam004] OK id=65019 trg 2 armed: capture + output per mode (next decision point); one action only: mode.media=still, still.message_cap=40 cfg=aa3d07d3
2026-10-02T20:32:24Z 1790973147.214 e6fe83ea6b4a2b7f, [bmcam004] OK id=65019 trg 2 armed: capture + output per mode (next decision point); one action only: mode.media=still, still.message_cap=40 (duplicate: original answ
2026-10-02T20:32:24Z 1790973147.265 e6fe83ea6b4a2b7f, [bmcam004] OK id=65019 trg 2 armed: capture + output per mode (next decision point); one action only: mode.media=still, still.message_cap=40 (duplicate: original answ
2026-10-02T20:32:24Z 1790973147.316 e6fe83ea6b4a2b7f, [bmcam004] OK id=65019 trg 2 armed: capture + output per mode (next decision point); one action only: mode.media=still, still.message_cap=40 (duplicate: original answ
2026-10-02T20:32:24Z 1790973147.363 e6fe83ea6b4a2b7f, [bmcam004] OK id=65019 trg 2 armed: capture + output per mode (next decision point); one action only: mode.media=still, still.message_cap=40 (duplicate: original answ
2026-10-02T20:32:24Z 1790973147.414 e6fe83ea6b4a2b7f, [bmcam004] OK id=65019 trg 2 armed: capture + output per mode (next decision point); one action only: mode.media=still, still.message_cap=40 (duplicate: original answ
2026-10-02T20:32:25Z 1790973147.464 e6fe83ea6b4a2b7f, [bmcam004] OK id=65019 trg 2 armed: capture + output per mode (next decision point); one action only: mode.media=still, still.message_cap=40 (duplicate: original answ
2026-10-02T20:32:25Z 1790973147.523 e6fe83ea6b4a2b7f, [bmcam004] OK id=65019 trg 2 armed: capture + output per mode (next decision point); one action only: mode.media=still, still.message_cap=40 (duplicate: original answ
2026-10-02T20:32:25Z 1790973147.574 e6fe83ea6b4a2b7f, [bmcam004] OK id=65019 trg 2 armed: capture + output per mode (next decision point); one action only: mode.media=still, still.message_cap=40 (duplicate: original answ
2026-10-02T20:32:25Z 1790973147.625 e6fe83ea6b4a2b7f, [bmcam004] OK id=65019 trg 2 armed: capture + output per mode (next decision point); one action only: mode.media=still, still.message_cap=40 (duplicate: original answ
2026-10-02T20:32:26Z 2026-10-02T20:32:29.105Z [MS] [INFO] Added message(id: 3395 len: 262) to queue MS_Q_CELLULAR_ONLY: (1)!
2026-10-02T20:32:26Z 2026-10-02T20:32:29.105Z [BM_TX] [INFO] Submitted spotter/transmit-data message to cell-only queue, Len: 135
2026-10-02T20:32:26Z 2026-10-02T20:32:29.105Z [BM_TX] [DEBUG] Message:
2026-10-02T20:32:26Z  3c 57 53 20 76 3d 31 20
2026-10-02T20:32:26Z  61 3d 63 61 70 20 63 66
2026-10-02T20:32:26Z  67 3d 61 61 33 64 30 37
2026-10-02T20:32:26Z  64 33 20 75 70 3d 37 32
2026-10-02T20:32:26Z  33 20 74 7a 3d 41 6d 65
2026-10-02T20:32:26Z  72 69 63 61 2f 4c 6f 73
2026-10-02T20:32:26Z  5f 41 6e 67 65 6c 65 73
2026-10-02T20:32:26Z  20 6c 74 3d 6e 61 20 77
2026-10-02T20:32:26Z  73 3d 30 30 30 30 20 77
2026-10-02T20:32:26Z  65 3d 30 30 30 30 20 72
2026-10-02T20:32:26Z  6b 3d 31 30 30 30 78 35
2026-10-02T20:32:26Z  36 32 20 71 3d 32 30 20
2026-10-02T20:32:26Z  63 74 3d 33 39 2e 37 20
2026-10-02T20:32:26Z  73 68 61 3d 33 34 61 36
2026-10-02T20:32:26Z  32 32 32 65 61 39 34 63
2026-10-02T20:32:26Z  20 68 6e 3d 62 6d 63 61
2026-10-02T20:32:26Z  6d 30 30 34 3e 0a
2026-10-02T20:32:26Z 2026-10-02T20:32:29.160Z [MS] [DEBUG] Notecard is 25.000000 pct full.
2026-10-02T20:32:26Z 2026-10-02T20:32:29.160Z [MS] [DEBUG] Has message 3395 expired? queuedTime: 68724424, now64: 68724481, remaining: 86399943
2026-10-02T20:32:26Z 2026-10-02T20:32:29.164Z [MS] [INFO] Sending Cellular message to Notecard.
2026-10-02T20:32:26Z 2026-10-02T20:32:29.164Z [MS] [INFO] Queuing message 3395 20004EA0
2026-10-02T20:33:40Z SPOT-31593C > bm pub bmcam/cmd {"id":65020,"c":"reset","k":["camera.image_processing.contrast"]} 1 1
2026-10-02T20:33:42Z bm pub bmcam/cmd {"id":65020,"c":"reset","k":["camera.image_processing.contrast"]} 1 1
2026-10-02T20:33:42Z 1790973225.257 e6fe83ea6b4a2b7f, [bmcam004] OK id=65020 reset camera.image_processing.contrast -> YAML cfg=59a4dc32
2026-10-02T20:33:42Z 1790973225.308 e6fe83ea6b4a2b7f, [bmcam004] OK id=65020 reset camera.image_processing.contrast -> YAML (duplicate: original answer) cfg=59a4dc32
2026-10-02T20:33:42Z 1790973225.359 e6fe83ea6b4a2b7f, [bmcam004] OK id=65020 reset camera.image_processing.contrast -> YAML (duplicate: original answer) cfg=59a4dc32
2026-10-02T20:33:42Z 1790973225.410 e6fe83ea6b4a2b7f, [bmcam004] OK id=65020 reset camera.image_processing.contrast -> YAML (duplicate: original answer) cfg=59a4dc32
2026-10-02T20:33:42Z 1790973225.460 e6fe83ea6b4a2b7f, [bmcam004] OK id=65020 reset camera.image_processing.contrast -> YAML (duplicate: original answer) cfg=59a4dc32
2026-10-02T20:33:42Z 1790973225.511 e6fe83ea6b4a2b7f, [bmcam004] OK id=65020 reset camera.image_processing.contrast -> YAML (duplicate: original answer) cfg=59a4dc32
2026-10-02T20:33:43Z 1790973225.558 e6fe83ea6b4a2b7f, [bmcam004] OK id=65020 reset camera.image_processing.contrast -> YAML (duplicate: original answer) cfg=59a4dc32
2026-10-02T20:33:43Z 1790973225.621 e6fe83ea6b4a2b7f, [bmcam004] OK id=65020 reset camera.image_processing.contrast -> YAML (duplicate: original answer) cfg=59a4dc32
2026-10-02T20:33:43Z 1790973225.667 e6fe83ea6b4a2b7f, [bmcam004] OK id=65020 reset camera.image_processing.contrast -> YAML (duplicate: original answer) cfg=59a4dc32
2026-10-02T20:33:43Z 1790973225.718 e6fe83ea6b4a2b7f, [bmcam004] OK id=65020 reset camera.image_processing.contrast -> YAML (duplicate: original answer) cfg=59a4dc32
2026-10-02T20:33:50Z SPOT-31593C > bm pub bmcam/cmd {"id":65021,"c":"set","kv":{"camera.image_processing.saturation":0.0}} 1 1
2026-10-02T20:33:51Z bm pub bmcam/cmd {"id":65021,"c":"set","kv":{"camera.image_processing.saturation":0.0}} 1 1
2026-10-02T20:33:52Z 1790973234.628 e6fe83ea6b4a2b7f, [bmcam004] OK id=65021 camera.image_processing.saturation: none -> 0.0 (next action) cfg=f6387d28
2026-10-02T20:33:52Z 1790973234.679 e6fe83ea6b4a2b7f, [bmcam004] OK id=65021 camera.image_processing.saturation: none -> 0.0 (next action) (duplicate: original answer) cfg=f6387d28
2026-10-02T20:33:52Z 1790973234.738 e6fe83ea6b4a2b7f, [bmcam004] OK id=65021 camera.image_processing.saturation: none -> 0.0 (next action) (duplicate: original answer) cfg=f6387d28
2026-10-02T20:33:52Z 1790973234.789 e6fe83ea6b4a2b7f, [bmcam004] OK id=65021 camera.image_processing.saturation: none -> 0.0 (next action) (duplicate: original answer) cfg=f6387d28
2026-10-02T20:33:52Z 1790973234.839 e6fe83ea6b4a2b7f, [bmcam004] OK id=65021 camera.image_processing.saturation: none -> 0.0 (next action) (duplicate: original answer) cfg=f6387d28
2026-10-02T20:33:52Z 1790973234.890 e6fe83ea6b4a2b7f, [bmcam004] OK id=65021 camera.image_processing.saturation: none -> 0.0 (next action) (duplicate: original answer) cfg=f6387d28
2026-10-02T20:33:52Z 1790973234.937 e6fe83ea6b4a2b7f, [bmcam004] OK id=65021 camera.image_processing.saturation: none -> 0.0 (next action) (duplicate: original answer) cfg=f6387d28
2026-10-02T20:33:52Z 1790973234.988 e6fe83ea6b4a2b7f, [bmcam004] OK id=65021 camera.image_processing.saturation: none -> 0.0 (next action) (duplicate: original answer) cfg=f6387d28
2026-10-02T20:33:52Z 1790973235.039 e6fe83ea6b4a2b7f, [bmcam004] OK id=65021 camera.image_processing.saturation: none -> 0.0 (next action) (duplicate: original answer) cfg=f6387d28
2026-10-02T20:33:52Z 1790973235.089 e6fe83ea6b4a2b7f, [bmcam004] OK id=65021 camera.image_processing.saturation: none -> 0.0 (next action) (duplicate: original answer) cfg=f6387d28
2026-10-02T20:34:03Z SPOT-31593C > bm pub bmcam/cmd {"id":65022,"c":"trg","v":2,"kv":{"med":"still","m":40}} 1 1
2026-10-02T20:34:04Z bm pub bmcam/cmd {"id":65022,"c":"trg","v":2,"kv":{"med":"still","m":40}} 1 1
2026-10-02T20:34:04Z 1790973247.406 e6fe83ea6b4a2b7f, [bmcam004] OK id=65022 trg 2 armed: capture + output per mode (next decision point); one action only: mode.media=still, still.message_cap=40 cfg=f6387d28
2026-10-02T20:34:05Z 1790973247.468 e6fe83ea6b4a2b7f, [bmcam004] OK id=65022 trg 2 armed: capture + output per mode (next decision point); one action only: mode.media=still, still.message_cap=40 (duplicate: original answ
2026-10-02T20:34:05Z 1790973247.515 e6fe83ea6b4a2b7f, [bmcam004] OK id=65022 trg 2 armed: capture + output per mode (next decision point); one action only: mode.media=still, still.message_cap=40 (duplicate: original answ
2026-10-02T20:34:05Z 1790973247.566 e6fe83ea6b4a2b7f, [bmcam004] OK id=65022 trg 2 armed: capture + output per mode (next decision point); one action only: mode.media=still, still.message_cap=40 (duplicate: original answ
2026-10-02T20:34:05Z 1790973247.617 e6fe83ea6b4a2b7f, [bmcam004] OK id=65022 trg 2 armed: capture + output per mode (next decision point); one action only: mode.media=still, still.message_cap=40 (duplicate: original answ
2026-10-02T20:34:05Z 1790973247.667 e6fe83ea6b4a2b7f, [bmcam004] OK id=65022 trg 2 armed: capture + output per mode (next decision point); one action only: mode.media=still, still.message_cap=40 (duplicate: original answ
2026-10-02T20:34:05Z 1790973247.718 e6fe83ea6b4a2b7f, [bmcam004] OK id=65022 trg 2 armed: capture + output per mode (next decision point); one action only: mode.media=still, still.message_cap=40 (duplicate: original answ
2026-10-02T20:34:05Z 1790973247.777 e6fe83ea6b4a2b7f, [bmcam004] OK id=65022 trg 2 armed: capture + output per mode (next decision point); one action only: mode.media=still, still.message_cap=40 (duplicate: original answ
2026-10-02T20:34:05Z 1790973247.828 e6fe83ea6b4a2b7f, [bmcam004] OK id=65022 trg 2 armed: capture + output per mode (next decision point); one action only: mode.media=still, still.message_cap=40 (duplicate: original answ
2026-10-02T20:34:05Z 1790973247.878 e6fe83ea6b4a2b7f, [bmcam004] OK id=65022 trg 2 armed: capture + output per mode (next decision point); one action only: mode.media=still, still.message_cap=40 (duplicate: original answ
2026-10-02T20:34:06Z 2026-10-02T20:34:09.027Z [MS] [INFO] Added message(id: 3442 len: 262) to queue MS_Q_CELLULAR_ONLY: (1)!
2026-10-02T20:34:06Z 2026-10-02T20:34:09.027Z [BM_TX] [INFO] Submitted spotter/transmit-data message to cell-only queue, Len: 135
2026-10-02T20:34:06Z 2026-10-02T20:34:09.027Z [BM_TX] [DEBUG] Message:
2026-10-02T20:34:06Z  3c 57 53 20 76 3d 31 20
2026-10-02T20:34:06Z  61 3d 63 61 70 20 63 66
2026-10-02T20:34:06Z  67 3d 66 36 33 38 37 64
2026-10-02T20:34:06Z  32 38 20 75 70 3d 38 32
2026-10-02T20:34:06Z  33 20 74 7a 3d 41 6d 65
2026-10-02T20:34:06Z  72 69 63 61 2f 4c 6f 73
2026-10-02T20:34:06Z  5f 41 6e 67 65 6c 65 73
2026-10-02T20:34:06Z  20 6c 74 3d 6e 61 20 77
2026-10-02T20:34:06Z  73 3d 30 30 30 30 20 77
2026-10-02T20:34:06Z  65 3d 30 30 30 30 20 72
2026-10-02T20:34:06Z  6b 3d 31 30 30 30 78 35
2026-10-02T20:34:06Z  36 32 20 71 3d 32 30 20
2026-10-02T20:34:06Z  63 74 3d 33 39 2e 32 20
2026-10-02T20:34:06Z  73 68 61 3d 33 34 61 36
2026-10-02T20:34:06Z  32 32 32 65 61 39 34 63
2026-10-02T20:34:06Z  20 68 6e 3d 62 6d 63 61
2026-10-02T20:34:06Z  6d 30 30 34 3e 0a
2026-10-02T20:34:06Z 2026-10-02T20:34:09.082Z [MS] [DEBUG] Notecard is 28.000000 pct full.
2026-10-02T20:34:06Z 2026-10-02T20:34:09.085Z [MS] [DEBUG] Has message 3442 expired? queuedTime: 68824364, now64: 68824422, remaining: 86399942
2026-10-02T20:34:06Z 2026-10-02T20:34:09.085Z [MS] [INFO] Sending Cellular message to Notecard.
2026-10-02T20:34:06Z 2026-10-02T20:34:09.085Z [MS] [INFO] Queuing message 3442 20004EA0
2026-10-02T20:34:10Z 2026-10-02T20:34:13.335Z [MS] [INFO] Added message(id: 3443 len: 408) to queue MS_Q_CELLULAR_ONLY: (1)!
2026-10-02T20:34:10Z 2026-10-02T20:34:13.335Z [BM_TX] [INFO] Submitted spotter/transmit-data message to cell-only queue, Len: 281
2026-10-02T20:34:10Z 2026-10-02T20:34:13.335Z [BM_TX] [DEBUG] Message:
2026-10-02T20:34:10Z  3c 53 54 41 52 54 20 49
2026-10-02T20:34:10Z  4d 47 3e 20 66 69 6c 65
2026-10-02T20:34:10Z  6e 61 6d 65 3a 20 32 30
2026-10-02T20:34:10Z  32 36 2d 31 30 2d 30 32
2026-10-02T20:34:10Z  54 32 30 3a 33 34 3a 30
2026-10-02T20:34:10Z  38 5a 5f 69 6d 61 67 65
2026-10-02T20:34:10Z  5f 63 6f 6d 70 72 65 73
2026-10-02T20:34:10Z  73 65 64 2e 6a 70 67 2c
2026-10-02T20:34:10Z  20 74 69 6d 65 73 74 61
2026-10-02T20:34:10Z  6d 70 3a 20 32 30 32 36
2026-10-02T20:34:10Z  2d 31 30 2d 30 32 54 32
2026-10-02T20:34:10Z  30 3a 33 34 3a 31 30 5a
2026-10-02T20:34:10Z  2c 20 6c 65 6e 67 74 68
2026-10-02T20:34:10Z  3a 20 33 36 2c 20 6b 65
2026-10-02T20:34:10Z  79 3d 30 65 34 7a 73 77
2026-10-02T20:34:10Z  2c 20 63 66 67 3d 66 36
2026-10-02T20:34:10Z  33 38 37 64 32 38 2c 20
2026-10-02T20:34:10Z  74 67 3d 36 35 30 32 32
2026-10-02T20:34:10Z  2c 20 72 3d 31 36 30 30
2026-10-02T20:34:10Z  78 39 30 30 2b 31 35 30
2026-10-02T20:34:10Z  34 2b 38 34 36 2c 20 6d
2026-10-02T20:34:10Z  3d 34 30 2c 20 66 6d 74
2026-10-02T20:34:10Z  3d 70 6a 70 67 2c 20 71
2026-10-02T20:34:10Z  3d 39 2c 20 61 74 74 3d
2026-10-02T20:34:10Z  34 2c 20 63 6d 70 3d 31
2026-10-02T20:34:10Z  2c 20 72 6b 3d 31 30 30
2026-10-02T20:34:10Z  30 78 35 36 32 2c 20 77
2026-10-02T20:34:10Z  73 3d 30 30 30 30 2c 20
2026-10-02T20:34:10Z  77 65 3d 30 30 30 30 2c
2026-10-02T20:34:10Z  20 73 68 61 3d 33 34 61
2026-10-02T20:34:10Z  36 32 32 32 65 61 39 34
2026-10-02T20:34:10Z  63 2c 20 68 6e 3d 62 6d
2026-10-02T20:34:10Z  63 61 6d 30 30 34 2c 20
2026-10-02T20:34:10Z  73 66 3d 32 34 35 36 35
2026-10-02T20:34:10Z  2c 20 73 70 3d 37 35 0a
2026-10-02T20:34:10Z 
2026-10-02T20:34:10Z 2026-10-02T20:34:13.414Z [MS] [DEBUG] Notecard is 28.000000 pct full.
2026-10-02T20:34:10Z 2026-10-02T20:34:13.414Z [MS] [DEBUG] Has message 3443 expired? queuedTime: 68828676, now64: 68828752, remaining: 86399924
2026-10-02T20:34:10Z 2026-10-02T20:34:13.414Z [MS] [INFO] Sending Cellular message to Notecard.
2026-10-02T20:34:10Z 2026-10-02T20:34:13.414Z [MS] [INFO] Queuing message 3443 20004EA0
2026-10-02T20:35:18Z SPOT-31593C > bm pub bmcam/cmd {"id":65023,"c":"set","kv":{"camera.image_processing.saturation":2.0}} 1 1
2026-10-02T20:35:21Z bm pub bmcam/cmd {"id":65023,"c":"set","kv":{"camera.image_processing.saturation":2.0}} 1 1
2026-10-02T20:35:21Z 1790973324.113 e6fe83ea6b4a2b7f, [bmcam004] OK id=65023 camera.image_processing.saturation: 0.0 -> 2.0 (next action) cfg=b7bc8144
2026-10-02T20:35:21Z 1790973324.160 e6fe83ea6b4a2b7f, [bmcam004] OK id=65023 camera.image_processing.saturation: 0.0 -> 2.0 (next action) (duplicate: original answer) cfg=b7bc8144
2026-10-02T20:35:21Z 1790973324.210 e6fe83ea6b4a2b7f, [bmcam004] OK id=65023 camera.image_processing.saturation: 0.0 -> 2.0 (next action) (duplicate: original answer) cfg=b7bc8144
2026-10-02T20:35:21Z 1790973324.261 e6fe83ea6b4a2b7f, [bmcam004] OK id=65023 camera.image_processing.saturation: 0.0 -> 2.0 (next action) (duplicate: original answer) cfg=b7bc8144
2026-10-02T20:35:21Z 1790973324.312 e6fe83ea6b4a2b7f, [bmcam004] OK id=65023 camera.image_processing.saturation: 0.0 -> 2.0 (next action) (duplicate: original answer) cfg=b7bc8144
2026-10-02T20:35:21Z 1790973324.363 e6fe83ea6b4a2b7f, [bmcam004] OK id=65023 camera.image_processing.saturation: 0.0 -> 2.0 (next action) (duplicate: original answer) cfg=b7bc8144
2026-10-02T20:35:21Z 1790973324.410 e6fe83ea6b4a2b7f, [bmcam004] OK id=65023 camera.image_processing.saturation: 0.0 -> 2.0 (next action) (duplicate: original answer) cfg=b7bc8144
2026-10-02T20:35:21Z 1790973324.460 e6fe83ea6b4a2b7f, [bmcam004] OK id=65023 camera.image_processing.saturation: 0.0 -> 2.0 (next action) (duplicate: original answer) cfg=b7bc8144
2026-10-02T20:35:21Z 1790973324.523 e6fe83ea6b4a2b7f, [bmcam004] OK id=65023 camera.image_processing.saturation: 0.0 -> 2.0 (next action) (duplicate: original answer) cfg=b7bc8144
2026-10-02T20:35:21Z 1790973324.570 e6fe83ea6b4a2b7f, [bmcam004] OK id=65023 camera.image_processing.saturation: 0.0 -> 2.0 (next action) (duplicate: original answer) cfg=b7bc8144
2026-10-02T20:35:22Z 2026-10-02T20:35:25.441Z [BRIDGE_CFG] [INFO] Bridge topology in topology sampler:
2026-10-02T20:35:22Z 2026-10-02T20:35:25.445Z [BRIDGE_CFG] [INFO] 0e582dd12c1e1480
2026-10-02T20:35:22Z 2026-10-02T20:35:25.449Z [BRIDGE_CFG] [INFO] e6fe83ea6b4a2b7f
2026-10-02T20:35:22Z 2026-10-02T20:35:25.449Z [BRIDGE_SYS] [INFO] Checking CRC in report builder!
2026-10-02T20:35:22Z 2026-10-02T20:35:25.453Z [BRIDGE_SYS] [INFO] Got CRC f3b914aa OLD CRC f3b914aa
2026-10-02T20:35:22Z 2026-10-02T20:35:25.453Z [BRIDGE_SYS] [INFO] CRCs match, not updating
2026-10-02T20:35:32Z SPOT-31593C > bm pub bmcam/cmd {"id":65024,"c":"trg","v":2,"kv":{"med":"still","m":40}} 1 1
2026-10-02T20:35:33Z bm pub bmcam/cmd {"id":65024,"c":"trg","v":2,"kv":{"med":"still","m":40}} 1 1
2026-10-02T20:35:34Z 1790973336.492 e6fe83ea6b4a2b7f, [bmcam004] OK id=65024 trg 2 armed: capture + output per mode (next decision point); one action only: mode.media=still, still.message_cap=40 cfg=b7bc8144
2026-10-02T20:35:34Z 1790973336.539 e6fe83ea6b4a2b7f, [bmcam004] OK id=65024 trg 2 armed: capture + output per mode (next decision point); one action only: mode.media=still, still.message_cap=40 (duplicate: original answ
2026-10-02T20:35:34Z 1790973336.589 e6fe83ea6b4a2b7f, [bmcam004] OK id=65024 trg 2 armed: capture + output per mode (next decision point); one action only: mode.media=still, still.message_cap=40 (duplicate: original answ
2026-10-02T20:35:34Z 1790973336.640 e6fe83ea6b4a2b7f, [bmcam004] OK id=65024 trg 2 armed: capture + output per mode (next decision point); one action only: mode.media=still, still.message_cap=40 (duplicate: original answ
2026-10-02T20:35:34Z 1790973336.691 e6fe83ea6b4a2b7f, [bmcam004] OK id=65024 trg 2 armed: capture + output per mode (next decision point); one action only: mode.media=still, still.message_cap=40 (duplicate: original answ
2026-10-02T20:35:34Z 1790973336.742 e6fe83ea6b4a2b7f, [bmcam004] OK id=65024 trg 2 armed: capture + output per mode (next decision point); one action only: mode.media=still, still.message_cap=40 (duplicate: original answ
2026-10-02T20:35:34Z 1790973336.800 e6fe83ea6b4a2b7f, [bmcam004] OK id=65024 trg 2 armed: capture + output per mode (next decision point); one action only: mode.media=still, still.message_cap=40 (duplicate: original answ
2026-10-02T20:35:34Z 1790973336.851 e6fe83ea6b4a2b7f, [bmcam004] OK id=65024 trg 2 armed: capture + output per mode (next decision point); one action only: mode.media=still, still.message_cap=40 (duplicate: original answ
2026-10-02T20:35:34Z 1790973336.902 e6fe83ea6b4a2b7f, [bmcam004] OK id=65024 trg 2 armed: capture + output per mode (next decision point); one action only: mode.media=still, still.message_cap=40 (duplicate: original answ
2026-10-02T20:35:34Z 1790973336.949 e6fe83ea6b4a2b7f, [bmcam004] OK id=65024 trg 2 armed: capture + output per mode (next decision point); one action only: mode.media=still, still.message_cap=40 (duplicate: original answ
2026-10-02T20:35:36Z 2026-10-02T20:35:38.980Z [MS] [INFO] Added message(id: 3481 len: 262) to queue MS_Q_CELLULAR_ONLY: (1)!
2026-10-02T20:35:36Z 2026-10-02T20:35:38.980Z [BM_TX] [INFO] Submitted spotter/transmit-data message to cell-only queue, Len: 135
2026-10-02T20:35:36Z 2026-10-02T20:35:38.980Z [BM_TX] [DEBUG] Message:
2026-10-02T20:35:36Z  3c 57 53 20 76 3d 31 20
2026-10-02T20:35:36Z  61 3d 63 61 70 20 63 66
2026-10-02T20:35:36Z  67 3d 62 37 62 63 38 31
2026-10-02T20:35:36Z  34 34 20 75 70 3d 39 31
2026-10-02T20:35:36Z  33 20 74 7a 3d 41 6d 65
2026-10-02T20:35:36Z  72 69 63 61 2f 4c 6f 73
2026-10-02T20:35:36Z  5f 41 6e 67 65 6c 65 73
2026-10-02T20:35:36Z  20 6c 74 3d 6e 61 20 77
2026-10-02T20:35:36Z  73 3d 30 30 30 30 20 77
2026-10-02T20:35:36Z  65 3d 30 30 30 30 20 72
2026-10-02T20:35:36Z  6b 3d 31 30 30 30 78 35
2026-10-02T20:35:36Z  36 32 20 71 3d 32 30 20
2026-10-02T20:35:36Z  63 74 3d 33 39 2e 37 20
2026-10-02T20:35:36Z  73 68 61 3d 33 34 61 36
2026-10-02T20:35:36Z  32 32 32 65 61 39 34 63
2026-10-02T20:35:36Z  20 68 6e 3d 62 6d 63 61
2026-10-02T20:35:36Z  6d 30 30 34 3e 0a
2026-10-02T20:35:36Z 2026-10-02T20:35:39.035Z [MS] [DEBUG] Notecard is 31.000000 pct full.
2026-10-02T20:35:36Z 2026-10-02T20:35:39.035Z [MS] [DEBUG] Has message 3481 expired? queuedTime: 68914333, now64: 68914391, remaining: 86399942
2026-10-02T20:35:36Z 2026-10-02T20:35:39.039Z [MS] [INFO] Sending Cellular message to Notecard.
2026-10-02T20:35:36Z 2026-10-02T20:35:39.039Z [MS] [INFO] Queuing message 3481 20004EA0
2026-10-02T20:36:46Z SPOT-31593C > bm pub bmcam/cmd {"id":65025,"c":"reset","k":["camera.image_processing.saturation"]} 1 1
2026-10-02T20:36:49Z bm pub bmcam/cmd {"id":65025,"c":"reset","k":["camera.image_processing.saturation"]} 1 1
2026-10-02T20:36:49Z 1790973411.886 e6fe83ea6b4a2b7f, [bmcam004] OK id=65025 reset camera.image_processing.saturation -> YAML cfg=59a4dc32
2026-10-02T20:36:49Z 1790973411.949 e6fe83ea6b4a2b7f, [bmcam004] OK id=65025 reset camera.image_processing.saturation -> YAML (duplicate: original answer) cfg=59a4dc32
2026-10-02T20:36:49Z 1790973412.000 e6fe83ea6b4a2b7f, [bmcam004] OK id=65025 reset camera.image_processing.saturation -> YAML (duplicate: original answer) cfg=59a4dc32
2026-10-02T20:36:49Z 1790973412.046 e6fe83ea6b4a2b7f, [bmcam004] OK id=65025 reset camera.image_processing.saturation -> YAML (duplicate: original answer) cfg=59a4dc32
2026-10-02T20:36:49Z 1790973412.097 e6fe83ea6b4a2b7f, [bmcam004] OK id=65025 reset camera.image_processing.saturation -> YAML (duplicate: original answer) cfg=59a4dc32
2026-10-02T20:36:49Z 1790973412.148 e6fe83ea6b4a2b7f, [bmcam004] OK id=65025 reset camera.image_processing.saturation -> YAML (duplicate: original answer) cfg=59a4dc32
2026-10-02T20:36:49Z 1790973412.199 e6fe83ea6b4a2b7f, [bmcam004] OK id=65025 reset camera.image_processing.saturation -> YAML (duplicate: original answer) cfg=59a4dc32
2026-10-02T20:36:49Z 1790973412.250 e6fe83ea6b4a2b7f, [bmcam004] OK id=65025 reset camera.image_processing.saturation -> YAML (duplicate: original answer) cfg=59a4dc32
2026-10-02T20:36:49Z 1790973412.296 e6fe83ea6b4a2b7f, [bmcam004] OK id=65025 reset camera.image_processing.saturation -> YAML (duplicate: original answer) cfg=59a4dc32
2026-10-02T20:36:49Z 1790973412.359 e6fe83ea6b4a2b7f, [bmcam004] OK id=65025 reset camera.image_processing.saturation -> YAML (duplicate: original answer) cfg=59a4dc32
2026-10-02T20:36:57Z SPOT-31593C > bm pub bmcam/cmd {"id":65026,"c":"set","kv":{"camera.image_processing.brightness":-0.25}} 1 1
2026-10-02T20:36:58Z bm pub bmcam/cmd {"id":65026,"c":"set","kv":{"camera.image_processing.brightness":-0.25}} 1 1
2026-10-02T20:36:58Z 1790973421.046 e6fe83ea6b4a2b7f, [bmcam004] OK id=65026 camera.image_processing.brightness: none -> -0.25 (next action) cfg=e663f3d4
2026-10-02T20:36:58Z 1790973421.105 e6fe83ea6b4a2b7f, [bmcam004] OK id=65026 camera.image_processing.brightness: none -> -0.25 (next action) (duplicate: original answer) cfg=e663f3d4
2026-10-02T20:36:58Z 1790973421.156 e6fe83ea6b4a2b7f, [bmcam004] OK id=65026 camera.image_processing.brightness: none -> -0.25 (next action) (duplicate: original answer) cfg=e663f3d4
2026-10-02T20:36:58Z 1790973421.207 e6fe83ea6b4a2b7f, [bmcam004] OK id=65026 camera.image_processing.brightness: none -> -0.25 (next action) (duplicate: original answer) cfg=e663f3d4
2026-10-02T20:36:58Z 1790973421.257 e6fe83ea6b4a2b7f, [bmcam004] OK id=65026 camera.image_processing.brightness: none -> -0.25 (next action) (duplicate: original answer) cfg=e663f3d4
2026-10-02T20:36:58Z 1790973421.308 e6fe83ea6b4a2b7f, [bmcam004] OK id=65026 camera.image_processing.brightness: none -> -0.25 (next action) (duplicate: original answer) cfg=e663f3d4
2026-10-02T20:36:58Z 1790973421.355 e6fe83ea6b4a2b7f, [bmcam004] OK id=65026 camera.image_processing.brightness: none -> -0.25 (next action) (duplicate: original answer) cfg=e663f3d4
2026-10-02T20:36:59Z 1790973421.578 e6fe83ea6b4a2b7f, [bmcam004] OK id=65026 camera.image_processing.brightness: none -> -0.25 (next action) (duplicate: original answer) cfg=e663f3d4
2026-10-02T20:36:59Z 1790973421.628 e6fe83ea6b4a2b7f, [bmcam004] OK id=65026 camera.image_processing.brightness: none -> -0.25 (next action) (duplicate: original answer) cfg=e663f3d4
2026-10-02T20:36:59Z 1790973421.675 e6fe83ea6b4a2b7f, [bmcam004] OK id=65026 camera.image_processing.brightness: none -> -0.25 (next action) (duplicate: original answer) cfg=e663f3d4
2026-10-02T20:37:09Z SPOT-31593C > bm pub bmcam/cmd {"id":65027,"c":"trg","v":2,"kv":{"med":"still","m":40}} 1 1
2026-10-02T20:37:10Z bm pub bmcam/cmd {"id":65027,"c":"trg","v":2,"kv":{"med":"still","m":40}} 1 1
2026-10-02T20:37:10Z 1790973433.394 e6fe83ea6b4a2b7f, [bmcam004] OK id=65027 trg 2 armed: capture + output per mode (next decision point); one action only: mode.media=still, still.message_cap=40 cfg=e663f3d4
2026-10-02T20:37:10Z 1790973433.457 e6fe83ea6b4a2b7f, [bmcam004] OK id=65027 trg 2 armed: capture + output per mode (next decision point); one action only: mode.media=still, still.message_cap=40 (duplicate: original answ
2026-10-02T20:37:10Z 1790973433.507 e6fe83ea6b4a2b7f, [bmcam004] OK id=65027 trg 2 armed: capture + output per mode (next decision point); one action only: mode.media=still, still.message_cap=40 (duplicate: original answ
2026-10-02T20:37:11Z 1790973433.554 e6fe83ea6b4a2b7f, [bmcam004] OK id=65027 trg 2 armed: capture + output per mode (next decision point); one action only: mode.media=still, still.message_cap=40 (duplicate: original answ
2026-10-02T20:37:11Z 1790973433.605 e6fe83ea6b4a2b7f, [bmcam004] OK id=65027 trg 2 armed: capture + output per mode (next decision point); one action only: mode.media=still, still.message_cap=40 (duplicate: original answ
2026-10-02T20:37:11Z 1790973433.656 e6fe83ea6b4a2b7f, [bmcam004] OK id=65027 trg 2 armed: capture + output per mode (next decision point); one action only: mode.media=still, still.message_cap=40 (duplicate: original answ
2026-10-02T20:37:11Z 1790973433.707 e6fe83ea6b4a2b7f, [bmcam004] OK id=65027 trg 2 armed: capture + output per mode (next decision point); one action only: mode.media=still, still.message_cap=40 (duplicate: original answ
2026-10-02T20:37:11Z 1790973433.757 e6fe83ea6b4a2b7f, [bmcam004] OK id=65027 trg 2 armed: capture + output per mode (next decision point); one action only: mode.media=still, still.message_cap=40 (duplicate: original answ
2026-10-02T20:37:11Z 1790973433.804 e6fe83ea6b4a2b7f, [bmcam004] OK id=65027 trg 2 armed: capture + output per mode (next decision point); one action only: mode.media=still, still.message_cap=40 (duplicate: original answ
2026-10-02T20:37:11Z 1790973433.867 e6fe83ea6b4a2b7f, [bmcam004] OK id=65027 trg 2 armed: capture + output per mode (next decision point); one action only: mode.media=still, still.message_cap=40 (duplicate: original answ
2026-10-02T20:37:16Z 2026-10-02T20:37:19.085Z [MS] [INFO] Added message(id: 3522 len: 263) to queue MS_Q_CELLULAR_ONLY: (1)!
2026-10-02T20:37:16Z 2026-10-02T20:37:19.085Z [BM_TX] [INFO] Submitted spotter/transmit-data message to cell-only queue, Len: 136
2026-10-02T20:37:16Z 2026-10-02T20:37:19.085Z [BM_TX] [DEBUG] Message:
2026-10-02T20:37:16Z  3c 57 53 20 76 3d 31 20
2026-10-02T20:37:16Z  61 3d 63 61 70 20 63 66
2026-10-02T20:37:16Z  67 3d 65 36 36 33 66 33
2026-10-02T20:37:16Z  64 34 20 75 70 3d 31 30
2026-10-02T20:37:16Z  31 33 20 74 7a 3d 41 6d
2026-10-02T20:37:16Z  65 72 69 63 61 2f 4c 6f
2026-10-02T20:37:16Z  73 5f 41 6e 67 65 6c 65
2026-10-02T20:37:16Z  73 20 6c 74 3d 6e 61 20
2026-10-02T20:37:16Z  77 73 3d 30 30 30 30 20
2026-10-02T20:37:16Z  77 65 3d 30 30 30 30 20
2026-10-02T20:37:16Z  72 6b 3d 31 30 30 30 78
2026-10-02T20:37:16Z  35 36 32 20 71 3d 32 30
2026-10-02T20:37:16Z  20 63 74 3d 33 39 2e 37
2026-10-02T20:37:16Z  20 73 68 61 3d 33 34 61
2026-10-02T20:37:16Z  36 32 32 32 65 61 39 34
2026-10-02T20:37:16Z  63 20 68 6e 3d 62 6d 63
2026-10-02T20:37:16Z  61 6d 30 30 34 3e 0a
2026-10-02T20:37:16Z 2026-10-02T20:37:19.144Z [MS] [DEBUG] Notecard is 34.000000 pct full.
2026-10-02T20:37:16Z 2026-10-02T20:37:19.144Z [MS] [DEBUG] Has message 3522 expired? queuedTime: 69014457, now64: 69014516, remaining: 86399941
2026-10-02T20:37:16Z 2026-10-02T20:37:19.144Z [MS] [INFO] Sending Cellular message to Notecard.
2026-10-02T20:37:16Z 2026-10-02T20:37:19.144Z [MS] [INFO] Queuing message 3522 20004EA0
2026-10-02T20:38:25Z SPOT-31593C > bm pub bmcam/cmd {"id":65028,"c":"set","kv":{"camera.image_processing.brightness":0.25}} 1 1
2026-10-02T20:38:27Z bm pub bmcam/cmd {"id":65028,"c":"set","kv":{"camera.image_processing.brightness":0.25}} 1 1
2026-10-02T20:38:27Z 1790973510.460 e6fe83ea6b4a2b7f, [bmcam004] OK id=65028 camera.image_processing.brightness: -0.25 -> 0.25 (next action) cfg=dd5c383e
2026-10-02T20:38:28Z 1790973510.519 e6fe83ea6b4a2b7f, [bmcam004] OK id=65028 camera.image_processing.brightness: -0.25 -> 0.25 (next action) (duplicate: original answer) cfg=dd5c383e
2026-10-02T20:38:28Z 1790973510.570 e6fe83ea6b4a2b7f, [bmcam004] OK id=65028 camera.image_processing.brightness: -0.25 -> 0.25 (next action) (duplicate: original answer) cfg=dd5c383e
2026-10-02T20:38:28Z 1790973510.621 e6fe83ea6b4a2b7f, [bmcam004] OK id=65028 camera.image_processing.brightness: -0.25 -> 0.25 (next action) (duplicate: original answer) cfg=dd5c383e
2026-10-02T20:38:28Z 1790973510.671 e6fe83ea6b4a2b7f, [bmcam004] OK id=65028 camera.image_processing.brightness: -0.25 -> 0.25 (next action) (duplicate: original answer) cfg=dd5c383e
2026-10-02T20:38:28Z 1790973510.722 e6fe83ea6b4a2b7f, [bmcam004] OK id=65028 camera.image_processing.brightness: -0.25 -> 0.25 (next action) (duplicate: original answer) cfg=dd5c383e
2026-10-02T20:38:28Z 1790973510.769 e6fe83ea6b4a2b7f, [bmcam004] OK id=65028 camera.image_processing.brightness: -0.25 -> 0.25 (next action) (duplicate: original answer) cfg=dd5c383e
2026-10-02T20:38:28Z 1790973510.820 e6fe83ea6b4a2b7f, [bmcam004] OK id=65028 camera.image_processing.brightness: -0.25 -> 0.25 (next action) (duplicate: original answer) cfg=dd5c383e
2026-10-02T20:38:28Z 1790973510.871 e6fe83ea6b4a2b7f, [bmcam004] OK id=65028 camera.image_processing.brightness: -0.25 -> 0.25 (next action) (duplicate: original answer) cfg=dd5c383e
2026-10-02T20:38:28Z 1790973510.929 e6fe83ea6b4a2b7f, [bmcam004] OK id=65028 camera.image_processing.brightness: -0.25 -> 0.25 (next action) (duplicate: original answer) cfg=dd5c383e
2026-10-02T20:38:38Z SPOT-31593C > bm pub bmcam/cmd {"id":65029,"c":"trg","v":2,"kv":{"med":"still","m":40}} 1 1
2026-10-02T20:38:39Z bm pub bmcam/cmd {"id":65029,"c":"trg","v":2,"kv":{"med":"still","m":40}} 1 1
2026-10-02T20:38:40Z 1790973522.640 e6fe83ea6b4a2b7f, [bmcam004] OK id=65029 trg 2 armed: capture + output per mode (next decision point); one action only: mode.media=still, still.message_cap=40 cfg=dd5c383e
2026-10-02T20:38:40Z 1790973522.699 e6fe83ea6b4a2b7f, [bmcam004] OK id=65029 trg 2 armed: capture + output per mode (next decision point); one action only: mode.media=still, still.message_cap=40 (duplicate: original answ
2026-10-02T20:38:40Z 1790973522.750 e6fe83ea6b4a2b7f, [bmcam004] OK id=65029 trg 2 armed: capture + output per mode (next decision point); one action only: mode.media=still, still.message_cap=40 (duplicate: original answ
2026-10-02T20:38:40Z 1790973522.800 e6fe83ea6b4a2b7f, [bmcam004] OK id=65029 trg 2 armed: capture + output per mode (next decision point); one action only: mode.media=still, still.message_cap=40 (duplicate: original answ
2026-10-02T20:38:40Z 1790973522.847 e6fe83ea6b4a2b7f, [bmcam004] OK id=65029 trg 2 armed: capture + output per mode (next decision point); one action only: mode.media=still, still.message_cap=40 (duplicate: original answ
2026-10-02T20:38:40Z 1790973522.898 e6fe83ea6b4a2b7f, [bmcam004] OK id=65029 trg 2 armed: capture + output per mode (next decision point); one action only: mode.media=still, still.message_cap=40 (duplicate: original answ
2026-10-02T20:38:40Z 1790973522.949 e6fe83ea6b4a2b7f, [bmcam004] OK id=65029 trg 2 armed: capture + output per mode (next decision point); one action only: mode.media=still, still.message_cap=40 (duplicate: original answ
2026-10-02T20:38:40Z 1790973523.000 e6fe83ea6b4a2b7f, [bmcam004] OK id=65029 trg 2 armed: capture + output per mode (next decision point); one action only: mode.media=still, still.message_cap=40 (duplicate: original answ
2026-10-02T20:38:40Z 1790973523.058 e6fe83ea6b4a2b7f, [bmcam004] OK id=65029 trg 2 armed: capture + output per mode (next decision point); one action only: mode.media=still, still.message_cap=40 (duplicate: original answ
2026-10-02T20:38:40Z 1790973523.109 e6fe83ea6b4a2b7f, [bmcam004] OK id=65029 trg 2 armed: capture + output per mode (next decision point); one action only: mode.media=still, still.message_cap=40 (duplicate: original answ
2026-10-02T20:39:54Z SPOT-31593C > bm pub bmcam/cmd {"id":65030,"c":"reset","k":["camera.image_processing.brightness"]} 1 1
2026-10-02T20:39:56Z bm pub bmcam/cmd {"id":65030,"c":"reset","k":["camera.image_processing.brightness"]} 1 1
2026-10-02T20:39:56Z 1790973599.445 e6fe83ea6b4a2b7f, [bmcam004] OK id=65030 reset camera.image_processing.brightness -> YAML cfg=59a4dc32
2026-10-02T20:39:56Z 1790973599.449 e6fe83ea6b4a2b7f, [bmcam004] OK id=65030 reset camera.image_processing.brightness -> YAML (duplicate: original answer) cfg=59a4dc32
2026-10-02T20:39:56Z 1790973599.546 e6fe83ea6b4a2b7f, [bmcam004] OK id=65030 reset camera.image_processing.brightness -> YAML (duplicate: original answer) cfg=59a4dc32
2026-10-02T20:39:56Z 1790973599.546 e6fe83ea6b4a2b7f, [bmcam004] OK id=65030 reset camera.image_processing.brightness -> YAML (duplicate: original answer) cfg=59a4dc32
2026-10-02T20:39:57Z 1790973599.605 e6fe83ea6b4a2b7f, [bmcam004] OK id=65030 reset camera.image_processing.brightness -> YAML (duplicate: original answer) cfg=59a4dc32
2026-10-02T20:39:57Z 1790973599.656 e6fe83ea6b4a2b7f, [bmcam004] OK id=65030 reset camera.image_processing.brightness -> YAML (duplicate: original answer) cfg=59a4dc32
2026-10-02T20:39:57Z 1790973599.703 e6fe83ea6b4a2b7f, [bmcam004] OK id=65030 reset camera.image_processing.brightness -> YAML (duplicate: original answer) cfg=59a4dc32
2026-10-02T20:39:57Z 1790973599.753 e6fe83ea6b4a2b7f, [bmcam004] OK id=65030 reset camera.image_processing.brightness -> YAML (duplicate: original answer) cfg=59a4dc32
2026-10-02T20:39:57Z 1790973599.804 e6fe83ea6b4a2b7f, [bmcam004] OK id=65030 reset camera.image_processing.brightness -> YAML (duplicate: original answer) cfg=59a4dc32
2026-10-02T20:39:57Z 1790973599.855 e6fe83ea6b4a2b7f, [bmcam004] OK id=65030 reset camera.image_processing.brightness -> YAML (duplicate: original answer) cfg=59a4dc32
2026-10-02T20:40:04Z SPOT-31593C > bm pub bmcam/cmd {"id":65031,"c":"set","kv":{"camera.image_processing.denoise":"auto"}} 1 1
2026-10-02T20:40:05Z bm pub bmcam/cmd {"id":65031,"c":"set","kv":{"camera.image_processing.denoise":"auto"}} 1 1
2026-10-02T20:40:06Z 1790973608.566 e6fe83ea6b4a2b7f, [bmcam004] OK id=65031 camera.image_processing.denoise: cdn_fast -> auto (next action) cfg=be001346
2026-10-02T20:40:06Z 1790973608.625 e6fe83ea6b4a2b7f, [bmcam004] OK id=65031 camera.image_processing.denoise: cdn_fast -> auto (next action) (duplicate: original answer) cfg=be001346
2026-10-02T20:40:06Z 1790973608.675 e6fe83ea6b4a2b7f, [bmcam004] OK id=65031 camera.image_processing.denoise: cdn_fast -> auto (next action) (duplicate: original answer) cfg=be001346
2026-10-02T20:40:06Z 1790973608.726 e6fe83ea6b4a2b7f, [bmcam004] OK id=65031 camera.image_processing.denoise: cdn_fast -> auto (next action) (duplicate: original answer) cfg=be001346
2026-10-02T20:40:06Z 1790973608.785 e6fe83ea6b4a2b7f, [bmcam004] OK id=65031 camera.image_processing.denoise: cdn_fast -> auto (next action) (duplicate: original answer) cfg=be001346
2026-10-02T20:40:06Z 1790973608.824 e6fe83ea6b4a2b7f, [bmcam004] OK id=65031 camera.image_processing.denoise: cdn_fast -> auto (next action) (duplicate: original answer) cfg=be001346
2026-10-02T20:40:06Z 1790973608.875 e6fe83ea6b4a2b7f, [bmcam004] OK id=65031 camera.image_processing.denoise: cdn_fast -> auto (next action) (duplicate: original answer) cfg=be001346
2026-10-02T20:40:06Z 1790973608.925 e6fe83ea6b4a2b7f, [bmcam004] OK id=65031 camera.image_processing.denoise: cdn_fast -> auto (next action) (duplicate: original answer) cfg=be001346
2026-10-02T20:40:06Z 1790973608.976 e6fe83ea6b4a2b7f, [bmcam004] OK id=65031 camera.image_processing.denoise: cdn_fast -> auto (next action) (duplicate: original answer) cfg=be001346
2026-10-02T20:40:06Z 1790973609.035 e6fe83ea6b4a2b7f, [bmcam004] OK id=65031 camera.image_processing.denoise: cdn_fast -> auto (next action) (duplicate: original answer) cfg=be001346
2026-10-02T20:40:16Z SPOT-31593C > bm pub bmcam/cmd {"id":65032,"c":"trg","v":2,"kv":{"med":"still","m":40}} 1 1
2026-10-02T20:40:18Z bm pub bmcam/cmd {"id":65032,"c":"trg","v":2,"kv":{"med":"still","m":40}} 1 1
2026-10-02T20:40:18Z 1790973620.750 e6fe83ea6b4a2b7f, [bmcam004] OK id=65032 trg 2 armed: capture + output per mode (next decision point); one action only: mode.media=still, still.message_cap=40 cfg=be001346
2026-10-02T20:40:18Z 1790973620.800 e6fe83ea6b4a2b7f, [bmcam004] OK id=65032 trg 2 armed: capture + output per mode (next decision point); one action only: mode.media=still, still.message_cap=40 (duplicate: original answ
2026-10-02T20:40:18Z 1790973620.851 e6fe83ea6b4a2b7f, [bmcam004] OK id=65032 trg 2 armed: capture + output per mode (next decision point); one action only: mode.media=still, still.message_cap=40 (duplicate: original answ
2026-10-02T20:40:18Z 1790973620.902 e6fe83ea6b4a2b7f, [bmcam004] OK id=65032 trg 2 armed: capture + output per mode (next decision point); one action only: mode.media=still, still.message_cap=40 (duplicate: original answ
2026-10-02T20:40:18Z 1790973620.953 e6fe83ea6b4a2b7f, [bmcam004] OK id=65032 trg 2 armed: capture + output per mode (next decision point); one action only: mode.media=still, still.message_cap=40 (duplicate: original answ
2026-10-02T20:40:18Z 1790973621.003 e6fe83ea6b4a2b7f, [bmcam004] OK id=65032 trg 2 armed: capture + output per mode (next decision point); one action only: mode.media=still, still.message_cap=40 (duplicate: original answ
2026-10-02T20:40:18Z 1790973621.062 e6fe83ea6b4a2b7f, [bmcam004] OK id=65032 trg 2 armed: capture + output per mode (next decision point); one action only: mode.media=still, still.message_cap=40 (duplicate: original answ
2026-10-02T20:40:18Z 1790973621.113 e6fe83ea6b4a2b7f, [bmcam004] OK id=65032 trg 2 armed: capture + output per mode (next decision point); one action only: mode.media=still, still.message_cap=40 (duplicate: original answ
2026-10-02T20:40:18Z 1790973621.160 e6fe83ea6b4a2b7f, [bmcam004] OK id=65032 trg 2 armed: capture + output per mode (next decision point); one action only: mode.media=still, still.message_cap=40 (duplicate: original answ
2026-10-02T20:40:18Z 1790973621.210 e6fe83ea6b4a2b7f, [bmcam004] OK id=65032 trg 2 armed: capture + output per mode (next decision point); one action only: mode.media=still, still.message_cap=40 (duplicate: original answ
2026-10-02T20:40:22Z 2026-10-02T20:40:25.433Z [BRIDGE_CFG] [INFO] Bridge topology in topology sampler:
2026-10-02T20:40:22Z 2026-10-02T20:40:25.437Z [BRIDGE_CFG] [INFO] 0e582dd12c1e1480
2026-10-02T20:40:22Z 2026-10-02T20:40:25.441Z [BRIDGE_CFG] [INFO] e6fe83ea6b4a2b7f
2026-10-02T20:40:22Z 2026-10-02T20:40:25.441Z [BRIDGE_SYS] [INFO] Checking CRC in report builder!
2026-10-02T20:40:22Z 2026-10-02T20:40:25.445Z [BRIDGE_SYS] [INFO] Got CRC f3b914aa OLD CRC f3b914aa
2026-10-02T20:40:22Z 2026-10-02T20:40:25.445Z [BRIDGE_SYS] [INFO] CRCs match, not updating
2026-10-02T20:41:18Z SPOT-33507C > bm pub bmcam/cmd {"id":1000008,"c":"get","k":["uplink","video.ui"]} 1 1
2026-10-02T20:41:19Z bm pub bmcam/cmd {"id":1000008,"c":"get","k":["uplink","video.ui"]} 1 1
2026-10-02T20:41:19Z 2026-10-02T20:41:21.960Z [MS] [INFO] Added message(id: 45665 len: 162) to queue MS_Q_CELLULAR_ONLY: (1)!
2026-10-02T20:41:19Z 2026-10-02T20:41:21.960Z [BM_TX] [INFO] Submitted spotter/transmit-data message to cell-only queue, Len: 37
2026-10-02T20:41:19Z 2026-10-02T20:41:21.960Z [BM_TX] [DEBUG] Message:
2026-10-02T20:41:19Z  7b 22 69 64 22 3a 31 30
2026-10-02T20:41:19Z  30 30 30 30 38 2c 22 6f
2026-10-02T20:41:19Z  6b 22 3a 31 2c 22 68 22
2026-10-02T20:41:19Z  3a 22 66 33 33 33 62 66
2026-10-02T20:41:19Z  62 37 22 7d
2026-10-02T20:41:19Z Message: 1790973681.968 53171fa3d81a8e6f, [bmcam003] OK id=1000008 get uplink, video.ui: 14 key(s) cfg=f333bfb7
2026-10-02T20:41:19Z 2026-10-02T20:41:21.996Z [MS] [DEBUG] Notecard is 3.000000 pct full.
2026-10-02T20:41:19Z 2026-10-02T20:41:21.996Z [MS] [DEBUG] Has message 45665 expired? queuedTime: 608363832, now64: 608363870, remaining: 86399962
2026-10-02T20:41:19Z 2026-10-02T20:41:21.996Z [MS] [INFO] Sending Cellular message to Notecard.
2026-10-02T20:41:19Z 2026-10-02T20:41:22.000Z [MS] [INFO] Queuing message 45665 20026FE0
2026-10-02T20:41:19Z 1790973682.019 53171fa3d81a8e6f,   uplink.uart.port = /dev/ttyAMA0 (yaml)
2026-10-02T20:41:19Z 1790973682.070 53171fa3d81a8e6f,   uplink.uart.baudrate = 115200 (yaml)
2026-10-02T20:41:19Z 1790973682.117 53171fa3d81a8e6f,   uplink.network_type = 2 (yaml)
2026-10-02T20:41:19Z 1790973682.167 53171fa3d81a8e6f,   uplink.chunk_chars = 384 (yaml)
2026-10-02T20:41:19Z 1790973682.218 53171fa3d81a8e6f,   uplink.msg_interval_s = 1.3 (yaml)
2026-10-02T20:41:19Z 1790973682.269 53171fa3d81a8e6f,   uplink.lane.enabled = false (yaml)
2026-10-02T20:41:20Z 1790973682.320 53171fa3d81a8e6f,   uplink.lane.grid_s = 300.0 (yaml)
2026-10-02T20:41:20Z 1790973682.367 53171fa3d81a8e6f,   uplink.lane.pre_guard_s = 20.0 (yaml)
2026-10-02T20:41:20Z 1790973682.417 53171fa3d81a8e6f,   uplink.lane.post_guard_s = 30.0 (yaml)
2026-10-02T20:41:20Z 1790973682.468 53171fa3d81a8e6f,   uplink.lane.max_wait_s = 300.0 (yaml)
2026-10-02T20:41:20Z 1790973682.519 53171fa3d81a8e6f,   uplink.media_key.enabled = true (yaml)
2026-10-02T20:41:20Z 1790973682.570 53171fa3d81a8e6f,   uplink.media_key.retain_days = 14.0 (yaml)
2026-10-02T20:41:20Z 1790973682.617 53171fa3d81a8e6f,   video.ui.enabled = true (yaml)
2026-10-02T20:41:20Z 1790973682.667 53171fa3d81a8e6f,   video.ui.port = 8080 (yaml)
2026-10-02T20:41:20Z 1790973682.730 53171fa3d81a8e6f, [bmcam003] OK id=1000008 get uplink, video.ui: 14 key(s) (duplicate: original answer) cfg=f333bfb7
2026-10-02T20:41:20Z 1790973682.781 53171fa3d81a8e6f, [bmcam003] OK id=1000008 get uplink, video.ui: 14 key(s) (duplicate: original answer) cfg=f333bfb7
2026-10-02T20:41:20Z 1790973682.828 53171fa3d81a8e6f, [bmcam003] OK id=1000008 get uplink, video.ui: 14 key(s) (duplicate: original answer) cfg=f333bfb7
2026-10-02T20:41:20Z 1790973682.878 53171fa3d81a8e6f, [bmcam003] OK id=1000008 get uplink, video.ui: 14 key(s) (duplicate: original answer) cfg=f333bfb7
2026-10-02T20:41:20Z 1790973682.929 53171fa3d81a8e6f, [bmcam003] OK id=1000008 get uplink, video.ui: 14 key(s) (duplicate: original answer) cfg=f333bfb7
2026-10-02T20:41:20Z 2026-10-02T20:41:23.152Z [MS] [INFO] Added message(id: 45666 len: 387) to queue MS_Q_CELLULAR_ONLY: (1)!
2026-10-02T20:41:20Z 2026-10-02T20:41:23.152Z [BM_TX] [INFO] Submitted spotter/transmit-data message to cell-only queue, Len: 261
2026-10-02T20:41:20Z 2026-10-02T20:41:23.152Z [BM_TX] [DEBUG] Message:
2026-10-02T20:41:20Z  3c 43 46 20 76 3d 31 20
2026-10-02T20:41:20Z  68 3d 66 33 33 33 62 66
2026-10-02T20:41:20Z  62 37 20 6e 3d 31 2f 32
2026-10-02T20:41:20Z  20 75 70 6c 69 6e 6b 2e
2026-10-02T20:41:20Z  75 61 72 74 2e 70 6f 72
2026-10-02T20:41:20Z  74 3d 2f 64 65 76 2f 74
2026-10-02T20:41:20Z  74 79 41 4d 41 30 20 75
2026-10-02T20:41:20Z  70 6c 69 6e 6b 2e 75 61
2026-10-02T20:41:20Z  72 74 2e 62 61 75 64 72
2026-10-02T20:41:20Z  61 74 65 3d 31 31 35 32
2026-10-02T20:41:20Z  30 30 20 75 70 6c 69 6e
2026-10-02T20:41:20Z  6b 2e 6e 65 74 77 6f 72
2026-10-02T20:41:20Z  6b 5f 74 79 70 65 3d 32
2026-10-02T20:41:20Z  20 75 70 6c 69 6e 6b 2e
2026-10-02T20:41:20Z  63 68 75 6e 6b 5f 63 68
2026-10-02T20:41:20Z  61 72 73 3d 33 38 34 20
2026-10-02T20:41:20Z  75 70 6c 69 6e 6b 2e 6d
2026-10-02T20:41:20Z  73 67 5f 69 6e 74 65 72
2026-10-02T20:41:20Z  76 61 6c 5f 73 3d 31 2e
2026-10-02T20:41:20Z  33 20 75 70 6c 69 6e 6b
2026-10-02T20:41:20Z  2e 6c 61 6e 65 2e 65 6e
2026-10-02T20:41:20Z  61 62 6c 65 64 3d 30 20
2026-10-02T20:41:20Z  75 70 6c 69 6e 6b 2e 6c
2026-10-02T20:41:20Z  61 6e 65 2e 67 72 69 64
2026-10-02T20:41:20Z  5f 73 3d 33 30 30 2e 30
2026-10-02T20:41:20Z  20 75 70 6c 69 6e 6b 2e
2026-10-02T20:41:20Z  6c 61 6e 65 2e 70 72 65
2026-10-02T20:41:20Z  5f 67 75 61 72 64 5f 73
2026-10-02T20:41:20Z  3d 32 30 2e 30 20 75 70
2026-10-02T20:41:20Z  6c 69 6e 6b 2e 6c 61 6e
2026-10-02T20:41:20Z  65 2e 70 6f 73 74 5f 67
2026-10-02T20:41:20Z  75 61 72 64 5f 73 3d 33
2026-10-02T20:41:20Z  30 2e 30 3e
2026-10-02T20:41:20Z 2026-10-02T20:41:23.207Z [MS] [DEBUG] Notecard is 3.000000 pct full.
2026-10-02T20:41:20Z 2026-10-02T20:41:23.207Z [MS] [DEBUG] Has message 45666 expired? queuedTime: 608365026, now64: 608365080, remaining: 86399946
2026-10-02T20:41:20Z 2026-10-02T20:41:23.207Z [MS] [INFO] Sending Cellular message to Notecard.
2026-10-02T20:41:20Z 2026-10-02T20:41:23.207Z [MS] [INFO] Queuing message 45666 20026FE0
2026-10-02T20:41:21Z 2026-10-02T20:41:24.140Z [MS] [INFO] Added message(id: 45667 len: 280) to queue MS_Q_CELLULAR_ONLY: (1)!
2026-10-02T20:41:21Z 2026-10-02T20:41:24.140Z [BM_TX] [INFO] Submitted spotter/transmit-data message to cell-only queue, Len: 154
2026-10-02T20:41:21Z 2026-10-02T20:41:24.140Z [BM_TX] [DEBUG] Message:
2026-10-02T20:41:21Z  3c 43 46 20 76 3d 31 20
2026-10-02T20:41:21Z  68 3d 66 33 33 33 62 66
2026-10-02T20:41:21Z  62 37 20 6e 3d 32 2f 32
2026-10-02T20:41:21Z  20 75 70 6c 69 6e 6b 2e
2026-10-02T20:41:21Z  6c 61 6e 65 2e 6d 61 78
2026-10-02T20:41:21Z  5f 77 61 69 74 5f 73 3d
2026-10-02T20:41:21Z  33 30 30 2e 30 20 75 70
2026-10-02T20:41:21Z  6c 69 6e 6b 2e 6d 65 64
2026-10-02T20:41:21Z  69 61 5f 6b 65 79 2e 65
2026-10-02T20:41:21Z  6e 61 62 6c 65 64 3d 31
2026-10-02T20:41:21Z  20 75 70 6c 69 6e 6b 2e
2026-10-02T20:41:21Z  6d 65 64 69 61 5f 6b 65
2026-10-02T20:41:21Z  79 2e 72 65 74 61 69 6e
2026-10-02T20:41:21Z  5f 64 61 79 73 3d 31 34
2026-10-02T20:41:21Z  2e 30 20 76 69 64 65 6f
2026-10-02T20:41:21Z  2e 75 69 2e 65 6e 61 62
2026-10-02T20:41:21Z  6c 65 64 3d 31 20 76 69
2026-10-02T20:41:21Z  64 65 6f 2e 75 69 2e 70
2026-10-02T20:41:21Z  6f 72 74 3d 38 30 38 30
2026-10-02T20:41:21Z  3e
2026-10-02T20:41:21Z 2026-10-02T20:41:24.179Z [MS] [DEBUG] Notecard is 3.000000 pct full.
2026-10-02T20:41:21Z 2026-10-02T20:41:24.183Z [MS] [DEBUG] Has message 45667 expired? queuedTime: 608366014, now64: 608366055, remaining: 86399959
2026-10-02T20:41:21Z 2026-10-02T20:41:24.183Z [MS] [INFO] Sending Cellular message to Notecard.
2026-10-02T20:41:21Z 2026-10-02T20:41:24.183Z [MS] [INFO] Queuing message 45667 20026FE0
2026-10-02T20:41:32Z SPOT-31593C > bm pub bmcam/cmd {"id":65033,"c":"set","kv":{"camera.image_processing.denoise":"off"}} 1 1
2026-10-02T20:41:33Z bm pub bmcam/cmd {"id":65033,"c":"set","kv":{"camera.image_processing.denoise":"off"}} 1 1
2026-10-02T20:41:33Z 1790973695.839 e6fe83ea6b4a2b7f, [bmcam004] OK id=65033 camera.image_processing.denoise: auto -> off (next action) cfg=d558cca1
2026-10-02T20:41:33Z 1790973695.898 e6fe83ea6b4a2b7f, [bmcam004] OK id=65033 camera.image_processing.denoise: auto -> off (next action) (duplicate: original answer) cfg=d558cca1
2026-10-02T20:41:33Z 1790973695.949 e6fe83ea6b4a2b7f, [bmcam004] OK id=65033 camera.image_processing.denoise: auto -> off (next action) (duplicate: original answer) cfg=d558cca1
2026-10-02T20:41:33Z 1790973696.000 e6fe83ea6b4a2b7f, [bmcam004] OK id=65033 camera.image_processing.denoise: auto -> off (next action) (duplicate: original answer) cfg=d558cca1
2026-10-02T20:41:33Z 1790973696.046 e6fe83ea6b4a2b7f, [bmcam004] OK id=65033 camera.image_processing.denoise: auto -> off (next action) (duplicate: original answer) cfg=d558cca1
2026-10-02T20:41:33Z 1790973696.097 e6fe83ea6b4a2b7f, [bmcam004] OK id=65033 camera.image_processing.denoise: auto -> off (next action) (duplicate: original answer) cfg=d558cca1
2026-10-02T20:41:33Z 1790973696.148 e6fe83ea6b4a2b7f, [bmcam004] OK id=65033 camera.image_processing.denoise: auto -> off (next action) (duplicate: original answer) cfg=d558cca1
2026-10-02T20:41:33Z 1790973696.199 e6fe83ea6b4a2b7f, [bmcam004] OK id=65033 camera.image_processing.denoise: auto -> off (next action) (duplicate: original answer) cfg=d558cca1
2026-10-02T20:41:33Z 1790973696.417 e6fe83ea6b4a2b7f, [bmcam004] OK id=65033 camera.image_processing.denoise: auto -> off (next action) (duplicate: original answer) cfg=d558cca1
2026-10-02T20:41:34Z 1790973696.468 e6fe83ea6b4a2b7f, [bmcam004] OK id=65033 camera.image_processing.denoise: auto -> off (next action) (duplicate: original answer) cfg=d558cca1
2026-10-02T20:41:43Z SPOT-31593C > bm pub bmcam/cmd {"id":65034,"c":"trg","v":2,"kv":{"med":"still","m":40}} 1 1
2026-10-02T20:41:44Z bm pub bmcam/cmd {"id":65034,"c":"trg","v":2,"kv":{"med":"still","m":40}} 1 1
2026-10-02T20:41:44Z 1790973706.777 e6fe83ea6b4a2b7f, [bmcam004] OK id=65034 trg 2 armed: capture + output per mode (next decision point); one action only: mode.media=still, still.message_cap=40 cfg=d558cca1
2026-10-02T20:41:44Z 1790973706.835 e6fe83ea6b4a2b7f, [bmcam004] OK id=65034 trg 2 armed: capture + output per mode (next decision point); one action only: mode.media=still, still.message_cap=40 (duplicate: original answ
2026-10-02T20:41:44Z 1790973706.886 e6fe83ea6b4a2b7f, [bmcam004] OK id=65034 trg 2 armed: capture + output per mode (next decision point); one action only: mode.media=still, still.message_cap=40 (duplicate: original answ
2026-10-02T20:41:44Z 1790973706.937 e6fe83ea6b4a2b7f, [bmcam004] OK id=65034 trg 2 armed: capture + output per mode (next decision point); one action only: mode.media=still, still.message_cap=40 (duplicate: original answ
2026-10-02T20:41:44Z 1790973706.988 e6fe83ea6b4a2b7f, [bmcam004] OK id=65034 trg 2 armed: capture + output per mode (next decision point); one action only: mode.media=still, still.message_cap=40 (duplicate: original answ
2026-10-02T20:41:44Z 1790973707.035 e6fe83ea6b4a2b7f, [bmcam004] OK id=65034 trg 2 armed: capture + output per mode (next decision point); one action only: mode.media=still, still.message_cap=40 (duplicate: original answ
2026-10-02T20:41:44Z 1790973707.085 e6fe83ea6b4a2b7f, [bmcam004] OK id=65034 trg 2 armed: capture + output per mode (next decision point); one action only: mode.media=still, still.message_cap=40 (duplicate: original answ
2026-10-02T20:41:44Z 1790973707.136 e6fe83ea6b4a2b7f, [bmcam004] OK id=65034 trg 2 armed: capture + output per mode (next decision point); one action only: mode.media=still, still.message_cap=40 (duplicate: original answ
2026-10-02T20:41:44Z 1790973707.195 e6fe83ea6b4a2b7f, [bmcam004] OK id=65034 trg 2 armed: capture + output per mode (next decision point); one action only: mode.media=still, still.message_cap=40 (duplicate: original answ
2026-10-02T20:41:44Z 1790973707.246 e6fe83ea6b4a2b7f, [bmcam004] OK id=65034 trg 2 armed: capture + output per mode (next decision point); one action only: mode.media=still, still.message_cap=40 (duplicate: original answ
2026-10-02T20:41:46Z 2026-10-02T20:41:49.187Z [MS] [INFO] Added message(id: 3644 len: 263) to queue MS_Q_CELLULAR_ONLY: (1)!
2026-10-02T20:41:46Z 2026-10-02T20:41:49.187Z [BM_TX] [INFO] Submitted spotter/transmit-data message to cell-only queue, Len: 136
2026-10-02T20:41:46Z 2026-10-02T20:41:49.187Z [BM_TX] [DEBUG] Message:
2026-10-02T20:41:46Z  3c 57 53 20 76 3d 31 20
2026-10-02T20:41:46Z  61 3d 63 61 70 20 63 66
2026-10-02T20:41:46Z  67 3d 64 35 35 38 63 63
2026-10-02T20:41:46Z  61 31 20 75 70 3d 31 32
2026-10-02T20:41:46Z  38 33 20 74 7a 3d 41 6d
2026-10-02T20:41:46Z  65 72 69 63 61 2f 4c 6f
2026-10-02T20:41:46Z  73 5f 41 6e 67 65 6c 65
2026-10-02T20:41:46Z  73 20 6c 74 3d 6e 61 20
2026-10-02T20:41:46Z  77 73 3d 30 30 30 30 20
2026-10-02T20:41:46Z  77 65 3d 30 30 30 30 20
2026-10-02T20:41:46Z  72 6b 3d 31 30 30 30 78
2026-10-02T20:41:46Z  35 36 32 20 71 3d 32 30
2026-10-02T20:41:46Z  20 63 74 3d 33 39 2e 37
2026-10-02T20:41:46Z  20 73 68 61 3d 33 34 61
2026-10-02T20:41:46Z  36 32 32 32 65 61 39 34
2026-10-02T20:41:46Z  63 20 68 6e 3d 62 6d 63
2026-10-02T20:41:46Z  61 6d 30 30 34 3e 0a
2026-10-02T20:41:46Z 2026-10-02T20:41:49.242Z [MS] [DEBUG] Notecard is 43.000000 pct full.
2026-10-02T20:41:46Z 2026-10-02T20:41:49.242Z [MS] [DEBUG] Has message 3644 expired? queuedTime: 69284607, now64: 69284664, remaining: 86399943
2026-10-02T20:41:46Z 2026-10-02T20:41:49.246Z [MS] [INFO] Sending Cellular message to Notecard.
2026-10-02T20:41:46Z 2026-10-02T20:41:49.246Z [MS] [INFO] Queuing message 3644 20004EA0
2026-10-02T20:42:33Z SPOT-33507C > bm pub bmcam/cmd {"id":1000009,"c":"get","k":["video.record","video.logger"]} 1 1
2026-10-02T20:42:36Z bm pub bmcam/cmd {"id":1000009,"c":"get","k":["video.record","video.logger"]} 1 1
2026-10-02T20:42:36Z 2026-10-02T20:42:38.636Z [MS] [INFO] Added message(id: 45668 len: 162) to queue MS_Q_CELLULAR_ONLY: (1)!
2026-10-02T20:42:36Z 2026-10-02T20:42:38.636Z [BM_TX] [INFO] Submitted spotter/transmit-data message to cell-only queue, Len: 37
2026-10-02T20:42:36Z 2026-10-02T20:42:38.636Z [BM_TX] [DEBUG] Message:
2026-10-02T20:42:36Z  7b 22 69 64 22 3a 31 30
2026-10-02T20:42:36Z  30 30 30 30 39 2c 22 6f
2026-10-02T20:42:36Z  6b 22 3a 31 2c 22 68 22
2026-10-02T20:42:36Z  3a 22 66 33 33 33 62 66
2026-10-02T20:42:36Z  62 37 22 7d
2026-10-02T20:42:36Z Message: 1790973758.644 53171fa3d81a8e6f, [bmcam003] OK id=1000009 get video.record, video.logger: 12 key(s) cfg=f333bfb7
2026-10-02T20:42:36Z 2026-10-02T20:42:38.671Z [MS] [DEBUG] Notecard is 3.000000 pct full.
2026-10-02T20:42:36Z 2026-10-02T20:42:38.671Z [MS] [DEBUG] Has message 45668 expired? queuedTime: 608440522, now64: 608440559, remaining: 86399963
2026-10-02T20:42:36Z 2026-10-02T20:42:38.671Z [MS] [INFO] Sending Cellular message to Notecard.
2026-10-02T20:42:36Z 2026-10-02T20:42:38.675Z [MS] [INFO] Queuing message 45668 20026FE0
2026-10-02T20:42:36Z 1790973758.683 53171fa3d81a8e6f,   video.record.framing = wide_1080p_lean (yaml)
2026-10-02T20:42:36Z 1790973758.734 53171fa3d81a8e6f,   video.record.crop = none (yaml)
2026-10-02T20:42:36Z 1790973758.785 53171fa3d81a8e6f,   video.record.output = none (yaml)
2026-10-02T20:42:36Z 1790973758.835 53171fa3d81a8e6f,   video.record.sensor_mode = none (yaml)
2026-10-02T20:42:36Z 1790973758.882 53171fa3d81a8e6f,   video.record.fps = 14 (cmd 1000007)
2026-10-02T20:42:36Z 1790973758.933 53171fa3d81a8e6f,   video.record.bitrate_mbps = 6.0 (yaml)
2026-10-02T20:42:36Z 1790973758.984 53171fa3d81a8e6f,   video.record.dir = /home/pi/BM_Devel_Pi/videos (yaml)
2026-10-02T20:42:36Z 1790973759.035 53171fa3d81a8e6f,   video.record.encoder.profile =  (yaml)
2026-10-02T20:42:36Z 1790973759.085 53171fa3d81a8e6f,   video.record.encoder.level =  (yaml)
2026-10-02T20:42:36Z 1790973759.132 53171fa3d81a8e6f,   video.record.encoder.intra = 0 (yaml)
2026-10-02T20:42:36Z 1790973759.183 53171fa3d81a8e6f,   video.logger.clip_minutes = 5.0 (yaml)
2026-10-02T20:42:37Z 1790973759.234 53171fa3d81a8e6f,   video.logger.session_minutes = 0 (yaml)
2026-10-02T20:42:37Z 1790973759.296 53171fa3d81a8e6f, [bmcam003] OK id=1000009 get video.record, video.logger: 12 key(s) (duplicate: original answer) cfg=f333bfb7
2026-10-02T20:42:37Z 1790973759.343 53171fa3d81a8e6f, [bmcam003] OK id=1000009 get video.record, video.logger: 12 key(s) (duplicate: original answer) cfg=f333bfb7
2026-10-02T20:42:37Z 1790973759.394 53171fa3d81a8e6f, [bmcam003] OK id=1000009 get video.record, video.logger: 12 key(s) (duplicate: original answer) cfg=f333bfb7
2026-10-02T20:42:37Z 1790973759.445 53171fa3d81a8e6f, [bmcam003] OK id=1000009 get video.record, video.logger: 12 key(s) (duplicate: original answer) cfg=f333bfb7
2026-10-02T20:42:37Z 1790973759.496 53171fa3d81a8e6f, [bmcam003] OK id=1000009 get video.record, video.logger: 12 key(s) (duplicate: original answer) cfg=f333bfb7
2026-10-02T20:42:37Z 2026-10-02T20:42:39.718Z [MS] [INFO] Added message(id: 45669 len: 401) to queue MS_Q_CELLULAR_ONLY: (1)!
2026-10-02T20:42:37Z 2026-10-02T20:42:39.718Z [BM_TX] [INFO] Submitted spotter/transmit-data message to cell-only queue, Len: 275
2026-10-02T20:42:37Z 2026-10-02T20:42:39.718Z [BM_TX] [DEBUG] Message:
2026-10-02T20:42:37Z  3c 43 46 20 76 3d 31 20
2026-10-02T20:42:37Z  68 3d 66 33 33 33 62 66
2026-10-02T20:42:37Z  62 37 20 6e 3d 31 2f 32
2026-10-02T20:42:37Z  20 76 69 64 65 6f 2e 72
2026-10-02T20:42:37Z  65 63 6f 72 64 2e 66 72
2026-10-02T20:42:37Z  61 6d 69 6e 67 3d 77 69
2026-10-02T20:42:37Z  64 65 5f 31 30 38 30 70
2026-10-02T20:42:37Z  5f 6c 65 61 6e 20 76 69
2026-10-02T20:42:37Z  64 65 6f 2e 72 65 63 6f
2026-10-02T20:42:37Z  72 64 2e 63 72 6f 70 3d
2026-10-02T20:42:37Z  6e 75 6c 6c 20 76 69 64
2026-10-02T20:42:37Z  65 6f 2e 72 65 63 6f 72
2026-10-02T20:42:37Z  64 2e 6f 75 74 70 75 74
2026-10-02T20:42:37Z  3d 6e 75 6c 6c 20 76 69
2026-10-02T20:42:37Z  64 65 6f 2e 72 65 63 6f
2026-10-02T20:42:37Z  72 64 2e 73 65 6e 73 6f
2026-10-02T20:42:37Z  72 5f 6d 6f 64 65 3d 6e
2026-10-02T20:42:37Z  75 6c 6c 20 76 69 64 65
2026-10-02T20:42:37Z  6f 2e 72 65 63 6f 72 64
2026-10-02T20:42:37Z  2e 66 70 73 3d 31 34 40
2026-10-02T20:42:37Z  63 31 30 30 30 30 30 37
2026-10-02T20:42:37Z  20 76 69 64 65 6f 2e 72
2026-10-02T20:42:37Z  65 63 6f 72 64 2e 62 69
2026-10-02T20:42:37Z  74 72 61 74 65 5f 6d 62
2026-10-02T20:42:37Z  70 73 3d 36 2e 30 20 76
2026-10-02T20:42:37Z  69 64 65 6f 2e 72 65 63
2026-10-02T20:42:37Z  6f 72 64 2e 64 69 72 3d
2026-10-02T20:42:37Z  2f 68 6f 6d 65 2f 70 69
2026-10-02T20:42:37Z  2f 42 4d 5f 44 65 76 65
2026-10-02T20:42:37Z  6c 5f 50 69 2f 76 69 64
2026-10-02T20:42:37Z  65 6f 73 20 76 69 64 65
2026-10-02T20:42:37Z  6f 2e 72 65 63 6f 72 64
2026-10-02T20:42:37Z  2e 65 6e 63 6f 64 65 72
2026-10-02T20:42:37Z  2e 70 72 6f 66 69 6c 65
2026-10-02T20:42:37Z  3d 3e
2026-10-02T20:42:37Z 2026-10-02T20:42:39.773Z [MS] [DEBUG] Notecard is 3.000000 pct full.
2026-10-02T20:42:37Z 2026-10-02T20:42:39.773Z [MS] [DEBUG] Has message 45669 expired? queuedTime: 608441605, now64: 608441661, remaining: 86399944
2026-10-02T20:42:37Z 2026-10-02T20:42:39.773Z [MS] [INFO] Sending Cellular message to Notecard.
2026-10-02T20:42:37Z 2026-10-02T20:42:39.773Z [MS] [INFO] Queuing message 45669 20026FE0
2026-10-02T20:42:38Z 2026-10-02T20:42:40.714Z [MS] [INFO] Added message(id: 45670 len: 270) to queue MS_Q_CELLULAR_ONLY: (1)!
2026-10-02T20:42:38Z 2026-10-02T20:42:40.714Z [BM_TX] [INFO] Submitted spotter/transmit-data message to cell-only queue, Len: 144
2026-10-02T20:42:38Z 2026-10-02T20:42:40.718Z [BM_TX] [DEBUG] Message:
2026-10-02T20:42:38Z  3c 43 46 20 76 3d 31 20
2026-10-02T20:42:38Z  68 3d 66 33 33 33 62 66
2026-10-02T20:42:38Z  62 37 20 6e 3d 32 2f 32
2026-10-02T20:42:38Z  20 76 69 64 65 6f 2e 72
2026-10-02T20:42:38Z  65 63 6f 72 64 2e 65 6e
2026-10-02T20:42:38Z  63 6f 64 65 72 2e 6c 65
2026-10-02T20:42:38Z  76 65 6c 3d 20 76 69 64
2026-10-02T20:42:38Z  65 6f 2e 72 65 63 6f 72
2026-10-02T20:42:38Z  64 2e 65 6e 63 6f 64 65
2026-10-02T20:42:38Z  72 2e 69 6e 74 72 61 3d
2026-10-02T20:42:38Z  30 20 76 69 64 65 6f 2e
2026-10-02T20:42:38Z  6c 6f 67 67 65 72 2e 63
2026-10-02T20:42:38Z  6c 69 70 5f 6d 69 6e 75
2026-10-02T20:42:38Z  74 65 73 3d 35 2e 30 20
2026-10-02T20:42:38Z  76 69 64 65 6f 2e 6c 6f
2026-10-02T20:42:38Z  67 67 65 72 2e 73 65 73
2026-10-02T20:42:38Z  73 69 6f 6e 5f 6d 69 6e
2026-10-02T20:42:38Z  75 74 65 73 3d 30 3e
2026-10-02T20:42:38Z 2026-10-02T20:42:40.753Z [MS] [DEBUG] Notecard is 3.000000 pct full.
2026-10-02T20:42:38Z 2026-10-02T20:42:40.753Z [MS] [DEBUG] Has message 45670 expired? queuedTime: 608442603, now64: 608442642, remaining: 86399961
2026-10-02T20:42:38Z 2026-10-02T20:42:40.757Z [MS] [INFO] Sending Cellular message to Notecard.
2026-10-02T20:42:38Z 2026-10-02T20:42:40.757Z [MS] [INFO] Queuing message 45670 20026FE0
2026-10-02T20:42:56Z SPOT-31593C > bm pub bmcam/cmd {"id":65035,"c":"set","kv":{"camera.image_processing.denoise":"cdn_off"}} 1 1
2026-10-02T20:42:58Z bm pub bmcam/cmd {"id":65035,"c":"set","kv":{"camera.image_processing.denoise":"cdn_off"}} 1 1
2026-10-02T20:42:59Z 1790973781.531 e6fe83ea6b4a2b7f, [bmcam004] OK id=65035 camera.image_processing.denoise: off -> cdn_off (next action) cfg=f9e6349d
2026-10-02T20:42:59Z 1790973781.582 e6fe83ea6b4a2b7f, [bmcam004] OK id=65035 camera.image_processing.denoise: off -> cdn_off (next action) (duplicate: original answer) cfg=f9e6349d
2026-10-02T20:42:59Z 1790973781.632 e6fe83ea6b4a2b7f, [bmcam004] OK id=65035 camera.image_processing.denoise: off -> cdn_off (next action) (duplicate: original answer) cfg=f9e6349d
2026-10-02T20:42:59Z 1790973781.683 e6fe83ea6b4a2b7f, [bmcam004] OK id=65035 camera.image_processing.denoise: off -> cdn_off (next action) (duplicate: original answer) cfg=f9e6349d
2026-10-02T20:42:59Z 1790973781.734 e6fe83ea6b4a2b7f, [bmcam004] OK id=65035 camera.image_processing.denoise: off -> cdn_off (next action) (duplicate: original answer) cfg=f9e6349d
2026-10-02T20:42:59Z 1790973781.785 e6fe83ea6b4a2b7f, [bmcam004] OK id=65035 camera.image_processing.denoise: off -> cdn_off (next action) (duplicate: original answer) cfg=f9e6349d
2026-10-02T20:42:59Z 1790973781.832 e6fe83ea6b4a2b7f, [bmcam004] OK id=65035 camera.image_processing.denoise: off -> cdn_off (next action) (duplicate: original answer) cfg=f9e6349d
2026-10-02T20:42:59Z 1790973781.882 e6fe83ea6b4a2b7f, [bmcam004] OK id=65035 camera.image_processing.denoise: off -> cdn_off (next action) (duplicate: original answer) cfg=f9e6349d
2026-10-02T20:42:59Z 1790973781.941 e6fe83ea6b4a2b7f, [bmcam004] OK id=65035 camera.image_processing.denoise: off -> cdn_off (next action) (duplicate: original answer) cfg=f9e6349d
2026-10-02T20:42:59Z 1790973781.992 e6fe83ea6b4a2b7f, [bmcam004] OK id=65035 camera.image_processing.denoise: off -> cdn_off (next action) (duplicate: original answer) cfg=f9e6349d
2026-10-02T20:43:09Z SPOT-31593C > bm pub bmcam/cmd {"id":65036,"c":"trg","v":2,"kv":{"med":"still","m":40}} 1 1
2026-10-02T20:43:10Z bm pub bmcam/cmd {"id":65036,"c":"trg","v":2,"kv":{"med":"still","m":40}} 1 1
2026-10-02T20:43:10Z 1790973793.500 e6fe83ea6b4a2b7f, [bmcam004] OK id=65036 trg 2 armed: capture + output per mode (next decision point); one action only: mode.media=still, still.message_cap=40 cfg=f9e6349d
2026-10-02T20:43:11Z 1790973793.550 e6fe83ea6b4a2b7f, [bmcam004] OK id=65036 trg 2 armed: capture + output per mode (next decision point); one action only: mode.media=still, still.message_cap=40 (duplicate: original answ
2026-10-02T20:43:11Z 1790973793.601 e6fe83ea6b4a2b7f, [bmcam004] OK id=65036 trg 2 armed: capture + output per mode (next decision point); one action only: mode.media=still, still.message_cap=40 (duplicate: original answ
2026-10-02T20:43:11Z 1790973793.660 e6fe83ea6b4a2b7f, [bmcam004] OK id=65036 trg 2 armed: capture + output per mode (next decision point); one action only: mode.media=still, still.message_cap=40 (duplicate: original answ
2026-10-02T20:43:11Z 1790973793.710 e6fe83ea6b4a2b7f, [bmcam004] OK id=65036 trg 2 armed: capture + output per mode (next decision point); one action only: mode.media=still, still.message_cap=40 (duplicate: original answ
2026-10-02T20:43:11Z 1790973793.761 e6fe83ea6b4a2b7f, [bmcam004] OK id=65036 trg 2 armed: capture + output per mode (next decision point); one action only: mode.media=still, still.message_cap=40 (duplicate: original answ
2026-10-02T20:43:11Z 1790973793.812 e6fe83ea6b4a2b7f, [bmcam004] OK id=65036 trg 2 armed: capture + output per mode (next decision point); one action only: mode.media=still, still.message_cap=40 (duplicate: original answ
2026-10-02T20:43:11Z 1790973793.863 e6fe83ea6b4a2b7f, [bmcam004] OK id=65036 trg 2 armed: capture + output per mode (next decision point); one action only: mode.media=still, still.message_cap=40 (duplicate: original answ
2026-10-02T20:43:11Z 1790973793.910 e6fe83ea6b4a2b7f, [bmcam004] OK id=65036 trg 2 armed: capture + output per mode (next decision point); one action only: mode.media=still, still.message_cap=40 (duplicate: original answ
2026-10-02T20:43:16Z 2026-10-02T20:43:19.140Z [MS] [INFO] Added message(id: 3686 len: 263) to queue MS_Q_CELLULAR_ONLY: (1)!
2026-10-02T20:43:16Z 2026-10-02T20:43:19.140Z [BM_TX] [INFO] Submitted spotter/transmit-data message to cell-only queue, Len: 136
2026-10-02T20:43:16Z 2026-10-02T20:43:19.140Z [BM_TX] [DEBUG] Message:
2026-10-02T20:43:16Z  3c 57 53 20 76 3d 31 20
2026-10-02T20:43:16Z  61 3d 63 61 70 20 63 66
2026-10-02T20:43:16Z  67 3d 66 39 65 36 33 34
2026-10-02T20:43:16Z  39 64 20 75 70 3d 31 33
2026-10-02T20:43:16Z  37 33 20 74 7a 3d 41 6d
2026-10-02T20:43:16Z  65 72 69 63 61 2f 4c 6f
2026-10-02T20:43:16Z  73 5f 41 6e 67 65 6c 65
2026-10-02T20:43:16Z  73 20 6c 74 3d 6e 61 20
2026-10-02T20:43:16Z  77 73 3d 30 30 30 30 20
2026-10-02T20:43:16Z  77 65 3d 30 30 30 30 20
2026-10-02T20:43:16Z  72 6b 3d 31 30 30 30 78
2026-10-02T20:43:16Z  35 36 32 20 71 3d 32 30
2026-10-02T20:43:16Z  20 63 74 3d 33 39 2e 37
2026-10-02T20:43:16Z  20 73 68 61 3d 33 34 61
2026-10-02T20:43:16Z  36 32 32 32 65 61 39 34
2026-10-02T20:43:16Z  63 20 68 6e 3d 62 6d 63
2026-10-02T20:43:16Z  61 6d 30 30 34 3e 0a
2026-10-02T20:43:16Z 2026-10-02T20:43:19.195Z [MS] [DEBUG] Notecard is 46.000000 pct full.
2026-10-02T20:43:16Z 2026-10-02T20:43:19.199Z [MS] [DEBUG] Has message 3686 expired? queuedTime: 69374577, now64: 69374634, remaining: 86399943
2026-10-02T20:43:16Z 2026-10-02T20:43:19.199Z [MS] [INFO] Sending Cellular message to Notecard.
2026-10-02T20:43:16Z 2026-10-02T20:43:19.199Z [MS] [INFO] Queuing message 3686 20004EA0
2026-10-02T20:43:50Z SPOT-33507C > bm pub bmcam/cmd {"id":1000010,"c":"get","k":["camera.image_processing","mode"]} 1 1
2026-10-02T20:43:52Z bm pub bmcam/cmd {"id":1000010,"c":"get","k":["camera.image_processing","mode"]} 1 1
2026-10-02T20:43:53Z 2026-10-02T20:43:55.324Z [MS] [INFO] Added message(id: 45671 len: 162) to queue MS_Q_CELLULAR_ONLY: (1)!
2026-10-02T20:43:53Z 2026-10-02T20:43:55.324Z [BM_TX] [INFO] Submitted spotter/transmit-data message to cell-only queue, Len: 37
2026-10-02T20:43:53Z 2026-10-02T20:43:55.324Z [BM_TX] [DEBUG] Message:
2026-10-02T20:43:53Z  7b 22 69 64 22 3a 31 30
2026-10-02T20:43:53Z  30 30 30 31 30 2c 22 6f
2026-10-02T20:43:53Z  6b 22 3a 31 2c 22 68 22
2026-10-02T20:43:53Z  3a 22 66 33 33 33 62 66
2026-10-02T20:43:53Z  62 37 22 7d
2026-10-02T20:43:53Z Message: 1790973835.343 53171fa3d81a8e6f, [bmcam003] OK id=1000010 get camera.image_processing, mode: 12 key(s) cfg=f333bfb7
2026-10-02T20:43:53Z 2026-10-02T20:43:55.359Z [MS] [DEBUG] Notecard is 3.000000 pct full.
2026-10-02T20:43:53Z 2026-10-02T20:43:55.359Z [MS] [DEBUG] Has message 45671 expired? queuedTime: 608517223, now64: 608517260, remaining: 86399963
2026-10-02T20:43:53Z 2026-10-02T20:43:55.363Z [MS] [INFO] Sending Cellular message to Notecard.
2026-10-02T20:43:53Z 2026-10-02T20:43:55.363Z [MS] [INFO] Queuing message 45671 20026FE0
2026-10-02T20:43:53Z 1790973835.382 53171fa3d81a8e6f,   camera.image_processing.enabled = false (yaml)
2026-10-02T20:43:53Z 1790973835.433 53171fa3d81a8e6f,   camera.image_processing.sharpness = 1.0 (yaml)
2026-10-02T20:43:53Z 1790973835.480 53171fa3d81a8e6f,   camera.image_processing.contrast = none (yaml)
2026-10-02T20:43:53Z 1790973835.531 53171fa3d81a8e6f,   camera.image_processing.saturation = none (yaml)
2026-10-02T20:43:53Z 1790973835.582 53171fa3d81a8e6f,   camera.image_processing.brightness = none (yaml)
2026-10-02T20:43:53Z 1790973835.632 53171fa3d81a8e6f,   camera.image_processing.denoise = none (yaml)
2026-10-02T20:43:53Z 1790973835.683 53171fa3d81a8e6f,   camera.image_processing.hdr = none (yaml)
2026-10-02T20:43:53Z 1790973835.730 53171fa3d81a8e6f,   mode.media = video (yaml)
2026-10-02T20:43:53Z 1790973835.781 53171fa3d81a8e6f,   mode.run = stay_on (cmd 52101)
2026-10-02T20:43:53Z 1790973835.832 53171fa3d81a8e6f,   mode.interval_s = 0 (yaml)
2026-10-02T20:43:53Z 1790973835.882 53171fa3d81a8e6f,   mode.heartbeat_s = 300 (yaml)
2026-10-02T20:43:53Z 1790973835.933 53171fa3d81a8e6f,   mode.output = transmit (yaml)
2026-10-02T20:43:53Z 1790973835.992 53171fa3d81a8e6f, [bmcam003] OK id=1000010 get camera.image_processing, mode: 12 key(s) (duplicate: original answer) cfg=f333bfb7
2026-10-02T20:43:53Z 1790973836.042 53171fa3d81a8e6f, [bmcam003] OK id=1000010 get camera.image_processing, mode: 12 key(s) (duplicate: original answer) cfg=f333bfb7
2026-10-02T20:43:53Z 1790973836.093 53171fa3d81a8e6f, [bmcam003] OK id=1000010 get camera.image_processing, mode: 12 key(s) (duplicate: original answer) cfg=f333bfb7
2026-10-02T20:43:53Z 1790973836.144 53171fa3d81a8e6f, [bmcam003] OK id=1000010 get camera.image_processing, mode: 12 key(s) (duplicate: original answer) cfg=f333bfb7
2026-10-02T20:43:53Z 1790973836.191 53171fa3d81a8e6f, [bmcam003] OK id=1000010 get camera.image_processing, mode: 12 key(s) (duplicate: original answer) cfg=f333bfb7
2026-10-02T20:43:54Z 2026-10-02T20:43:56.417Z [MS] [INFO] Added message(id: 45672 len: 379) to queue MS_Q_CELLULAR_ONLY: (1)!
2026-10-02T20:43:54Z 2026-10-02T20:43:56.417Z [BM_TX] [INFO] Submitted spotter/transmit-data message to cell-only queue, Len: 253
2026-10-02T20:43:54Z 2026-10-02T20:43:56.417Z [BM_TX] [DEBUG] Message:
2026-10-02T20:43:54Z  3c 43 46 20 76 3d 31 20
2026-10-02T20:43:54Z  68 3d 66 33 33 33 62 66
2026-10-02T20:43:54Z  62 37 20 6e 3d 31 2f 32
2026-10-02T20:43:54Z  20 63 61 6d 65 72 61 2e
2026-10-02T20:43:54Z  69 6d 61 67 65 5f 70 72
2026-10-02T20:43:54Z  6f 63 65 73 73 69 6e 67
2026-10-02T20:43:54Z  2e 65 6e 61 62 6c 65 64
2026-10-02T20:43:54Z  3d 30 20 63 61 6d 65 72
2026-10-02T20:43:54Z  61 2e 69 6d 61 67 65 5f
2026-10-02T20:43:54Z  70 72 6f 63 65 73 73 69
2026-10-02T20:43:54Z  6e 67 2e 73 68 61 72 70
2026-10-02T20:43:54Z  6e 65 73 73 3d 31 2e 30
2026-10-02T20:43:54Z  20 63 61 6d 65 72 61 2e
2026-10-02T20:43:54Z  69 6d 61 67 65 5f 70 72
2026-10-02T20:43:54Z  6f 63 65 73 73 69 6e 67
2026-10-02T20:43:54Z  2e 63 6f 6e 74 72 61 73
2026-10-02T20:43:54Z  74 3d 6e 75 6c 6c 20 63
2026-10-02T20:43:54Z  61 6d 65 72 61 2e 69 6d
2026-10-02T20:43:54Z  61 67 65 5f 70 72 6f 63
2026-10-02T20:43:54Z  65 73 73 69 6e 67 2e 73
2026-10-02T20:43:54Z  61 74 75 72 61 74 69 6f
2026-10-02T20:43:54Z  6e 3d 6e 75 6c 6c 20 63
2026-10-02T20:43:54Z  61 6d 65 72 61 2e 69 6d
2026-10-02T20:43:54Z  61 67 65 5f 70 72 6f 63
2026-10-02T20:43:54Z  65 73 73 69 6e 67 2e 62
2026-10-02T20:43:54Z  72 69 67 68 74 6e 65 73
2026-10-02T20:43:54Z  73 3d 6e 75 6c 6c 20 63
2026-10-02T20:43:54Z  61 6d 65 72 61 2e 69 6d
2026-10-02T20:43:54Z  61 67 65 5f 70 72 6f 63
2026-10-02T20:43:54Z  65 73 73 69 6e 67 2e 64
2026-10-02T20:43:54Z  65 6e 6f 69 73 65 3d 6e
2026-10-02T20:43:54Z  75 6c 6c 3e
2026-10-02T20:43:54Z 2026-10-02T20:43:56.468Z [MS] [DEBUG] Notecard is 3.000000 pct full.
2026-10-02T20:43:54Z 2026-10-02T20:43:56.468Z [MS] [DEBUG] Has message 45672 expired? queuedTime: 608518317, now64: 608518368, remaining: 86399949
2026-10-02T20:43:54Z 2026-10-02T20:43:56.468Z [MS] [INFO] Sending Cellular message to Notecard.
2026-10-02T20:43:54Z 2026-10-02T20:43:56.468Z [MS] [INFO] Queuing message 45672 20026FE0
2026-10-02T20:43:55Z 2026-10-02T20:43:57.410Z [MS] [INFO] Added message(id: 45673 len: 286) to queue MS_Q_CELLULAR_ONLY: (1)!
2026-10-02T20:43:55Z 2026-10-02T20:43:57.414Z [BM_TX] [INFO] Submitted spotter/transmit-data message to cell-only queue, Len: 160
2026-10-02T20:43:55Z 2026-10-02T20:43:57.414Z [BM_TX] [DEBUG] Message:
2026-10-02T20:43:55Z  3c 43 46 20 76 3d 31 20
2026-10-02T20:43:55Z  68 3d 66 33 33 33 62 66
2026-10-02T20:43:55Z  62 37 20 6e 3d 32 2f 32
2026-10-02T20:43:55Z  20 63 61 6d 65 72 61 2e
2026-10-02T20:43:55Z  69 6d 61 67 65 5f 70 72
2026-10-02T20:43:55Z  6f 63 65 73 73 69 6e 67
2026-10-02T20:43:55Z  2e 68 64 72 3d 6e 75 6c
2026-10-02T20:43:55Z  6c 20 6d 6f 64 65 2e 6d
2026-10-02T20:43:55Z  65 64 69 61 3d 76 69 64
2026-10-02T20:43:55Z  65 6f 20 6d 6f 64 65 2e
2026-10-02T20:43:55Z  72 75 6e 3d 73 74 61 79
2026-10-02T20:43:55Z  5f 6f 6e 40 63 35 32 31
2026-10-02T20:43:55Z  30 31 20 6d 6f 64 65 2e
2026-10-02T20:43:55Z  69 6e 74 65 72 76 61 6c
2026-10-02T20:43:55Z  5f 73 3d 30 20 6d 6f 64
2026-10-02T20:43:55Z  65 2e 68 65 61 72 74 62
2026-10-02T20:43:55Z  65 61 74 5f 73 3d 33 30
2026-10-02T20:43:55Z  30 20 6d 6f 64 65 2e 6f
2026-10-02T20:43:55Z  75 74 70 75 74 3d 74 72
2026-10-02T20:43:55Z  61 6e 73 6d 69 74 3e
2026-10-02T20:43:55Z 2026-10-02T20:43:57.449Z [MS] [DEBUG] Notecard is 3.000000 pct full.
2026-10-02T20:43:55Z 2026-10-02T20:43:57.453Z [MS] [DEBUG] Has message 45673 expired? queuedTime: 608519313, now64: 608519352, remaining: 86399961
2026-10-02T20:43:55Z 2026-10-02T20:43:57.453Z [MS] [INFO] Sending Cellular message to Notecard.
2026-10-02T20:43:55Z 2026-10-02T20:43:57.453Z [MS] [INFO] Queuing message 45673 20026FE0
2026-10-02T20:44:25Z SPOT-31593C > bm pub bmcam/cmd {"id":65037,"c":"set","kv":{"camera.image_processing.denoise":"cdn_fast"}} 1 1
2026-10-02T20:44:28Z bm pub bmcam/cmd {"id":65037,"c":"set","kv":{"camera.image_processing.denoise":"cdn_fast"}} 1 1
2026-10-02T20:44:28Z 1790973870.796 e6fe83ea6b4a2b7f, [bmcam004] OK id=65037 camera.image_processing.denoise: cdn_off -> cdn_fast (next action) cfg=59a4dc32
2026-10-02T20:44:28Z 1790973870.847 e6fe83ea6b4a2b7f, [bmcam004] OK id=65037 camera.image_processing.denoise: cdn_off -> cdn_fast (next action) (duplicate: original answer) cfg=59a4dc32
2026-10-02T20:44:28Z 1790973870.894 e6fe83ea6b4a2b7f, [bmcam004] OK id=65037 camera.image_processing.denoise: cdn_off -> cdn_fast (next action) (duplicate: original answer) cfg=59a4dc32
2026-10-02T20:44:28Z 1790973870.957 e6fe83ea6b4a2b7f, [bmcam004] OK id=65037 camera.image_processing.denoise: cdn_off -> cdn_fast (next action) (duplicate: original answer) cfg=59a4dc32
2026-10-02T20:44:28Z 1790973871.007 e6fe83ea6b4a2b7f, [bmcam004] OK id=65037 camera.image_processing.denoise: cdn_off -> cdn_fast (next action) (duplicate: original answer) cfg=59a4dc32
2026-10-02T20:44:28Z 1790973871.054 e6fe83ea6b4a2b7f, [bmcam004] OK id=65037 camera.image_processing.denoise: cdn_off -> cdn_fast (next action) (duplicate: original answer) cfg=59a4dc32
2026-10-02T20:44:28Z 1790973871.105 e6fe83ea6b4a2b7f, [bmcam004] OK id=65037 camera.image_processing.denoise: cdn_off -> cdn_fast (next action) (duplicate: original answer) cfg=59a4dc32
2026-10-02T20:44:28Z 1790973871.156 e6fe83ea6b4a2b7f, [bmcam004] OK id=65037 camera.image_processing.denoise: cdn_off -> cdn_fast (next action) (duplicate: original answer) cfg=59a4dc32
2026-10-02T20:44:28Z 1790973871.207 e6fe83ea6b4a2b7f, [bmcam004] OK id=65037 camera.image_processing.denoise: cdn_off -> cdn_fast (next action) (duplicate: original answer) cfg=59a4dc32
2026-10-02T20:44:28Z 1790973871.257 e6fe83ea6b4a2b7f, [bmcam004] OK id=65037 camera.image_processing.denoise: cdn_off -> cdn_fast (next action) (duplicate: original answer) cfg=59a4dc32
2026-10-02T20:44:39Z SPOT-31593C > bm pub bmcam/cmd {"id":65038,"c":"trg","v":2,"kv":{"med":"still","m":40}} 1 1
2026-10-02T20:44:40Z bm pub bmcam/cmd {"id":65038,"c":"trg","v":2,"kv":{"med":"still","m":40}} 1 1
2026-10-02T20:44:40Z 1790973883.175 e6fe83ea6b4a2b7f, [bmcam004] OK id=65038 trg 2 armed: capture + output per mode (next decision point); one action only: mode.media=still, still.message_cap=40 cfg=59a4dc32
2026-10-02T20:44:40Z 1790973883.226 e6fe83ea6b4a2b7f, [bmcam004] OK id=65038 trg 2 armed: capture + output per mode (next decision point); one action only: mode.media=still, still.message_cap=40 (duplicate: original answ
2026-10-02T20:44:40Z 1790973883.277 e6fe83ea6b4a2b7f, [bmcam004] OK id=65038 trg 2 armed: capture + output per mode (next decision point); one action only: mode.media=still, still.message_cap=40 (duplicate: original answ
2026-10-02T20:44:40Z 1790973883.335 e6fe83ea6b4a2b7f, [bmcam004] OK id=65038 trg 2 armed: capture + output per mode (next decision point); one action only: mode.media=still, still.message_cap=40 (duplicate: original answ
2026-10-02T20:44:40Z 1790973883.386 e6fe83ea6b4a2b7f, [bmcam004] OK id=65038 trg 2 armed: capture + output per mode (next decision point); one action only: mode.media=still, still.message_cap=40 (duplicate: original answ
2026-10-02T20:44:40Z 1790973883.437 e6fe83ea6b4a2b7f, [bmcam004] OK id=65038 trg 2 armed: capture + output per mode (next decision point); one action only: mode.media=still, still.message_cap=40 (duplicate: original answ
2026-10-02T20:44:40Z 1790973883.484 e6fe83ea6b4a2b7f, [bmcam004] OK id=65038 trg 2 armed: capture + output per mode (next decision point); one action only: mode.media=still, still.message_cap=40 (duplicate: original answ
2026-10-02T20:44:41Z 1790973883.535 e6fe83ea6b4a2b7f, [bmcam004] OK id=65038 trg 2 armed: capture + output per mode (next decision point); one action only: mode.media=still, still.message_cap=40 (duplicate: original answ
2026-10-02T20:44:41Z 1790973883.585 e6fe83ea6b4a2b7f, [bmcam004] OK id=65038 trg 2 armed: capture + output per mode (next decision point); one action only: mode.media=still, still.message_cap=40 (duplicate: original answ
2026-10-02T20:44:41Z 1790973883.644 e6fe83ea6b4a2b7f, [bmcam004] OK id=65038 trg 2 armed: capture + output per mode (next decision point); one action only: mode.media=still, still.message_cap=40 (duplicate: original answ
2026-10-02T20:44:46Z 2026-10-02T20:44:49.152Z [MS] [INFO] Added message(id: 3726 len: 263) to queue MS_Q_CELLULAR_ONLY: (1)!
2026-10-02T20:44:46Z 2026-10-02T20:44:49.152Z [BM_TX] [INFO] Submitted spotter/transmit-data message to cell-only queue, Len: 136
2026-10-02T20:44:46Z 2026-10-02T20:44:49.156Z [BM_TX] [DEBUG] Message:
2026-10-02T20:44:46Z  3c 57 53 20 76 3d 31 20
2026-10-02T20:45:07Z SPOT-33507C > bm pub bmcam/cmd {"id":1000011,"c":"get","k":["commands","camera.focus"]} 1 1
2026-10-02T20:45:09Z bm pub bmcam/cmd {"id":1000011,"c":"get","k":["commands","camera.focus"]} 1 1
2026-10-02T20:45:10Z 2026-10-02T20:45:12.230Z [MS] [INFO] Added message(id: 45674 len: 162) to queue MS_Q_CELLULAR_ONLY: (1)!
2026-10-02T20:45:10Z 2026-10-02T20:45:12.230Z [BM_TX] [INFO] Submitted spotter/transmit-data message to cell-only queue, Len: 37
2026-10-02T20:45:10Z 2026-10-02T20:45:12.230Z [BM_TX] [DEBUG] Message:
2026-10-02T20:45:10Z  7b 22 69 64 22 3a 31 30
2026-10-02T20:45:10Z  30 30 30 31 31 2c 22 6f
2026-10-02T20:45:10Z  6b 22 3a 31 2c 22 68 22
2026-10-02T20:45:10Z  3a 22 66 33 33 33 62 66
2026-10-02T20:45:10Z  62 37 22 7d
2026-10-02T20:45:10Z Message: 1790973912.238 53171fa3d81a8e6f, [bmcam003] OK id=1000011 get commands, camera.focus: 13 key(s) cfg=f333bfb7
2026-10-02T20:45:10Z 2026-10-02T20:45:12.265Z [MS] [DEBUG] Notecard is 3.000000 pct full.
2026-10-02T20:45:10Z 2026-10-02T20:45:12.265Z [MS] [DEBUG] Has message 45674 expired? queuedTime: 608594143, now64: 608594179, remaining: 86399964
2026-10-02T20:45:10Z 2026-10-02T20:45:12.265Z [MS] [INFO] Sending Cellular message to Notecard.
2026-10-02T20:45:10Z 2026-10-02T20:45:12.269Z [MS] [INFO] Queuing message 45674 20026FE0
2026-10-02T20:45:10Z 1790973912.277 53171fa3d81a8e6f,   commands.enabled = true (yaml)
2026-10-02T20:45:10Z 1790973912.328 53171fa3d81a8e6f,   commands.runtime = supervisor (yaml)
2026-10-02T20:45:10Z 1790973912.378 53171fa3d81a8e6f,   commands.topic = bmcam/cmd (yaml)
2026-10-02T20:45:10Z 1790973912.425 53171fa3d81a8e6f,   commands.listen_tail_s = 150.0 (yaml)
2026-10-02T20:45:10Z 1790973912.476 53171fa3d81a8e6f,   commands.keepalive_s = 300 (yaml)
2026-10-02T20:45:10Z 1790973912.527 53171fa3d81a8e6f,   commands.keepalive_max_s = 1800 (yaml)
2026-10-02T20:45:10Z 1790973912.585 53171fa3d81a8e6f,   commands.hold_max_min = 120 (yaml)
2026-10-02T20:45:10Z 1790973912.636 53171fa3d81a8e6f,   commands.state_path = /home/pi/BM_Devel_Pi/bm_command_state_v2.json (yaml)
2026-10-02T20:45:10Z 1790973912.687 53171fa3d81a8e6f,   camera.focus.enabled = true (yaml)
2026-10-02T20:45:10Z 1790973912.738 53171fa3d81a8e6f,   camera.focus.mode = auto (yaml)
2026-10-02T20:45:10Z 1790973912.789 53171fa3d81a8e6f,   camera.focus.lens_position = 1.82 (yaml)
2026-10-02T20:45:10Z 1790973912.835 53171fa3d81a8e6f,   camera.focus.range = none (yaml)
2026-10-02T20:45:10Z 1790973912.886 53171fa3d81a8e6f,   camera.focus.speed = none (yaml)
2026-10-02T20:45:10Z 1790973912.949 53171fa3d81a8e6f, [bmcam003] OK id=1000011 get commands, camera.focus: 13 key(s) (duplicate: original answer) cfg=f333bfb7
2026-10-02T20:45:10Z 1790973913.000 53171fa3d81a8e6f, [bmcam003] OK id=1000011 get commands, camera.focus: 13 key(s) (duplicate: original answer) cfg=f333bfb7
2026-10-02T20:45:10Z 1790973913.046 53171fa3d81a8e6f, [bmcam003] OK id=1000011 get commands, camera.focus: 13 key(s) (duplicate: original answer) cfg=f333bfb7
2026-10-02T20:45:10Z 1790973913.097 53171fa3d81a8e6f, [bmcam003] OK id=1000011 get commands, camera.focus: 13 key(s) (duplicate: original answer) cfg=f333bfb7
2026-10-02T20:45:10Z 1790973913.148 53171fa3d81a8e6f, [bmcam003] OK id=1000011 get commands, camera.focus: 13 key(s) (duplicate: original answer) cfg=f333bfb7
2026-10-02T20:45:11Z 2026-10-02T20:45:13.371Z [MS] [INFO] Added message(id: 45675 len: 400) to queue MS_Q_CELLULAR_ONLY: (1)!
2026-10-02T20:45:11Z 2026-10-02T20:45:13.371Z [BM_TX] [INFO] Submitted spotter/transmit-data message to cell-only queue, Len: 274
2026-10-02T20:45:11Z 2026-10-02T20:45:13.371Z [BM_TX] [DEBUG] Message:
2026-10-02T20:45:11Z  3c 43 46 20 76 3d 31 20
2026-10-02T20:45:11Z  68 3d 66 33 33 33 62 66
2026-10-02T20:45:11Z  62 37 20 6e 3d 31 2f 32
2026-10-02T20:45:11Z  20 63 6f 6d 6d 61 6e 64
2026-10-02T20:45:11Z  73 2e 65 6e 61 62 6c 65
2026-10-02T20:45:11Z  64 3d 31 20 63 6f 6d 6d
2026-10-02T20:45:11Z  61 6e 64 73 2e 72 75 6e
2026-10-02T20:45:11Z  74 69 6d 65 3d 73 75 70
2026-10-02T20:45:11Z  65 72 76 69 73 6f 72 20
2026-10-02T20:45:11Z  63 6f 6d 6d 61 6e 64 73
2026-10-02T20:45:11Z  2e 74 6f 70 69 63 3d 62
2026-10-02T20:45:11Z  6d 63 61 6d 2f 63 6d 64
2026-10-02T20:45:11Z  20 63 6f 6d 6d 61 6e 64
2026-10-02T20:45:11Z  73 2e 6c 69 73 74 65 6e
2026-10-02T20:45:11Z  5f 74 61 69 6c 5f 73 3d
2026-10-02T20:45:11Z  31 35 30 2e 30 20 63 6f
2026-10-02T20:45:11Z  6d 6d 61 6e 64 73 2e 6b
2026-10-02T20:45:11Z  65 65 70 61 6c 69 76 65
2026-10-02T20:45:11Z  5f 73 3d 33 30 30 20 63
2026-10-02T20:45:11Z  6f 6d 6d 61 6e 64 73 2e
2026-10-02T20:45:11Z  6b 65 65 70 61 6c 69 76
2026-10-02T20:45:11Z  65 5f 6d 61 78 5f 73 3d
2026-10-02T20:45:11Z  31 38 30 30 20 63 6f 6d
2026-10-02T20:45:11Z  6d 61 6e 64 73 2e 68 6f
2026-10-02T20:45:11Z  6c 64 5f 6d 61 78 5f 6d
2026-10-02T20:45:11Z  69 6e 3d 31 32 30 20 63
2026-10-02T20:45:11Z  6f 6d 6d 61 6e 64 73 2e
2026-10-02T20:45:11Z  73 74 61 74 65 5f 70 61
2026-10-02T20:45:11Z  74 68 3d 2f 68 6f 6d 65
2026-10-02T20:45:11Z  2f 70 69 2f 42 4d 5f 44
2026-10-02T20:45:11Z  65 76 65 6c 5f 50 69 2f
2026-10-02T20:45:11Z  62 6d 5f 63 6f 6d 6d 61
2026-10-02T20:45:11Z  6e 64 5f 73 74 61 74 65
2026-10-02T20:45:11Z  5f 76 32 2e 6a 73 6f 6e
2026-10-02T20:45:11Z  3e
2026-10-02T20:45:11Z 2026-10-02T20:45:13.425Z [MS] [DEBUG] Notecard is 3.000000 pct full.
2026-10-02T20:45:11Z 2026-10-02T20:45:13.425Z [MS] [DEBUG] Has message 45675 expired? queuedTime: 608595286, now64: 608595339, remaining: 86399947
2026-10-02T20:45:11Z 2026-10-02T20:45:13.425Z [MS] [INFO] Sending Cellular message to Notecard.
2026-10-02T20:45:11Z 2026-10-02T20:45:13.425Z [MS] [INFO] Queuing message 45675 20026FE0
2026-10-02T20:45:12Z 2026-10-02T20:45:14.371Z [MS] [INFO] Added message(id: 45676 len: 278) to queue MS_Q_CELLULAR_ONLY: (1)!
2026-10-02T20:45:12Z 2026-10-02T20:45:14.371Z [BM_TX] [INFO] Submitted spotter/transmit-data message to cell-only queue, Len: 152
2026-10-02T20:45:12Z 2026-10-02T20:45:14.371Z [BM_TX] [DEBUG] Message:
2026-10-02T20:45:12Z  3c 43 46 20 76 3d 31 20
2026-10-02T20:45:12Z  68 3d 66 33 33 33 62 66
2026-10-02T20:45:12Z  62 37 20 6e 3d 32 2f 32
2026-10-02T20:45:12Z  20 63 61 6d 65 72 61 2e
2026-10-02T20:45:12Z  66 6f 63 75 73 2e 65 6e
2026-10-02T20:45:12Z  61 62 6c 65 64 3d 31 20
2026-10-02T20:45:12Z  63 61 6d 65 72 61 2e 66
2026-10-02T20:45:12Z  6f 63 75 73 2e 6d 6f 64
2026-10-02T20:45:12Z  65 3d 61 75 74 6f 20 63
2026-10-02T20:45:12Z  61 6d 65 72 61 2e 66 6f
2026-10-02T20:45:12Z  63 75 73 2e 6c 65 6e 73
2026-10-02T20:45:12Z  5f 70 6f 73 69 74 69 6f
2026-10-02T20:45:12Z  6e 3d 31 2e 38 32 20 63
2026-10-02T20:45:12Z  61 6d 65 72 61 2e 66 6f
2026-10-02T20:45:12Z  63 75 73 2e 72 61 6e 67
2026-10-02T20:45:12Z  65 3d 6e 75 6c 6c 20 63
2026-10-02T20:45:12Z  61 6d 65 72 61 2e 66 6f
2026-10-02T20:45:12Z  63 75 73 2e 73 70 65 65
2026-10-02T20:45:12Z  64 3d 6e 75 6c 6c 3e
2026-10-02T20:45:12Z 2026-10-02T20:45:14.406Z [MS] [DEBUG] Notecard is 3.000000 pct full.
2026-10-02T20:45:12Z 2026-10-02T20:45:14.410Z [MS] [DEBUG] Has message 45676 expired? queuedTime: 608596284, now64: 608596324, remaining: 86399960
2026-10-02T20:45:12Z 2026-10-02T20:45:14.410Z [MS] [INFO] Sending Cellular message to Notecard.
2026-10-02T20:45:12Z 2026-10-02T20:45:14.414Z [MS] [INFO] Queuing message 45676 20026FE0
2026-10-02T20:45:15Z 2026-10-02T20:45:17.707Z [MS] [INFO] Added message(id: 45677 len: 258) to queue MS_Q_CELLULAR_ONLY: (1)!
2026-10-02T20:45:15Z 2026-10-02T20:45:17.707Z [BM_TX] [INFO] Submitted spotter/transmit-data message to cell-only queue, Len: 132
2026-10-02T20:45:15Z 2026-10-02T20:45:17.707Z [BM_TX] [DEBUG] Message:
2026-10-02T20:45:15Z  3c 57 53 20 76 3d 31 20
2026-10-02T20:45:15Z  61 3d 69 64 6c 65 20 63
2026-10-02T20:45:15Z  66 67 3d 66 33 33 33 62
2026-10-02T20:45:15Z  66 62 37 20 75 70 3d 33
2026-10-02T20:45:15Z  30 37 20 74 7a 3d 41 6d
2026-10-02T20:45:15Z  65 72 69 63 61 2f 4c 6f
2026-10-02T20:45:15Z  73 5f 41 6e 67 65 6c 65
2026-10-02T20:45:15Z  73 20 6c 74 3d 31 33 34
2026-10-02T20:45:15Z  35 20 77 73 3d 30 30 30
2026-10-02T20:45:15Z  30 20 77 65 3d 30 30 30
2026-10-02T20:45:15Z  30 20 72 6b 3d 34 38 30
2026-10-02T20:45:15Z  78 32 37 30 20 63 74 3d
2026-10-02T20:45:15Z  33 36 2e 35 20 73 68 61
2026-10-02T20:45:15Z  3d 33 34 61 36 32 32 32
2026-10-02T20:45:15Z  65 61 39 34 63 20 68 6e
2026-10-02T20:45:15Z  3d 62 6d 63 61 6d 30 30
2026-10-02T20:45:15Z  33 3e 0a
2026-10-02T20:45:15Z 2026-10-02T20:45:17.757Z [MS] [DEBUG] Notecard is 3.000000 pct full.
2026-10-02T20:45:15Z 2026-10-02T20:45:17.757Z [MS] [DEBUG] Has message 45677 expired? queuedTime: 608599623, now64: 608599674, remaining: 86399949
2026-10-02T20:45:15Z 2026-10-02T20:45:17.761Z [MS] [INFO] Sending Cellular message to Notecard.
2026-10-02T20:45:15Z 2026-10-02T20:45:17.761Z [MS] [INFO] Queuing message 45677 20026FE0
2026-10-02T20:45:55Z SPOT-31593C > bm pub bmcam/cmd {"id":65039,"c":"set","kv":{"camera.image_processing.denoise":"cdn_hq"}} 1 1
2026-10-02T20:45:57Z bm pub bmcam/cmd {"id":65039,"c":"set","kv":{"camera.image_processing.denoise":"cdn_hq"}} 1 1
2026-10-02T20:45:58Z 1790973960.550 e6fe83ea6b4a2b7f, [bmcam004] OK id=65039 camera.image_processing.denoise: cdn_fast -> cdn_hq (next action) cfg=54d904b7
2026-10-02T20:45:58Z 1790973960.609 e6fe83ea6b4a2b7f, [bmcam004] OK id=65039 camera.image_processing.denoise: cdn_fast -> cdn_hq (next action) (duplicate: original answer) cfg=54d904b7
2026-10-02T20:45:58Z 1790973960.660 e6fe83ea6b4a2b7f, [bmcam004] OK id=65039 camera.image_processing.denoise: cdn_fast -> cdn_hq (next action) (duplicate: original answer) cfg=54d904b7
2026-10-02T20:45:58Z 1790973960.710 e6fe83ea6b4a2b7f, [bmcam004] OK id=65039 camera.image_processing.denoise: cdn_fast -> cdn_hq (next action) (duplicate: original answer) cfg=54d904b7
2026-10-02T20:45:58Z 1790973960.761 e6fe83ea6b4a2b7f, [bmcam004] OK id=65039 camera.image_processing.denoise: cdn_fast -> cdn_hq (next action) (duplicate: original answer) cfg=54d904b7
2026-10-02T20:45:58Z 1790973960.808 e6fe83ea6b4a2b7f, [bmcam004] OK id=65039 camera.image_processing.denoise: cdn_fast -> cdn_hq (next action) (duplicate: original answer) cfg=54d904b7
2026-10-02T20:45:58Z 1790973960.859 e6fe83ea6b4a2b7f, [bmcam004] OK id=65039 camera.image_processing.denoise: cdn_fast -> cdn_hq (next action) (duplicate: original answer) cfg=54d904b7
2026-10-02T20:45:58Z 1790973960.910 e6fe83ea6b4a2b7f, [bmcam004] OK id=65039 camera.image_processing.denoise: cdn_fast -> cdn_hq (next action) (duplicate: original answer) cfg=54d904b7
2026-10-02T20:45:58Z 1790973960.960 e6fe83ea6b4a2b7f, [bmcam004] OK id=65039 camera.image_processing.denoise: cdn_fast -> cdn_hq (next action) (duplicate: original answer) cfg=54d904b7
2026-10-02T20:45:58Z 1790973961.019 e6fe83ea6b4a2b7f, [bmcam004] OK id=65039 camera.image_processing.denoise: cdn_fast -> cdn_hq (next action) (duplicate: original answer) cfg=54d904b7
2026-10-02T20:46:07Z SPOT-31593C > bm pub bmcam/cmd {"id":65040,"c":"trg","v":2,"kv":{"med":"still","m":40}} 1 1
2026-10-02T20:46:08Z bm pub bmcam/cmd {"id":65040,"c":"trg","v":2,"kv":{"med":"still","m":40}} 1 1
2026-10-02T20:46:08Z 1790973971.320 e6fe83ea6b4a2b7f, [bmcam004] OK id=65040 trg 2 armed: capture + output per mode (next decision point); one action only: mode.media=still, still.message_cap=40 cfg=54d904b7
2026-10-02T20:46:08Z 1790973971.378 e6fe83ea6b4a2b7f, [bmcam004] OK id=65040 trg 2 armed: capture + output per mode (next decision point); one action only: mode.media=still, still.message_cap=40 (duplicate: original answ
2026-10-02T20:46:08Z 1790973971.429 e6fe83ea6b4a2b7f, [bmcam004] OK id=65040 trg 2 armed: capture + output per mode (next decision point); one action only: mode.media=still, still.message_cap=40 (duplicate: original answ
2026-10-02T20:46:08Z 1790973971.480 e6fe83ea6b4a2b7f, [bmcam004] OK id=65040 trg 2 armed: capture + output per mode (next decision point); one action only: mode.media=still, still.message_cap=40 (duplicate: original answ
2026-10-02T20:46:08Z 1790973971.531 e6fe83ea6b4a2b7f, [bmcam004] OK id=65040 trg 2 armed: capture + output per mode (next decision point); one action only: mode.media=still, still.message_cap=40 (duplicate: original answ
2026-10-02T20:46:09Z 1790973971.578 e6fe83ea6b4a2b7f, [bmcam004] OK id=65040 trg 2 armed: capture + output per mode (next decision point); one action only: mode.media=still, still.message_cap=40 (duplicate: original answ
2026-10-02T20:46:09Z 1790973971.640 e6fe83ea6b4a2b7f, [bmcam004] OK id=65040 trg 2 armed: capture + output per mode (next decision point); one action only: mode.media=still, still.message_cap=40 (duplicate: original answ
2026-10-02T20:46:09Z 1790973971.687 e6fe83ea6b4a2b7f, [bmcam004] OK id=65040 trg 2 armed: capture + output per mode (next decision point); one action only: mode.media=still, still.message_cap=40 (duplicate: original answ
2026-10-02T20:46:09Z 1790973971.738 e6fe83ea6b4a2b7f, [bmcam004] OK id=65040 trg 2 armed: capture + output per mode (next decision point); one action only: mode.media=still, still.message_cap=40 (duplicate: original answ
2026-10-02T20:46:24Z SPOT-33507C > bm pub bmcam/cmd {"id":1000012,"c":"get","k":["time","schedule"]} 1 1
2026-10-02T20:46:25Z bm pub bmcam/cmd {"id":1000012,"c":"get","k":["time","schedule"]} 1 1
2026-10-02T20:46:25Z 2026-10-02T20:46:27.714Z [MS] [INFO] Added message(id: 45678 len: 162) to queue MS_Q_CELLULAR_ONLY: (1)!
2026-10-02T20:46:25Z 2026-10-02T20:46:27.714Z [BM_TX] [INFO] Submitted spotter/transmit-data message to cell-only queue, Len: 37
2026-10-02T20:46:25Z 2026-10-02T20:46:27.714Z [BM_TX] [DEBUG] Message:
2026-10-02T20:46:25Z  7b 22 69 64 22 3a 31 30
2026-10-02T20:46:25Z  30 30 30 31 32 2c 22 6f
2026-10-02T20:46:25Z  6b 22 3a 31 2c 22 68 22
2026-10-02T20:46:25Z  3a 22 66 33 33 33 62 66
2026-10-02T20:46:25Z  62 37 22 7d
2026-10-02T20:46:25Z Message: 1790973987.722 53171fa3d81a8e6f, [bmcam003] OK id=1000012 get time, schedule: 11 key(s) cfg=f333bfb7
2026-10-02T20:46:25Z 2026-10-02T20:46:27.750Z [MS] [DEBUG] Notecard is 3.000000 pct full.
2026-10-02T20:46:25Z 2026-10-02T20:46:27.750Z [MS] [DEBUG] Has message 45678 expired? queuedTime: 608669642, now64: 608669679, remaining: 86399963
2026-10-02T20:46:25Z 2026-10-02T20:46:27.750Z [MS] [INFO] Sending Cellular message to Notecard.
2026-10-02T20:46:25Z 2026-10-02T20:46:27.753Z [MS] [INFO] Queuing message 45678 20026FE0
2026-10-02T20:46:25Z 1790973987.761 53171fa3d81a8e6f,   time.source = spotter_utc (yaml)
2026-10-02T20:46:25Z 1790973987.812 53171fa3d81a8e6f,   time.set_system_clock = true (yaml)
2026-10-02T20:46:25Z 1790973987.863 53171fa3d81a8e6f,   time.timeout_s = 60 (yaml)
2026-10-02T20:46:25Z 1790973987.914 53171fa3d81a8e6f,   time.allow_system_fallback = true (yaml)
2026-10-02T20:46:25Z 1790973987.972 53171fa3d81a8e6f,   time.rtc.hwclock_path = /usr/sbin/hwclock (yaml)
2026-10-02T20:46:25Z 1790973988.023 53171fa3d81a8e6f,   time.rtc.set_system_clock = true (yaml)
2026-10-02T20:46:25Z 1790973988.074 53171fa3d81a8e6f,   time.rtc.plausible_after_utc = 2026-01-01T00:00:00+00:00 (yaml)
2026-10-02T20:46:25Z 1790973988.125 53171fa3d81a8e6f,   schedule.timezone = America/Los_Angeles (yaml)
2026-10-02T20:46:25Z 1790973988.171 53171fa3d81a8e6f,   schedule.window.enabled = true (yaml)
2026-10-02T20:46:25Z 1790973988.222 53171fa3d81a8e6f,   schedule.window.start = 00:00 (yaml)
2026-10-02T20:46:25Z 1790973988.273 53171fa3d81a8e6f,   schedule.window.end = 00:00 (yaml)
2026-10-02T20:46:26Z 1790973988.335 53171fa3d81a8e6f, [bmcam003] OK id=1000012 get time, schedule: 11 key(s) (duplicate: original answer) cfg=f333bfb7
2026-10-02T20:46:26Z 1790973988.382 53171fa3d81a8e6f, [bmcam003] OK id=1000012 get time, schedule: 11 key(s) (duplicate: original answer) cfg=f333bfb7
2026-10-02T20:46:26Z 1790973988.433 53171fa3d81a8e6f, [bmcam003] OK id=1000012 get time, schedule: 11 key(s) (duplicate: original answer) cfg=f333bfb7
2026-10-02T20:46:26Z 1790973988.484 53171fa3d81a8e6f, [bmcam003] OK id=1000012 get time, schedule: 11 key(s) (duplicate: original answer) cfg=f333bfb7
2026-10-02T20:46:26Z 1790973988.535 53171fa3d81a8e6f, [bmcam003] OK id=1000012 get time, schedule: 11 key(s) (duplicate: original answer) cfg=f333bfb7
2026-10-02T20:46:26Z 2026-10-02T20:46:28.757Z [MS] [INFO] Added message(id: 45679 len: 370) to queue MS_Q_CELLULAR_ONLY: (1)!
2026-10-02T20:46:26Z 2026-10-02T20:46:28.757Z [BM_TX] [INFO] Submitted spotter/transmit-data message to cell-only queue, Len: 244
2026-10-02T20:46:26Z 2026-10-02T20:46:28.757Z [BM_TX] [DEBUG] Message:
2026-10-02T20:46:26Z  3c 43 46 20 76 3d 31 20
2026-10-02T20:46:26Z  68 3d 66 33 33 33 62 66
2026-10-02T20:46:26Z  62 37 20 6e 3d 31 2f 32
2026-10-02T20:46:26Z  20 74 69 6d 65 2e 73 6f
2026-10-02T20:46:26Z  75 72 63 65 3d 73 70 6f
2026-10-02T20:46:26Z  74 74 65 72 5f 75 74 63
2026-10-02T20:46:26Z  20 74 69 6d 65 2e 73 65
2026-10-02T20:46:26Z  74 5f 73 79 73 74 65 6d
2026-10-02T20:46:26Z  5f 63 6c 6f 63 6b 3d 31
2026-10-02T20:46:26Z  20 74 69 6d 65 2e 74 69
2026-10-02T20:46:26Z  6d 65 6f 75 74 5f 73 3d
2026-10-02T20:46:26Z  36 30 20 74 69 6d 65 2e
2026-10-02T20:46:26Z  61 6c 6c 6f 77 5f 73 79
2026-10-02T20:46:26Z  73 74 65 6d 5f 66 61 6c
2026-10-02T20:46:26Z  6c 62 61 63 6b 3d 31 20
2026-10-02T20:46:26Z  74 69 6d 65 2e 72 74 63
2026-10-02T20:46:26Z  2e 68 77 63 6c 6f 63 6b
2026-10-02T20:46:26Z  5f 70 61 74 68 3d 2f 75
2026-10-02T20:46:26Z  73 72 2f 73 62 69 6e 2f
2026-10-02T20:46:26Z  68 77 63 6c 6f 63 6b 20
2026-10-02T20:46:26Z  74 69 6d 65 2e 72 74 63
2026-10-02T20:46:26Z  2e 73 65 74 5f 73 79 73
2026-10-02T20:46:26Z  74 65 6d 5f 63 6c 6f 63
2026-10-02T20:46:26Z  6b 3d 31 20 74 69 6d 65
2026-10-02T20:46:26Z  2e 72 74 63 2e 70 6c 61
2026-10-02T20:46:26Z  75 73 69 62 6c 65 5f 61
2026-10-02T20:46:26Z  66 74 65 72 5f 75 74 63
2026-10-02T20:46:26Z  3d 32 30 32 36 2d 30 31
2026-10-02T20:46:26Z  2d 30 31 54 30 30 3a 30
2026-10-02T20:46:26Z  30 3a 30 30 2b 30 30 3a
2026-10-02T20:46:26Z  30 30 3e
2026-10-02T20:46:26Z 2026-10-02T20:46:28.808Z [MS] [DEBUG] Notecard is 3.000000 pct full.
2026-10-02T20:46:26Z 2026-10-02T20:46:28.808Z [MS] [DEBUG] Has message 45679 expired? queuedTime: 608670684, now64: 608670736, remaining: 86399948
2026-10-02T20:46:26Z 2026-10-02T20:46:28.808Z [MS] [INFO] Sending Cellular message to Notecard.
2026-10-02T20:46:26Z 2026-10-02T20:46:28.808Z [MS] [INFO] Queuing message 45679 20026FE0
2026-10-02T20:46:27Z 2026-10-02T20:46:29.746Z [MS] [INFO] Added message(id: 45680 len: 270) to queue MS_Q_CELLULAR_ONLY: (1)!
2026-10-02T20:46:27Z 2026-10-02T20:46:29.746Z [BM_TX] [INFO] Submitted spotter/transmit-data message to cell-only queue, Len: 144
2026-10-02T20:46:27Z 2026-10-02T20:46:29.746Z [BM_TX] [DEBUG] Message:
2026-10-02T20:46:27Z  3c 43 46 20 76 3d 31 20
2026-10-02T20:46:27Z  68 3d 66 33 33 33 62 66
2026-10-02T20:46:27Z  62 37 20 6e 3d 32 2f 32
2026-10-02T20:46:27Z  20 73 63 68 65 64 75 6c
2026-10-02T20:46:27Z  65 2e 74 69 6d 65 7a 6f
2026-10-02T20:46:27Z  6e 65 3d 41 6d 65 72 69
2026-10-02T20:46:27Z  63 61 2f 4c 6f 73 5f 41
2026-10-02T20:46:27Z  6e 67 65 6c 65 73 20 73
2026-10-02T20:46:27Z  63 68 65 64 75 6c 65 2e
2026-10-02T20:46:27Z  77 69 6e 64 6f 77 2e 65
2026-10-02T20:46:27Z  6e 61 62 6c 65 64 3d 31
2026-10-02T20:46:27Z  20 73 63 68 65 64 75 6c
2026-10-02T20:46:27Z  65 2e 77 69 6e 64 6f 77
2026-10-02T20:46:27Z  2e 73 74 61 72 74 3d 30
2026-10-02T20:46:27Z  30 3a 30 30 20 73 63 68
2026-10-02T20:46:27Z  65 64 75 6c 65 2e 77 69
2026-10-02T20:46:27Z  6e 64 6f 77 2e 65 6e 64
2026-10-02T20:46:27Z  3d 30 30 3a 30 30 3e
2026-10-02T20:46:27Z 2026-10-02T20:46:29.785Z [MS] [DEBUG] Notecard is 3.000000 pct full.
2026-10-02T20:46:27Z 2026-10-02T20:46:29.785Z [MS] [DEBUG] Has message 45680 expired? queuedTime: 608671673, now64: 608671712, remaining: 86399961
2026-10-02T20:46:27Z 2026-10-02T20:46:29.785Z [MS] [INFO] Sending Cellular message to Notecard.
2026-10-02T20:46:27Z 2026-10-02T20:46:29.785Z [MS] [INFO] Queuing message 45680 20026FE0
2026-10-02T20:47:35Z SPOT-31593C > bm pub bmcam/cmd {"id":65041,"c":"set","kv":{"camera.image_processing.hdr":"off"}} 1 1
2026-10-02T20:47:39Z SPOT-33507C > bm pub bmcam/cmd {"id":1000013,"c":"get","k":["video.send","still"]} 1 1
2026-10-02T20:47:37Z bm pub bmcam/cmd {"id":65041,"c":"set","kv":{"camera.image_processing.hdr":"off"}} 1 1
2026-10-02T20:47:37Z 1790974060.414 e6fe83ea6b4a2b7f, [bmcam004] OK id=65041 camera.image_processing.hdr: none -> off (next action) cfg=3a6a6514
2026-10-02T20:47:37Z 1790974060.476 e6fe83ea6b4a2b7f, [bmcam004] OK id=65041 camera.image_processing.hdr: none -> off (next action) (duplicate: original answer) cfg=3a6a6514
2026-10-02T20:47:37Z 1790974060.527 e6fe83ea6b4a2b7f, [bmcam004] OK id=65041 camera.image_processing.hdr: none -> off (next action) (duplicate: original answer) cfg=3a6a6514
2026-10-02T20:47:38Z 1790974060.574 e6fe83ea6b4a2b7f, [bmcam004] OK id=65041 camera.image_processing.hdr: none -> off (next action) (duplicate: original answer) cfg=3a6a6514
2026-10-02T20:47:38Z 1790974060.625 e6fe83ea6b4a2b7f, [bmcam004] OK id=65041 camera.image_processing.hdr: none -> off (next action) (duplicate: original answer) cfg=3a6a6514
2026-10-02T20:47:38Z 1790974060.675 e6fe83ea6b4a2b7f, [bmcam004] OK id=65041 camera.image_processing.hdr: none -> off (next action) (duplicate: original answer) cfg=3a6a6514
2026-10-02T20:47:38Z 1790974060.726 e6fe83ea6b4a2b7f, [bmcam004] OK id=65041 camera.image_processing.hdr: none -> off (next action) (duplicate: original answer) cfg=3a6a6514
2026-10-02T20:47:38Z 1790974060.777 e6fe83ea6b4a2b7f, [bmcam004] OK id=65041 camera.image_processing.hdr: none -> off (next action) (duplicate: original answer) cfg=3a6a6514
2026-10-02T20:47:38Z 1790974060.824 e6fe83ea6b4a2b7f, [bmcam004] OK id=65041 camera.image_processing.hdr: none -> off (next action) (duplicate: original answer) cfg=3a6a6514
2026-10-02T20:47:38Z 1790974060.875 e6fe83ea6b4a2b7f, [bmcam004] OK id=65041 camera.image_processing.hdr: none -> off (next action) (duplicate: original answer) cfg=3a6a6514
2026-10-02T20:47:40Z bm pub bmcam/cmd {"id":1000013,"c":"get","k":["video.send","still"]} 1 1
2026-10-02T20:47:40Z 2026-10-02T20:47:43.171Z [MS] [INFO] Added message(id: 45681 len: 162) to queue MS_Q_CELLULAR_ONLY: (1)!
2026-10-02T20:47:40Z 2026-10-02T20:47:43.171Z [BM_TX] [INFO] Submitted spotter/transmit-data message to cell-only queue, Len: 37
2026-10-02T20:47:40Z 2026-10-02T20:47:43.171Z [BM_TX] [DEBUG] Message:
2026-10-02T20:47:40Z  7b 22 69 64 22 3a 31 30
2026-10-02T20:47:40Z  30 30 30 31 33 2c 22 6f
2026-10-02T20:47:40Z  6b 22 3a 31 2c 22 68 22
2026-10-02T20:47:40Z  3a 22 66 33 33 33 62 66
2026-10-02T20:47:40Z  62 37 22 7d
2026-10-02T20:47:40Z Message: 1790974063.179 53171fa3d81a8e6f, [bmcam003] OK id=1000013 get video.send, still: 14 key(s) cfg=f333bfb7
2026-10-02T20:47:41Z 1790974063.218 53171fa3d81a8e6f,   video.send.duration_s = 15 (cmd 1000007)
2026-10-02T20:47:41Z 2026-10-02T20:47:43.265Z [MS] [DEBUG] Notecard is 3.000000 pct full.
2026-10-02T20:47:41Z 2026-10-02T20:47:43.265Z [MS] [DEBUG] Has message 45681 expired? queuedTime: 608745112, now64: 608745207, remaining: 86399905
2026-10-02T20:47:41Z 2026-10-02T20:47:43.265Z [MS] [INFO] Sending Cellular message to Notecard.
2026-10-02T20:47:41Z 2026-10-02T20:47:43.265Z [MS] [INFO] Queuing message 45681 20026FE0
2026-10-02T20:47:41Z 1790974063.269 53171fa3d81a8e6f,   video.send.lead_in_s = 2.0 (yaml)
2026-10-02T20:47:41Z 1790974063.320 53171fa3d81a8e6f,   video.send.fps = 14 (cmd 1000007)
2026-10-02T20:47:41Z 1790974063.371 53171fa3d81a8e6f,   video.send.message_cap = 190 (yaml)
2026-10-02T20:47:41Z 1790974063.421 53171fa3d81a8e6f,   video.send.keyframe_repeat_max = 30 (yaml)
2026-10-02T20:47:41Z 1790974063.468 53171fa3d81a8e6f,   video.send.size = 480x270 (yaml)
2026-10-02T20:47:41Z 1790974063.519 53171fa3d81a8e6f,   video.send.x264_preset = medium (yaml)
2026-10-02T20:47:41Z 1790974063.570 53171fa3d81a8e6f,   video.send.budget_min = 8 (yaml)
2026-10-02T20:47:41Z 1790974063.628 53171fa3d81a8e6f,   still.crop = 1504,846,1600,900 (yaml)
2026-10-02T20:47:41Z 1790974063.679 53171fa3d81a8e6f,   still.output_width = 1000 (yaml)
2026-10-02T20:47:41Z 1790974063.730 53171fa3d81a8e6f,   still.quality_ladder = 90,80,70,60,50,40,30,25,20,15,13,11,9 (yaml)
2026-10-02T20:47:41Z 1790974063.781 53171fa3d81a8e6f,   still.save.quality = 85 (yaml)
2026-10-02T20:47:41Z 1790974063.828 53171fa3d81a8e6f,   still.message_cap = 195 (yaml)
2026-10-02T20:47:41Z 1790974063.878 53171fa3d81a8e6f,   still.budget_min = 8 (yaml)
2026-10-02T20:47:41Z 1790974063.929 53171fa3d81a8e6f, [bmcam003] OK id=1000013 get video.send, still: 14 key(s) (duplicate: original answer) cfg=f333bfb7
2026-10-02T20:47:41Z 1790974063.992 53171fa3d81a8e6f, [bmcam003] OK id=1000013 get video.send, still: 14 key(s) (duplicate: original answer) cfg=f333bfb7
2026-10-02T20:47:41Z 1790974064.039 53171fa3d81a8e6f, [bmcam003] OK id=1000013 get video.send, still: 14 key(s) (duplicate: original answer) cfg=f333bfb7
2026-10-02T20:47:41Z 1790974064.089 53171fa3d81a8e6f, [bmcam003] OK id=1000013 get video.send, still: 14 key(s) (duplicate: original answer) cfg=f333bfb7
2026-10-02T20:47:41Z 1790974064.140 53171fa3d81a8e6f, [bmcam003] OK id=1000013 get video.send, still: 14 key(s) (duplicate: original answer) cfg=f333bfb7
2026-10-02T20:47:42Z 2026-10-02T20:47:44.355Z [MS] [INFO] Added message(id: 45682 len: 377) to queue MS_Q_CELLULAR_ONLY: (1)!
2026-10-02T20:47:42Z 2026-10-02T20:47:44.355Z [BM_TX] [INFO] Submitted spotter/transmit-data message to cell-only queue, Len: 251
2026-10-02T20:47:42Z 2026-10-02T20:47:44.355Z [BM_TX] [DEBUG] Message:
2026-10-02T20:47:42Z  3c 43 46 20 76 3d 31 20
2026-10-02T20:47:42Z  68 3d 66 33 33 33 62 66
2026-10-02T20:47:42Z  62 37 20 6e 3d 31 2f 32
2026-10-02T20:47:42Z  20 76 69 64 65 6f 2e 73
2026-10-02T20:47:42Z  65 6e 64 2e 64 75 72 61
2026-10-02T20:47:42Z  74 69 6f 6e 5f 73 3d 31
2026-10-02T20:47:42Z  35 40 63 31 30 30 30 30
2026-10-02T20:47:42Z  30 37 20 76 69 64 65 6f
2026-10-02T20:47:42Z  2e 73 65 6e 64 2e 6c 65
2026-10-02T20:47:42Z  61 64 5f 69 6e 5f 73 3d
2026-10-02T20:47:42Z  32 2e 30 20 76 69 64 65
2026-10-02T20:47:42Z  6f 2e 73 65 6e 64 2e 66
2026-10-02T20:47:42Z  70 73 3d 31 34 40 63 31
2026-10-02T20:47:42Z  30 30 30 30 30 37 20 76
2026-10-02T20:47:42Z  69 64 65 6f 2e 73 65 6e
2026-10-02T20:47:42Z  64 2e 6d 65 73 73 61 67
2026-10-02T20:47:42Z  65 5f 63 61 70 3d 31 39
2026-10-02T20:47:42Z  30 20 76 69 64 65 6f 2e
2026-10-02T20:47:42Z  73 65 6e 64 2e 6b 65 79
2026-10-02T20:47:42Z  66 72 61 6d 65 5f 72 65
2026-10-02T20:47:42Z  70 65 61 74 5f 6d 61 78
2026-10-02T20:47:42Z  3d 33 30 20 76 69 64 65
2026-10-02T20:47:42Z  6f 2e 73 65 6e 64 2e 73
2026-10-02T20:47:42Z  69 7a 65 3d 34 38 30 78
2026-10-02T20:47:42Z  32 37 30 20 76 69 64 65
2026-10-02T20:47:42Z  6f 2e 73 65 6e 64 2e 78
2026-10-02T20:47:42Z  32 36 34 5f 70 72 65 73
2026-10-02T20:47:42Z  65 74 3d 6d 65 64 69 75
2026-10-02T20:47:42Z  6d 20 76 69 64 65 6f 2e
2026-10-02T20:47:42Z  73 65 6e 64 2e 62 75 64
2026-10-02T20:47:42Z  67 65 74 5f 6d 69 6e 3d
2026-10-02T20:47:42Z  38 3e
2026-10-02T20:47:42Z 2026-10-02T20:47:44.406Z [MS] [DEBUG] Notecard is 3.000000 pct full.
2026-10-02T20:47:42Z 2026-10-02T20:47:44.406Z [MS] [DEBUG] Has message 45682 expired? queuedTime: 608746296, now64: 608746348, remaining: 86399948
2026-10-02T20:47:42Z 2026-10-02T20:47:44.406Z [MS] [INFO] Sending Cellular message to Notecard.
2026-10-02T20:47:42Z 2026-10-02T20:47:44.406Z [MS] [INFO] Queuing message 45682 20026FE0
2026-10-02T20:47:43Z 2026-10-02T20:47:45.355Z [MS] [INFO] Added message(id: 45683 len: 327) to queue MS_Q_CELLULAR_ONLY: (1)!
2026-10-02T20:47:43Z 2026-10-02T20:47:45.355Z [BM_TX] [INFO] Submitted spotter/transmit-data message to cell-only queue, Len: 201
2026-10-02T20:47:43Z 2026-10-02T20:47:45.355Z [BM_TX] [DEBUG] Message:
2026-10-02T20:47:43Z  3c 43 46 20 76 3d 31 20
2026-10-02T20:47:43Z  68 3d 66 33 33 33 62 66
2026-10-02T20:47:43Z  62 37 20 6e 3d 32 2f 32
2026-10-02T20:47:43Z  20 73 74 69 6c 6c 2e 63
2026-10-02T20:47:43Z  72 6f 70 3d 31 35 30 34
2026-10-02T20:47:43Z  2c 38 34 36 2c 31 36 30
2026-10-02T20:47:43Z  30 2c 39 30 30 20 73 74
2026-10-02T20:47:43Z  69 6c 6c 2e 6f 75 74 70
2026-10-02T20:47:43Z  75 74 5f 77 69 64 74 68
2026-10-02T20:47:43Z  3d 31 30 30 30 20 73 74
2026-10-02T20:47:43Z  69 6c 6c 2e 71 75 61 6c
2026-10-02T20:47:43Z  69 74 79 5f 6c 61 64 64
2026-10-02T20:47:43Z  65 72 3d 39 30 2c 38 30
2026-10-02T20:47:43Z  2c 37 30 2c 36 30 2c 35
2026-10-02T20:47:43Z  30 2c 34 30 2c 33 30 2c
2026-10-02T20:47:43Z  32 35 2c 32 30 2c 31 35
2026-10-02T20:47:43Z  2c 31 33 2c 31 31 2c 39
2026-10-02T20:47:43Z  20 73 74 69 6c 6c 2e 73
2026-10-02T20:47:43Z  61 76 65 2e 71 75 61 6c
2026-10-02T20:47:43Z  69 74 79 3d 38 35 20 73
2026-10-02T20:47:43Z  74 69 6c 6c 2e 6d 65 73
2026-10-02T20:47:43Z  73 61 67 65 5f 63 61 70
2026-10-02T20:47:43Z  3d 31 39 35 20 73 74 69
2026-10-02T20:47:43Z  6c 6c 2e 62 75 64 67 65
2026-10-02T20:47:43Z  74 5f 6d 69 6e 3d 38 3e
2026-10-02T20:47:43Z 
2026-10-02T20:47:43Z 2026-10-02T20:47:45.398Z [MS] [DEBUG] Notecard is 3.000000 pct full.
2026-10-02T20:47:43Z 2026-10-02T20:47:45.398Z [MS] [DEBUG] Has message 45683 expired? queuedTime: 608747295, now64: 608747340, remaining: 86399955
2026-10-02T20:47:43Z 2026-10-02T20:47:45.398Z [MS] [INFO] Sending Cellular message to Notecard.
2026-10-02T20:47:43Z 2026-10-02T20:47:45.398Z [MS] [INFO] Queuing message 45683 20026FE0
2026-10-02T20:47:49Z SPOT-31593C > bm pub bmcam/cmd {"id":65042,"c":"trg","v":2,"kv":{"med":"still","m":40}} 1 1
2026-10-02T20:47:50Z bm pub bmcam/cmd {"id":65042,"c":"trg","v":2,"kv":{"med":"still","m":40}} 1 1
2026-10-02T20:47:50Z 1790974072.992 e6fe83ea6b4a2b7f, [bmcam004] OK id=65042 trg 2 armed: capture + output per mode (next decision point); one action only: mode.media=still, still.message_cap=40 cfg=3a6a6514
2026-10-02T20:47:50Z 1790974073.042 e6fe83ea6b4a2b7f, [bmcam004] OK id=65042 trg 2 armed: capture + output per mode (next decision point); one action only: mode.media=still, still.message_cap=40 (duplicate: original answ
2026-10-02T20:47:50Z 1790974073.093 e6fe83ea6b4a2b7f, [bmcam004] OK id=65042 trg 2 armed: capture + output per mode (next decision point); one action only: mode.media=still, still.message_cap=40 (duplicate: original answ
2026-10-02T20:47:50Z 1790974073.144 e6fe83ea6b4a2b7f, [bmcam004] OK id=65042 trg 2 armed: capture + output per mode (next decision point); one action only: mode.media=still, still.message_cap=40 (duplicate: original answ
2026-10-02T20:47:50Z 1790974073.203 e6fe83ea6b4a2b7f, [bmcam004] OK id=65042 trg 2 armed: capture + output per mode (next decision point); one action only: mode.media=still, still.message_cap=40 (duplicate: original answ
2026-10-02T20:47:50Z 1790974073.253 e6fe83ea6b4a2b7f, [bmcam004] OK id=65042 trg 2 armed: capture + output per mode (next decision point); one action only: mode.media=still, still.message_cap=40 (duplicate: original answ
2026-10-02T20:47:50Z 1790974073.304 e6fe83ea6b4a2b7f, [bmcam004] OK id=65042 trg 2 armed: capture + output per mode (next decision point); one action only: mode.media=still, still.message_cap=40 (duplicate: original answ
2026-10-02T20:47:50Z 1790974073.355 e6fe83ea6b4a2b7f, [bmcam004] OK id=65042 trg 2 armed: capture + output per mode (next decision point); one action only: mode.media=still, still.message_cap=40 (duplicate: original answ
2026-10-02T20:47:50Z 1790974073.406 e6fe83ea6b4a2b7f, [bmcam004] OK id=65042 trg 2 armed: capture + output per mode (next decision point); one action only: mode.media=still, still.message_cap=40 (duplicate: original answ
2026-10-02T20:48:55Z SPOT-33507C > bm pub bmcam/cmd {"id":1000014,"c":"get","k":["power","camera.exposure","camera.controls_enabled","camera.backend"]} 1 1
2026-10-02T20:49:05Z SPOT-31593C > bm pub bmcam/cmd {"id":65043,"c":"set","kv":{"camera.image_processing.hdr":"auto"}} 1 1
2026-10-02T20:48:57Z bm pub bmcam/cmd {"id":1000014,"c":"get","k":["power","camera.exposure","camera.controls_enabled","camera.backend"]} 1 1
2026-10-02T20:48:57Z 2026-10-02T20:49:00.175Z [MS] [INFO] Added message(id: 45684 len: 162) to queue MS_Q_CELLULAR_ONLY: (1)!
2026-10-02T20:48:57Z 2026-10-02T20:49:00.175Z [BM_TX] [INFO] Submitted spotter/transmit-data message to cell-only queue, Len: 37
2026-10-02T20:48:57Z 2026-10-02T20:49:00.175Z [BM_TX] [DEBUG] Message:
2026-10-02T20:48:57Z  7b 22 69 64 22 3a 31 30
2026-10-02T20:48:57Z  30 30 30 31 34 2c 22 6f
2026-10-02T20:48:57Z  6b 22 3a 31 2c 22 68 22
2026-10-02T20:48:57Z  3a 22 66 33 33 33 62 66
2026-10-02T20:48:57Z  62 37 22 7d
2026-10-02T20:48:57Z Message: 1790974140.187 53171fa3d81a8e6f, [bmcam003] OK id=1000014 get power, camera.exposure, camera.controls_enabled, camera.backend: 12 key(s) cfg=f333bfb7
2026-10-02T20:48:57Z 2026-10-02T20:49:00.214Z [MS] [DEBUG] Notecard is 2.000000 pct full.
2026-10-02T20:48:57Z 2026-10-02T20:49:00.214Z [MS] [DEBUG] Has message 45684 expired? queuedTime: 608822132, now64: 608822169, remaining: 86399963
2026-10-02T20:48:57Z 2026-10-02T20:49:00.214Z [MS] [INFO] Sending Cellular message to Notecard.
2026-10-02T20:48:57Z 2026-10-02T20:49:00.214Z [MS] [INFO] Queuing message 45684 20026FE0
2026-10-02T20:48:57Z 1790974140.226 53171fa3d81a8e6f,   power.halt.enabled = true (yaml)
2026-10-02T20:48:57Z 1790974140.277 53171fa3d81a8e6f,   power.halt.dry_run = false (yaml)
2026-10-02T20:48:58Z 1790974140.324 53171fa3d81a8e6f,   power.halt.mode = halt (yaml)
2026-10-02T20:48:58Z 1790974140.375 53171fa3d81a8e6f,   power.halt.script_path = /home/pi/BM_Devel_Pi/tuned_halt.sh (yaml)
2026-10-02T20:48:58Z 1790974140.425 53171fa3d81a8e6f,   power.bus_always_on = false (yaml)
2026-10-02T20:48:58Z 1790974140.476 53171fa3d81a8e6f,   camera.exposure.enabled = false (yaml)
2026-10-02T20:48:58Z 1790974140.527 53171fa3d81a8e6f,   camera.exposure.mode = none (yaml)
2026-10-02T20:48:58Z 1790974140.574 53171fa3d81a8e6f,   camera.exposure.ev = none (yaml)
2026-10-02T20:48:58Z 1790974140.636 53171fa3d81a8e6f,   camera.exposure.shutter_us = none (yaml)
2026-10-02T20:48:58Z 1790974140.687 53171fa3d81a8e6f,   camera.exposure.analogue_gain = none (yaml)
2026-10-02T20:48:58Z 1790974140.734 53171fa3d81a8e6f,   camera.controls_enabled = true (yaml)
2026-10-02T20:48:58Z 1790974140.785 53171fa3d81a8e6f,   camera.backend = rpicam (yaml)
2026-10-02T20:48:58Z 1790974140.847 53171fa3d81a8e6f, [bmcam003] OK id=1000014 get power, camera.exposure, camera.controls_enabled, camera.backend: 12 key(s) (duplicate: original answer) cfg=f333bfb7
2026-10-02T20:48:58Z 1790974140.898 53171fa3d81a8e6f, [bmcam003] OK id=1000014 get power, camera.exposure, camera.controls_enabled, camera.backend: 12 key(s) (duplicate: original answer) cfg=f333bfb7
2026-10-02T20:48:58Z 1790974140.945 53171fa3d81a8e6f, [bmcam003] OK id=1000014 get power, camera.exposure, camera.controls_enabled, camera.backend: 12 key(s) (duplicate: original answer) cfg=f333bfb7
2026-10-02T20:48:58Z 1790974140.996 53171fa3d81a8e6f, [bmcam003] OK id=1000014 get power, camera.exposure, camera.controls_enabled, camera.backend: 12 key(s) (duplicate: original answer) cfg=f333bfb7
2026-10-02T20:48:58Z 1790974141.046 53171fa3d81a8e6f, [bmcam003] OK id=1000014 get power, camera.exposure, camera.controls_enabled, camera.backend: 12 key(s) (duplicate: original answer) cfg=f333bfb7
2026-10-02T20:48:58Z 2026-10-02T20:49:01.261Z [MS] [INFO] Added message(id: 45685 len: 403) to queue MS_Q_CELLULAR_ONLY: (1)!
2026-10-02T20:48:58Z 2026-10-02T20:49:01.261Z [BM_TX] [INFO] Submitted spotter/transmit-data message to cell-only queue, Len: 277
2026-10-02T20:48:58Z 2026-10-02T20:49:01.261Z [BM_TX] [DEBUG] Message:
2026-10-02T20:48:58Z  3c 43 46 20 76 3d 31 20
2026-10-02T20:48:58Z  68 3d 66 33 33 33 62 66
2026-10-02T20:48:58Z  62 37 20 6e 3d 31 2f 32
2026-10-02T20:48:58Z  20 70 6f 77 65 72 2e 68
2026-10-02T20:48:58Z  61 6c 74 2e 65 6e 61 62
2026-10-02T20:48:58Z  6c 65 64 3d 31 20 70 6f
2026-10-02T20:48:58Z  77 65 72 2e 68 61 6c 74
2026-10-02T20:48:58Z  2e 64 72 79 5f 72 75 6e
2026-10-02T20:48:58Z  3d 30 20 70 6f 77 65 72
2026-10-02T20:48:58Z  2e 68 61 6c 74 2e 6d 6f
2026-10-02T20:48:58Z  64 65 3d 68 61 6c 74 20
2026-10-02T20:48:58Z  70 6f 77 65 72 2e 68 61
2026-10-02T20:48:58Z  6c 74 2e 73 63 72 69 70
2026-10-02T20:48:58Z  74 5f 70 61 74 68 3d 2f
2026-10-02T20:48:58Z  68 6f 6d 65 2f 70 69 2f
2026-10-02T20:48:58Z  42 4d 5f 44 65 76 65 6c
2026-10-02T20:48:58Z  5f 50 69 2f 74 75 6e 65
2026-10-02T20:48:58Z  64 5f 68 61 6c 74 2e 73
2026-10-02T20:48:58Z  68 20 70 6f 77 65 72 2e
2026-10-02T20:48:58Z  62 75 73 5f 61 6c 77 61
2026-10-02T20:48:58Z  79 73 5f 6f 6e 3d 30 20
2026-10-02T20:48:58Z  63 61 6d 65 72 61 2e 65
2026-10-02T20:48:58Z  78 70 6f 73 75 72 65 2e
2026-10-02T20:48:58Z  65 6e 61 62 6c 65 64 3d
2026-10-02T20:48:58Z  30 20 63 61 6d 65 72 61
2026-10-02T20:48:58Z  2e 65 78 70 6f 73 75 72
2026-10-02T20:48:58Z  65 2e 6d 6f 64 65 3d 6e
2026-10-02T20:48:58Z  75 6c 6c 20 63 61 6d 65
2026-10-02T20:48:58Z  72 61 2e 65 78 70 6f 73
2026-10-02T20:48:58Z  75 72 65 2e 65 76 3d 6e
2026-10-02T20:48:58Z  75 6c 6c 20 63 61 6d 65
2026-10-02T20:48:58Z  72 61 2e 65 78 70 6f 73
2026-10-02T20:48:58Z  75 72 65 2e 73 68 75 74
2026-10-02T20:48:58Z  74 65 72 5f 75 73 3d 6e
2026-10-02T20:48:58Z  75 6c 6c 3e
2026-10-02T20:48:58Z 2026-10-02T20:49:01.316Z [MS] [DEBUG] Notecard is 3.000000 pct full.
2026-10-02T20:48:58Z 2026-10-02T20:49:01.316Z [MS] [DEBUG] Has message 45685 expired? queuedTime: 608823216, now64: 608823271, remaining: 86399945
2026-10-02T20:48:58Z 2026-10-02T20:49:01.316Z [MS] [INFO] Sending Cellular message to Notecard.
2026-10-02T20:48:58Z 2026-10-02T20:49:01.316Z [MS] [INFO] Queuing message 45685 20026FE0
2026-10-02T20:48:59Z 2026-10-02T20:49:02.257Z [MS] [INFO] Added message(id: 45686 len: 234) to queue MS_Q_CELLULAR_ONLY: (1)!
2026-10-02T20:48:59Z 2026-10-02T20:49:02.257Z [BM_TX] [INFO] Submitted spotter/transmit-data message to cell-only queue, Len: 109
2026-10-02T20:48:59Z 2026-10-02T20:49:02.257Z [BM_TX] [DEBUG] Message:
2026-10-02T20:48:59Z  3c 43 46 20 76 3d 31 20
2026-10-02T20:48:59Z  68 3d 66 33 33 33 62 66
2026-10-02T20:48:59Z  62 37 20 6e 3d 32 2f 32
2026-10-02T20:48:59Z  20 63 61 6d 65 72 61 2e
2026-10-02T20:48:59Z  65 78 70 6f 73 75 72 65
2026-10-02T20:48:59Z  2e 61 6e 61 6c 6f 67 75
2026-10-02T20:48:59Z  65 5f 67 61 69 6e 3d 6e
2026-10-02T20:48:59Z  75 6c 6c 20 63 61 6d 65
2026-10-02T20:48:59Z  72 61 2e 63 6f 6e 74 72
2026-10-02T20:48:59Z  6f 6c 73 5f 65 6e 61 62
2026-10-02T20:48:59Z  6c 65 64 3d 31 20 63 61
2026-10-02T20:48:59Z  6d 65 72 61 2e 62 61 63
2026-10-02T20:48:59Z  6b 65 6e 64 3d 72 70 69
2026-10-02T20:48:59Z  63 61 6d 3e
2026-10-02T20:48:59Z 2026-10-02T20:49:02.289Z [MS] [DEBUG] Notecard is 3.000000 pct full.
2026-10-02T20:48:59Z 2026-10-02T20:49:02.289Z [MS] [DEBUG] Has message 45686 expired? queuedTime: 608824213, now64: 608824246, remaining: 86399967
2026-10-02T20:48:59Z 2026-10-02T20:49:02.292Z [MS] [INFO] Sending Cellular message to Notecard.
2026-10-02T20:48:59Z 2026-10-02T20:49:02.292Z [MS] [INFO] Queuing message 45686 20026FE0
2026-10-02T20:49:06Z bm pub bmcam/cmd {"id":65043,"c":"set","kv":{"camera.image_processing.hdr":"auto"}} 1 1
2026-10-02T20:49:06Z 1790974149.347 e6fe83ea6b4a2b7f, [bmcam004] OK id=65043 camera.image_processing.hdr: off -> auto (next action) cfg=1f3bf233
2026-10-02T20:49:06Z 1790974149.398 e6fe83ea6b4a2b7f, [bmcam004] OK id=65043 camera.image_processing.hdr: off -> auto (next action) (duplicate: original answer) cfg=1f3bf233
2026-10-02T20:49:06Z 1790974149.449 e6fe83ea6b4a2b7f, [bmcam004] OK id=65043 camera.image_processing.hdr: off -> auto (next action) (duplicate: original answer) cfg=1f3bf233
2026-10-02T20:49:06Z 1790974149.500 e6fe83ea6b4a2b7f, [bmcam004] OK id=65043 camera.image_processing.hdr: off -> auto (next action) (duplicate: original answer) cfg=1f3bf233
2026-10-02T20:49:06Z 1790974149.550 e6fe83ea6b4a2b7f, [bmcam004] OK id=65043 camera.image_processing.hdr: off -> auto (next action) (duplicate: original answer) cfg=1f3bf233
2026-10-02T20:49:07Z 1790974149.597 e6fe83ea6b4a2b7f, [bmcam004] OK id=65043 camera.image_processing.hdr: off -> auto (next action) (duplicate: original answer) cfg=1f3bf233
2026-10-02T20:49:07Z 1790974149.660 e6fe83ea6b4a2b7f, [bmcam004] OK id=65043 camera.image_processing.hdr: off -> auto (next action) (duplicate: original answer) cfg=1f3bf233
2026-10-02T20:49:07Z 1790974149.707 e6fe83ea6b4a2b7f, [bmcam004] OK id=65043 camera.image_processing.hdr: off -> auto (next action) (duplicate: original answer) cfg=1f3bf233
2026-10-02T20:49:07Z 1790974149.929 e6fe83ea6b4a2b7f, [bmcam004] OK id=65043 camera.image_processing.hdr: off -> auto (next action) (duplicate: original answer) cfg=1f3bf233
2026-10-02T20:49:07Z 1790974149.980 e6fe83ea6b4a2b7f, [bmcam004] OK id=65043 camera.image_processing.hdr: off -> auto (next action) (duplicate: original answer) cfg=1f3bf233
2026-10-02T20:49:16Z SPOT-31593C > bm pub bmcam/cmd {"id":65044,"c":"trg","v":2,"kv":{"med":"still","m":40}} 1 1
2026-10-02T20:49:17Z bm pub bmcam/cmd {"id":65044,"c":"trg","v":2,"kv":{"med":"still","m":40}} 1 1
2026-10-02T20:49:17Z 1790974160.496 e6fe83ea6b4a2b7f, [bmcam004] OK id=65044 trg 2 armed: capture + output per mode (next decision point); one action only: mode.media=still, still.message_cap=40 cfg=1f3bf233
2026-10-02T20:49:17Z 1790974160.546 e6fe83ea6b4a2b7f, [bmcam004] OK id=65044 trg 2 armed: capture + output per mode (next decision point); one action only: mode.media=still, still.message_cap=40 (duplicate: original answ
2026-10-02T20:49:17Z 1790974160.609 e6fe83ea6b4a2b7f, [bmcam004] OK id=65044 trg 2 armed: capture + output per mode (next decision point); one action only: mode.media=still, still.message_cap=40 (duplicate: original answ
2026-10-02T20:49:18Z 1790974160.656 e6fe83ea6b4a2b7f, [bmcam004] OK id=65044 trg 2 armed: capture + output per mode (next decision point); one action only: mode.media=still, still.message_cap=40 (duplicate: original answ
2026-10-02T20:49:18Z 1790974160.707 e6fe83ea6b4a2b7f, [bmcam004] OK id=65044 trg 2 armed: capture + output per mode (next decision point); one action only: mode.media=still, still.message_cap=40 (duplicate: original answ
2026-10-02T20:49:18Z 1790974160.757 e6fe83ea6b4a2b7f, [bmcam004] OK id=65044 trg 2 armed: capture + output per mode (next decision point); one action only: mode.media=still, still.message_cap=40 (duplicate: original answ
2026-10-02T20:49:18Z 1790974160.808 e6fe83ea6b4a2b7f, [bmcam004] OK id=65044 trg 2 armed: capture + output per mode (next decision point); one action only: mode.media=still, still.message_cap=40 (duplicate: original answ
2026-10-02T20:49:18Z 1790974160.859 e6fe83ea6b4a2b7f, [bmcam004] OK id=65044 trg 2 armed: capture + output per mode (next decision point); one action only: mode.media=still, still.message_cap=40 (duplicate: original answ
2026-10-02T20:49:18Z 1790974160.906 e6fe83ea6b4a2b7f, [bmcam004] OK id=65044 trg 2 armed: capture + output per mode (next decision point); one action only: mode.media=still, still.message_cap=40 (duplicate: original answ
2026-10-02T20:49:18Z 1790974160.957 e6fe83ea6b4a2b7f, [bmcam004] OK id=65044 trg 2 armed: capture + output per mode (next decision point); one action only: mode.media=still, still.message_cap=40 (duplicate: original answ
2026-10-02T20:49:22Z 2026-10-02T20:49:25.417Z [BRIDGE_CFG] [INFO] Bridge topology in topology sampler:
2026-10-02T20:49:22Z 2026-10-02T20:49:25.425Z [BRIDGE_CFG] [INFO] 0e582dd12c1e1480
2026-10-02T20:49:22Z 2026-10-02T20:49:25.425Z [BRIDGE_CFG] [INFO] e6fe83ea6b4a2b7f
2026-10-02T20:49:22Z 2026-10-02T20:49:25.429Z [BRIDGE_SYS] [INFO] Checking CRC in report builder!
2026-10-02T20:49:22Z 2026-10-02T20:49:25.429Z [BRIDGE_SYS] [INFO] Got CRC f3b914aa OLD CRC f3b914aa
2026-10-02T20:49:22Z 2026-10-02T20:49:25.433Z [BRIDGE_SYS] [INFO] CRCs match, not updating
2026-10-02T20:49:58Z SPOT-33507C > bridge cfg get c3c564b91856226c s sampleIntervalMs
2026-10-02T20:50:00Z bridge cfg get c3c564b91856226c s sampleIntervalMs
2026-10-02T20:50:00Z Succesfully sent config get msg
2026-10-02T20:50:00Z 2026-10-02T20:50:02.968Z [BRIDGE_CFG] [INFO] Node ID: 0000000000000000 Partition: system Value: 3600000
2026-10-02T20:50:12Z SPOT-33507C > bm pub bmcam/cmd {"id":1000015,"c":"get","k":["camera.white_balance","camera.native","storage","network"]} 1 1
2026-10-02T20:50:13Z bm pub bmcam/cmd {"id":1000015,"c":"get","k":["camera.white_balance","camera.native","storage","network"]} 1 1
2026-10-02T20:50:13Z 2026-10-02T20:50:15.644Z [MS] [INFO] Added message(id: 45687 len: 162) to queue MS_Q_CELLULAR_ONLY: (1)!
2026-10-02T20:50:13Z 2026-10-02T20:50:15.644Z [BM_TX] [INFO] Submitted spotter/transmit-data message to cell-only queue, Len: 37
2026-10-02T20:50:13Z 2026-10-02T20:50:15.644Z [BM_TX] [DEBUG] Message:
2026-10-02T20:50:13Z  7b 22 69 64 22 3a 31 30
2026-10-02T20:50:13Z  30 30 30 31 35 2c 22 6f
2026-10-02T20:50:13Z  6b 22 3a 31 2c 22 68 22
2026-10-02T20:50:13Z  3a 22 66 33 33 33 62 66
2026-10-02T20:50:13Z  62 37 22 7d
2026-10-02T20:50:13Z Message: 1790974215.664 53171fa3d81a8e6f, [bmcam003] OK id=1000015 get camera.white_balance, camera.native, storage, network: 12 key(s) cfg=f333bfb7
2026-10-02T20:50:13Z 2026-10-02T20:50:15.679Z [MS] [DEBUG] Notecard is 3.000000 pct full.
2026-10-02T20:50:13Z 2026-10-02T20:50:15.679Z [MS] [DEBUG] Has message 45687 expired? queuedTime: 608897612, now64: 608897649, remaining: 86399963
2026-10-02T20:50:13Z 2026-10-02T20:50:15.683Z [MS] [INFO] Sending Cellular message to Notecard.
2026-10-02T20:50:13Z 2026-10-02T20:50:15.683Z [MS] [INFO] Queuing message 45687 20026FE0
2026-10-02T20:50:13Z 1790974215.703 53171fa3d81a8e6f,   camera.white_balance.enabled = false (yaml)
2026-10-02T20:50:13Z 1790974215.753 53171fa3d81a8e6f,   camera.white_balance.mode = none (yaml)
2026-10-02T20:50:13Z 1790974215.800 53171fa3d81a8e6f,   camera.white_balance.gains = none (yaml)
2026-10-02T20:50:13Z 1790974215.851 53171fa3d81a8e6f,   camera.native.width = 4608 (yaml)
2026-10-02T20:50:13Z 1790974215.902 53171fa3d81a8e6f,   camera.native.height = 2592 (yaml)
2026-10-02T20:50:13Z 1790974215.953 53171fa3d81a8e6f,   camera.native.jpeg_quality = 95 (yaml)
2026-10-02T20:50:13Z 1790974216.003 53171fa3d81a8e6f,   storage.max_used_pct = 75.0 (yaml)
2026-10-02T20:50:13Z 1790974216.050 53171fa3d81a8e6f,   storage.min_free_gb = 10.0 (yaml)
2026-10-02T20:50:13Z 1790974216.101 53171fa3d81a8e6f,   storage.ring_dry_run = false (yaml)
2026-10-02T20:50:13Z 1790974216.152 53171fa3d81a8e6f,   network.default = nereus_hq (yaml)
2026-10-02T20:50:13Z 1790974216.203 53171fa3d81a8e6f,   network.ap_fallback_s = 90 (yaml)
2026-10-02T20:50:14Z 1790974216.253 53171fa3d81a8e6f,   network.ap_timeout_min = 60 (yaml)
2026-10-02T20:50:14Z 1790974216.312 53171fa3d81a8e6f, [bmcam003] OK id=1000015 get camera.white_balance, camera.native, storage, network: 12 key(s) (duplicate: original answer) cfg=f333bfb7
2026-10-02T20:50:14Z 1790974216.363 53171fa3d81a8e6f, [bmcam003] OK id=1000015 get camera.white_balance, camera.native, storage, network: 12 key(s) (duplicate: original answer) cfg=f333bfb7
2026-10-02T20:50:14Z 1790974216.414 53171fa3d81a8e6f, [bmcam003] OK id=1000015 get camera.white_balance, camera.native, storage, network: 12 key(s) (duplicate: original answer) cfg=f333bfb7
2026-10-02T20:50:14Z 1790974216.464 53171fa3d81a8e6f, [bmcam003] OK id=1000015 get camera.white_balance, camera.native, storage, network: 12 key(s) (duplicate: original answer) cfg=f333bfb7
2026-10-02T20:50:14Z 1790974216.511 53171fa3d81a8e6f, [bmcam003] OK id=1000015 get camera.white_balance, camera.native, storage, network: 12 key(s) (duplicate: original answer) cfg=f333bfb7
2026-10-02T20:50:14Z 2026-10-02T20:50:16.738Z [MS] [INFO] Added message(id: 45688 len: 401) to queue MS_Q_CELLULAR_ONLY: (1)!
2026-10-02T20:50:14Z 2026-10-02T20:50:16.738Z [BM_TX] [INFO] Submitted spotter/transmit-data message to cell-only queue, Len: 275
2026-10-02T20:50:14Z 2026-10-02T20:50:16.738Z [BM_TX] [DEBUG] Message:
2026-10-02T20:50:14Z  3c 43 46 20 76 3d 31 20
2026-10-02T20:50:14Z  68 3d 66 33 33 33 62 66
2026-10-02T20:50:14Z  62 37 20 6e 3d 31 2f 32
2026-10-02T20:50:14Z  20 63 61 6d 65 72 61 2e
2026-10-02T20:50:14Z  77 68 69 74 65 5f 62 61
2026-10-02T20:50:14Z  6c 61 6e 63 65 2e 65 6e
2026-10-02T20:50:14Z  61 62 6c 65 64 3d 30 20
2026-10-02T20:50:14Z  63 61 6d 65 72 61 2e 77
2026-10-02T20:50:14Z  68 69 74 65 5f 62 61 6c
2026-10-02T20:50:14Z  61 6e 63 65 2e 6d 6f 64
2026-10-02T20:50:14Z  65 3d 6e 75 6c 6c 20 63
2026-10-02T20:50:14Z  61 6d 65 72 61 2e 77 68
2026-10-02T20:50:14Z  69 74 65 5f 62 61 6c 61
2026-10-02T20:50:14Z  6e 63 65 2e 67 61 69 6e
2026-10-02T20:50:14Z  73 3d 6e 75 6c 6c 20 63
2026-10-02T20:50:14Z  61 6d 65 72 61 2e 6e 61
2026-10-02T20:50:14Z  74 69 76 65 2e 77 69 64
2026-10-02T20:50:14Z  74 68 3d 34 36 30 38 20
2026-10-02T20:50:14Z  63 61 6d 65 72 61 2e 6e
2026-10-02T20:50:14Z  61 74 69 76 65 2e 68 65
2026-10-02T20:50:14Z  69 67 68 74 3d 32 35 39
2026-10-02T20:50:14Z  32 20 63 61 6d 65 72 61
2026-10-02T20:50:14Z  2e 6e 61 74 69 76 65 2e
2026-10-02T20:50:14Z  6a 70 65 67 5f 71 75 61
2026-10-02T20:50:14Z  6c 69 74 79 3d 39 35 20
2026-10-02T20:50:14Z  73 74 6f 72 61 67 65 2e
2026-10-02T20:50:14Z  6d 61 78 5f 75 73 65 64
2026-10-02T20:50:14Z  5f 70 63 74 3d 37 35 2e
2026-10-02T20:50:14Z  30 20 73 74 6f 72 61 67
2026-10-02T20:50:14Z  65 2e 6d 69 6e 5f 66 72
2026-10-02T20:50:14Z  65 65 5f 67 62 3d 31 30
2026-10-02T20:50:14Z  2e 30 20 73 74 6f 72 61
2026-10-02T20:50:14Z  67 65 2e 72 69 6e 67 5f
2026-10-02T20:50:14Z  64 72 79 5f 72 75 6e 3d
2026-10-02T20:50:14Z  30 3e
2026-10-02T20:50:14Z 2026-10-02T20:50:16.792Z [MS] [DEBUG] Notecard is 3.000000 pct full.
2026-10-02T20:50:14Z 2026-10-02T20:50:16.792Z [MS] [DEBUG] Has message 45688 expired? queuedTime: 608898706, now64: 608898761, remaining: 86399945
2026-10-02T20:50:14Z 2026-10-02T20:50:16.792Z [MS] [INFO] Sending Cellular message to Notecard.
2026-10-02T20:50:14Z 2026-10-02T20:50:16.792Z [MS] [INFO] Queuing message 45688 20026FE0
2026-10-02T20:50:15Z 2026-10-02T20:50:17.722Z [MS] [INFO] Added message(id: 45689 len: 228) to queue MS_Q_CELLULAR_ONLY: (1)!
2026-10-02T20:50:15Z 2026-10-02T20:50:17.722Z [BM_TX] [INFO] Submitted spotter/transmit-data message to cell-only queue, Len: 103
2026-10-02T20:50:15Z 2026-10-02T20:50:17.722Z [BM_TX] [DEBUG] Message:
2026-10-02T20:50:15Z  3c 43 46 20 76 3d 31 20
2026-10-02T20:50:15Z  68 3d 66 33 33 33 62 66
2026-10-02T20:50:15Z  62 37 20 6e 3d 32 2f 32
2026-10-02T20:50:15Z  20 6e 65 74 77 6f 72 6b
2026-10-02T20:50:15Z  2e 64 65 66 61 75 6c 74
2026-10-02T20:50:15Z  3d 6e 65 72 65 75 73 5f
2026-10-02T20:50:15Z  68 71 20 6e 65 74 77 6f
2026-10-02T20:50:15Z  72 6b 2e 61 70 5f 66 61
2026-10-02T20:50:15Z  6c 6c 62 61 63 6b 5f 73
2026-10-02T20:50:15Z  3d 39 30 20 6e 65 74 77
2026-10-02T20:50:15Z  6f 72 6b 2e 61 70 5f 74
2026-10-02T20:50:15Z  69 6d 65 6f 75 74 5f 6d
2026-10-02T20:50:15Z  69 6e 3d 36 30 3e
2026-10-02T20:50:15Z 2026-10-02T20:50:17.753Z [MS] [DEBUG] Notecard is 3.000000 pct full.
2026-10-02T20:50:15Z 2026-10-02T20:50:17.757Z [MS] [DEBUG] Has message 45689 expired? queuedTime: 608899692, now64: 608899726, remaining: 86399966
2026-10-02T20:50:15Z 2026-10-02T20:50:17.757Z [MS] [INFO] Sending Cellular message to Notecard.
2026-10-02T20:50:15Z 2026-10-02T20:50:17.761Z [MS] [INFO] Queuing message 45689 20026FE0
2026-10-02T20:50:15Z 2026-10-02T20:50:17.812Z [MS] [INFO] Added message(id: 45690 len: 258) to queue MS_Q_CELLULAR_ONLY: (1)!
2026-10-02T20:50:15Z 2026-10-02T20:50:17.812Z [BM_TX] [INFO] Submitted spotter/transmit-data message to cell-only queue, Len: 132
2026-10-02T20:50:15Z 2026-10-02T20:50:17.812Z [BM_TX] [DEBUG] Message:
2026-10-02T20:50:15Z  3c 57 53 20 76 3d 31 20
2026-10-02T20:50:15Z  61 3d 69 64 6c 65 20 63
2026-10-02T20:50:15Z  66 67 3d 66 33 33 33 62
2026-10-02T20:50:15Z  66 62 37 20 75 70 3d 36
2026-10-02T20:50:15Z  30 37 20 74 7a 3d 41 6d
2026-10-02T20:50:15Z  65 72 69 63 61 2f 4c 6f
2026-10-02T20:50:15Z  73 5f 41 6e 67 65 6c 65
2026-10-02T20:50:15Z  73 20 6c 74 3d 31 33 35
2026-10-02T20:50:15Z  30 20 77 73 3d 30 30 30
2026-10-02T20:50:15Z  30 20 77 65 3d 30 30 30
2026-10-02T20:50:15Z  30 20 72 6b 3d 34 38 30
2026-10-02T20:50:15Z  78 32 37 30 20 63 74 3d
2026-10-02T20:50:15Z  33 36 2e 35 20 73 68 61
2026-10-02T20:50:15Z  3d 33 34 61 36 32 32 32
2026-10-02T20:50:15Z  65 61 39 34 63 20 68 6e
2026-10-02T20:50:15Z  3d 62 6d 63 61 6d 30 30
2026-10-02T20:50:15Z  33 3e 0a
2026-10-02T20:50:15Z 2026-10-02T20:50:18.066Z [MS] [DEBUG] Has message 45690 expired? queuedTime: 608899783, now64: 608900036, remaining: 86399747
2026-10-02T20:50:15Z 2026-10-02T20:50:18.066Z [MS] [INFO] Queuing message 45690 2002C318
2026-10-02T20:50:16Z 2026-10-02T20:50:18.410Z [MS] [DEBUG] Notecard is 3.000000 pct full.
2026-10-02T20:50:29Z SPOT-33507C > bm pub bmcam/cmd {"id":54030,"c":"reset","k":["video.record.fps","video.send.duration_s","video.send.fps"]} 1 1
2026-10-02T20:50:30Z bm pub bmcam/cmd {"id":54030,"c":"reset","k":["video.record.fps","video.send.duration_s","video.send.fps"]} 1 1
2026-10-02T20:50:30Z 1790974232.539 53171fa3d81a8e6f, [bmcam003] OK id=54030 reset video.record.fps, video.send.duration_s, video.send.fps -> YAML cfg=32bd824c
2026-10-02T20:50:30Z 1790974232.589 53171fa3d81a8e6f, [bmcam003] OK id=54030 reset video.record.fps, video.send.duration_s, video.send.fps -> YAML (duplicate: original answer) cfg=32bd824c
2026-10-02T20:50:30Z 1790974232.640 53171fa3d81a8e6f, [bmcam003] OK id=54030 reset video.record.fps, video.send.duration_s, video.send.fps -> YAML (duplicate: original answer) cfg=32bd824c
2026-10-02T20:50:30Z 1790974232.691 53171fa3d81a8e6f, [bmcam003] OK id=54030 reset video.record.fps, video.send.duration_s, video.send.fps -> YAML (duplicate: original answer) cfg=32bd824c
2026-10-02T20:50:30Z 1790974232.742 53171fa3d81a8e6f, [bmcam003] OK id=54030 reset video.record.fps, video.send.duration_s, video.send.fps -> YAML (duplicate: original answer) cfg=32bd824c
2026-10-02T20:50:30Z 1790974232.789 53171fa3d81a8e6f, [bmcam003] OK id=54030 reset video.record.fps, video.send.duration_s, video.send.fps -> YAML (duplicate: original answer) cfg=32bd824c
2026-10-02T20:50:38Z SPOT-33507C > bm pub bmcam/cmd {"id":54031,"c":"reset","k":["mode.run"]} 1 1
2026-10-02T20:50:42Z SPOT-31593C > bm pub bmcam/cmd {"id":65045,"c":"set","kv":{"camera.image_processing.hdr":"sensor"}} 1 1
2026-10-02T20:50:39Z bm pub bmcam/cmd {"id":54031,"c":"reset","k":["mode.run"]} 1 1
2026-10-02T20:50:39Z 1790974241.667 53171fa3d81a8e6f, [bmcam003] OK id=54031 reset mode.run -> YAML cfg=67f930c4
2026-10-02T20:50:39Z 1790974241.726 53171fa3d81a8e6f, [bmcam003] OK id=54031 reset mode.run -> YAML (duplicate: original answer) cfg=67f930c4
2026-10-02T20:50:39Z 1790974241.777 53171fa3d81a8e6f, [bmcam003] OK id=54031 reset mode.run -> YAML (duplicate: original answer) cfg=67f930c4
2026-10-02T20:50:39Z 1790974241.796 53171fa3d81a8e6f, [bmcam003] OK id=54031 reset mode.run -> YAML (duplicate: original answer) cfg=67f930c4
2026-10-02T20:50:39Z 1790974241.859 53171fa3d81a8e6f, [bmcam003] OK id=54031 reset mode.run -> YAML (duplicate: original answer) cfg=67f930c4
2026-10-02T20:50:39Z 1790974241.910 53171fa3d81a8e6f, [bmcam003] OK id=54031 reset mode.run -> YAML (duplicate: original answer) cfg=67f930c4
2026-10-02T20:50:44Z bm pub bmcam/cmd {"id":65045,"c":"set","kv":{"camera.image_processing.hdr":"sensor"}} 1 1
2026-10-02T20:50:44Z 1790974246.824 e6fe83ea6b4a2b7f, [bmcam004] OK id=65045 camera.image_processing.hdr: auto -> sensor (next action) cfg=2799c210
2026-10-02T20:50:44Z 1790974246.882 e6fe83ea6b4a2b7f, [bmcam004] OK id=65045 camera.image_processing.hdr: auto -> sensor (next action) (duplicate: original answer) cfg=2799c210
2026-10-02T20:50:44Z 1790974246.933 e6fe83ea6b4a2b7f, [bmcam004] OK id=65045 camera.image_processing.hdr: auto -> sensor (next action) (duplicate: original answer) cfg=2799c210
2026-10-02T20:50:44Z 1790974246.984 e6fe83ea6b4a2b7f, [bmcam004] OK id=65045 camera.image_processing.hdr: auto -> sensor (next action) (duplicate: original answer) cfg=2799c210
2026-10-02T20:50:44Z 1790974247.031 e6fe83ea6b4a2b7f, [bmcam004] OK id=65045 camera.image_processing.hdr: auto -> sensor (next action) (duplicate: original answer) cfg=2799c210
2026-10-02T20:50:44Z 1790974247.082 e6fe83ea6b4a2b7f, [bmcam004] OK id=65045 camera.image_processing.hdr: auto -> sensor (next action) (duplicate: original answer) cfg=2799c210
2026-10-02T20:50:44Z 1790974247.132 e6fe83ea6b4a2b7f, [bmcam004] OK id=65045 camera.image_processing.hdr: auto -> sensor (next action) (duplicate: original answer) cfg=2799c210
2026-10-02T20:50:44Z 1790974247.183 e6fe83ea6b4a2b7f, [bmcam004] OK id=65045 camera.image_processing.hdr: auto -> sensor (next action) (duplicate: original answer) cfg=2799c210
2026-10-02T20:50:44Z 1790974247.234 e6fe83ea6b4a2b7f, [bmcam004] OK id=65045 camera.image_processing.hdr: auto -> sensor (next action) (duplicate: original answer) cfg=2799c210
2026-10-02T20:50:44Z 1790974247.281 e6fe83ea6b4a2b7f, [bmcam004] OK id=65045 camera.image_processing.hdr: auto -> sensor (next action) (duplicate: original answer) cfg=2799c210
2026-10-02T20:50:54Z SPOT-31593C > bm pub bmcam/cmd {"id":65046,"c":"trg","v":2,"kv":{"med":"still","m":40}} 1 1
2026-10-02T20:50:55Z bm pub bmcam/cmd {"id":65046,"c":"trg","v":2,"kv":{"med":"still","m":40}} 1 1
2026-10-02T20:50:55Z 1790974257.800 e6fe83ea6b4a2b7f, [bmcam004] OK id=65046 trg 2 armed: capture + output per mode (next decision point); one action only: mode.media=still, still.message_cap=40 cfg=2799c210
2026-10-02T20:50:55Z 1790974257.863 e6fe83ea6b4a2b7f, [bmcam004] OK id=65046 trg 2 armed: capture + output per mode (next decision point); one action only: mode.media=still, still.message_cap=40 (duplicate: original answ
2026-10-02T20:50:55Z 1790974257.910 e6fe83ea6b4a2b7f, [bmcam004] OK id=65046 trg 2 armed: capture + output per mode (next decision point); one action only: mode.media=still, still.message_cap=40 (duplicate: original answ
2026-10-02T20:50:55Z 1790974257.960 e6fe83ea6b4a2b7f, [bmcam004] OK id=65046 trg 2 armed: capture + output per mode (next decision point); one action only: mode.media=still, still.message_cap=40 (duplicate: original answ
2026-10-02T20:50:55Z 1790974258.011 e6fe83ea6b4a2b7f, [bmcam004] OK id=65046 trg 2 armed: capture + output per mode (next decision point); one action only: mode.media=still, still.message_cap=40 (duplicate: original answ
2026-10-02T20:50:55Z 1790974258.062 e6fe83ea6b4a2b7f, [bmcam004] OK id=65046 trg 2 armed: capture + output per mode (next decision point); one action only: mode.media=still, still.message_cap=40 (duplicate: original answ
2026-10-02T20:50:55Z 1790974258.113 e6fe83ea6b4a2b7f, [bmcam004] OK id=65046 trg 2 armed: capture + output per mode (next decision point); one action only: mode.media=still, still.message_cap=40 (duplicate: original answ
2026-10-02T20:50:55Z 1790974258.164 e6fe83ea6b4a2b7f, [bmcam004] OK id=65046 trg 2 armed: capture + output per mode (next decision point); one action only: mode.media=still, still.message_cap=40 (duplicate: original answ
2026-10-02T20:50:55Z 1790974258.210 e6fe83ea6b4a2b7f, [bmcam004] OK id=65046 trg 2 armed: capture + output per mode (next decision point); one action only: mode.media=still, still.message_cap=40 (duplicate: original answ
2026-10-02T20:50:55Z 1790974258.269 e6fe83ea6b4a2b7f, [bmcam004] OK id=65046 trg 2 armed: capture + output per mode (next decision point); one action only: mode.media=still, still.message_cap=40 (duplicate: original answ
2026-10-02T20:50:56Z 2026-10-02T20:50:59.300Z [MS] [INFO] Added message(id: 3899 len: 263) to queue MS_Q_CELLULAR_ONLY: (1)!
2026-10-02T20:50:56Z 2026-10-02T20:50:59.300Z [BM_TX] [INFO] Submitted spotter/transmit-data message to cell-only queue, Len: 136
2026-10-02T20:50:56Z 2026-10-02T20:50:59.300Z [BM_TX] [DEBUG] Message:
2026-10-02T20:50:56Z  3c 57 53 20 76 3d 31 20
2026-10-02T20:50:56Z  61 3d 63 61 70 20 63 66
2026-10-02T20:50:56Z  67 3d 32 37 39 39 63 32
2026-10-02T20:50:56Z  31 30 20 75 70 3d 31 38
2026-10-02T20:50:56Z  33 33 20 74 7a 3d 41 6d
2026-10-02T20:50:56Z  65 72 69 63 61 2f 4c 6f
2026-10-02T20:50:56Z  73 5f 41 6e 67 65 6c 65
2026-10-02T20:50:56Z  73 20 6c 74 3d 6e 61 20
2026-10-02T20:50:56Z  77 73 3d 30 30 30 30 20
2026-10-02T20:50:56Z  77 65 3d 30 30 30 30 20
2026-10-02T20:50:56Z  72 6b 3d 31 30 30 30 78
2026-10-02T20:50:56Z  35 36 32 20 71 3d 32 30
2026-10-02T20:50:56Z  20 63 74 3d 34 30 2e 38
2026-10-02T20:50:56Z  20 73 68 61 3d 33 34 61
2026-10-02T20:50:56Z  36 32 32 32 65 61 39 34
2026-10-02T20:50:56Z  63 20 68 6e 3d 62 6d 63
2026-10-02T20:50:56Z  61 6d 30 30 34 3e 0a
2026-10-02T20:50:56Z 2026-10-02T20:50:59.359Z [MS] [DEBUG] Notecard is 3.000000 pct full.
2026-10-02T20:50:56Z 2026-10-02T20:50:59.359Z [MS] [DEBUG] Has message 3899 expired? queuedTime: 69834820, now64: 69834878, remaining: 86399942
2026-10-02T20:50:56Z 2026-10-02T20:50:59.359Z [MS] [INFO] Sending Cellular message to Notecard.
2026-10-02T20:50:56Z 2026-10-02T20:50:59.359Z [MS] [INFO] Queuing message 3899 20004EA0
2026-10-02T20:52:08Z SPOT-31593C > bm pub bmcam/cmd {"id":65047,"c":"set","kv":{"camera.image_processing.hdr":"single-exp"}} 1 1
2026-10-02T20:52:11Z bm pub bmcam/cmd {"id":65047,"c":"set","kv":{"camera.image_processing.hdr":"single-exp"}} 1 1
2026-10-02T20:52:11Z 1790974333.976 e6fe83ea6b4a2b7f, [bmcam004] OK id=65047 camera.image_processing.hdr: sensor -> single-exp (next action) cfg=05793b3b
2026-10-02T20:52:11Z 1790974334.027 e6fe83ea6b4a2b7f, [bmcam004] OK id=65047 camera.image_processing.hdr: sensor -> single-exp (next action) (duplicate: original answer) cfg=05793b3b
2026-10-02T20:52:11Z 1790974334.078 e6fe83ea6b4a2b7f, [bmcam004] OK id=65047 camera.image_processing.hdr: sensor -> single-exp (next action) (duplicate: original answer) cfg=05793b3b
2026-10-02T20:52:11Z 1790974334.136 e6fe83ea6b4a2b7f, [bmcam004] OK id=65047 camera.image_processing.hdr: sensor -> single-exp (next action) (duplicate: original answer) cfg=05793b3b
2026-10-02T20:52:11Z 1790974334.187 e6fe83ea6b4a2b7f, [bmcam004] OK id=65047 camera.image_processing.hdr: sensor -> single-exp (next action) (duplicate: original answer) cfg=05793b3b
2026-10-02T20:52:11Z 1790974334.238 e6fe83ea6b4a2b7f, [bmcam004] OK id=65047 camera.image_processing.hdr: sensor -> single-exp (next action) (duplicate: original answer) cfg=05793b3b
2026-10-02T20:52:11Z 1790974334.289 e6fe83ea6b4a2b7f, [bmcam004] OK id=65047 camera.image_processing.hdr: sensor -> single-exp (next action) (duplicate: original answer) cfg=05793b3b
2026-10-02T20:52:11Z 1790974334.335 e6fe83ea6b4a2b7f, [bmcam004] OK id=65047 camera.image_processing.hdr: sensor -> single-exp (next action) (duplicate: original answer) cfg=05793b3b
2026-10-02T20:52:11Z 1790974334.386 e6fe83ea6b4a2b7f, [bmcam004] OK id=65047 camera.image_processing.hdr: sensor -> single-exp (next action) (duplicate: original answer) cfg=05793b3b
2026-10-02T20:52:11Z 1790974334.437 e6fe83ea6b4a2b7f, [bmcam004] OK id=65047 camera.image_processing.hdr: sensor -> single-exp (next action) (duplicate: original answer) cfg=05793b3b
2026-10-02T20:52:22Z SPOT-31593C > bm pub bmcam/cmd {"id":65048,"c":"trg","v":2,"kv":{"med":"still","m":40}} 1 1
2026-10-02T20:52:23Z bm pub bmcam/cmd {"id":65048,"c":"trg","v":2,"kv":{"med":"still","m":40}} 1 1
2026-10-02T20:52:23Z 1790974345.957 e6fe83ea6b4a2b7f, [bmcam004] OK id=65048 trg 2 armed: capture + output per mode (next decision point); one action only: mode.media=still, still.message_cap=40 cfg=05793b3b
2026-10-02T20:52:23Z 1790974346.015 e6fe83ea6b4a2b7f, [bmcam004] OK id=65048 trg 2 armed: capture + output per mode (next decision point); one action only: mode.media=still, still.message_cap=40 (duplicate: original answ
2026-10-02T20:52:23Z 1790974346.066 e6fe83ea6b4a2b7f, [bmcam004] OK id=65048 trg 2 armed: capture + output per mode (next decision point); one action only: mode.media=still, still.message_cap=40 (duplicate: original answ
2026-10-02T20:52:23Z 1790974346.117 e6fe83ea6b4a2b7f, [bmcam004] OK id=65048 trg 2 armed: capture + output per mode (next decision point); one action only: mode.media=still, still.message_cap=40 (duplicate: original answ
2026-10-02T20:52:23Z 1790974346.164 e6fe83ea6b4a2b7f, [bmcam004] OK id=65048 trg 2 armed: capture + output per mode (next decision point); one action only: mode.media=still, still.message_cap=40 (duplicate: original answ
2026-10-02T20:52:23Z 1790974346.214 e6fe83ea6b4a2b7f, [bmcam004] OK id=65048 trg 2 armed: capture + output per mode (next decision point); one action only: mode.media=still, still.message_cap=40 (duplicate: original answ
2026-10-02T20:52:23Z 1790974346.265 e6fe83ea6b4a2b7f, [bmcam004] OK id=65048 trg 2 armed: capture + output per mode (next decision point); one action only: mode.media=still, still.message_cap=40 (duplicate: original answ
2026-10-02T20:52:23Z 1790974346.316 e6fe83ea6b4a2b7f, [bmcam004] OK id=65048 trg 2 armed: capture + output per mode (next decision point); one action only: mode.media=still, still.message_cap=40 (duplicate: original answ
2026-10-02T20:52:23Z 1790974346.367 e6fe83ea6b4a2b7f, [bmcam004] OK id=65048 trg 2 armed: capture + output per mode (next decision point); one action only: mode.media=still, still.message_cap=40 (duplicate: original answ
2026-10-02T20:52:23Z 1790974346.425 e6fe83ea6b4a2b7f, [bmcam004] OK id=65048 trg 2 armed: capture + output per mode (next decision point); one action only: mode.media=still, still.message_cap=40 (duplicate: original answ
2026-10-02T20:52:26Z 2026-10-02T20:52:29.093Z [MS] [ERROR] Queue MS_Q_CELLULAR_ONLY is full.
2026-10-02T20:52:26Z 2026-10-02T20:52:29.093Z [MS] [INFO] Error adding message to queue.
2026-10-02T20:52:26Z 2026-10-02T20:52:29.093Z [BM_TX] [ERROR] Unable to submit message to cell-only queue
2026-10-02T20:53:37Z SPOT-31593C > bm pub bmcam/cmd {"id":65049,"c":"set","kv":{"camera.image_processing.hdr":false}} 1 1
2026-10-02T20:53:39Z bm pub bmcam/cmd {"id":65049,"c":"set","kv":{"camera.image_processing.hdr":false}} 1 1
2026-10-02T20:53:39Z 1790974422.378 e6fe83ea6b4a2b7f, [bmcam004] OK id=65049 camera.image_processing.hdr: single-exp -> false (next action) cfg=4deeb108
2026-10-02T20:53:39Z 1790974422.441 e6fe83ea6b4a2b7f, [bmcam004] OK id=65049 camera.image_processing.hdr: single-exp -> false (next action) (duplicate: original answer) cfg=4deeb108
2026-10-02T20:53:39Z 1790974422.492 e6fe83ea6b4a2b7f, [bmcam004] OK id=65049 camera.image_processing.hdr: single-exp -> false (next action) (duplicate: original answer) cfg=4deeb108
2026-10-02T20:53:39Z 1790974422.539 e6fe83ea6b4a2b7f, [bmcam004] OK id=65049 camera.image_processing.hdr: single-exp -> false (next action) (duplicate: original answer) cfg=4deeb108
2026-10-02T20:53:39Z 1790974422.589 e6fe83ea6b4a2b7f, [bmcam004] OK id=65049 camera.image_processing.hdr: single-exp -> false (next action) (duplicate: original answer) cfg=4deeb108
2026-10-02T20:53:40Z 1790974422.640 e6fe83ea6b4a2b7f, [bmcam004] OK id=65049 camera.image_processing.hdr: single-exp -> false (next action) (duplicate: original answer) cfg=4deeb108
2026-10-02T20:53:40Z 1790974422.691 e6fe83ea6b4a2b7f, [bmcam004] OK id=65049 camera.image_processing.hdr: single-exp -> false (next action) (duplicate: original answer) cfg=4deeb108
2026-10-02T20:53:40Z 1790974422.742 e6fe83ea6b4a2b7f, [bmcam004] OK id=65049 camera.image_processing.hdr: single-exp -> false (next action) (duplicate: original answer) cfg=4deeb108
2026-10-02T20:53:40Z 1790974422.960 e6fe83ea6b4a2b7f, [bmcam004] OK id=65049 camera.image_processing.hdr: single-exp -> false (next action) (duplicate: original answer) cfg=4deeb108
2026-10-02T20:53:40Z 1790974423.011 e6fe83ea6b4a2b7f, [bmcam004] OK id=65049 camera.image_processing.hdr: single-exp -> false (next action) (duplicate: original answer) cfg=4deeb108
2026-10-02T20:53:50Z SPOT-31593C > bm pub bmcam/cmd {"id":65050,"c":"trg","v":2,"kv":{"med":"still","m":40}} 1 1
2026-10-02T20:53:51Z bm pub bmcam/cmd {"id":65050,"c":"trg","v":2,"kv":{"med":"still","m":40}} 1 1
2026-10-02T20:53:52Z 1790974434.718 e6fe83ea6b4a2b7f, [bmcam004] OK id=65050 trg 2 armed: capture + output per mode (next decision point); one action only: mode.media=still, still.message_cap=40 cfg=4deeb108
2026-10-02T20:53:52Z 1790974434.781 e6fe83ea6b4a2b7f, [bmcam004] OK id=65050 trg 2 armed: capture + output per mode (next decision point); one action only: mode.media=still, still.message_cap=40 (duplicate: original answ
2026-10-02T20:53:52Z 1790974434.828 e6fe83ea6b4a2b7f, [bmcam004] OK id=65050 trg 2 armed: capture + output per mode (next decision point); one action only: mode.media=still, still.message_cap=40 (duplicate: original answ
2026-10-02T20:53:52Z 1790974434.878 e6fe83ea6b4a2b7f, [bmcam004] OK id=65050 trg 2 armed: capture + output per mode (next decision point); one action only: mode.media=still, still.message_cap=40 (duplicate: original answ
2026-10-02T20:53:52Z 1790974434.929 e6fe83ea6b4a2b7f, [bmcam004] OK id=65050 trg 2 armed: capture + output per mode (next decision point); one action only: mode.media=still, still.message_cap=40 (duplicate: original answ
2026-10-02T20:53:52Z 1790974434.980 e6fe83ea6b4a2b7f, [bmcam004] OK id=65050 trg 2 armed: capture + output per mode (next decision point); one action only: mode.media=still, still.message_cap=40 (duplicate: original answ
2026-10-02T20:53:52Z 1790974435.031 e6fe83ea6b4a2b7f, [bmcam004] OK id=65050 trg 2 armed: capture + output per mode (next decision point); one action only: mode.media=still, still.message_cap=40 (duplicate: original answ
2026-10-02T20:53:52Z 1790974435.089 e6fe83ea6b4a2b7f, [bmcam004] OK id=65050 trg 2 armed: capture + output per mode (next decision point); one action only: mode.media=still, still.message_cap=40 (duplicate: original answ
2026-10-02T20:53:52Z 1790974435.140 e6fe83ea6b4a2b7f, [bmcam004] OK id=65050 trg 2 armed: capture + output per mode (next decision point); one action only: mode.media=still, still.message_cap=40 (duplicate: original answ
2026-10-02T20:53:52Z 1790974435.191 e6fe83ea6b4a2b7f, [bmcam004] OK id=65050 trg 2 armed: capture + output per mode (next decision point); one action only: mode.media=still, still.message_cap=40 (duplicate: original answ
2026-10-02T20:53:56Z 2026-10-02T20:53:59.046Z [MS] [INFO] Added message(id: 3985 len: 263) to queue MS_Q_CELLULAR_ONLY: (1)!
2026-10-02T20:53:56Z 2026-10-02T20:53:59.046Z [BM_TX] [INFO] Submitted spotter/transmit-data message to cell-only queue, Len: 136
2026-10-02T20:53:56Z 2026-10-02T20:53:59.046Z [BM_TX] [DEBUG] Message:
2026-10-02T20:53:56Z  3c 57 53 20 76 3d 31 20
2026-10-02T20:53:56Z  61 3d 63 61 70 20 63 66
2026-10-02T20:53:56Z  67 3d 34 64 65 65 62 31
2026-10-02T20:53:56Z  30 38 20 75 70 3d 32 30
2026-10-02T20:53:56Z  31 33 20 74 7a 3d 41 6d
2026-10-02T20:53:56Z  65 72 69 63 61 2f 4c 6f
2026-10-02T20:53:56Z  73 5f 41 6e 67 65 6c 65
2026-10-02T20:53:56Z  73 20 6c 74 3d 6e 61 20
2026-10-02T20:53:56Z  77 73 3d 30 30 30 30 20
2026-10-02T20:53:56Z  77 65 3d 30 30 30 30 20
2026-10-02T20:53:56Z  72 6b 3d 31 30 30 30 78
2026-10-02T20:53:56Z  35 36 32 20 71 3d 32 30
2026-10-02T20:53:56Z  20 63 74 3d 34 30 2e 32
2026-10-02T20:53:56Z  20 73 68 61 3d 33 34 61
2026-10-02T20:53:56Z  36 32 32 32 65 61 39 34
2026-10-02T20:53:56Z  63 20 68 6e 3d 62 6d 63
2026-10-02T20:53:56Z  61 6d 30 30 34 3e 0a
2026-10-02T20:53:56Z 2026-10-02T20:53:59.105Z [MS] [DEBUG] Notecard is 6.000000 pct full.
2026-10-02T20:53:56Z 2026-10-02T20:53:59.105Z [MS] [DEBUG] Has message 3985 expired? queuedTime: 70014599, now64: 70014657, remaining: 86399942
2026-10-02T20:53:56Z 2026-10-02T20:53:59.105Z [MS] [INFO] Sending Cellular message to Notecard.
2026-10-02T20:53:56Z 2026-10-02T20:53:59.109Z [MS] [INFO] Queuing message 3985 20004E68
2026-10-02T20:55:06Z SPOT-31593C > bm pub bmcam/cmd {"id":65051,"c":"set","kv":{"camera.image_processing.hdr":true}} 1 1
2026-10-02T20:55:08Z bm pub bmcam/cmd {"id":65051,"c":"set","kv":{"camera.image_processing.hdr":true}} 1 1
2026-10-02T20:55:08Z 1790974511.542 e6fe83ea6b4a2b7f, [bmcam004] OK id=65051 camera.image_processing.hdr: false -> true (next action) cfg=e99d3ccd
2026-10-02T20:55:08Z 1790974511.593 e6fe83ea6b4a2b7f, [bmcam004] OK id=65051 camera.image_processing.hdr: false -> true (next action) (duplicate: original answer) cfg=e99d3ccd
2026-10-02T20:55:09Z 1790974511.644 e6fe83ea6b4a2b7f, [bmcam004] OK id=65051 camera.image_processing.hdr: false -> true (next action) (duplicate: original answer) cfg=e99d3ccd
2026-10-02T20:55:09Z 1790974511.695 e6fe83ea6b4a2b7f, [bmcam004] OK id=65051 camera.image_processing.hdr: false -> true (next action) (duplicate: original answer) cfg=e99d3ccd
2026-10-02T20:55:09Z 1790974511.753 e6fe83ea6b4a2b7f, [bmcam004] OK id=65051 camera.image_processing.hdr: false -> true (next action) (duplicate: original answer) cfg=e99d3ccd
2026-10-02T20:55:09Z 1790974511.804 e6fe83ea6b4a2b7f, [bmcam004] OK id=65051 camera.image_processing.hdr: false -> true (next action) (duplicate: original answer) cfg=e99d3ccd
2026-10-02T20:55:09Z 1790974511.855 e6fe83ea6b4a2b7f, [bmcam004] OK id=65051 camera.image_processing.hdr: false -> true (next action) (duplicate: original answer) cfg=e99d3ccd
2026-10-02T20:55:09Z 1790974511.906 e6fe83ea6b4a2b7f, [bmcam004] OK id=65051 camera.image_processing.hdr: false -> true (next action) (duplicate: original answer) cfg=e99d3ccd
2026-10-02T20:55:09Z 1790974511.957 e6fe83ea6b4a2b7f, [bmcam004] OK id=65051 camera.image_processing.hdr: false -> true (next action) (duplicate: original answer) cfg=e99d3ccd
2026-10-02T20:55:09Z 1790974512.003 e6fe83ea6b4a2b7f, [bmcam004] OK id=65051 camera.image_processing.hdr: false -> true (next action) (duplicate: original answer) cfg=e99d3ccd
2026-10-02T20:55:19Z SPOT-31593C > bm pub bmcam/cmd {"id":65052,"c":"trg","v":2,"kv":{"med":"still","m":40}} 1 1
2026-10-02T20:55:20Z bm pub bmcam/cmd {"id":65052,"c":"trg","v":2,"kv":{"med":"still","m":40}} 1 1
2026-10-02T20:55:20Z 1790974523.523 e6fe83ea6b4a2b7f, [bmcam004] OK id=65052 trg 2 armed: capture + output per mode (next decision point); one action only: mode.media=still, still.message_cap=40 cfg=e99d3ccd
2026-10-02T20:55:20Z 1790974523.574 e6fe83ea6b4a2b7f, [bmcam004] OK id=65052 trg 2 armed: capture + output per mode (next decision point); one action only: mode.media=still, still.message_cap=40 (duplicate: original answ
2026-10-02T20:55:20Z 1790974523.625 e6fe83ea6b4a2b7f, [bmcam004] OK id=65052 trg 2 armed: capture + output per mode (next decision point); one action only: mode.media=still, still.message_cap=40 (duplicate: original answ
2026-10-02T20:55:21Z 1790974523.671 e6fe83ea6b4a2b7f, [bmcam004] OK id=65052 trg 2 armed: capture + output per mode (next decision point); one action only: mode.media=still, still.message_cap=40 (duplicate: original answ
2026-10-02T20:55:21Z 1790974523.734 e6fe83ea6b4a2b7f, [bmcam004] OK id=65052 trg 2 armed: capture + output per mode (next decision point); one action only: mode.media=still, still.message_cap=40 (duplicate: original answ
2026-10-02T20:55:21Z 1790974523.785 e6fe83ea6b4a2b7f, [bmcam004] OK id=65052 trg 2 armed: capture + output per mode (next decision point); one action only: mode.media=still, still.message_cap=40 (duplicate: original answ
2026-10-02T20:55:21Z 1790974523.832 e6fe83ea6b4a2b7f, [bmcam004] OK id=65052 trg 2 armed: capture + output per mode (next decision point); one action only: mode.media=still, still.message_cap=40 (duplicate: original answ
2026-10-02T20:55:21Z 1790974523.882 e6fe83ea6b4a2b7f, [bmcam004] OK id=65052 trg 2 armed: capture + output per mode (next decision point); one action only: mode.media=still, still.message_cap=40 (duplicate: original answ
2026-10-02T20:55:21Z 1790974523.933 e6fe83ea6b4a2b7f, [bmcam004] OK id=65052 trg 2 armed: capture + output per mode (next decision point); one action only: mode.media=still, still.message_cap=40 (duplicate: original answ
2026-10-02T20:55:21Z 1790974523.984 e6fe83ea6b4a2b7f, [bmcam004] OK id=65052 trg 2 armed: capture + output per mode (next decision point); one action only: mode.media=still, still.message_cap=40 (duplicate: original answ
2026-10-02T20:55:22Z 2026-10-02T20:55:25.410Z [BRIDGE_CFG] [INFO] Bridge topology in topology sampler:
2026-10-02T20:55:22Z 2026-10-02T20:55:25.414Z [BRIDGE_CFG] [INFO] 0e582dd12c1e1480
2026-10-02T20:55:22Z 2026-10-02T20:55:25.417Z [BRIDGE_CFG] [INFO] e6fe83ea6b4a2b7f
2026-10-02T20:55:22Z 2026-10-02T20:55:25.421Z [BRIDGE_SYS] [INFO] Checking CRC in report builder!
2026-10-02T20:55:22Z 2026-10-02T20:55:25.421Z [BRIDGE_SYS] [INFO] Got CRC f3b914aa OLD CRC f3b914aa
2026-10-02T20:55:22Z 2026-10-02T20:55:25.425Z [BRIDGE_SYS] [INFO] CRCs match, not updating
2026-10-02T20:55:26Z 2026-10-02T20:55:29.031Z [MS] [INFO] Added message(id: 4025 len: 263) to queue MS_Q_CELLULAR_ONLY: (1)!
2026-10-02T20:55:26Z 2026-10-02T20:55:29.031Z [BM_TX] [INFO] Submitted spotter/transmit-data message to cell-only queue, Len: 136
2026-10-02T20:55:26Z 2026-10-02T20:55:29.035Z [BM_TX] [DEBUG] Message:
2026-10-02T20:55:26Z  3c 57 53 20 76 3d 31 20
2026-10-02T20:55:26Z  61 3d 63 61 70 20 63 66
2026-10-02T20:55:26Z  67 3d 65 39 39 64 33 63
2026-10-02T20:55:26Z  63 64 20 75 70 3d 32 31
2026-10-02T20:55:26Z  30 33 20 74 7a 3d 41 6d
2026-10-02T20:55:26Z  65 72 69 63 61 2f 4c 6f
2026-10-02T20:55:26Z  73 5f 41 6e 67 65 6c 65
2026-10-02T20:55:26Z  73 20 6c 74 3d 6e 61 20
2026-10-02T20:55:26Z  77 73 3d 30 30 30 30 20
2026-10-02T20:55:26Z  77 65 3d 30 30 30 30 20
2026-10-02T20:55:26Z  72 6b 3d 31 30 30 30 78
2026-10-02T20:55:26Z  35 36 32 20 71 3d 32 30
2026-10-02T20:55:26Z  20 63 74 3d 33 39 2e 37
2026-10-02T20:55:26Z  20 73 68 61 3d 33 34 61
2026-10-02T20:55:26Z  36 32 32 32 65 61 39 34
2026-10-02T20:55:26Z  63 20 68 6e 3d 62 6d 63
2026-10-02T20:55:26Z  61 6d 30 30 34 3e 0a
2026-10-02T20:55:26Z 2026-10-02T20:55:29.089Z [MS] [DEBUG] Notecard is 8.000000 pct full.
2026-10-02T20:55:26Z 2026-10-02T20:55:29.089Z [MS] [DEBUG] Has message 4025 expired? queuedTime: 70104600, now64: 70104656, remaining: 86399944
2026-10-02T20:55:26Z 2026-10-02T20:55:29.089Z [MS] [INFO] Sending Cellular message to Notecard.
2026-10-02T20:55:26Z 2026-10-02T20:55:29.089Z [MS] [INFO] Queuing message 4025 20004E68
2026-10-02T20:56:47Z SPOT-31593C > bm pub bmcam/cmd {"id":65053,"c":"reset","k":["camera.image_processing.hdr"]} 1 1
2026-10-02T20:56:49Z bm pub bmcam/cmd {"id":65053,"c":"reset","k":["camera.image_processing.hdr"]} 1 1
2026-10-02T20:56:49Z 1790974612.191 e6fe83ea6b4a2b7f, [bmcam004] OK id=65053 reset camera.image_processing.hdr -> YAML cfg=54d904b7
2026-10-02T20:56:49Z 1790974612.250 e6fe83ea6b4a2b7f, [bmcam004] OK id=65053 reset camera.image_processing.hdr -> YAML (duplicate: original answer) cfg=54d904b7
2026-10-02T20:56:49Z 1790974612.300 e6fe83ea6b4a2b7f, [bmcam004] OK id=65053 reset camera.image_processing.hdr -> YAML (duplicate: original answer) cfg=54d904b7
2026-10-02T20:56:49Z 1790974612.351 e6fe83ea6b4a2b7f, [bmcam004] OK id=65053 reset camera.image_processing.hdr -> YAML (duplicate: original answer) cfg=54d904b7
2026-10-02T20:56:49Z 1790974612.402 e6fe83ea6b4a2b7f, [bmcam004] OK id=65053 reset camera.image_processing.hdr -> YAML (duplicate: original answer) cfg=54d904b7
2026-10-02T20:56:49Z 1790974612.449 e6fe83ea6b4a2b7f, [bmcam004] OK id=65053 reset camera.image_processing.hdr -> YAML (duplicate: original answer) cfg=54d904b7
2026-10-02T20:56:49Z 1790974612.500 e6fe83ea6b4a2b7f, [bmcam004] OK id=65053 reset camera.image_processing.hdr -> YAML (duplicate: original answer) cfg=54d904b7
2026-10-02T20:56:49Z 1790974612.550 e6fe83ea6b4a2b7f, [bmcam004] OK id=65053 reset camera.image_processing.hdr -> YAML (duplicate: original answer) cfg=54d904b7
2026-10-02T20:56:50Z 1790974612.769 e6fe83ea6b4a2b7f, [bmcam004] OK id=65053 reset camera.image_processing.hdr -> YAML (duplicate: original answer) cfg=54d904b7
2026-10-02T20:56:50Z 1790974612.820 e6fe83ea6b4a2b7f, [bmcam004] OK id=65053 reset camera.image_processing.hdr -> YAML (duplicate: original answer) cfg=54d904b7
2026-10-02T20:56:57Z SPOT-31593C > bm pub bmcam/cmd {"id":65054,"c":"set","kv":{"camera.image_processing.contrast":3}} 1 1
2026-10-02T20:56:58Z bm pub bmcam/cmd {"id":65054,"c":"set","kv":{"camera.image_processing.contrast":3}} 1 1
2026-10-02T20:56:59Z 1790974621.718 e6fe83ea6b4a2b7f, [bmcam004] REJECTED id=65054 must be in 0.5..2.0 e=val k=camera.image_processing.contrast cfg=54d904b7
2026-10-02T20:56:59Z 1790974621.777 e6fe83ea6b4a2b7f, [bmcam004] REJECTED id=65054 (duplicate: original answer) e=val k=camera.image_processing.contrast cfg=54d904b7
2026-10-02T20:56:59Z 1790974621.828 e6fe83ea6b4a2b7f, [bmcam004] REJECTED id=65054 (duplicate: original answer) e=val k=camera.image_processing.contrast cfg=54d904b7
2026-10-02T20:56:59Z 1790974621.878 e6fe83ea6b4a2b7f, [bmcam004] REJECTED id=65054 (duplicate: original answer) e=val k=camera.image_processing.contrast cfg=54d904b7
2026-10-02T20:56:59Z 1790974621.929 e6fe83ea6b4a2b7f, [bmcam004] REJECTED id=65054 (duplicate: original answer) e=val k=camera.image_processing.contrast cfg=54d904b7
2026-10-02T20:56:59Z 1790974621.976 e6fe83ea6b4a2b7f, [bmcam004] REJECTED id=65054 (duplicate: original answer) e=val k=camera.image_processing.contrast cfg=54d904b7
2026-10-02T20:56:59Z 1790974622.027 e6fe83ea6b4a2b7f, [bmcam004] REJECTED id=65054 (duplicate: original answer) e=val k=camera.image_processing.contrast cfg=54d904b7
2026-10-02T20:56:59Z 1790974622.078 e6fe83ea6b4a2b7f, [bmcam004] REJECTED id=65054 (duplicate: original answer) e=val k=camera.image_processing.contrast cfg=54d904b7
2026-10-02T20:56:59Z 1790974622.128 e6fe83ea6b4a2b7f, [bmcam004] REJECTED id=65054 (duplicate: original answer) e=val k=camera.image_processing.contrast cfg=54d904b7
2026-10-02T20:56:59Z 1790974622.179 e6fe83ea6b4a2b7f, [bmcam004] REJECTED id=65054 (duplicate: original answer) e=val k=camera.image_processing.contrast cfg=54d904b7
2026-10-02T20:57:07Z SPOT-31593C > bm pub bmcam/cmd {"id":65055,"c":"set","kv":{"camera.image_processing.saturation":3}} 1 1
2026-10-02T20:57:08Z bm pub bmcam/cmd {"id":65055,"c":"set","kv":{"camera.image_processing.saturation":3}} 1 1
2026-10-02T20:57:08Z 1790974631.128 e6fe83ea6b4a2b7f, [bmcam004] REJECTED id=65055 must be in 0.0..2.0 e=val k=camera.image_processing.saturation cfg=54d904b7
2026-10-02T20:57:08Z 1790974631.179 e6fe83ea6b4a2b7f, [bmcam004] REJECTED id=65055 (duplicate: original answer) e=val k=camera.image_processing.saturation cfg=54d904b7
2026-10-02T20:57:08Z 1790974631.226 e6fe83ea6b4a2b7f, [bmcam004] REJECTED id=65055 (duplicate: original answer) e=val k=camera.image_processing.saturation cfg=54d904b7
2026-10-02T20:57:08Z 1790974631.277 e6fe83ea6b4a2b7f, [bmcam004] REJECTED id=65055 (duplicate: original answer) e=val k=camera.image_processing.saturation cfg=54d904b7
2026-10-02T20:57:08Z 1790974631.328 e6fe83ea6b4a2b7f, [bmcam004] REJECTED id=65055 (duplicate: original answer) e=val k=camera.image_processing.saturation cfg=54d904b7
2026-10-02T20:57:08Z 1790974631.378 e6fe83ea6b4a2b7f, [bmcam004] REJECTED id=65055 (duplicate: original answer) e=val k=camera.image_processing.saturation cfg=54d904b7
2026-10-02T20:57:08Z 1790974631.429 e6fe83ea6b4a2b7f, [bmcam004] REJECTED id=65055 (duplicate: original answer) e=val k=camera.image_processing.saturation cfg=54d904b7
2026-10-02T20:57:08Z 1790974631.476 e6fe83ea6b4a2b7f, [bmcam004] REJECTED id=65055 (duplicate: original answer) e=val k=camera.image_processing.saturation cfg=54d904b7
2026-10-02T20:57:08Z 1790974631.539 e6fe83ea6b4a2b7f, [bmcam004] REJECTED id=65055 (duplicate: original answer) e=val k=camera.image_processing.saturation cfg=54d904b7
2026-10-02T20:57:08Z 1790974631.585 e6fe83ea6b4a2b7f, [bmcam004] REJECTED id=65055 (duplicate: original answer) e=val k=camera.image_processing.saturation cfg=54d904b7
2026-10-02T20:57:16Z SPOT-31593C > bm pub bmcam/cmd {"id":65056,"c":"set","kv":{"camera.image_processing.brightness":0.5}} 1 1
2026-10-02T20:57:17Z bm pub bmcam/cmd {"id":65056,"c":"set","kv":{"camera.image_processing.brightness":0.5}} 1 1
2026-10-02T20:57:18Z 1790974640.503 e6fe83ea6b4a2b7f, [bmcam004] REJECTED id=65056 must be in -0.25..0.25 e=val k=camera.image_processing.brightness cfg=54d904b7
2026-10-02T20:57:18Z 1790974640.566 e6fe83ea6b4a2b7f, [bmcam004] REJECTED id=65056 (duplicate: original answer) e=val k=camera.image_processing.brightness cfg=54d904b7
2026-10-02T20:57:18Z 1790974640.617 e6fe83ea6b4a2b7f, [bmcam004] REJECTED id=65056 (duplicate: original answer) e=val k=camera.image_processing.brightness cfg=54d904b7
2026-10-02T20:57:18Z 1790974640.664 e6fe83ea6b4a2b7f, [bmcam004] REJECTED id=65056 (duplicate: original answer) e=val k=camera.image_processing.brightness cfg=54d904b7
2026-10-02T20:57:18Z 1790974640.714 e6fe83ea6b4a2b7f, [bmcam004] REJECTED id=65056 (duplicate: original answer) e=val k=camera.image_processing.brightness cfg=54d904b7
2026-10-02T20:57:18Z 1790974640.765 e6fe83ea6b4a2b7f, [bmcam004] REJECTED id=65056 (duplicate: original answer) e=val k=camera.image_processing.brightness cfg=54d904b7
2026-10-02T20:57:18Z 1790974640.816 e6fe83ea6b4a2b7f, [bmcam004] REJECTED id=65056 (duplicate: original answer) e=val k=camera.image_processing.brightness cfg=54d904b7
2026-10-02T20:57:18Z 1790974640.867 e6fe83ea6b4a2b7f, [bmcam004] REJECTED id=65056 (duplicate: original answer) e=val k=camera.image_processing.brightness cfg=54d904b7
2026-10-02T20:57:18Z 1790974641.085 e6fe83ea6b4a2b7f, [bmcam004] REJECTED id=65056 (duplicate: original answer) e=val k=camera.image_processing.brightness cfg=54d904b7
2026-10-02T20:57:18Z 1790974641.136 e6fe83ea6b4a2b7f, [bmcam004] REJECTED id=65056 (duplicate: original answer) e=val k=camera.image_processing.brightness cfg=54d904b7
2026-10-02T20:57:22Z 2026-10-02T20:57:25.406Z [BRIDGE_CFG] [INFO] Bridge topology in topology sampler:
2026-10-02T20:57:22Z 2026-10-02T20:57:25.414Z [BRIDGE_CFG] [INFO] 0e582dd12c1e1480
2026-10-02T20:57:22Z 2026-10-02T20:57:25.414Z [BRIDGE_CFG] [INFO] e6fe83ea6b4a2b7f
2026-10-02T20:57:22Z 2026-10-02T20:57:25.417Z [BRIDGE_SYS] [INFO] Checking CRC in report builder!
2026-10-02T20:57:22Z 2026-10-02T20:57:25.417Z [BRIDGE_SYS] [INFO] Got CRC f3b914aa OLD CRC f3b914aa
2026-10-02T20:57:22Z 2026-10-02T20:57:25.421Z [BRIDGE_SYS] [INFO] CRCs match, not updating
2026-10-02T20:57:26Z SPOT-31593C > bm pub bmcam/cmd {"id":65057,"c":"set","kv":{"camera.image_processing.contrast":0.49}} 1 1
2026-10-02T20:57:27Z bm pub bmcam/cmd {"id":65057,"c":"set","kv":{"camera.image_processing.contrast":0.49}} 1 1
2026-10-02T20:57:27Z 1790974650.273 e6fe83ea6b4a2b7f, [bmcam004] REJECTED id=65057 must be in 0.5..2.0 e=val k=camera.image_processing.contrast cfg=54d904b7
2026-10-02T20:57:27Z 1790974650.324 e6fe83ea6b4a2b7f, [bmcam004] REJECTED id=65057 (duplicate: original answer) e=val k=camera.image_processing.contrast cfg=54d904b7
2026-10-02T20:57:27Z 1790974650.375 e6fe83ea6b4a2b7f, [bmcam004] REJECTED id=65057 (duplicate: original answer) e=val k=camera.image_processing.contrast cfg=54d904b7
2026-10-02T20:57:27Z 1790974650.421 e6fe83ea6b4a2b7f, [bmcam004] REJECTED id=65057 (duplicate: original answer) e=val k=camera.image_processing.contrast cfg=54d904b7
2026-10-02T20:57:27Z 1790974650.472 e6fe83ea6b4a2b7f, [bmcam004] REJECTED id=65057 (duplicate: original answer) e=val k=camera.image_processing.contrast cfg=54d904b7
2026-10-02T20:57:27Z 1790974650.523 e6fe83ea6b4a2b7f, [bmcam004] REJECTED id=65057 (duplicate: original answer) e=val k=camera.image_processing.contrast cfg=54d904b7
2026-10-02T20:57:28Z 1790974650.574 e6fe83ea6b4a2b7f, [bmcam004] REJECTED id=65057 (duplicate: original answer) e=val k=camera.image_processing.contrast cfg=54d904b7
2026-10-02T20:57:28Z 1790974650.625 e6fe83ea6b4a2b7f, [bmcam004] REJECTED id=65057 (duplicate: original answer) e=val k=camera.image_processing.contrast cfg=54d904b7
2026-10-02T20:57:28Z 1790974650.683 e6fe83ea6b4a2b7f, [bmcam004] REJECTED id=65057 (duplicate: original answer) e=val k=camera.image_processing.contrast cfg=54d904b7
2026-10-02T20:57:28Z 1790974650.734 e6fe83ea6b4a2b7f, [bmcam004] REJECTED id=65057 (duplicate: original answer) e=val k=camera.image_processing.contrast cfg=54d904b7
2026-10-02T20:57:35Z SPOT-31593C > bm pub bmcam/cmd {"id":65058,"c":"set","kv":{"camera.image_processing.saturation":2.01}} 1 1
2026-10-02T20:57:36Z bm pub bmcam/cmd {"id":65058,"c":"set","kv":{"camera.image_processing.saturation":2.01}} 1 1
2026-10-02T20:57:36Z 1790974659.472 e6fe83ea6b4a2b7f, [bmcam004] REJECTED id=65058 must be in 0.0..2.0 e=val k=camera.image_processing.saturation cfg=54d904b7
2026-10-02T20:57:36Z 1790974659.523 e6fe83ea6b4a2b7f, [bmcam004] REJECTED id=65058 (duplicate: original answer) e=val k=camera.image_processing.saturation cfg=54d904b7
2026-10-02T20:57:36Z 1790974659.574 e6fe83ea6b4a2b7f, [bmcam004] REJECTED id=65058 (duplicate: original answer) e=val k=camera.image_processing.saturation cfg=54d904b7
2026-10-02T20:57:37Z 1790974659.621 e6fe83ea6b4a2b7f, [bmcam004] REJECTED id=65058 (duplicate: original answer) e=val k=camera.image_processing.saturation cfg=54d904b7
2026-10-02T20:57:37Z 1790974659.671 e6fe83ea6b4a2b7f, [bmcam004] REJECTED id=65058 (duplicate: original answer) e=val k=camera.image_processing.saturation cfg=54d904b7
2026-10-02T20:57:37Z 1790974659.722 e6fe83ea6b4a2b7f, [bmcam004] REJECTED id=65058 (duplicate: original answer) e=val k=camera.image_processing.saturation cfg=54d904b7
2026-10-02T20:57:37Z 1790974659.773 e6fe83ea6b4a2b7f, [bmcam004] REJECTED id=65058 (duplicate: original answer) e=val k=camera.image_processing.saturation cfg=54d904b7
2026-10-02T20:57:37Z 1790974659.832 e6fe83ea6b4a2b7f, [bmcam004] REJECTED id=65058 (duplicate: original answer) e=val k=camera.image_processing.saturation cfg=54d904b7
2026-10-02T20:57:37Z 1790974659.882 e6fe83ea6b4a2b7f, [bmcam004] REJECTED id=65058 (duplicate: original answer) e=val k=camera.image_processing.saturation cfg=54d904b7
2026-10-02T20:57:37Z 1790974659.933 e6fe83ea6b4a2b7f, [bmcam004] REJECTED id=65058 (duplicate: original answer) e=val k=camera.image_processing.saturation cfg=54d904b7
2026-10-02T20:57:45Z SPOT-31593C > bm pub bmcam/cmd {"id":65059,"c":"set","kv":{"camera.image_processing.brightness":-0.26}} 1 1
2026-10-02T20:57:46Z bm pub bmcam/cmd {"id":65059,"c":"set","kv":{"camera.image_processing.brightness":-0.26}} 1 1
2026-10-02T20:57:46Z 1790974669.261 e6fe83ea6b4a2b7f, [bmcam004] REJECTED id=65059 must be in -0.25..0.25 e=val k=camera.image_processing.brightness cfg=54d904b7
2026-10-02T20:57:46Z 1790974669.308 e6fe83ea6b4a2b7f, [bmcam004] REJECTED id=65059 (duplicate: original answer) e=val k=camera.image_processing.brightness cfg=54d904b7
2026-10-02T20:57:46Z 1790974669.359 e6fe83ea6b4a2b7f, [bmcam004] REJECTED id=65059 (duplicate: original answer) e=val k=camera.image_processing.brightness cfg=54d904b7
2026-10-02T20:57:46Z 1790974669.410 e6fe83ea6b4a2b7f, [bmcam004] REJECTED id=65059 (duplicate: original answer) e=val k=camera.image_processing.brightness cfg=54d904b7
2026-10-02T20:57:46Z 1790974669.468 e6fe83ea6b4a2b7f, [bmcam004] REJECTED id=65059 (duplicate: original answer) e=val k=camera.image_processing.brightness cfg=54d904b7
2026-10-02T20:57:46Z 1790974669.519 e6fe83ea6b4a2b7f, [bmcam004] REJECTED id=65059 (duplicate: original answer) e=val k=camera.image_processing.brightness cfg=54d904b7
2026-10-02T20:57:46Z 1790974669.570 e6fe83ea6b4a2b7f, [bmcam004] REJECTED id=65059 (duplicate: original answer) e=val k=camera.image_processing.brightness cfg=54d904b7
2026-10-02T20:57:47Z 1790974669.621 e6fe83ea6b4a2b7f, [bmcam004] REJECTED id=65059 (duplicate: original answer) e=val k=camera.image_processing.brightness cfg=54d904b7
2026-10-02T20:57:47Z 1790974669.671 e6fe83ea6b4a2b7f, [bmcam004] REJECTED id=65059 (duplicate: original answer) e=val k=camera.image_processing.brightness cfg=54d904b7
2026-10-02T20:57:47Z 1790974669.718 e6fe83ea6b4a2b7f, [bmcam004] REJECTED id=65059 (duplicate: original answer) e=val k=camera.image_processing.brightness cfg=54d904b7
2026-10-02T20:57:54Z SPOT-31593C > bm pub bmcam/cmd {"id":65060,"c":"set","kv":{"camera.image_processing.sharpness":16.01}} 1 1
2026-10-02T20:57:55Z bm pub bmcam/cmd {"id":65060,"c":"set","kv":{"camera.image_processing.sharpness":16.01}} 1 1
2026-10-02T20:57:55Z 1790974678.238 e6fe83ea6b4a2b7f, [bmcam004] REJECTED id=65060 must be in 0.0..16.0 e=val k=camera.image_processing.sharpness cfg=54d904b7
2026-10-02T20:57:55Z 1790974678.300 e6fe83ea6b4a2b7f, [bmcam004] REJECTED id=65060 (duplicate: original answer) e=val k=camera.image_processing.sharpness cfg=54d904b7
2026-10-02T20:57:55Z 1790974678.351 e6fe83ea6b4a2b7f, [bmcam004] REJECTED id=65060 (duplicate: original answer) e=val k=camera.image_processing.sharpness cfg=54d904b7
2026-10-02T20:57:55Z 1790974678.398 e6fe83ea6b4a2b7f, [bmcam004] REJECTED id=65060 (duplicate: original answer) e=val k=camera.image_processing.sharpness cfg=54d904b7
2026-10-02T20:57:55Z 1790974678.449 e6fe83ea6b4a2b7f, [bmcam004] REJECTED id=65060 (duplicate: original answer) e=val k=camera.image_processing.sharpness cfg=54d904b7
2026-10-02T20:57:55Z 1790974678.500 e6fe83ea6b4a2b7f, [bmcam004] REJECTED id=65060 (duplicate: original answer) e=val k=camera.image_processing.sharpness cfg=54d904b7
2026-10-02T20:57:55Z 1790974678.550 e6fe83ea6b4a2b7f, [bmcam004] REJECTED id=65060 (duplicate: original answer) e=val k=camera.image_processing.sharpness cfg=54d904b7
2026-10-02T20:57:55Z 1790974678.625 e6fe83ea6b4a2b7f, [bmcam004] REJECTED id=65060 (duplicate: original answer) e=val k=camera.image_processing.sharpness cfg=54d904b7
2026-10-02T20:57:56Z 1790974678.816 e6fe83ea6b4a2b7f, [bmcam004] REJECTED id=65060 (duplicate: original answer) e=val k=camera.image_processing.sharpness cfg=54d904b7
2026-10-02T20:57:56Z 1790974678.867 e6fe83ea6b4a2b7f, [bmcam004] REJECTED id=65060 (duplicate: original answer) e=val k=camera.image_processing.sharpness cfg=54d904b7
2026-10-02T20:58:03Z SPOT-31593C > bm pub bmcam/cmd {"id":65061,"c":"set","kv":{"video.record.encoder.sharpness":1.0}} 1 1
2026-10-02T20:58:04Z bm pub bmcam/cmd {"id":65061,"c":"set","kv":{"video.record.encoder.sharpness":1.0}} 1 1
2026-10-02T20:58:05Z 1790974687.800 e6fe83ea6b4a2b7f, [bmcam004] REJECTED id=65061 'video.record.encoder.sharpness' is not a setting e=key k=video.record.encoder.sharpness cfg=54d904b7
2026-10-02T20:58:05Z 1790974687.847 e6fe83ea6b4a2b7f, [bmcam004] REJECTED id=65061 (duplicate: original answer) e=key k=video.record.encoder.sharpness cfg=54d904b7
2026-10-02T20:58:05Z 1790974687.898 e6fe83ea6b4a2b7f, [bmcam004] REJECTED id=65061 (duplicate: original answer) e=key k=video.record.encoder.sharpness cfg=54d904b7
2026-10-02T20:58:05Z 1790974687.949 e6fe83ea6b4a2b7f, [bmcam004] REJECTED id=65061 (duplicate: original answer) e=key k=video.record.encoder.sharpness cfg=54d904b7
2026-10-02T20:58:05Z 1790974688.000 e6fe83ea6b4a2b7f, [bmcam004] REJECTED id=65061 (duplicate: original answer) e=key k=video.record.encoder.sharpness cfg=54d904b7
2026-10-02T20:58:05Z 1790974688.046 e6fe83ea6b4a2b7f, [bmcam004] REJECTED id=65061 (duplicate: original answer) e=key k=video.record.encoder.sharpness cfg=54d904b7
2026-10-02T20:58:05Z 1790974688.097 e6fe83ea6b4a2b7f, [bmcam004] REJECTED id=65061 (duplicate: original answer) e=key k=video.record.encoder.sharpness cfg=54d904b7
2026-10-02T20:58:05Z 1790974688.156 e6fe83ea6b4a2b7f, [bmcam004] REJECTED id=65061 (duplicate: original answer) e=key k=video.record.encoder.sharpness cfg=54d904b7
2026-10-02T20:58:05Z 1790974688.207 e6fe83ea6b4a2b7f, [bmcam004] REJECTED id=65061 (duplicate: original answer) e=key k=video.record.encoder.sharpness cfg=54d904b7
2026-10-02T20:58:05Z 1790974688.257 e6fe83ea6b4a2b7f, [bmcam004] REJECTED id=65061 (duplicate: original answer) e=key k=video.record.encoder.sharpness cfg=54d904b7
2026-10-02T20:58:34Z SPOT-31593C > bm pub bmcam/cmd {"id":65070,"c":"trg","v":2,"kv":{"m":80}} 1 1
2026-10-02T20:58:36Z bm pub bmcam/cmd {"id":65070,"c":"trg","v":2,"kv":{"m":80}} 1 1
2026-10-02T20:58:36Z 1790974719.203 e6fe83ea6b4a2b7f, [bmcam004] OK id=65070 trg 2 armed: capture + output per mode (next decision point); one action only: video.send.message_cap=80 cfg=54d904b7
2026-10-02T20:58:36Z 1790974719.261 e6fe83ea6b4a2b7f, [bmcam004] OK id=65070 trg 2 armed: capture + output per mode (next decision point); one action only: video.send.message_cap=80 (duplicate: original answer) cfg=54d90
2026-10-02T20:58:36Z 1790974719.312 e6fe83ea6b4a2b7f, [bmcam004] OK id=65070 trg 2 armed: capture + output per mode (next decision point); one action only: video.send.message_cap=80 (duplicate: original answer) cfg=54d90
2026-10-02T20:58:36Z 1790974719.363 e6fe83ea6b4a2b7f, [bmcam004] OK id=65070 trg 2 armed: capture + output per mode (next decision point); one action only: video.send.message_cap=80 (duplicate: original answer) cfg=54d90
2026-10-02T20:58:36Z 1790974719.410 e6fe83ea6b4a2b7f, [bmcam004] OK id=65070 trg 2 armed: capture + output per mode (next decision point); one action only: video.send.message_cap=80 (duplicate: original answer) cfg=54d90
2026-10-02T20:58:36Z 1790974719.460 e6fe83ea6b4a2b7f, [bmcam004] OK id=65070 trg 2 armed: capture + output per mode (next decision point); one action only: video.send.message_cap=80 (duplicate: original answer) cfg=54d90
2026-10-02T20:58:36Z 1790974719.511 e6fe83ea6b4a2b7f, [bmcam004] OK id=65070 trg 2 armed: capture + output per mode (next decision point); one action only: video.send.message_cap=80 (duplicate: original answer) cfg=54d90
2026-10-02T20:58:36Z 1790974719.562 e6fe83ea6b4a2b7f, [bmcam004] OK id=65070 trg 2 armed: capture + output per mode (next decision point); one action only: video.send.message_cap=80 (duplicate: original answer) cfg=54d90
2026-10-02T20:58:37Z 1790974719.613 e6fe83ea6b4a2b7f, [bmcam004] OK id=65070 trg 2 armed: capture + output per mode (next decision point); one action only: video.send.message_cap=80 (duplicate: original answer) cfg=54d90
2026-10-02T20:58:37Z 1790974719.671 e6fe83ea6b4a2b7f, [bmcam004] OK id=65070 trg 2 armed: capture + output per mode (next decision point); one action only: video.send.message_cap=80 (duplicate: original answer) cfg=54d90
2026-10-02T20:59:02Z SPOT-33507C > bridge cfg get c3c564b91856226c s bridgePowerControllerEnabled
2026-10-02T20:59:03Z bridge cfg get c3c564b91856226c s bridgePowerControllerEnabled
2026-10-02T20:59:03Z Succesfully sent config get msg
2026-10-02T20:59:03Z 2026-10-02T20:59:06.046Z [BRIDGE_CFG] [INFO] Node ID: 0000000000000000 Partition: system Value: 0
2026-10-02T20:59:07Z SPOT-33507C > bridge cfg get c3c564b91856226c s sampleIntervalMs
2026-10-02T20:59:07Z 2026-10-02T20:59:10.062Z [BRIDGE_CFG] [INFO] Bridge topology in topology sampler:
2026-10-02T20:59:07Z 2026-10-02T20:59:10.070Z [BRIDGE_CFG] [INFO] c3c564b91856226c
2026-10-02T20:59:07Z 2026-10-02T20:59:10.074Z [BRIDGE_CFG] [INFO] 53171fa3d81a8e6f
2026-10-02T20:59:07Z 2026-10-02T20:59:10.074Z [BRIDGE_SYS] [INFO] Checking CRC in report builder!
2026-10-02T20:59:07Z 2026-10-02T20:59:10.078Z [BRIDGE_SYS] [INFO] Got CRC ba829098 OLD CRC ba829098
2026-10-02T20:59:07Z 2026-10-02T20:59:10.078Z [BRIDGE_SYS] [INFO] CRCs match, not updating
2026-10-02T20:59:08Z bridge cfg get c3c564b91856226c s sampleIntervalMs
2026-10-02T20:59:08Z Succesfully sent config get msg
2026-10-02T20:59:08Z 2026-10-02T20:59:10.265Z [BRIDGE_CFG] [INFO] Node ID: 0000000000000000 Partition: system Value: 3600000
2026-10-02T20:59:11Z SPOT-33507C > bridge cfg get c3c564b91856226c s sampleDurationMs
2026-10-02T20:59:12Z bridge cfg get c3c564b91856226c s sampleDurationMs
2026-10-02T20:59:12Z Succesfully sent config get msg
2026-10-02T20:59:12Z 2026-10-02T20:59:14.687Z [BRIDGE_CFG] [INFO] Node ID: 0000000000000000 Partition: system Value: 600000
2026-10-02T20:59:15Z SPOT-33507C > bridge cfg get c3c564b91856226c s bridgePowerControllerEnabled
2026-10-02T20:59:16Z bridge cfg get c3c564b91856226c s bridgePowerControllerEnabled
2026-10-02T20:59:16Z Succesfully sent config get msg
2026-10-02T20:59:16Z 2026-10-02T20:59:18.910Z [BRIDGE_CFG] [INFO] Node ID: 0000000000000000 Partition: system Value: 0
2026-10-02T20:59:20Z SPOT-33507C > bridge cfg get c3c564b91856226c s sampleIntervalMs
2026-10-02T20:59:21Z bridge cfg get c3c564b91856226c s sampleIntervalMs
2026-10-02T20:59:21Z Succesfully sent config get msg
2026-10-02T20:59:21Z 2026-10-02T20:59:23.324Z [BRIDGE_CFG] [INFO] Node ID: 0000000000000000 Partition: system Value: 3600000
2026-10-02T20:59:24Z SPOT-33507C > bridge cfg get c3c564b91856226c s sampleDurationMs
2026-10-02T20:59:25Z bridge cfg get c3c564b91856226c s sampleDurationMs
2026-10-02T20:59:25Z Succesfully sent config get msg
2026-10-02T20:59:25Z 2026-10-02T20:59:27.742Z [BRIDGE_CFG] [INFO] Node ID: 0000000000000000 Partition: system Value: 600000
2026-10-02T20:59:28Z SPOT-33507C > bridge cfg set c3c564b91856226c s u bridgePowerControllerEnabled 1
2026-10-02T20:59:29Z bridge cfg set c3c564b91856226c s u bridgePowerControllerEnabled 1
2026-10-02T20:59:29Z Succesfully sent config set msg
2026-10-02T20:59:29Z 2026-10-02T20:59:31.964Z [BRIDGE_CFG] [INFO] Node ID: 0000000000000000 Partition: system Value: 1
2026-10-02T20:59:34Z SPOT-33507C > bridge cfg commit c3c564b91856226c s
2026-10-02T20:59:35Z bridge cfg commit c3c564b91856226c s
2026-10-02T20:59:35Z Succesfull config commit send
2026-10-02T20:59:36Z 2026-10-02T20:59:38.707Z [BRIDGE] [ERROR] Bridge RX Processing Packet Failure: -7
2026-10-02T20:59:36Z 2026-10-02T20:59:38.710Z [BRIDGE] [INFO] Setting negotiated baud rate to 1000000 from 1000000
2026-10-02T20:59:36Z 2026-10-02T20:59:38.714Z [BRIDGE_SYS] [INFO] Bridge State Init
2026-10-02T20:59:36Z 2026-10-02T20:59:38.718Z [BRIDGE] [INFO] Reboot info received from c3c564b91856226c - Reason: 5 gitSHA: 1595f804 Reboot cnt: 0 PC: 0x0 LR: 0x0
2026-10-02T20:59:36Z 2026-10-02T20:59:38.726Z [BRIDGE_SYS] [INFO] Bridge bus power: 1
2026-10-02T20:59:36Z 2026-10-02T20:59:38.773Z [BRIDGE_CFG] [INFO] Response msg -- Node Id: 0000000000000000, Partition: system, Commit Status: 0
2026-10-02T20:59:36Z 2026-10-02T20:59:38.773Z [BRIDGE_CFG] [INFO] Num Keys: 18
2026-10-02T20:59:36Z 2026-10-02T20:59:38.773Z [BRIDGE_CFG] [INFO] Key 0: sampleIntervalMs
2026-10-02T20:59:36Z 2026-10-02T20:59:38.773Z [BRIDGE_CFG] [INFO] Key 1: sampleDurationMs
2026-10-02T20:59:36Z 2026-10-02T20:59:38.773Z [BRIDGE_CFG] [INFO] Key 2: subsampleIntervalMs
2026-10-02T20:59:36Z 2026-10-02T20:59:38.777Z [BRIDGE_CFG] [INFO] Key 3: subsampleDurationMs
2026-10-02T20:59:36Z 2026-10-02T20:59:38.777Z [BRIDGE_CFG] [INFO] Key 4: subsampleEnabled
2026-10-02T20:59:36Z 2026-10-02T20:59:38.777Z [BRIDGE_CFG] [INFO] Key 5: bridgePowerControllerEnabled
2026-10-02T20:59:36Z 2026-10-02T20:59:38.777Z [BRIDGE_CFG] [INFO] Key 6: alignmentInterval5Min
2026-10-02T20:59:36Z 2026-10-02T20:59:38.777Z [BRIDGE_CFG] [INFO] Key 7: ticksSamplingEnabled
2026-10-02T20:59:36Z 2026-10-02T20:59:38.777Z [BRIDGE_CFG] [INFO] Key 8: samplesPerReport
2026-10-02T20:59:36Z 2026-10-02T20:59:38.777Z [BRIDGE_CFG] [INFO] Key 9: transmitAggregations
2026-10-02T20:59:36Z 2026-10-02T20:59:38.777Z [BRIDGE_CFG] [INFO] Key 10: currentReadingPeriodMs
2026-10-02T20:59:36Z 2026-10-02T20:59:38.777Z [BRIDGE_CFG] [INFO] Key 11: softReadingPeriodMs
2026-10-02T20:59:36Z 2026-10-02T20:59:38.777Z [BRIDGE_CFG] [INFO] Key 12: rbrCodaReadingPeriodMs
2026-10-02T20:59:36Z 2026-10-02T20:59:38.777Z [BRIDGE_CFG] [INFO] Key 13: turbidityReadingPeriodMs
2026-10-02T20:59:36Z 2026-10-02T20:59:38.777Z [BRIDGE_CFG] [INFO] Key 14: disableUnusedPortsTimeMs
2026-10-02T20:59:36Z 2026-10-02T20:59:38.777Z [BRIDGE_CFG] [INFO] Key 15: salinityReadingPeriodMs
2026-10-02T20:59:36Z 2026-10-02T20:59:38.777Z [BRIDGE_CFG] [INFO] Key 16: sensorsCheckIntervalS
2026-10-02T20:59:36Z 2026-10-02T20:59:38.777Z [BRIDGE_CFG] [INFO] Key 17: sensorsPollIntervalMs
2026-10-02T20:59:36Z 2026-10-02T20:59:38.781Z [BRIDGE_CFG] [INFO] Response msg -- Node Id: 0000000000000000, Partition: user, Commit Status: 0
2026-10-02T20:59:36Z 2026-10-02T20:59:38.781Z [BRIDGE_CFG] [INFO] Num Keys: 0
2026-10-02T20:59:36Z 2026-10-02T20:59:38.781Z [BRIDGE_CFG] [INFO] Response msg -- Node Id: 0000000000000000, Partition: hardware, Commit Status: 0
2026-10-02T20:59:36Z 2026-10-02T20:59:38.781Z [BRIDGE_CFG] [INFO] Num Keys: 1
2026-10-02T20:59:36Z 2026-10-02T20:59:38.781Z [BRIDGE_CFG] [INFO] Key 0: smConfigurationCrc
2026-10-02T20:59:36Z 2026-10-02T20:59:38.781Z [BRIDGE] [INFO] handle_power_states, power on for: 120000
2026-10-02T20:59:36Z 2026-10-02T20:59:38.785Z [BRIDGE_CFG] [INFO] Node ID: 0000000000000000 Partition: system Value: 3600000
2026-10-02T20:59:36Z 2026-10-02T20:59:38.792Z [BRIDGE_CFG] [INFO] Node ID: 0000000000000000 Partition: system Value: 600000
2026-10-02T20:59:36Z 2026-10-02T20:59:38.796Z [BRIDGE_CFG] [INFO] Node ID: 0000000000000000 Partition: system Value: 300000
2026-10-02T20:59:36Z 2026-10-02T20:59:38.800Z [BRIDGE_CFG] [INFO] Node ID: 0000000000000000 Partition: system Value: 30000
2026-10-02T20:59:36Z 2026-10-02T20:59:38.808Z [BRIDGE_CFG] [INFO] Node ID: 0000000000000000 Partition: system Value: 0
2026-10-02T20:59:36Z 2026-10-02T20:59:38.812Z [BRIDGE_CFG] [INFO] Node ID: 0000000000000000 Partition: system Value: 1
2026-10-02T20:59:36Z 2026-10-02T20:59:38.816Z [BRIDGE_CFG] [INFO] Node ID: 0000000000000000 Partition: system Value: 1
2026-10-02T20:59:36Z 2026-10-02T20:59:38.820Z [BRIDGE_CFG] [INFO] Node ID: 0000000000000000 Partition: system Value: 0
2026-10-02T20:59:36Z 2026-10-02T20:59:38.828Z [BRIDGE_CFG] [INFO] Node ID: 0000000000000000 Partition: system Value: 1
2026-10-02T20:59:36Z 2026-10-02T20:59:38.832Z [BRIDGE_CFG] [INFO] Node ID: 0000000000000000 Partition: system Value: 0
2026-10-02T20:59:36Z 2026-10-02T20:59:38.835Z [BRIDGE_CFG] [INFO] Node ID: 0000000000000000 Partition: system Value: 60000
2026-10-02T20:59:36Z 2026-10-02T20:59:38.843Z [BRIDGE_CFG] [INFO] Node ID: 0000000000000000 Partition: system Value: 500
2026-10-02T20:59:36Z 2026-10-02T20:59:38.847Z [BRIDGE_CFG] [INFO] Node ID: 0000000000000000 Partition: system Value: 500
2026-10-02T20:59:36Z 2026-10-02T20:59:38.851Z [BRIDGE_CFG] [INFO] Node ID: 0000000000000000 Partition: system Value: 1000
2026-10-02T20:59:36Z 2026-10-02T20:59:38.855Z [BRIDGE_CFG] [INFO] Node ID: 0000000000000000 Partition: system Value: 0
2026-10-02T20:59:36Z 2026-10-02T20:59:38.863Z [BRIDGE_CFG] [INFO] Node ID: 0000000000000000 Partition: system Value: 30000
2026-10-02T20:59:36Z 2026-10-02T20:59:38.867Z [BRIDGE_CFG] [INFO] Node ID: 0000000000000000 Partition: system Value: 60
2026-10-02T20:59:36Z 2026-10-02T20:59:38.871Z [BRIDGE_CFG] [INFO] Node ID: 0000000000000000 Partition: system Value: 10000
2026-10-02T20:59:36Z 2026-10-02T20:59:38.875Z [BRIDGE_CFG] [INFO] Node ID: 0000000000000000 Partition: hardware - Failed to decode value
2026-10-02T20:59:37Z 2026-10-02T20:59:39.734Z [BRIDGE_SYS] [INFO] Neighbor 53171fa3d81a8e6f added
2026-10-02T21:00:56Z SPOT-33507C > bridge cfg get c3c564b91856226c s bridgePowerControllerEnabled
2026-10-02T21:00:59Z bridge cfg get c3c564b91856226c s bridgePowerControllerEnabled
2026-10-02T21:00:59Z Succesfully sent config get msg
2026-10-02T21:00:59Z 2026-10-02T21:01:01.242Z [BRIDGE_CFG] [INFO] Node ID: 0000000000000000 Partition: system Value: 1
2026-10-02T21:01:02Z SPOT-33507C > bridge cfg get c3c564b91856226c s sampleIntervalMs
2026-10-02T21:01:03Z bridge cfg get c3c564b91856226c s sampleIntervalMs
2026-10-02T21:01:03Z Succesfully sent config get msg
2026-10-02T21:01:03Z 2026-10-02T21:01:05.660Z [BRIDGE_CFG] [INFO] Node ID: 0000000000000000 Partition: system Value: 3600000
2026-10-02T21:01:06Z SPOT-33507C > bridge cfg get c3c564b91856226c s sampleDurationMs
2026-10-02T21:01:07Z bridge cfg get c3c564b91856226c s sampleDurationMs
2026-10-02T21:01:07Z Succesfully sent config get msg
2026-10-02T21:01:07Z 2026-10-02T21:01:10.078Z [BRIDGE_CFG] [INFO] Node ID: 0000000000000000 Partition: system Value: 600000
2026-10-02T21:02:33Z SPOT-31593C > bm pub bmcam/cmd {"id":1000037,"c":"get","k":["uplink","video.ui"]} 1 1
2026-10-02T21:02:34Z bm pub bmcam/cmd {"id":1000037,"c":"get","k":["uplink","video.ui"]} 1 1
2026-10-02T21:02:35Z 2026-10-02T21:02:37.664Z [MS] [INFO] Added message(id: 4180 len: 163) to queue MS_Q_CELLULAR_ONLY: (1)!
2026-10-02T21:02:35Z 2026-10-02T21:02:37.664Z [BM_TX] [INFO] Submitted spotter/transmit-data message to cell-only queue, Len: 37
2026-10-02T21:02:35Z 2026-10-02T21:02:37.664Z [BM_TX] [DEBUG] Message:
2026-10-02T21:02:35Z  7b 22 69 64 22 3a 31 30
2026-10-02T21:02:35Z  30 30 30 33 37 2c 22 6f
2026-10-02T21:02:35Z  6b 22 3a 31 2c 22 68 22
2026-10-02T21:02:35Z  3a 22 35 34 64 39 30 34
2026-10-02T21:02:35Z  62 37 22 7d
2026-10-02T21:02:35Z Message: 1790974957.671 e6fe83ea6b4a2b7f, [bmcam004] OK id=1000037 get uplink, video.ui: 14 key(s) cfg=54d904b7
2026-10-02T21:02:35Z 2026-10-02T21:02:37.710Z [MS] [DEBUG] Notecard is 20.000000 pct full.
2026-10-02T21:02:35Z 2026-10-02T21:02:37.710Z [MS] [DEBUG] Has message 4180 expired? queuedTime: 70533308, now64: 70533354, remaining: 86399954
2026-10-02T21:02:35Z 2026-10-02T21:02:37.710Z [MS] [INFO] Sending Cellular message to Notecard.
2026-10-02T21:02:35Z 1790974957.710 e6fe83ea6b4a2b7f,   uplink.uart.port = /dev/ttyAMA0 (yaml)
2026-10-02T21:02:35Z 2026-10-02T21:02:37.710Z [MS] [INFO] Queuing message 4180 20004E68
2026-10-02T21:02:35Z 1790974957.761 e6fe83ea6b4a2b7f,   uplink.uart.baudrate = 115200 (yaml)
2026-10-02T21:02:35Z 1790974957.812 e6fe83ea6b4a2b7f,   uplink.network_type = 2 (yaml)
2026-10-02T21:02:35Z 1790974957.863 e6fe83ea6b4a2b7f,   uplink.chunk_chars = 384 (yaml)
2026-10-02T21:02:35Z 1790974957.921 e6fe83ea6b4a2b7f,   uplink.msg_interval_s = 1.3 (yaml)
2026-10-02T21:02:35Z 1790974957.972 e6fe83ea6b4a2b7f,   uplink.lane.enabled = false (yaml)
2026-10-02T21:02:35Z 1790974958.023 e6fe83ea6b4a2b7f,   uplink.lane.grid_s = 300.0 (yaml)
2026-10-02T21:02:35Z 1790974958.074 e6fe83ea6b4a2b7f,   uplink.lane.pre_guard_s = 20.0 (yaml)
2026-10-02T21:02:35Z 1790974958.121 e6fe83ea6b4a2b7f,   uplink.lane.post_guard_s = 30.0 (yaml)
2026-10-02T21:02:35Z 1790974958.171 e6fe83ea6b4a2b7f,   uplink.lane.max_wait_s = 300.0 (yaml)
2026-10-02T21:02:35Z 1790974958.222 e6fe83ea6b4a2b7f,   uplink.media_key.enabled = true (yaml)
2026-10-02T21:02:35Z 1790974958.273 e6fe83ea6b4a2b7f,   uplink.media_key.retain_days = 14.0 (yaml)
2026-10-02T21:02:35Z 1790974958.320 e6fe83ea6b4a2b7f,   video.ui.enabled = true (yaml)
2026-10-02T21:02:35Z 1790974958.371 e6fe83ea6b4a2b7f,   video.ui.port = 8080 (yaml)
2026-10-02T21:02:35Z 1790974958.433 e6fe83ea6b4a2b7f, [bmcam004] OK id=1000037 get uplink, video.ui: 14 key(s) (duplicate: original answer) cfg=54d904b7
2026-10-02T21:02:35Z 1790974958.484 e6fe83ea6b4a2b7f, [bmcam004] OK id=1000037 get uplink, video.ui: 14 key(s) (duplicate: original answer) cfg=54d904b7
2026-10-02T21:02:35Z 1790974958.531 e6fe83ea6b4a2b7f, [bmcam004] OK id=1000037 get uplink, video.ui: 14 key(s) (duplicate: original answer) cfg=54d904b7
2026-10-02T21:02:36Z 1790974958.605 e6fe83ea6b4a2b7f, [bmcam004] OK id=1000037 get uplink, video.ui: 14 key(s) (duplicate: original answer) cfg=54d904b7
2026-10-02T21:02:36Z 1790974958.632 e6fe83ea6b4a2b7f, [bmcam004] OK id=1000037 get uplink, video.ui: 14 key(s) (duplicate: original answer) cfg=54d904b7
2026-10-02T21:02:36Z 1790974958.691 e6fe83ea6b4a2b7f, [bmcam004] OK id=1000037 get uplink, video.ui: 14 key(s) (duplicate: original answer) cfg=54d904b7
2026-10-02T21:02:36Z 1790974958.742 e6fe83ea6b4a2b7f, [bmcam004] OK id=1000037 get uplink, video.ui: 14 key(s) (duplicate: original answer) cfg=54d904b7
2026-10-02T21:02:36Z 1790974958.789 e6fe83ea6b4a2b7f, [bmcam004] OK id=1000037 get uplink, video.ui: 14 key(s) (duplicate: original answer) cfg=54d904b7
2026-10-02T21:02:36Z 1790974958.839 e6fe83ea6b4a2b7f, [bmcam004] OK id=1000037 get uplink, video.ui: 14 key(s) (duplicate: original answer) cfg=54d904b7
2026-10-02T21:02:36Z 2026-10-02T21:02:39.062Z [MS] [INFO] Added message(id: 4181 len: 388) to queue MS_Q_CELLULAR_ONLY: (1)!
2026-10-02T21:02:36Z 2026-10-02T21:02:39.062Z [BM_TX] [INFO] Submitted spotter/transmit-data message to cell-only queue, Len: 261
2026-10-02T21:02:36Z 2026-10-02T21:02:39.062Z [BM_TX] [DEBUG] Message:
2026-10-02T21:02:36Z  3c 43 46 20 76 3d 31 20
2026-10-02T21:02:36Z  68 3d 35 34 64 39 30 34
2026-10-02T21:02:36Z  62 37 20 6e 3d 31 2f 32
2026-10-02T21:02:36Z  20 75 70 6c 69 6e 6b 2e
2026-10-02T21:02:36Z  75 61 72 74 2e 70 6f 72
2026-10-02T21:02:36Z  74 3d 2f 64 65 76 2f 74
2026-10-02T21:02:36Z  74 79 41 4d 41 30 20 75
2026-10-02T21:02:36Z  70 6c 69 6e 6b 2e 75 61
2026-10-02T21:02:36Z  72 74 2e 62 61 75 64 72
2026-10-02T21:02:36Z  61 74 65 3d 31 31 35 32
2026-10-02T21:02:36Z  30 30 20 75 70 6c 69 6e
2026-10-02T21:02:36Z  6b 2e 6e 65 74 77 6f 72
2026-10-02T21:02:36Z  6b 5f 74 79 70 65 3d 32
2026-10-02T21:02:36Z  20 75 70 6c 69 6e 6b 2e
2026-10-02T21:02:36Z  63 68 75 6e 6b 5f 63 68
2026-10-02T21:02:36Z  61 72 73 3d 33 38 34 20
2026-10-02T21:02:36Z  75 70 6c 69 6e 6b 2e 6d
2026-10-02T21:02:36Z  73 67 5f 69 6e 74 65 72
2026-10-02T21:02:36Z  76 61 6c 5f 73 3d 31 2e
2026-10-02T21:02:36Z  33 20 75 70 6c 69 6e 6b
2026-10-02T21:02:36Z  2e 6c 61 6e 65 2e 65 6e
2026-10-02T21:02:36Z  61 62 6c 65 64 3d 30 20
2026-10-02T21:02:36Z  75 70 6c 69 6e 6b 2e 6c
2026-10-02T21:02:36Z  61 6e 65 2e 67 72 69 64
2026-10-02T21:02:36Z  5f 73 3d 33 30 30 2e 30
2026-10-02T21:02:36Z  20 75 70 6c 69 6e 6b 2e
2026-10-02T21:02:36Z  6c 61 6e 65 2e 70 72 65
2026-10-02T21:02:36Z  5f 67 75 61 72 64 5f 73
2026-10-02T21:02:36Z  3d 32 30 2e 30 20 75 70
2026-10-02T21:02:36Z  6c 69 6e 6b 2e 6c 61 6e
2026-10-02T21:02:36Z  65 2e 70 6f 73 74 5f 67
2026-10-02T21:02:36Z  75 61 72 64 5f 73 3d 33
2026-10-02T21:02:36Z  30 2e 30 3e
2026-10-02T21:02:36Z 2026-10-02T21:02:39.121Z [MS] [DEBUG] Notecard is 20.000000 pct full.
2026-10-02T21:02:36Z 2026-10-02T21:02:39.121Z [MS] [DEBUG] Has message 4181 expired? queuedTime: 70534708, now64: 70534765, remaining: 86399943
2026-10-02T21:02:36Z 2026-10-02T21:02:39.121Z [MS] [INFO] Sending Cellular message to Notecard.
2026-10-02T21:02:36Z 2026-10-02T21:02:39.121Z [MS] [INFO] Queuing message 4181 20004E68
2026-10-02T21:02:37Z 2026-10-02T21:02:40.050Z [MS] [INFO] Added message(id: 4182 len: 281) to queue MS_Q_CELLULAR_ONLY: (1)!
2026-10-02T21:02:37Z 2026-10-02T21:02:40.050Z [BM_TX] [INFO] Submitted spotter/transmit-data message to cell-only queue, Len: 154
2026-10-02T21:02:37Z 2026-10-02T21:02:40.054Z [BM_TX] [DEBUG] Message:
2026-10-02T21:02:37Z  3c 43 46 20 76 3d 31 20
2026-10-02T21:02:37Z  68 3d 35 34 64 39 30 34
2026-10-02T21:02:37Z  62 37 20 6e 3d 32 2f 32
2026-10-02T21:02:37Z  20 75 70 6c 69 6e 6b 2e
2026-10-02T21:02:37Z  6c 61 6e 65 2e 6d 61 78
2026-10-02T21:02:37Z  5f 77 61 69 74 5f 73 3d
2026-10-02T21:02:37Z  33 30 30 2e 30 20 75 70
2026-10-02T21:02:37Z  6c 69 6e 6b 2e 6d 65 64
2026-10-02T21:02:37Z  69 61 5f 6b 65 79 2e 65
2026-10-02T21:02:37Z  6e 61 62 6c 65 64 3d 31
2026-10-02T21:02:37Z  20 75 70 6c 69 6e 6b 2e
2026-10-02T21:02:37Z  6d 65 64 69 61 5f 6b 65
2026-10-02T21:02:37Z  79 2e 72 65 74 61 69 6e
2026-10-02T21:02:37Z  5f 64 61 79 73 3d 31 34
2026-10-02T21:02:37Z  2e 30 20 76 69 64 65 6f
2026-10-02T21:02:37Z  2e 75 69 2e 65 6e 61 62
2026-10-02T21:02:37Z  6c 65 64 3d 31 20 76 69
2026-10-02T21:02:37Z  64 65 6f 2e 75 69 2e 70
2026-10-02T21:02:37Z  6f 72 74 3d 38 30 38 30
2026-10-02T21:02:37Z  3e
2026-10-02T21:02:37Z 2026-10-02T21:02:40.097Z [MS] [DEBUG] Notecard is 20.000000 pct full.
2026-10-02T21:02:37Z 2026-10-02T21:02:40.101Z [MS] [DEBUG] Has message 4182 expired? queuedTime: 70535697, now64: 70535745, remaining: 86399952
2026-10-02T21:02:37Z 2026-10-02T21:02:40.101Z [MS] [INFO] Sending Cellular message to Notecard.
2026-10-02T21:02:37Z 2026-10-02T21:02:40.101Z [MS] [INFO] Queuing message 4182 20004E68
