===== 2026-10-02T20:20:54Z M4 SPOT-31593C  bm pub bmcam/cmd {"id":65001,"c":"set","kv":{"video.record.encoder.denoise":"cdn_off"}} 1 1  (92 B line)
CON  2026-10-02T20:20:57Z bm pub bmcam/cmd {"id":65001,"c":"set","kv":{"video.record.encoder.denoise":"cdn_off"}} 1 1
CON  2026-10-02T20:20:57Z 1790972459.828 e6fe83ea6b4a2b7f, [bmcam004] REJECTED id=65001 'video.record.encoder.denoise' is not a setting e=key k=video.record.encoder.denoise cfg=683a9a62
CON  2026-10-02T20:20:57Z 1790972459.875 e6fe83ea6b4a2b7f, [bmcam004] REJECTED id=65001 (duplicate: original answer) e=key k=video.record.encoder.denoise cfg=683a9a62
CON  2026-10-02T20:20:57Z 1790972459.925 e6fe83ea6b4a2b7f, [bmcam004] REJECTED id=65001 (duplicate: original answer) e=key k=video.record.encoder.denoise cfg=683a9a62
CON  2026-10-02T20:20:57Z 1790972459.976 e6fe83ea6b4a2b7f, [bmcam004] REJECTED id=65001 (duplicate: original answer) e=key k=video.record.encoder.denoise cfg=683a9a62
CON  2026-10-02T20:20:57Z 1790972460.027 e6fe83ea6b4a2b7f, [bmcam004] REJECTED id=65001 (duplicate: original answer) e=key k=video.record.encoder.denoise cfg=683a9a62
CON  2026-10-02T20:20:57Z 1790972460.078 e6fe83ea6b4a2b7f, [bmcam004] REJECTED id=65001 (duplicate: original answer) e=key k=video.record.encoder.denoise cfg=683a9a62
CON  2026-10-02T20:20:57Z 1790972460.125 e6fe83ea6b4a2b7f, [bmcam004] REJECTED id=65001 (duplicate: original answer) e=key k=video.record.encoder.denoise cfg=683a9a62
CON  2026-10-02T20:20:57Z 1790972460.175 e6fe83ea6b4a2b7f, [bmcam004] REJECTED id=65001 (duplicate: original answer) e=key k=video.record.encoder.denoise cfg=683a9a62
CON  2026-10-02T20:20:57Z 1790972460.394 e6fe83ea6b4a2b7f, [bmcam004] REJECTED id=65001 (duplicate: original answer) e=key k=video.record.encoder.denoise cfg=683a9a62
CON  2026-10-02T20:20:57Z 1790972460.445 e6fe83ea6b4a2b7f, [bmcam004] REJECTED id=65001 (duplicate: original answer) e=key k=video.record.encoder.denoise cfg=683a9a62
SUMMARY cell=0 con=11
===== 2026-10-02T20:21:05Z M5.set SPOT-31593C  bm pub bmcam/cmd {"id":65002,"c":"set","kv":{"camera.controls_enabled":true,"camera.image_processing.enabled":true,"camera.image_processing.denoise":"cdn_fast","camera.image_processing.sharpness":2.0}} 1 1  (206 B line)
CON  2026-10-02T20:21:06Z bm pub bmcam/cmd {"id":65002,"c":"set","kv":{"camera.controls_enabled":true,"camera.image_processing.enabled":true,"camera.image_processing.denoise":"cdn_fast","camera.image_processing.sharpness":2.0
CON  2026-10-02T20:21:07Z 1790972469.613 e6fe83ea6b4a2b7f, [bmcam004] OK id=65002 camera.image_processing.enabled: false -> true, camera.image_processing.denoise: none -> cdn_fast, camera.image_processing.sharpness: 1.0 -> 2.
CON  2026-10-02T20:21:07Z 1790972469.664 e6fe83ea6b4a2b7f, [bmcam004] OK id=65002 camera.image_processing.enabled: false -> true, camera.image_processing.denoise: none -> cdn_fast, camera.image_processi (duplicate: original a
CON  2026-10-02T20:21:07Z 1790972469.714 e6fe83ea6b4a2b7f, [bmcam004] OK id=65002 camera.image_processing.enabled: false -> true, camera.image_processing.denoise: none -> cdn_fast, camera.image_processi (duplicate: original a
CON  2026-10-02T20:21:07Z 1790972469.773 e6fe83ea6b4a2b7f, [bmcam004] OK id=65002 camera.image_processing.enabled: false -> true, camera.image_processing.denoise: none -> cdn_fast, camera.image_processi (duplicate: original a
CON  2026-10-02T20:21:07Z 1790972469.824 e6fe83ea6b4a2b7f, [bmcam004] OK id=65002 camera.image_processing.enabled: false -> true, camera.image_processing.denoise: none -> cdn_fast, camera.image_processi (duplicate: original a
CON  2026-10-02T20:21:07Z 1790972469.875 e6fe83ea6b4a2b7f, [bmcam004] OK id=65002 camera.image_processing.enabled: false -> true, camera.image_processing.denoise: none -> cdn_fast, camera.image_processi (duplicate: original a
CON  2026-10-02T20:21:07Z 1790972469.925 e6fe83ea6b4a2b7f, [bmcam004] OK id=65002 camera.image_processing.enabled: false -> true, camera.image_processing.denoise: none -> cdn_fast, camera.image_processi (duplicate: original a
CON  2026-10-02T20:21:07Z 1790972469.976 e6fe83ea6b4a2b7f, [bmcam004] OK id=65002 camera.image_processing.enabled: false -> true, camera.image_processing.denoise: none -> cdn_fast, camera.image_processi (duplicate: original a
CON  2026-10-02T20:21:07Z 1790972470.023 e6fe83ea6b4a2b7f, [bmcam004] OK id=65002 camera.image_processing.enabled: false -> true, camera.image_processing.denoise: none -> cdn_fast, camera.image_processi (duplicate: original a
CON  2026-10-02T20:21:07Z 1790972470.074 e6fe83ea6b4a2b7f, [bmcam004] OK id=65002 camera.image_processing.enabled: false -> true, camera.image_processing.denoise: none -> cdn_fast, camera.image_processi (duplicate: original a
SUMMARY cell=0 con=11
===== 2026-10-02T20:21:15Z M5.q SPOT-31593C  bm pub bmcam/cmd {"id":65003,"c":"set","kv":{"still.quality_ladder":[20,15,11,9]}} 1 1  (87 B line)
CON  2026-10-02T20:21:16Z bm pub bmcam/cmd {"id":65003,"c":"set","kv":{"still.quality_ladder":[20,15,11,9]}} 1 1
CON  2026-10-02T20:21:16Z 1790972478.816 e6fe83ea6b4a2b7f, [bmcam004] OK id=65003 still.quality_ladder: 90,80,70,60,50,40,30,25,20,15,13,11,9 -> 20,15,11,9 (next action) cfg=c1dd83fa
CON  2026-10-02T20:21:16Z 1790972478.875 e6fe83ea6b4a2b7f, [bmcam004] OK id=65003 still.quality_ladder: 90,80,70,60,50,40,30,25,20,15,13,11,9 -> 20,15,11,9 (next action) (duplicate: original answer) cfg=c1dd83fa
CON  2026-10-02T20:21:16Z 1790972478.925 e6fe83ea6b4a2b7f, [bmcam004] OK id=65003 still.quality_ladder: 90,80,70,60,50,40,30,25,20,15,13,11,9 -> 20,15,11,9 (next action) (duplicate: original answer) cfg=c1dd83fa
CON  2026-10-02T20:21:16Z 1790972478.984 e6fe83ea6b4a2b7f, [bmcam004] OK id=65003 still.quality_ladder: 90,80,70,60,50,40,30,25,20,15,13,11,9 -> 20,15,11,9 (next action) (duplicate: original answer) cfg=c1dd83fa
CON  2026-10-02T20:21:16Z 1790972479.023 e6fe83ea6b4a2b7f, [bmcam004] OK id=65003 still.quality_ladder: 90,80,70,60,50,40,30,25,20,15,13,11,9 -> 20,15,11,9 (next action) (duplicate: original answer) cfg=c1dd83fa
CON  2026-10-02T20:21:16Z 1790972479.082 e6fe83ea6b4a2b7f, [bmcam004] OK id=65003 still.quality_ladder: 90,80,70,60,50,40,30,25,20,15,13,11,9 -> 20,15,11,9 (next action) (duplicate: original answer) cfg=c1dd83fa
CON  2026-10-02T20:21:16Z 1790972479.132 e6fe83ea6b4a2b7f, [bmcam004] OK id=65003 still.quality_ladder: 90,80,70,60,50,40,30,25,20,15,13,11,9 -> 20,15,11,9 (next action) (duplicate: original answer) cfg=c1dd83fa
CON  2026-10-02T20:21:16Z 1790972479.183 e6fe83ea6b4a2b7f, [bmcam004] OK id=65003 still.quality_ladder: 90,80,70,60,50,40,30,25,20,15,13,11,9 -> 20,15,11,9 (next action) (duplicate: original answer) cfg=c1dd83fa
CON  2026-10-02T20:21:16Z 1790972479.234 e6fe83ea6b4a2b7f, [bmcam004] OK id=65003 still.quality_ladder: 90,80,70,60,50,40,30,25,20,15,13,11,9 -> 20,15,11,9 (next action) (duplicate: original answer) cfg=c1dd83fa
CON  2026-10-02T20:21:16Z 1790972479.285 e6fe83ea6b4a2b7f, [bmcam004] OK id=65003 still.quality_ladder: 90,80,70,60,50,40,30,25,20,15,13,11,9 -> 20,15,11,9 (next action) (duplicate: original answer) cfg=c1dd83fa
SUMMARY cell=0 con=11
----- 2026-10-02T20:21:24Z STATE M5.still.before bmcam004
sha256 0c311dd11fe92142 bm_command_state_v2.json 0L
sha256 38739b9717560b1f camera_config.yaml 143L
sha256 d5f8390a11a7d0c3 config_journal.jsonl 188L
overlay {"camera.controls_enabled": true, "camera.image_processing.denoise": "cdn_fast", "camera.image_processing.enabled": true, "camera.image_processing.sharpness": 2.0, "mode.run": "stay_on", "still.quality_ladder": [20, 15, 11, 9], "video.record.fps": 14, "video.send.duration_s": 15}
guarded {}
boot 35 hw {"remote": 1000036, "service": 100000032} trg null cache 256
===== 2026-10-02T20:21:27Z M5.still.trg SPOT-31593C  bm pub bmcam/cmd {"id":65004,"c":"trg","v":2,"kv":{"med":"still","m":40}} 1 1  (78 B line)
CON  2026-10-02T20:21:28Z bm pub bmcam/cmd {"id":65004,"c":"trg","v":2,"kv":{"med":"still","m":40}} 1 1
CON  2026-10-02T20:21:28Z 1790972490.980 e6fe83ea6b4a2b7f, [bmcam004] OK id=65004 trg 2 armed: capture + output per mode (next decision point); one action only: mode.media=still, still.message_cap=40 cfg=c1dd83fa
CON  2026-10-02T20:21:28Z 1790972491.039 e6fe83ea6b4a2b7f, [bmcam004] OK id=65004 trg 2 armed: capture + output per mode (next decision point); one action only: mode.media=still, still.message_cap=40 (duplicate: original answ
CON  2026-10-02T20:21:28Z 1790972491.089 e6fe83ea6b4a2b7f, [bmcam004] OK id=65004 trg 2 armed: capture + output per mode (next decision point); one action only: mode.media=still, still.message_cap=40 (duplicate: original answ
CON  2026-10-02T20:21:28Z 1790972491.140 e6fe83ea6b4a2b7f, [bmcam004] OK id=65004 trg 2 armed: capture + output per mode (next decision point); one action only: mode.media=still, still.message_cap=40 (duplicate: original answ
CON  2026-10-02T20:21:28Z 1790972491.191 e6fe83ea6b4a2b7f, [bmcam004] OK id=65004 trg 2 armed: capture + output per mode (next decision point); one action only: mode.media=still, still.message_cap=40 (duplicate: original answ
CON  2026-10-02T20:21:28Z 1790972491.242 e6fe83ea6b4a2b7f, [bmcam004] OK id=65004 trg 2 armed: capture + output per mode (next decision point); one action only: mode.media=still, still.message_cap=40 (duplicate: original answ
CON  2026-10-02T20:21:28Z 1790972491.289 e6fe83ea6b4a2b7f, [bmcam004] OK id=65004 trg 2 armed: capture + output per mode (next decision point); one action only: mode.media=still, still.message_cap=40 (duplicate: original answ
CON  2026-10-02T20:21:28Z 1790972491.339 e6fe83ea6b4a2b7f, [bmcam004] OK id=65004 trg 2 armed: capture + output per mode (next decision point); one action only: mode.media=still, still.message_cap=40 (duplicate: original answ
CON  2026-10-02T20:21:28Z 1790972491.390 e6fe83ea6b4a2b7f, [bmcam004] OK id=65004 trg 2 armed: capture + output per mode (next decision point); one action only: mode.media=still, still.message_cap=40 (duplicate: original answ
SUMMARY cell=0 con=10
----- 2026-10-02T20:22:56Z STATE M5.still.after bmcam004
sha256 e712f7c39cfae8e2 bm_command_state_v2.json 0L
sha256 38739b9717560b1f camera_config.yaml 143L
sha256 d5f8390a11a7d0c3 config_journal.jsonl 188L
overlay {"camera.controls_enabled": true, "camera.image_processing.denoise": "cdn_fast", "camera.image_processing.enabled": true, "camera.image_processing.sharpness": 2.0, "mode.run": "stay_on", "still.quality_ladder": [20, 15, 11, 9], "video.record.fps": 14, "video.send.duration_s": 15}
guarded {}
boot 35 hw {"remote": 1000036, "service": 100000032} trg null cache 256
STEP M5.still ack=none action=stage=None files=2026-10-02T20:21:38Z_image_compressed.jpg.capture_metadata.json 2026-10-02T20:21:38Z_image_native_full.metadata.json action.log 
----- 2026-10-02T20:22:57Z STATE M5.clip.before bmcam004
sha256 e712f7c39cfae8e2 bm_command_state_v2.json 0L
sha256 38739b9717560b1f camera_config.yaml 143L
sha256 d5f8390a11a7d0c3 config_journal.jsonl 188L
overlay {"camera.controls_enabled": true, "camera.image_processing.denoise": "cdn_fast", "camera.image_processing.enabled": true, "camera.image_processing.sharpness": 2.0, "mode.run": "stay_on", "still.quality_ladder": [20, 15, 11, 9], "video.record.fps": 14, "video.send.duration_s": 15}
guarded {}
boot 35 hw {"remote": 1000036, "service": 100000032} trg null cache 256
===== 2026-10-02T20:22:59Z M5.clip.trg SPOT-31593C  bm pub bmcam/cmd {"id":65005,"c":"trg","v":2,"kv":{"m":80}} 1 1  (64 B line)
CON  2026-10-02T20:23:02Z bm pub bmcam/cmd {"id":65005,"c":"trg","v":2,"kv":{"m":80}} 1 1
CON  2026-10-02T20:23:02Z 1790972584.996 e6fe83ea6b4a2b7f, [bmcam004] OK id=65005 trg 2 armed: capture + output per mode (next decision point); one action only: video.send.message_cap=80 cfg=c1dd83fa
CON  2026-10-02T20:23:02Z 1790972585.054 e6fe83ea6b4a2b7f, [bmcam004] OK id=65005 trg 2 armed: capture + output per mode (next decision point); one action only: video.send.message_cap=80 (duplicate: original answer) cfg=c1dd8
CON  2026-10-02T20:23:02Z 1790972585.105 e6fe83ea6b4a2b7f, [bmcam004] OK id=65005 trg 2 armed: capture + output per mode (next decision point); one action only: video.send.message_cap=80 (duplicate: original answer) cfg=c1dd8
CON  2026-10-02T20:23:02Z 1790972585.156 e6fe83ea6b4a2b7f, [bmcam004] OK id=65005 trg 2 armed: capture + output per mode (next decision point); one action only: video.send.message_cap=80 (duplicate: original answer) cfg=c1dd8
CON  2026-10-02T20:23:02Z 1790972585.203 e6fe83ea6b4a2b7f, [bmcam004] OK id=65005 trg 2 armed: capture + output per mode (next decision point); one action only: video.send.message_cap=80 (duplicate: original answer) cfg=c1dd8
CON  2026-10-02T20:23:02Z 1790972585.253 e6fe83ea6b4a2b7f, [bmcam004] OK id=65005 trg 2 armed: capture + output per mode (next decision point); one action only: video.send.message_cap=80 (duplicate: original answer) cfg=c1dd8
CON  2026-10-02T20:23:02Z 1790972585.304 e6fe83ea6b4a2b7f, [bmcam004] OK id=65005 trg 2 armed: capture + output per mode (next decision point); one action only: video.send.message_cap=80 (duplicate: original answer) cfg=c1dd8
CON  2026-10-02T20:23:02Z 1790972585.355 e6fe83ea6b4a2b7f, [bmcam004] OK id=65005 trg 2 armed: capture + output per mode (next decision point); one action only: video.send.message_cap=80 (duplicate: original answer) cfg=c1dd8
CON  2026-10-02T20:23:02Z 1790972585.406 e6fe83ea6b4a2b7f, [bmcam004] OK id=65005 trg 2 armed: capture + output per mode (next decision point); one action only: video.send.message_cap=80 (duplicate: original answer) cfg=c1dd8
CON  2026-10-02T20:23:02Z 1790972585.464 e6fe83ea6b4a2b7f, [bmcam004] OK id=65005 trg 2 armed: capture + output per mode (next decision point); one action only: video.send.message_cap=80 (duplicate: original answer) cfg=c1dd8
SUMMARY cell=0 con=11
----- 2026-10-02T20:26:28Z STATE M5.clip.after bmcam004
sha256 f6e31a1db765db03 bm_command_state_v2.json 0L
sha256 38739b9717560b1f camera_config.yaml 143L
sha256 d5f8390a11a7d0c3 config_journal.jsonl 188L
overlay {"camera.controls_enabled": true, "camera.image_processing.denoise": "cdn_fast", "camera.image_processing.enabled": true, "camera.image_processing.sharpness": 2.0, "mode.run": "stay_on", "still.quality_ladder": [20, 15, 11, 9], "video.record.fps": 14, "video.send.duration_s": 15}
guarded {}
boot 35 hw {"remote": 1000036, "service": 100000032} trg null cache 256
STEP M5.clip ack=none action=stage=done files=action.log 
===== 2026-10-02T20:27:08Z M6.sharpness.0.0 SPOT-31593C  bm pub bmcam/cmd {"id":65011,"c":"set","kv":{"camera.image_processing.sharpness":0.0}} 1 1  (91 B line)
CON  2026-10-02T20:27:11Z bm pub bmcam/cmd {"id":65011,"c":"set","kv":{"camera.image_processing.sharpness":0.0}} 1 1
CON  2026-10-02T20:27:11Z 1790972833.800 e6fe83ea6b4a2b7f, [bmcam004] OK id=65011 camera.image_processing.sharpness: 2.0 -> 0.0 (next action) cfg=ac04c5e0
CON  2026-10-02T20:27:11Z 1790972833.859 e6fe83ea6b4a2b7f, [bmcam004] OK id=65011 camera.image_processing.sharpness: 2.0 -> 0.0 (next action) (duplicate: original answer) cfg=ac04c5e0
CON  2026-10-02T20:27:11Z 1790972833.910 e6fe83ea6b4a2b7f, [bmcam004] OK id=65011 camera.image_processing.sharpness: 2.0 -> 0.0 (next action) (duplicate: original answer) cfg=ac04c5e0
CON  2026-10-02T20:27:11Z 1790972833.960 e6fe83ea6b4a2b7f, [bmcam004] OK id=65011 camera.image_processing.sharpness: 2.0 -> 0.0 (next action) (duplicate: original answer) cfg=ac04c5e0
CON  2026-10-02T20:27:11Z 1790972834.007 e6fe83ea6b4a2b7f, [bmcam004] OK id=65011 camera.image_processing.sharpness: 2.0 -> 0.0 (next action) (duplicate: original answer) cfg=ac04c5e0
CON  2026-10-02T20:27:11Z 1790972834.058 e6fe83ea6b4a2b7f, [bmcam004] OK id=65011 camera.image_processing.sharpness: 2.0 -> 0.0 (next action) (duplicate: original answer) cfg=ac04c5e0
CON  2026-10-02T20:27:11Z 1790972834.109 e6fe83ea6b4a2b7f, [bmcam004] OK id=65011 camera.image_processing.sharpness: 2.0 -> 0.0 (next action) (duplicate: original answer) cfg=ac04c5e0
CON  2026-10-02T20:27:11Z 1790972834.160 e6fe83ea6b4a2b7f, [bmcam004] OK id=65011 camera.image_processing.sharpness: 2.0 -> 0.0 (next action) (duplicate: original answer) cfg=ac04c5e0
CON  2026-10-02T20:27:11Z 1790972834.218 e6fe83ea6b4a2b7f, [bmcam004] OK id=65011 camera.image_processing.sharpness: 2.0 -> 0.0 (next action) (duplicate: original answer) cfg=ac04c5e0
CON  2026-10-02T20:27:12Z 1790972834.417 e6fe83ea6b4a2b7f, [bmcam004] OK id=65011 camera.image_processing.sharpness: 2.0 -> 0.0 (next action) (duplicate: original answer) cfg=ac04c5e0
SUMMARY cell=0 con=11
----- 2026-10-02T20:27:19Z STATE M6.sharpness.0.0.cap.before bmcam004
sha256 956ce6d92f2abb97 bm_command_state_v2.json 0L
sha256 38739b9717560b1f camera_config.yaml 143L
sha256 54b38f10697ac3e3 config_journal.jsonl 189L
overlay {"camera.controls_enabled": true, "camera.image_processing.denoise": "cdn_fast", "camera.image_processing.enabled": true, "camera.image_processing.sharpness": 0.0, "mode.run": "stay_on", "still.quality_ladder": [20, 15, 11, 9], "video.record.fps": 14, "video.send.duration_s": 15}
guarded {}
boot 35 hw {"remote": 1000036, "service": 100000032} trg null cache 256
===== 2026-10-02T20:27:22Z M6.sharpness.0.0.cap.trg SPOT-31593C  bm pub bmcam/cmd {"id":65012,"c":"trg","v":2,"kv":{"med":"still","m":40}} 1 1  (78 B line)
CON  2026-10-02T20:27:23Z bm pub bmcam/cmd {"id":65012,"c":"trg","v":2,"kv":{"med":"still","m":40}} 1 1
CON  2026-10-02T20:27:23Z 1790972846.339 e6fe83ea6b4a2b7f, [bmcam004] OK id=65012 trg 2 armed: capture + output per mode (next decision point); one action only: mode.media=still, still.message_cap=40 cfg=ac04c5e0
CON  2026-10-02T20:27:23Z 1790972846.390 e6fe83ea6b4a2b7f, [bmcam004] OK id=65012 trg 2 armed: capture + output per mode (next decision point); one action only: mode.media=still, still.message_cap=40 (duplicate: original answ
CON  2026-10-02T20:27:23Z 1790972846.437 e6fe83ea6b4a2b7f, [bmcam004] OK id=65012 trg 2 armed: capture + output per mode (next decision point); one action only: mode.media=still, still.message_cap=40 (duplicate: original answ
CON  2026-10-02T20:27:24Z 1790972846.500 e6fe83ea6b4a2b7f, [bmcam004] OK id=65012 trg 2 armed: capture + output per mode (next decision point); one action only: mode.media=still, still.message_cap=40 (duplicate: original answ
CON  2026-10-02T20:27:24Z 1790972846.550 e6fe83ea6b4a2b7f, [bmcam004] OK id=65012 trg 2 armed: capture + output per mode (next decision point); one action only: mode.media=still, still.message_cap=40 (duplicate: original answ
CON  2026-10-02T20:27:24Z 1790972846.597 e6fe83ea6b4a2b7f, [bmcam004] OK id=65012 trg 2 armed: capture + output per mode (next decision point); one action only: mode.media=still, still.message_cap=40 (duplicate: original answ
CON  2026-10-02T20:27:24Z 1790972846.648 e6fe83ea6b4a2b7f, [bmcam004] OK id=65012 trg 2 armed: capture + output per mode (next decision point); one action only: mode.media=still, still.message_cap=40 (duplicate: original answ
CON  2026-10-02T20:27:24Z 1790972846.699 e6fe83ea6b4a2b7f, [bmcam004] OK id=65012 trg 2 armed: capture + output per mode (next decision point); one action only: mode.media=still, still.message_cap=40 (duplicate: original answ
CON  2026-10-02T20:27:24Z 1790972846.750 e6fe83ea6b4a2b7f, [bmcam004] OK id=65012 trg 2 armed: capture + output per mode (next decision point); one action only: mode.media=still, still.message_cap=40 (duplicate: original answ
CON  2026-10-02T20:27:24Z 1790972846.800 e6fe83ea6b4a2b7f, [bmcam004] OK id=65012 trg 2 armed: capture + output per mode (next decision point); one action only: mode.media=still, still.message_cap=40 (duplicate: original answ
CELL 2026-10-02T20:27:26Z len=135 <WS v=1 a=cap cfg=ac04c5e0 up=423 tz=America/Los_Angeles lt=na ws=0000 we=0000 rk=1000x562 q=20 ct=38.6 sha=34a6222ea94c hn=bmcam004>

SUMMARY cell=1 con=11
----- 2026-10-02T20:28:39Z STATE M6.sharpness.0.0.cap.after bmcam004
sha256 11fbace073b0f421 bm_command_state_v2.json 0L
sha256 38739b9717560b1f camera_config.yaml 143L
sha256 54b38f10697ac3e3 config_journal.jsonl 189L
overlay {"camera.controls_enabled": true, "camera.image_processing.denoise": "cdn_fast", "camera.image_processing.enabled": true, "camera.image_processing.sharpness": 0.0, "mode.run": "stay_on", "still.quality_ladder": [20, 15, 11, 9], "video.record.fps": 14, "video.send.duration_s": 15}
guarded {}
boot 35 hw {"remote": 1000036, "service": 100000032} trg null cache 256
STEP M6.sharpness.0.0.cap ack=none action=stage=None files=2026-10-02T20:27:28Z_image_compressed.jpg.capture_metadata.json 2026-10-02T20:27:28Z_image_native_full.metadata.json action.log 
===== 2026-10-02T20:28:42Z M6.sharpness.16.0 SPOT-31593C  bm pub bmcam/cmd {"id":65013,"c":"set","kv":{"camera.image_processing.sharpness":16.0}} 1 1  (92 B line)
CON  2026-10-02T20:28:44Z bm pub bmcam/cmd {"id":65013,"c":"set","kv":{"camera.image_processing.sharpness":16.0}} 1 1
CON  2026-10-02T20:28:44Z 1790972927.343 e6fe83ea6b4a2b7f, [bmcam004] OK id=65013 camera.image_processing.sharpness: 0.0 -> 16.0 (next action) cfg=12fd5a5b
CON  2026-10-02T20:28:44Z 1790972927.394 e6fe83ea6b4a2b7f, [bmcam004] OK id=65013 camera.image_processing.sharpness: 0.0 -> 16.0 (next action) (duplicate: original answer) cfg=12fd5a5b
CON  2026-10-02T20:28:44Z 1790972927.441 e6fe83ea6b4a2b7f, [bmcam004] OK id=65013 camera.image_processing.sharpness: 0.0 -> 16.0 (next action) (duplicate: original answer) cfg=12fd5a5b
CON  2026-10-02T20:28:44Z 1790972927.492 e6fe83ea6b4a2b7f, [bmcam004] OK id=65013 camera.image_processing.sharpness: 0.0 -> 16.0 (next action) (duplicate: original answer) cfg=12fd5a5b
CON  2026-10-02T20:28:45Z 1790972927.542 e6fe83ea6b4a2b7f, [bmcam004] OK id=65013 camera.image_processing.sharpness: 0.0 -> 16.0 (next action) (duplicate: original answer) cfg=12fd5a5b
CON  2026-10-02T20:28:45Z 1790972927.593 e6fe83ea6b4a2b7f, [bmcam004] OK id=65013 camera.image_processing.sharpness: 0.0 -> 16.0 (next action) (duplicate: original answer) cfg=12fd5a5b
CON  2026-10-02T20:28:45Z 1790972927.652 e6fe83ea6b4a2b7f, [bmcam004] OK id=65013 camera.image_processing.sharpness: 0.0 -> 16.0 (next action) (duplicate: original answer) cfg=12fd5a5b
CON  2026-10-02T20:28:45Z 1790972927.703 e6fe83ea6b4a2b7f, [bmcam004] OK id=65013 camera.image_processing.sharpness: 0.0 -> 16.0 (next action) (duplicate: original answer) cfg=12fd5a5b
CON  2026-10-02T20:28:45Z 1790972927.753 e6fe83ea6b4a2b7f, [bmcam004] OK id=65013 camera.image_processing.sharpness: 0.0 -> 16.0 (next action) (duplicate: original answer) cfg=12fd5a5b
CON  2026-10-02T20:28:45Z 1790972927.804 e6fe83ea6b4a2b7f, [bmcam004] OK id=65013 camera.image_processing.sharpness: 0.0 -> 16.0 (next action) (duplicate: original answer) cfg=12fd5a5b
SUMMARY cell=0 con=11
----- 2026-10-02T20:28:53Z STATE M6.sharpness.16.0.cap.before bmcam004
sha256 7a85c41258e4416e bm_command_state_v2.json 0L
sha256 38739b9717560b1f camera_config.yaml 143L
sha256 222ccd6ee3d410e9 config_journal.jsonl 190L
overlay {"camera.controls_enabled": true, "camera.image_processing.denoise": "cdn_fast", "camera.image_processing.enabled": true, "camera.image_processing.sharpness": 16.0, "mode.run": "stay_on", "still.quality_ladder": [20, 15, 11, 9], "video.record.fps": 14, "video.send.duration_s": 15}
guarded {}
boot 35 hw {"remote": 1000036, "service": 100000032} trg null cache 256
===== 2026-10-02T20:28:56Z M6.sharpness.16.0.cap.trg SPOT-31593C  bm pub bmcam/cmd {"id":65014,"c":"trg","v":2,"kv":{"med":"still","m":40}} 1 1  (78 B line)
CON  2026-10-02T20:28:57Z bm pub bmcam/cmd {"id":65014,"c":"trg","v":2,"kv":{"med":"still","m":40}} 1 1
CON  2026-10-02T20:28:57Z 1790972939.917 e6fe83ea6b4a2b7f, [bmcam004] OK id=65014 trg 2 armed: capture + output per mode (next decision point); one action only: mode.media=still, still.message_cap=40 cfg=12fd5a5b
CON  2026-10-02T20:28:57Z 1790972939.968 e6fe83ea6b4a2b7f, [bmcam004] OK id=65014 trg 2 armed: capture + output per mode (next decision point); one action only: mode.media=still, still.message_cap=40 (duplicate: original answ
CON  2026-10-02T20:28:57Z 1790972940.019 e6fe83ea6b4a2b7f, [bmcam004] OK id=65014 trg 2 armed: capture + output per mode (next decision point); one action only: mode.media=still, still.message_cap=40 (duplicate: original answ
CON  2026-10-02T20:28:57Z 1790972940.070 e6fe83ea6b4a2b7f, [bmcam004] OK id=65014 trg 2 armed: capture + output per mode (next decision point); one action only: mode.media=still, still.message_cap=40 (duplicate: original answ
CON  2026-10-02T20:28:57Z 1790972940.128 e6fe83ea6b4a2b7f, [bmcam004] OK id=65014 trg 2 armed: capture + output per mode (next decision point); one action only: mode.media=still, still.message_cap=40 (duplicate: original answ
CON  2026-10-02T20:28:57Z 1790972940.179 e6fe83ea6b4a2b7f, [bmcam004] OK id=65014 trg 2 armed: capture + output per mode (next decision point); one action only: mode.media=still, still.message_cap=40 (duplicate: original answ
CON  2026-10-02T20:28:57Z 1790972940.230 e6fe83ea6b4a2b7f, [bmcam004] OK id=65014 trg 2 armed: capture + output per mode (next decision point); one action only: mode.media=still, still.message_cap=40 (duplicate: original answ
CON  2026-10-02T20:28:57Z 1790972940.281 e6fe83ea6b4a2b7f, [bmcam004] OK id=65014 trg 2 armed: capture + output per mode (next decision point); one action only: mode.media=still, still.message_cap=40 (duplicate: original answ
CON  2026-10-02T20:28:57Z 1790972940.332 e6fe83ea6b4a2b7f, [bmcam004] OK id=65014 trg 2 armed: capture + output per mode (next decision point); one action only: mode.media=still, still.message_cap=40 (duplicate: original answ
SUMMARY cell=0 con=10
----- 2026-10-02T20:30:37Z STATE M6.sharpness.16.0.cap.after bmcam004
sha256 e24eee36dac1d074 bm_command_state_v2.json 0L
sha256 38739b9717560b1f camera_config.yaml 143L
sha256 222ccd6ee3d410e9 config_journal.jsonl 190L
overlay {"camera.controls_enabled": true, "camera.image_processing.denoise": "cdn_fast", "camera.image_processing.enabled": true, "camera.image_processing.sharpness": 16.0, "mode.run": "stay_on", "still.quality_ladder": [20, 15, 11, 9], "video.record.fps": 14, "video.send.duration_s": 15}
guarded {}
boot 35 hw {"remote": 1000036, "service": 100000032} trg null cache 256
STEP M6.sharpness.16.0.cap ack=none action=stage=None files=2026-10-02T20:29:08Z_image_compressed.jpg.capture_metadata.json 2026-10-02T20:29:08Z_image_native_full.metadata.json action.log 
===== 2026-10-02T20:30:40Z M6.reset.sharpness SPOT-31593C  bm pub bmcam/cmd {"id":65015,"c":"reset","k":["camera.image_processing.sharpness"]} 1 1  (88 B line)
CON  2026-10-02T20:30:43Z bm pub bmcam/cmd {"id":65015,"c":"reset","k":["camera.image_processing.sharpness"]} 1 1
CON  2026-10-02T20:30:43Z 1790973045.730 e6fe83ea6b4a2b7f, [bmcam004] OK id=65015 reset camera.image_processing.sharpness -> YAML cfg=59a4dc32
CON  2026-10-02T20:30:43Z 1790973045.781 e6fe83ea6b4a2b7f, [bmcam004] OK id=65015 reset camera.image_processing.sharpness -> YAML (duplicate: original answer) cfg=59a4dc32
CON  2026-10-02T20:30:43Z 1790973045.832 e6fe83ea6b4a2b7f, [bmcam004] OK id=65015 reset camera.image_processing.sharpness -> YAML (duplicate: original answer) cfg=59a4dc32
CON  2026-10-02T20:30:43Z 1790973045.882 e6fe83ea6b4a2b7f, [bmcam004] OK id=65015 reset camera.image_processing.sharpness -> YAML (duplicate: original answer) cfg=59a4dc32
CON  2026-10-02T20:30:43Z 1790973045.929 e6fe83ea6b4a2b7f, [bmcam004] OK id=65015 reset camera.image_processing.sharpness -> YAML (duplicate: original answer) cfg=59a4dc32
CON  2026-10-02T20:30:43Z 1790973045.980 e6fe83ea6b4a2b7f, [bmcam004] OK id=65015 reset camera.image_processing.sharpness -> YAML (duplicate: original answer) cfg=59a4dc32
CON  2026-10-02T20:30:43Z 1790973046.042 e6fe83ea6b4a2b7f, [bmcam004] OK id=65015 reset camera.image_processing.sharpness -> YAML (duplicate: original answer) cfg=59a4dc32
CON  2026-10-02T20:30:43Z 1790973046.089 e6fe83ea6b4a2b7f, [bmcam004] OK id=65015 reset camera.image_processing.sharpness -> YAML (duplicate: original answer) cfg=59a4dc32
CON  2026-10-02T20:30:43Z 1790973046.140 e6fe83ea6b4a2b7f, [bmcam004] OK id=65015 reset camera.image_processing.sharpness -> YAML (duplicate: original answer) cfg=59a4dc32
CON  2026-10-02T20:30:43Z 1790973046.191 e6fe83ea6b4a2b7f, [bmcam004] OK id=65015 reset camera.image_processing.sharpness -> YAML (duplicate: original answer) cfg=59a4dc32
SUMMARY cell=0 con=11
===== 2026-10-02T20:30:51Z M6.contrast.0.5 SPOT-31593C  bm pub bmcam/cmd {"id":65016,"c":"set","kv":{"camera.image_processing.contrast":0.5}} 1 1  (90 B line)
CON  2026-10-02T20:30:52Z bm pub bmcam/cmd {"id":65016,"c":"set","kv":{"camera.image_processing.contrast":0.5}} 1 1
CON  2026-10-02T20:30:52Z 1790973055.109 e6fe83ea6b4a2b7f, [bmcam004] OK id=65016 camera.image_processing.contrast: none -> 0.5 (next action) cfg=48a13b4f
CON  2026-10-02T20:30:52Z 1790973055.160 e6fe83ea6b4a2b7f, [bmcam004] OK id=65016 camera.image_processing.contrast: none -> 0.5 (next action) (duplicate: original answer) cfg=48a13b4f
CON  2026-10-02T20:30:52Z 1790973055.210 e6fe83ea6b4a2b7f, [bmcam004] OK id=65016 camera.image_processing.contrast: none -> 0.5 (next action) (duplicate: original answer) cfg=48a13b4f
CON  2026-10-02T20:30:52Z 1790973055.261 e6fe83ea6b4a2b7f, [bmcam004] OK id=65016 camera.image_processing.contrast: none -> 0.5 (next action) (duplicate: original answer) cfg=48a13b4f
CON  2026-10-02T20:30:52Z 1790973055.312 e6fe83ea6b4a2b7f, [bmcam004] OK id=65016 camera.image_processing.contrast: none -> 0.5 (next action) (duplicate: original answer) cfg=48a13b4f
CON  2026-10-02T20:30:52Z 1790973055.359 e6fe83ea6b4a2b7f, [bmcam004] OK id=65016 camera.image_processing.contrast: none -> 0.5 (next action) (duplicate: original answer) cfg=48a13b4f
CON  2026-10-02T20:30:52Z 1790973055.421 e6fe83ea6b4a2b7f, [bmcam004] OK id=65016 camera.image_processing.contrast: none -> 0.5 (next action) (duplicate: original answer) cfg=48a13b4f
CON  2026-10-02T20:30:53Z 1790973055.468 e6fe83ea6b4a2b7f, [bmcam004] OK id=65016 camera.image_processing.contrast: none -> 0.5 (next action) (duplicate: original answer) cfg=48a13b4f
CON  2026-10-02T20:30:53Z 1790973055.519 e6fe83ea6b4a2b7f, [bmcam004] OK id=65016 camera.image_processing.contrast: none -> 0.5 (next action) (duplicate: original answer) cfg=48a13b4f
CON  2026-10-02T20:30:53Z 1790973055.570 e6fe83ea6b4a2b7f, [bmcam004] OK id=65016 camera.image_processing.contrast: none -> 0.5 (next action) (duplicate: original answer) cfg=48a13b4f
SUMMARY cell=0 con=11
----- 2026-10-02T20:31:00Z STATE M6.contrast.0.5.cap.before bmcam004
sha256 802c4709e9d86177 bm_command_state_v2.json 0L
sha256 38739b9717560b1f camera_config.yaml 143L
sha256 79b1947f1303144f config_journal.jsonl 192L
overlay {"camera.controls_enabled": true, "camera.image_processing.contrast": 0.5, "camera.image_processing.denoise": "cdn_fast", "camera.image_processing.enabled": true, "mode.run": "stay_on", "still.quality_ladder": [20, 15, 11, 9], "video.record.fps": 14, "video.send.duration_s": 15}
guarded {}
boot 35 hw {"remote": 1000036, "service": 100000032} trg null cache 256
===== 2026-10-02T20:31:03Z M6.contrast.0.5.cap.trg SPOT-31593C  bm pub bmcam/cmd {"id":65017,"c":"trg","v":2,"kv":{"med":"still","m":40}} 1 1  (78 B line)
CON  2026-10-02T20:31:04Z bm pub bmcam/cmd {"id":65017,"c":"trg","v":2,"kv":{"med":"still","m":40}} 1 1
CON  2026-10-02T20:31:04Z 1790973067.488 e6fe83ea6b4a2b7f, [bmcam004] OK id=65017 trg 2 armed: capture + output per mode (next decision point); one action only: mode.media=still, still.message_cap=40 cfg=48a13b4f
CON  2026-10-02T20:31:05Z 1790973067.539 e6fe83ea6b4a2b7f, [bmcam004] OK id=65017 trg 2 armed: capture + output per mode (next decision point); one action only: mode.media=still, still.message_cap=40 (duplicate: original answ
CON  2026-10-02T20:31:05Z 1790973067.589 e6fe83ea6b4a2b7f, [bmcam004] OK id=65017 trg 2 armed: capture + output per mode (next decision point); one action only: mode.media=still, still.message_cap=40 (duplicate: original answ
CON  2026-10-02T20:31:05Z 1790973067.640 e6fe83ea6b4a2b7f, [bmcam004] OK id=65017 trg 2 armed: capture + output per mode (next decision point); one action only: mode.media=still, still.message_cap=40 (duplicate: original answ
CON  2026-10-02T20:31:05Z 1790973067.691 e6fe83ea6b4a2b7f, [bmcam004] OK id=65017 trg 2 armed: capture + output per mode (next decision point); one action only: mode.media=still, still.message_cap=40 (duplicate: original answ
CON  2026-10-02T20:31:05Z 1790973067.738 e6fe83ea6b4a2b7f, [bmcam004] OK id=65017 trg 2 armed: capture + output per mode (next decision point); one action only: mode.media=still, still.message_cap=40 (duplicate: original answ
CON  2026-10-02T20:31:05Z 1790973067.800 e6fe83ea6b4a2b7f, [bmcam004] OK id=65017 trg 2 armed: capture + output per mode (next decision point); one action only: mode.media=still, still.message_cap=40 (duplicate: original answ
CON  2026-10-02T20:31:05Z 1790973067.847 e6fe83ea6b4a2b7f, [bmcam004] OK id=65017 trg 2 armed: capture + output per mode (next decision point); one action only: mode.media=still, still.message_cap=40 (duplicate: original answ
CON  2026-10-02T20:31:05Z 1790973067.898 e6fe83ea6b4a2b7f, [bmcam004] OK id=65017 trg 2 armed: capture + output per mode (next decision point); one action only: mode.media=still, still.message_cap=40 (duplicate: original answ
CELL 2026-10-02T20:31:06Z len=135 <WS v=1 a=cap cfg=48a13b4f up=643 tz=America/Los_Angeles lt=na ws=0000 we=0000 rk=1000x562 q=20 ct=39.2 sha=34a6222ea94c hn=bmcam004>

SUMMARY cell=1 con=10
----- 2026-10-02T20:32:06Z STATE M6.contrast.0.5.cap.after bmcam004
sha256 adb1e17159b842bd bm_command_state_v2.json 0L
sha256 38739b9717560b1f camera_config.yaml 143L
sha256 79b1947f1303144f config_journal.jsonl 192L
overlay {"camera.controls_enabled": true, "camera.image_processing.contrast": 0.5, "camera.image_processing.denoise": "cdn_fast", "camera.image_processing.enabled": true, "mode.run": "stay_on", "still.quality_ladder": [20, 15, 11, 9], "video.record.fps": 14, "video.send.duration_s": 15}
guarded {}
boot 35 hw {"remote": 1000036, "service": 100000032} trg null cache 256
STEP M6.contrast.0.5.cap ack=none action=stage=None files=2026-10-02T20:31:08Z_image_compressed.jpg.capture_metadata.json action.log 
===== 2026-10-02T20:32:09Z M6.contrast.2.0 SPOT-31593C  bm pub bmcam/cmd {"id":65018,"c":"set","kv":{"camera.image_processing.contrast":2.0}} 1 1  (90 B line)
CON  2026-10-02T20:32:11Z bm pub bmcam/cmd {"id":65018,"c":"set","kv":{"camera.image_processing.contrast":2.0}} 1 1
CON  2026-10-02T20:32:11Z 1790973134.386 e6fe83ea6b4a2b7f, [bmcam004] OK id=65018 camera.image_processing.contrast: 0.5 -> 2.0 (next action) cfg=aa3d07d3
CON  2026-10-02T20:32:12Z 1790973134.445 e6fe83ea6b4a2b7f, [bmcam004] OK id=65018 camera.image_processing.contrast: 0.5 -> 2.0 (next action) (duplicate: original answer) cfg=aa3d07d3
CON  2026-10-02T20:32:12Z 1790973134.496 e6fe83ea6b4a2b7f, [bmcam004] OK id=65018 camera.image_processing.contrast: 0.5 -> 2.0 (next action) (duplicate: original answer) cfg=aa3d07d3
CON  2026-10-02T20:32:12Z 1790973134.546 e6fe83ea6b4a2b7f, [bmcam004] OK id=65018 camera.image_processing.contrast: 0.5 -> 2.0 (next action) (duplicate: original answer) cfg=aa3d07d3
CON  2026-10-02T20:32:12Z 1790973134.597 e6fe83ea6b4a2b7f, [bmcam004] OK id=65018 camera.image_processing.contrast: 0.5 -> 2.0 (next action) (duplicate: original answer) cfg=aa3d07d3
CON  2026-10-02T20:32:12Z 1790973134.644 e6fe83ea6b4a2b7f, [bmcam004] OK id=65018 camera.image_processing.contrast: 0.5 -> 2.0 (next action) (duplicate: original answer) cfg=aa3d07d3
CON  2026-10-02T20:32:12Z 1790973134.695 e6fe83ea6b4a2b7f, [bmcam004] OK id=65018 camera.image_processing.contrast: 0.5 -> 2.0 (next action) (duplicate: original answer) cfg=aa3d07d3
CON  2026-10-02T20:32:12Z 1790973134.746 e6fe83ea6b4a2b7f, [bmcam004] OK id=65018 camera.image_processing.contrast: 0.5 -> 2.0 (next action) (duplicate: original answer) cfg=aa3d07d3
CON  2026-10-02T20:32:12Z 1790973134.964 e6fe83ea6b4a2b7f, [bmcam004] OK id=65018 camera.image_processing.contrast: 0.5 -> 2.0 (next action) (duplicate: original answer) cfg=aa3d07d3
CON  2026-10-02T20:32:12Z 1790973135.015 e6fe83ea6b4a2b7f, [bmcam004] OK id=65018 camera.image_processing.contrast: 0.5 -> 2.0 (next action) (duplicate: original answer) cfg=aa3d07d3
SUMMARY cell=0 con=11
----- 2026-10-02T20:32:20Z STATE M6.contrast.2.0.cap.before bmcam004
sha256 c52083578fbb05f0 bm_command_state_v2.json 0L
sha256 38739b9717560b1f camera_config.yaml 143L
sha256 aeac3b2c79bca5d8 config_journal.jsonl 193L
overlay {"camera.controls_enabled": true, "camera.image_processing.contrast": 2.0, "camera.image_processing.denoise": "cdn_fast", "camera.image_processing.enabled": true, "mode.run": "stay_on", "still.quality_ladder": [20, 15, 11, 9], "video.record.fps": 14, "video.send.duration_s": 15}
guarded {}
boot 35 hw {"remote": 1000036, "service": 100000032} trg null cache 256
===== 2026-10-02T20:32:23Z M6.contrast.2.0.cap.trg SPOT-31593C  bm pub bmcam/cmd {"id":65019,"c":"trg","v":2,"kv":{"med":"still","m":40}} 1 1  (78 B line)
CON  2026-10-02T20:32:24Z bm pub bmcam/cmd {"id":65019,"c":"trg","v":2,"kv":{"med":"still","m":40}} 1 1
CON  2026-10-02T20:32:24Z 1790973147.152 e6fe83ea6b4a2b7f, [bmcam004] OK id=65019 trg 2 armed: capture + output per mode (next decision point); one action only: mode.media=still, still.message_cap=40 cfg=aa3d07d3
CON  2026-10-02T20:32:24Z 1790973147.214 e6fe83ea6b4a2b7f, [bmcam004] OK id=65019 trg 2 armed: capture + output per mode (next decision point); one action only: mode.media=still, still.message_cap=40 (duplicate: original answ
CON  2026-10-02T20:32:24Z 1790973147.265 e6fe83ea6b4a2b7f, [bmcam004] OK id=65019 trg 2 armed: capture + output per mode (next decision point); one action only: mode.media=still, still.message_cap=40 (duplicate: original answ
CON  2026-10-02T20:32:24Z 1790973147.316 e6fe83ea6b4a2b7f, [bmcam004] OK id=65019 trg 2 armed: capture + output per mode (next decision point); one action only: mode.media=still, still.message_cap=40 (duplicate: original answ
CON  2026-10-02T20:32:24Z 1790973147.363 e6fe83ea6b4a2b7f, [bmcam004] OK id=65019 trg 2 armed: capture + output per mode (next decision point); one action only: mode.media=still, still.message_cap=40 (duplicate: original answ
CON  2026-10-02T20:32:24Z 1790973147.414 e6fe83ea6b4a2b7f, [bmcam004] OK id=65019 trg 2 armed: capture + output per mode (next decision point); one action only: mode.media=still, still.message_cap=40 (duplicate: original answ
CON  2026-10-02T20:32:25Z 1790973147.464 e6fe83ea6b4a2b7f, [bmcam004] OK id=65019 trg 2 armed: capture + output per mode (next decision point); one action only: mode.media=still, still.message_cap=40 (duplicate: original answ
CON  2026-10-02T20:32:25Z 1790973147.523 e6fe83ea6b4a2b7f, [bmcam004] OK id=65019 trg 2 armed: capture + output per mode (next decision point); one action only: mode.media=still, still.message_cap=40 (duplicate: original answ
CON  2026-10-02T20:32:25Z 1790973147.574 e6fe83ea6b4a2b7f, [bmcam004] OK id=65019 trg 2 armed: capture + output per mode (next decision point); one action only: mode.media=still, still.message_cap=40 (duplicate: original answ
CON  2026-10-02T20:32:25Z 1790973147.625 e6fe83ea6b4a2b7f, [bmcam004] OK id=65019 trg 2 armed: capture + output per mode (next decision point); one action only: mode.media=still, still.message_cap=40 (duplicate: original answ
CELL 2026-10-02T20:32:26Z len=135 <WS v=1 a=cap cfg=aa3d07d3 up=723 tz=America/Los_Angeles lt=na ws=0000 we=0000 rk=1000x562 q=20 ct=39.7 sha=34a6222ea94c hn=bmcam004>

SUMMARY cell=1 con=11
----- 2026-10-02T20:33:37Z STATE M6.contrast.2.0.cap.after bmcam004
sha256 a4ca6772d57a98d1 bm_command_state_v2.json 0L
sha256 38739b9717560b1f camera_config.yaml 143L
sha256 aeac3b2c79bca5d8 config_journal.jsonl 193L
overlay {"camera.controls_enabled": true, "camera.image_processing.contrast": 2.0, "camera.image_processing.denoise": "cdn_fast", "camera.image_processing.enabled": true, "mode.run": "stay_on", "still.quality_ladder": [20, 15, 11, 9], "video.record.fps": 14, "video.send.duration_s": 15}
guarded {}
boot 35 hw {"remote": 1000036, "service": 100000032} trg null cache 256
STEP M6.contrast.2.0.cap ack=none action=stage=None files=2026-10-02T20:32:28Z_image_compressed.jpg.capture_metadata.json action.log 
===== 2026-10-02T20:33:39Z M6.reset.contrast SPOT-31593C  bm pub bmcam/cmd {"id":65020,"c":"reset","k":["camera.image_processing.contrast"]} 1 1  (87 B line)
CON  2026-10-02T20:33:42Z bm pub bmcam/cmd {"id":65020,"c":"reset","k":["camera.image_processing.contrast"]} 1 1
CON  2026-10-02T20:33:42Z 1790973225.257 e6fe83ea6b4a2b7f, [bmcam004] OK id=65020 reset camera.image_processing.contrast -> YAML cfg=59a4dc32
CON  2026-10-02T20:33:42Z 1790973225.308 e6fe83ea6b4a2b7f, [bmcam004] OK id=65020 reset camera.image_processing.contrast -> YAML (duplicate: original answer) cfg=59a4dc32
CON  2026-10-02T20:33:42Z 1790973225.359 e6fe83ea6b4a2b7f, [bmcam004] OK id=65020 reset camera.image_processing.contrast -> YAML (duplicate: original answer) cfg=59a4dc32
CON  2026-10-02T20:33:42Z 1790973225.410 e6fe83ea6b4a2b7f, [bmcam004] OK id=65020 reset camera.image_processing.contrast -> YAML (duplicate: original answer) cfg=59a4dc32
CON  2026-10-02T20:33:42Z 1790973225.460 e6fe83ea6b4a2b7f, [bmcam004] OK id=65020 reset camera.image_processing.contrast -> YAML (duplicate: original answer) cfg=59a4dc32
CON  2026-10-02T20:33:42Z 1790973225.511 e6fe83ea6b4a2b7f, [bmcam004] OK id=65020 reset camera.image_processing.contrast -> YAML (duplicate: original answer) cfg=59a4dc32
CON  2026-10-02T20:33:43Z 1790973225.558 e6fe83ea6b4a2b7f, [bmcam004] OK id=65020 reset camera.image_processing.contrast -> YAML (duplicate: original answer) cfg=59a4dc32
CON  2026-10-02T20:33:43Z 1790973225.621 e6fe83ea6b4a2b7f, [bmcam004] OK id=65020 reset camera.image_processing.contrast -> YAML (duplicate: original answer) cfg=59a4dc32
CON  2026-10-02T20:33:43Z 1790973225.667 e6fe83ea6b4a2b7f, [bmcam004] OK id=65020 reset camera.image_processing.contrast -> YAML (duplicate: original answer) cfg=59a4dc32
CON  2026-10-02T20:33:43Z 1790973225.718 e6fe83ea6b4a2b7f, [bmcam004] OK id=65020 reset camera.image_processing.contrast -> YAML (duplicate: original answer) cfg=59a4dc32
SUMMARY cell=0 con=11
===== 2026-10-02T20:33:50Z M6.saturation.0.0 SPOT-31593C  bm pub bmcam/cmd {"id":65021,"c":"set","kv":{"camera.image_processing.saturation":0.0}} 1 1  (92 B line)
CON  2026-10-02T20:33:51Z bm pub bmcam/cmd {"id":65021,"c":"set","kv":{"camera.image_processing.saturation":0.0}} 1 1
CON  2026-10-02T20:33:52Z 1790973234.628 e6fe83ea6b4a2b7f, [bmcam004] OK id=65021 camera.image_processing.saturation: none -> 0.0 (next action) cfg=f6387d28
CON  2026-10-02T20:33:52Z 1790973234.679 e6fe83ea6b4a2b7f, [bmcam004] OK id=65021 camera.image_processing.saturation: none -> 0.0 (next action) (duplicate: original answer) cfg=f6387d28
CON  2026-10-02T20:33:52Z 1790973234.738 e6fe83ea6b4a2b7f, [bmcam004] OK id=65021 camera.image_processing.saturation: none -> 0.0 (next action) (duplicate: original answer) cfg=f6387d28
CON  2026-10-02T20:33:52Z 1790973234.789 e6fe83ea6b4a2b7f, [bmcam004] OK id=65021 camera.image_processing.saturation: none -> 0.0 (next action) (duplicate: original answer) cfg=f6387d28
CON  2026-10-02T20:33:52Z 1790973234.839 e6fe83ea6b4a2b7f, [bmcam004] OK id=65021 camera.image_processing.saturation: none -> 0.0 (next action) (duplicate: original answer) cfg=f6387d28
CON  2026-10-02T20:33:52Z 1790973234.890 e6fe83ea6b4a2b7f, [bmcam004] OK id=65021 camera.image_processing.saturation: none -> 0.0 (next action) (duplicate: original answer) cfg=f6387d28
CON  2026-10-02T20:33:52Z 1790973234.937 e6fe83ea6b4a2b7f, [bmcam004] OK id=65021 camera.image_processing.saturation: none -> 0.0 (next action) (duplicate: original answer) cfg=f6387d28
CON  2026-10-02T20:33:52Z 1790973234.988 e6fe83ea6b4a2b7f, [bmcam004] OK id=65021 camera.image_processing.saturation: none -> 0.0 (next action) (duplicate: original answer) cfg=f6387d28
CON  2026-10-02T20:33:52Z 1790973235.039 e6fe83ea6b4a2b7f, [bmcam004] OK id=65021 camera.image_processing.saturation: none -> 0.0 (next action) (duplicate: original answer) cfg=f6387d28
CON  2026-10-02T20:33:52Z 1790973235.089 e6fe83ea6b4a2b7f, [bmcam004] OK id=65021 camera.image_processing.saturation: none -> 0.0 (next action) (duplicate: original answer) cfg=f6387d28
SUMMARY cell=0 con=11
----- 2026-10-02T20:34:00Z STATE M6.saturation.0.0.cap.before bmcam004
sha256 f8b4a30eb1556e5a bm_command_state_v2.json 0L
sha256 38739b9717560b1f camera_config.yaml 143L
sha256 0d554cb855087e1a config_journal.jsonl 195L
overlay {"camera.controls_enabled": true, "camera.image_processing.denoise": "cdn_fast", "camera.image_processing.enabled": true, "camera.image_processing.saturation": 0.0, "mode.run": "stay_on", "still.quality_ladder": [20, 15, 11, 9], "video.record.fps": 14, "video.send.duration_s": 15}
guarded {}
boot 35 hw {"remote": 1000036, "service": 100000032} trg null cache 256
===== 2026-10-02T20:34:03Z M6.saturation.0.0.cap.trg SPOT-31593C  bm pub bmcam/cmd {"id":65022,"c":"trg","v":2,"kv":{"med":"still","m":40}} 1 1  (78 B line)
CON  2026-10-02T20:34:04Z bm pub bmcam/cmd {"id":65022,"c":"trg","v":2,"kv":{"med":"still","m":40}} 1 1
CON  2026-10-02T20:34:04Z 1790973247.406 e6fe83ea6b4a2b7f, [bmcam004] OK id=65022 trg 2 armed: capture + output per mode (next decision point); one action only: mode.media=still, still.message_cap=40 cfg=f6387d28
CON  2026-10-02T20:34:05Z 1790973247.468 e6fe83ea6b4a2b7f, [bmcam004] OK id=65022 trg 2 armed: capture + output per mode (next decision point); one action only: mode.media=still, still.message_cap=40 (duplicate: original answ
CON  2026-10-02T20:34:05Z 1790973247.515 e6fe83ea6b4a2b7f, [bmcam004] OK id=65022 trg 2 armed: capture + output per mode (next decision point); one action only: mode.media=still, still.message_cap=40 (duplicate: original answ
CON  2026-10-02T20:34:05Z 1790973247.566 e6fe83ea6b4a2b7f, [bmcam004] OK id=65022 trg 2 armed: capture + output per mode (next decision point); one action only: mode.media=still, still.message_cap=40 (duplicate: original answ
CON  2026-10-02T20:34:05Z 1790973247.617 e6fe83ea6b4a2b7f, [bmcam004] OK id=65022 trg 2 armed: capture + output per mode (next decision point); one action only: mode.media=still, still.message_cap=40 (duplicate: original answ
CON  2026-10-02T20:34:05Z 1790973247.667 e6fe83ea6b4a2b7f, [bmcam004] OK id=65022 trg 2 armed: capture + output per mode (next decision point); one action only: mode.media=still, still.message_cap=40 (duplicate: original answ
CON  2026-10-02T20:34:05Z 1790973247.718 e6fe83ea6b4a2b7f, [bmcam004] OK id=65022 trg 2 armed: capture + output per mode (next decision point); one action only: mode.media=still, still.message_cap=40 (duplicate: original answ
CON  2026-10-02T20:34:05Z 1790973247.777 e6fe83ea6b4a2b7f, [bmcam004] OK id=65022 trg 2 armed: capture + output per mode (next decision point); one action only: mode.media=still, still.message_cap=40 (duplicate: original answ
CON  2026-10-02T20:34:05Z 1790973247.828 e6fe83ea6b4a2b7f, [bmcam004] OK id=65022 trg 2 armed: capture + output per mode (next decision point); one action only: mode.media=still, still.message_cap=40 (duplicate: original answ
CON  2026-10-02T20:34:05Z 1790973247.878 e6fe83ea6b4a2b7f, [bmcam004] OK id=65022 trg 2 armed: capture + output per mode (next decision point); one action only: mode.media=still, still.message_cap=40 (duplicate: original answ
CELL 2026-10-02T20:34:06Z len=135 <WS v=1 a=cap cfg=f6387d28 up=823 tz=America/Los_Angeles lt=na ws=0000 we=0000 rk=1000x562 q=20 ct=39.2 sha=34a6222ea94c hn=bmcam004>

CELL 2026-10-02T20:34:10Z len=281 <START IMG> filename: 2026-10-02T20:34:08Z_image_compressed.jpg, timestamp: 2026-10-02T20:34:10Z, length: 36, key=0e4zsw, cfg=f6387d28, tg=65022, r=1600x900+1504+846, m=40, fmt=pjpg, q=9, att=4, cmp=1, rk=1000x562, ws=0000, we=0000, sha=34a6222ea94c, hn=bmcam004, sf=24565, sp=75

SUMMARY cell=2 con=11
----- 2026-10-02T20:35:16Z STATE M6.saturation.0.0.cap.after bmcam004
sha256 e1abf006348956d3 bm_command_state_v2.json 0L
sha256 38739b9717560b1f camera_config.yaml 143L
sha256 0d554cb855087e1a config_journal.jsonl 195L
overlay {"camera.controls_enabled": true, "camera.image_processing.denoise": "cdn_fast", "camera.image_processing.enabled": true, "camera.image_processing.saturation": 0.0, "mode.run": "stay_on", "still.quality_ladder": [20, 15, 11, 9], "video.record.fps": 14, "video.send.duration_s": 15}
guarded {}
boot 35 hw {"remote": 1000036, "service": 100000032} trg null cache 256
STEP M6.saturation.0.0.cap ack=none action=stage=None files=2026-10-02T20:34:08Z_image_compressed.jpg.capture_metadata.json action.log 
===== 2026-10-02T20:35:18Z M6.saturation.2.0 SPOT-31593C  bm pub bmcam/cmd {"id":65023,"c":"set","kv":{"camera.image_processing.saturation":2.0}} 1 1  (92 B line)
CON  2026-10-02T20:35:21Z bm pub bmcam/cmd {"id":65023,"c":"set","kv":{"camera.image_processing.saturation":2.0}} 1 1
CON  2026-10-02T20:35:21Z 1790973324.113 e6fe83ea6b4a2b7f, [bmcam004] OK id=65023 camera.image_processing.saturation: 0.0 -> 2.0 (next action) cfg=b7bc8144
CON  2026-10-02T20:35:21Z 1790973324.160 e6fe83ea6b4a2b7f, [bmcam004] OK id=65023 camera.image_processing.saturation: 0.0 -> 2.0 (next action) (duplicate: original answer) cfg=b7bc8144
CON  2026-10-02T20:35:21Z 1790973324.210 e6fe83ea6b4a2b7f, [bmcam004] OK id=65023 camera.image_processing.saturation: 0.0 -> 2.0 (next action) (duplicate: original answer) cfg=b7bc8144
CON  2026-10-02T20:35:21Z 1790973324.261 e6fe83ea6b4a2b7f, [bmcam004] OK id=65023 camera.image_processing.saturation: 0.0 -> 2.0 (next action) (duplicate: original answer) cfg=b7bc8144
CON  2026-10-02T20:35:21Z 1790973324.312 e6fe83ea6b4a2b7f, [bmcam004] OK id=65023 camera.image_processing.saturation: 0.0 -> 2.0 (next action) (duplicate: original answer) cfg=b7bc8144
CON  2026-10-02T20:35:21Z 1790973324.363 e6fe83ea6b4a2b7f, [bmcam004] OK id=65023 camera.image_processing.saturation: 0.0 -> 2.0 (next action) (duplicate: original answer) cfg=b7bc8144
CON  2026-10-02T20:35:21Z 1790973324.410 e6fe83ea6b4a2b7f, [bmcam004] OK id=65023 camera.image_processing.saturation: 0.0 -> 2.0 (next action) (duplicate: original answer) cfg=b7bc8144
CON  2026-10-02T20:35:21Z 1790973324.460 e6fe83ea6b4a2b7f, [bmcam004] OK id=65023 camera.image_processing.saturation: 0.0 -> 2.0 (next action) (duplicate: original answer) cfg=b7bc8144
CON  2026-10-02T20:35:21Z 1790973324.523 e6fe83ea6b4a2b7f, [bmcam004] OK id=65023 camera.image_processing.saturation: 0.0 -> 2.0 (next action) (duplicate: original answer) cfg=b7bc8144
CON  2026-10-02T20:35:21Z 1790973324.570 e6fe83ea6b4a2b7f, [bmcam004] OK id=65023 camera.image_processing.saturation: 0.0 -> 2.0 (next action) (duplicate: original answer) cfg=b7bc8144
SUMMARY cell=0 con=11
----- 2026-10-02T20:35:29Z STATE M6.saturation.2.0.cap.before bmcam004
sha256 6c7de3e0e8f83984 bm_command_state_v2.json 0L
sha256 38739b9717560b1f camera_config.yaml 143L
sha256 758247893a5f4b2e config_journal.jsonl 196L
overlay {"camera.controls_enabled": true, "camera.image_processing.denoise": "cdn_fast", "camera.image_processing.enabled": true, "camera.image_processing.saturation": 2.0, "mode.run": "stay_on", "still.quality_ladder": [20, 15, 11, 9], "video.record.fps": 14, "video.send.duration_s": 15}
guarded {}
boot 35 hw {"remote": 1000036, "service": 100000032} trg null cache 256
===== 2026-10-02T20:35:32Z M6.saturation.2.0.cap.trg SPOT-31593C  bm pub bmcam/cmd {"id":65024,"c":"trg","v":2,"kv":{"med":"still","m":40}} 1 1  (78 B line)
CON  2026-10-02T20:35:33Z bm pub bmcam/cmd {"id":65024,"c":"trg","v":2,"kv":{"med":"still","m":40}} 1 1
CON  2026-10-02T20:35:34Z 1790973336.492 e6fe83ea6b4a2b7f, [bmcam004] OK id=65024 trg 2 armed: capture + output per mode (next decision point); one action only: mode.media=still, still.message_cap=40 cfg=b7bc8144
CON  2026-10-02T20:35:34Z 1790973336.539 e6fe83ea6b4a2b7f, [bmcam004] OK id=65024 trg 2 armed: capture + output per mode (next decision point); one action only: mode.media=still, still.message_cap=40 (duplicate: original answ
CON  2026-10-02T20:35:34Z 1790973336.589 e6fe83ea6b4a2b7f, [bmcam004] OK id=65024 trg 2 armed: capture + output per mode (next decision point); one action only: mode.media=still, still.message_cap=40 (duplicate: original answ
CON  2026-10-02T20:35:34Z 1790973336.640 e6fe83ea6b4a2b7f, [bmcam004] OK id=65024 trg 2 armed: capture + output per mode (next decision point); one action only: mode.media=still, still.message_cap=40 (duplicate: original answ
CON  2026-10-02T20:35:34Z 1790973336.691 e6fe83ea6b4a2b7f, [bmcam004] OK id=65024 trg 2 armed: capture + output per mode (next decision point); one action only: mode.media=still, still.message_cap=40 (duplicate: original answ
CON  2026-10-02T20:35:34Z 1790973336.742 e6fe83ea6b4a2b7f, [bmcam004] OK id=65024 trg 2 armed: capture + output per mode (next decision point); one action only: mode.media=still, still.message_cap=40 (duplicate: original answ
CON  2026-10-02T20:35:34Z 1790973336.800 e6fe83ea6b4a2b7f, [bmcam004] OK id=65024 trg 2 armed: capture + output per mode (next decision point); one action only: mode.media=still, still.message_cap=40 (duplicate: original answ
CON  2026-10-02T20:35:34Z 1790973336.851 e6fe83ea6b4a2b7f, [bmcam004] OK id=65024 trg 2 armed: capture + output per mode (next decision point); one action only: mode.media=still, still.message_cap=40 (duplicate: original answ
CON  2026-10-02T20:35:34Z 1790973336.902 e6fe83ea6b4a2b7f, [bmcam004] OK id=65024 trg 2 armed: capture + output per mode (next decision point); one action only: mode.media=still, still.message_cap=40 (duplicate: original answ
CON  2026-10-02T20:35:34Z 1790973336.949 e6fe83ea6b4a2b7f, [bmcam004] OK id=65024 trg 2 armed: capture + output per mode (next decision point); one action only: mode.media=still, still.message_cap=40 (duplicate: original answ
CELL 2026-10-02T20:35:36Z len=135 <WS v=1 a=cap cfg=b7bc8144 up=913 tz=America/Los_Angeles lt=na ws=0000 we=0000 rk=1000x562 q=20 ct=39.7 sha=34a6222ea94c hn=bmcam004>

SUMMARY cell=1 con=11
----- 2026-10-02T20:36:44Z STATE M6.saturation.2.0.cap.after bmcam004
sha256 62636810a5f48cec bm_command_state_v2.json 0L
sha256 38739b9717560b1f camera_config.yaml 143L
sha256 758247893a5f4b2e config_journal.jsonl 196L
overlay {"camera.controls_enabled": true, "camera.image_processing.denoise": "cdn_fast", "camera.image_processing.enabled": true, "camera.image_processing.saturation": 2.0, "mode.run": "stay_on", "still.quality_ladder": [20, 15, 11, 9], "video.record.fps": 14, "video.send.duration_s": 15}
guarded {}
boot 35 hw {"remote": 1000036, "service": 100000032} trg null cache 256
STEP M6.saturation.2.0.cap ack=none action=stage=None files=2026-10-02T20:35:38Z_image_compressed.jpg.capture_metadata.json action.log 
===== 2026-10-02T20:36:46Z M6.reset.saturation SPOT-31593C  bm pub bmcam/cmd {"id":65025,"c":"reset","k":["camera.image_processing.saturation"]} 1 1  (89 B line)
CON  2026-10-02T20:36:49Z bm pub bmcam/cmd {"id":65025,"c":"reset","k":["camera.image_processing.saturation"]} 1 1
CON  2026-10-02T20:36:49Z 1790973411.886 e6fe83ea6b4a2b7f, [bmcam004] OK id=65025 reset camera.image_processing.saturation -> YAML cfg=59a4dc32
CON  2026-10-02T20:36:49Z 1790973411.949 e6fe83ea6b4a2b7f, [bmcam004] OK id=65025 reset camera.image_processing.saturation -> YAML (duplicate: original answer) cfg=59a4dc32
CON  2026-10-02T20:36:49Z 1790973412.000 e6fe83ea6b4a2b7f, [bmcam004] OK id=65025 reset camera.image_processing.saturation -> YAML (duplicate: original answer) cfg=59a4dc32
CON  2026-10-02T20:36:49Z 1790973412.046 e6fe83ea6b4a2b7f, [bmcam004] OK id=65025 reset camera.image_processing.saturation -> YAML (duplicate: original answer) cfg=59a4dc32
CON  2026-10-02T20:36:49Z 1790973412.097 e6fe83ea6b4a2b7f, [bmcam004] OK id=65025 reset camera.image_processing.saturation -> YAML (duplicate: original answer) cfg=59a4dc32
CON  2026-10-02T20:36:49Z 1790973412.148 e6fe83ea6b4a2b7f, [bmcam004] OK id=65025 reset camera.image_processing.saturation -> YAML (duplicate: original answer) cfg=59a4dc32
CON  2026-10-02T20:36:49Z 1790973412.199 e6fe83ea6b4a2b7f, [bmcam004] OK id=65025 reset camera.image_processing.saturation -> YAML (duplicate: original answer) cfg=59a4dc32
CON  2026-10-02T20:36:49Z 1790973412.250 e6fe83ea6b4a2b7f, [bmcam004] OK id=65025 reset camera.image_processing.saturation -> YAML (duplicate: original answer) cfg=59a4dc32
CON  2026-10-02T20:36:49Z 1790973412.296 e6fe83ea6b4a2b7f, [bmcam004] OK id=65025 reset camera.image_processing.saturation -> YAML (duplicate: original answer) cfg=59a4dc32
CON  2026-10-02T20:36:49Z 1790973412.359 e6fe83ea6b4a2b7f, [bmcam004] OK id=65025 reset camera.image_processing.saturation -> YAML (duplicate: original answer) cfg=59a4dc32
SUMMARY cell=0 con=11
===== 2026-10-02T20:36:57Z M6.brightness.-0.25 SPOT-31593C  bm pub bmcam/cmd {"id":65026,"c":"set","kv":{"camera.image_processing.brightness":-0.25}} 1 1  (94 B line)
CON  2026-10-02T20:36:58Z bm pub bmcam/cmd {"id":65026,"c":"set","kv":{"camera.image_processing.brightness":-0.25}} 1 1
CON  2026-10-02T20:36:58Z 1790973421.046 e6fe83ea6b4a2b7f, [bmcam004] OK id=65026 camera.image_processing.brightness: none -> -0.25 (next action) cfg=e663f3d4
CON  2026-10-02T20:36:58Z 1790973421.105 e6fe83ea6b4a2b7f, [bmcam004] OK id=65026 camera.image_processing.brightness: none -> -0.25 (next action) (duplicate: original answer) cfg=e663f3d4
CON  2026-10-02T20:36:58Z 1790973421.156 e6fe83ea6b4a2b7f, [bmcam004] OK id=65026 camera.image_processing.brightness: none -> -0.25 (next action) (duplicate: original answer) cfg=e663f3d4
CON  2026-10-02T20:36:58Z 1790973421.207 e6fe83ea6b4a2b7f, [bmcam004] OK id=65026 camera.image_processing.brightness: none -> -0.25 (next action) (duplicate: original answer) cfg=e663f3d4
CON  2026-10-02T20:36:58Z 1790973421.257 e6fe83ea6b4a2b7f, [bmcam004] OK id=65026 camera.image_processing.brightness: none -> -0.25 (next action) (duplicate: original answer) cfg=e663f3d4
CON  2026-10-02T20:36:58Z 1790973421.308 e6fe83ea6b4a2b7f, [bmcam004] OK id=65026 camera.image_processing.brightness: none -> -0.25 (next action) (duplicate: original answer) cfg=e663f3d4
CON  2026-10-02T20:36:58Z 1790973421.355 e6fe83ea6b4a2b7f, [bmcam004] OK id=65026 camera.image_processing.brightness: none -> -0.25 (next action) (duplicate: original answer) cfg=e663f3d4
CON  2026-10-02T20:36:59Z 1790973421.578 e6fe83ea6b4a2b7f, [bmcam004] OK id=65026 camera.image_processing.brightness: none -> -0.25 (next action) (duplicate: original answer) cfg=e663f3d4
CON  2026-10-02T20:36:59Z 1790973421.628 e6fe83ea6b4a2b7f, [bmcam004] OK id=65026 camera.image_processing.brightness: none -> -0.25 (next action) (duplicate: original answer) cfg=e663f3d4
CON  2026-10-02T20:36:59Z 1790973421.675 e6fe83ea6b4a2b7f, [bmcam004] OK id=65026 camera.image_processing.brightness: none -> -0.25 (next action) (duplicate: original answer) cfg=e663f3d4
SUMMARY cell=0 con=11
----- 2026-10-02T20:37:06Z STATE M6.brightness.-0.25.cap.before bmcam004
sha256 74c81e611ef0993d bm_command_state_v2.json 0L
sha256 38739b9717560b1f camera_config.yaml 143L
sha256 a4f9e4a0bfdb07f5 config_journal.jsonl 198L
overlay {"camera.controls_enabled": true, "camera.image_processing.brightness": -0.25, "camera.image_processing.denoise": "cdn_fast", "camera.image_processing.enabled": true, "mode.run": "stay_on", "still.quality_ladder": [20, 15, 11, 9], "video.record.fps": 14, "video.send.duration_s": 15}
guarded {}
boot 35 hw {"remote": 1000036, "service": 100000032} trg null cache 256
===== 2026-10-02T20:37:09Z M6.brightness.-0.25.cap.trg SPOT-31593C  bm pub bmcam/cmd {"id":65027,"c":"trg","v":2,"kv":{"med":"still","m":40}} 1 1  (78 B line)
CON  2026-10-02T20:37:10Z bm pub bmcam/cmd {"id":65027,"c":"trg","v":2,"kv":{"med":"still","m":40}} 1 1
CON  2026-10-02T20:37:10Z 1790973433.394 e6fe83ea6b4a2b7f, [bmcam004] OK id=65027 trg 2 armed: capture + output per mode (next decision point); one action only: mode.media=still, still.message_cap=40 cfg=e663f3d4
CON  2026-10-02T20:37:10Z 1790973433.457 e6fe83ea6b4a2b7f, [bmcam004] OK id=65027 trg 2 armed: capture + output per mode (next decision point); one action only: mode.media=still, still.message_cap=40 (duplicate: original answ
CON  2026-10-02T20:37:10Z 1790973433.507 e6fe83ea6b4a2b7f, [bmcam004] OK id=65027 trg 2 armed: capture + output per mode (next decision point); one action only: mode.media=still, still.message_cap=40 (duplicate: original answ
CON  2026-10-02T20:37:11Z 1790973433.554 e6fe83ea6b4a2b7f, [bmcam004] OK id=65027 trg 2 armed: capture + output per mode (next decision point); one action only: mode.media=still, still.message_cap=40 (duplicate: original answ
CON  2026-10-02T20:37:11Z 1790973433.605 e6fe83ea6b4a2b7f, [bmcam004] OK id=65027 trg 2 armed: capture + output per mode (next decision point); one action only: mode.media=still, still.message_cap=40 (duplicate: original answ
CON  2026-10-02T20:37:11Z 1790973433.656 e6fe83ea6b4a2b7f, [bmcam004] OK id=65027 trg 2 armed: capture + output per mode (next decision point); one action only: mode.media=still, still.message_cap=40 (duplicate: original answ
CON  2026-10-02T20:37:11Z 1790973433.707 e6fe83ea6b4a2b7f, [bmcam004] OK id=65027 trg 2 armed: capture + output per mode (next decision point); one action only: mode.media=still, still.message_cap=40 (duplicate: original answ
CON  2026-10-02T20:37:11Z 1790973433.757 e6fe83ea6b4a2b7f, [bmcam004] OK id=65027 trg 2 armed: capture + output per mode (next decision point); one action only: mode.media=still, still.message_cap=40 (duplicate: original answ
CON  2026-10-02T20:37:11Z 1790973433.804 e6fe83ea6b4a2b7f, [bmcam004] OK id=65027 trg 2 armed: capture + output per mode (next decision point); one action only: mode.media=still, still.message_cap=40 (duplicate: original answ
CON  2026-10-02T20:37:11Z 1790973433.867 e6fe83ea6b4a2b7f, [bmcam004] OK id=65027 trg 2 armed: capture + output per mode (next decision point); one action only: mode.media=still, still.message_cap=40 (duplicate: original answ
CELL 2026-10-02T20:37:16Z len=136 <WS v=1 a=cap cfg=e663f3d4 up=1013 tz=America/Los_Angeles lt=na ws=0000 we=0000 rk=1000x562 q=20 ct=39.7 sha=34a6222ea94c hn=bmcam004>

SUMMARY cell=1 con=11
----- 2026-10-02T20:38:23Z STATE M6.brightness.-0.25.cap.after bmcam004
sha256 165399db36336625 bm_command_state_v2.json 0L
sha256 38739b9717560b1f camera_config.yaml 143L
sha256 a4f9e4a0bfdb07f5 config_journal.jsonl 198L
overlay {"camera.controls_enabled": true, "camera.image_processing.brightness": -0.25, "camera.image_processing.denoise": "cdn_fast", "camera.image_processing.enabled": true, "mode.run": "stay_on", "still.quality_ladder": [20, 15, 11, 9], "video.record.fps": 14, "video.send.duration_s": 15}
guarded {}
boot 35 hw {"remote": 1000036, "service": 100000032} trg null cache 256
STEP M6.brightness.-0.25.cap ack=none action=stage=None files=2026-10-02T20:37:16Z_image_compressed.jpg.capture_metadata.json 2026-10-02T20:37:16Z_image_native_full.metadata.json action.log 
===== 2026-10-02T20:38:25Z M6.brightness.0.25 SPOT-31593C  bm pub bmcam/cmd {"id":65028,"c":"set","kv":{"camera.image_processing.brightness":0.25}} 1 1  (93 B line)
CON  2026-10-02T20:38:27Z bm pub bmcam/cmd {"id":65028,"c":"set","kv":{"camera.image_processing.brightness":0.25}} 1 1
CON  2026-10-02T20:38:27Z 1790973510.460 e6fe83ea6b4a2b7f, [bmcam004] OK id=65028 camera.image_processing.brightness: -0.25 -> 0.25 (next action) cfg=dd5c383e
CON  2026-10-02T20:38:28Z 1790973510.519 e6fe83ea6b4a2b7f, [bmcam004] OK id=65028 camera.image_processing.brightness: -0.25 -> 0.25 (next action) (duplicate: original answer) cfg=dd5c383e
CON  2026-10-02T20:38:28Z 1790973510.570 e6fe83ea6b4a2b7f, [bmcam004] OK id=65028 camera.image_processing.brightness: -0.25 -> 0.25 (next action) (duplicate: original answer) cfg=dd5c383e
CON  2026-10-02T20:38:28Z 1790973510.621 e6fe83ea6b4a2b7f, [bmcam004] OK id=65028 camera.image_processing.brightness: -0.25 -> 0.25 (next action) (duplicate: original answer) cfg=dd5c383e
CON  2026-10-02T20:38:28Z 1790973510.671 e6fe83ea6b4a2b7f, [bmcam004] OK id=65028 camera.image_processing.brightness: -0.25 -> 0.25 (next action) (duplicate: original answer) cfg=dd5c383e
CON  2026-10-02T20:38:28Z 1790973510.722 e6fe83ea6b4a2b7f, [bmcam004] OK id=65028 camera.image_processing.brightness: -0.25 -> 0.25 (next action) (duplicate: original answer) cfg=dd5c383e
CON  2026-10-02T20:38:28Z 1790973510.769 e6fe83ea6b4a2b7f, [bmcam004] OK id=65028 camera.image_processing.brightness: -0.25 -> 0.25 (next action) (duplicate: original answer) cfg=dd5c383e
CON  2026-10-02T20:38:28Z 1790973510.820 e6fe83ea6b4a2b7f, [bmcam004] OK id=65028 camera.image_processing.brightness: -0.25 -> 0.25 (next action) (duplicate: original answer) cfg=dd5c383e
CON  2026-10-02T20:38:28Z 1790973510.871 e6fe83ea6b4a2b7f, [bmcam004] OK id=65028 camera.image_processing.brightness: -0.25 -> 0.25 (next action) (duplicate: original answer) cfg=dd5c383e
CON  2026-10-02T20:38:28Z 1790973510.929 e6fe83ea6b4a2b7f, [bmcam004] OK id=65028 camera.image_processing.brightness: -0.25 -> 0.25 (next action) (duplicate: original answer) cfg=dd5c383e
SUMMARY cell=0 con=11
----- 2026-10-02T20:38:35Z STATE M6.brightness.0.25.cap.before bmcam004
sha256 b5e63c9bfb430e23 bm_command_state_v2.json 0L
sha256 38739b9717560b1f camera_config.yaml 143L
sha256 1330de1ad3751a52 config_journal.jsonl 199L
overlay {"camera.controls_enabled": true, "camera.image_processing.brightness": 0.25, "camera.image_processing.denoise": "cdn_fast", "camera.image_processing.enabled": true, "mode.run": "stay_on", "still.quality_ladder": [20, 15, 11, 9], "video.record.fps": 14, "video.send.duration_s": 15}
guarded {}
boot 35 hw {"remote": 1000036, "service": 100000032} trg null cache 256
===== 2026-10-02T20:38:38Z M6.brightness.0.25.cap.trg SPOT-31593C  bm pub bmcam/cmd {"id":65029,"c":"trg","v":2,"kv":{"med":"still","m":40}} 1 1  (78 B line)
CON  2026-10-02T20:38:39Z bm pub bmcam/cmd {"id":65029,"c":"trg","v":2,"kv":{"med":"still","m":40}} 1 1
CON  2026-10-02T20:38:40Z 1790973522.640 e6fe83ea6b4a2b7f, [bmcam004] OK id=65029 trg 2 armed: capture + output per mode (next decision point); one action only: mode.media=still, still.message_cap=40 cfg=dd5c383e
CON  2026-10-02T20:38:40Z 1790973522.699 e6fe83ea6b4a2b7f, [bmcam004] OK id=65029 trg 2 armed: capture + output per mode (next decision point); one action only: mode.media=still, still.message_cap=40 (duplicate: original answ
CON  2026-10-02T20:38:40Z 1790973522.750 e6fe83ea6b4a2b7f, [bmcam004] OK id=65029 trg 2 armed: capture + output per mode (next decision point); one action only: mode.media=still, still.message_cap=40 (duplicate: original answ
CON  2026-10-02T20:38:40Z 1790973522.800 e6fe83ea6b4a2b7f, [bmcam004] OK id=65029 trg 2 armed: capture + output per mode (next decision point); one action only: mode.media=still, still.message_cap=40 (duplicate: original answ
CON  2026-10-02T20:38:40Z 1790973522.847 e6fe83ea6b4a2b7f, [bmcam004] OK id=65029 trg 2 armed: capture + output per mode (next decision point); one action only: mode.media=still, still.message_cap=40 (duplicate: original answ
CON  2026-10-02T20:38:40Z 1790973522.898 e6fe83ea6b4a2b7f, [bmcam004] OK id=65029 trg 2 armed: capture + output per mode (next decision point); one action only: mode.media=still, still.message_cap=40 (duplicate: original answ
CON  2026-10-02T20:38:40Z 1790973522.949 e6fe83ea6b4a2b7f, [bmcam004] OK id=65029 trg 2 armed: capture + output per mode (next decision point); one action only: mode.media=still, still.message_cap=40 (duplicate: original answ
CON  2026-10-02T20:38:40Z 1790973523.000 e6fe83ea6b4a2b7f, [bmcam004] OK id=65029 trg 2 armed: capture + output per mode (next decision point); one action only: mode.media=still, still.message_cap=40 (duplicate: original answ
CON  2026-10-02T20:38:40Z 1790973523.058 e6fe83ea6b4a2b7f, [bmcam004] OK id=65029 trg 2 armed: capture + output per mode (next decision point); one action only: mode.media=still, still.message_cap=40 (duplicate: original answ
CON  2026-10-02T20:38:40Z 1790973523.109 e6fe83ea6b4a2b7f, [bmcam004] OK id=65029 trg 2 armed: capture + output per mode (next decision point); one action only: mode.media=still, still.message_cap=40 (duplicate: original answ
SUMMARY cell=0 con=11
----- 2026-10-02T20:39:51Z STATE M6.brightness.0.25.cap.after bmcam004
sha256 4a12baa3efbb5282 bm_command_state_v2.json 0L
sha256 38739b9717560b1f camera_config.yaml 143L
sha256 1330de1ad3751a52 config_journal.jsonl 199L
overlay {"camera.controls_enabled": true, "camera.image_processing.brightness": 0.25, "camera.image_processing.denoise": "cdn_fast", "camera.image_processing.enabled": true, "mode.run": "stay_on", "still.quality_ladder": [20, 15, 11, 9], "video.record.fps": 14, "video.send.duration_s": 15}
guarded {}
boot 35 hw {"remote": 1000036, "service": 100000032} trg null cache 256
STEP M6.brightness.0.25.cap ack=none action=stage=None files=2026-10-02T20:38:48Z_image_compressed.jpg.capture_metadata.json 2026-10-02T20:38:48Z_image_native_full.metadata.json action.log 
===== 2026-10-02T20:39:54Z M6.reset.brightness SPOT-31593C  bm pub bmcam/cmd {"id":65030,"c":"reset","k":["camera.image_processing.brightness"]} 1 1  (89 B line)
CON  2026-10-02T20:39:56Z bm pub bmcam/cmd {"id":65030,"c":"reset","k":["camera.image_processing.brightness"]} 1 1
CON  2026-10-02T20:39:56Z 1790973599.445 e6fe83ea6b4a2b7f, [bmcam004] OK id=65030 reset camera.image_processing.brightness -> YAML cfg=59a4dc32
CON  2026-10-02T20:39:56Z 1790973599.449 e6fe83ea6b4a2b7f, [bmcam004] OK id=65030 reset camera.image_processing.brightness -> YAML (duplicate: original answer) cfg=59a4dc32
CON  2026-10-02T20:39:56Z 1790973599.546 e6fe83ea6b4a2b7f, [bmcam004] OK id=65030 reset camera.image_processing.brightness -> YAML (duplicate: original answer) cfg=59a4dc32
CON  2026-10-02T20:39:56Z 1790973599.546 e6fe83ea6b4a2b7f, [bmcam004] OK id=65030 reset camera.image_processing.brightness -> YAML (duplicate: original answer) cfg=59a4dc32
CON  2026-10-02T20:39:57Z 1790973599.605 e6fe83ea6b4a2b7f, [bmcam004] OK id=65030 reset camera.image_processing.brightness -> YAML (duplicate: original answer) cfg=59a4dc32
CON  2026-10-02T20:39:57Z 1790973599.656 e6fe83ea6b4a2b7f, [bmcam004] OK id=65030 reset camera.image_processing.brightness -> YAML (duplicate: original answer) cfg=59a4dc32
CON  2026-10-02T20:39:57Z 1790973599.703 e6fe83ea6b4a2b7f, [bmcam004] OK id=65030 reset camera.image_processing.brightness -> YAML (duplicate: original answer) cfg=59a4dc32
CON  2026-10-02T20:39:57Z 1790973599.753 e6fe83ea6b4a2b7f, [bmcam004] OK id=65030 reset camera.image_processing.brightness -> YAML (duplicate: original answer) cfg=59a4dc32
CON  2026-10-02T20:39:57Z 1790973599.804 e6fe83ea6b4a2b7f, [bmcam004] OK id=65030 reset camera.image_processing.brightness -> YAML (duplicate: original answer) cfg=59a4dc32
CON  2026-10-02T20:39:57Z 1790973599.855 e6fe83ea6b4a2b7f, [bmcam004] OK id=65030 reset camera.image_processing.brightness -> YAML (duplicate: original answer) cfg=59a4dc32
SUMMARY cell=0 con=11
===== 2026-10-02T20:40:04Z M6.denoise.auto SPOT-31593C  bm pub bmcam/cmd {"id":65031,"c":"set","kv":{"camera.image_processing.denoise":"auto"}} 1 1  (92 B line)
CON  2026-10-02T20:40:05Z bm pub bmcam/cmd {"id":65031,"c":"set","kv":{"camera.image_processing.denoise":"auto"}} 1 1
CON  2026-10-02T20:40:06Z 1790973608.566 e6fe83ea6b4a2b7f, [bmcam004] OK id=65031 camera.image_processing.denoise: cdn_fast -> auto (next action) cfg=be001346
CON  2026-10-02T20:40:06Z 1790973608.625 e6fe83ea6b4a2b7f, [bmcam004] OK id=65031 camera.image_processing.denoise: cdn_fast -> auto (next action) (duplicate: original answer) cfg=be001346
CON  2026-10-02T20:40:06Z 1790973608.675 e6fe83ea6b4a2b7f, [bmcam004] OK id=65031 camera.image_processing.denoise: cdn_fast -> auto (next action) (duplicate: original answer) cfg=be001346
CON  2026-10-02T20:40:06Z 1790973608.726 e6fe83ea6b4a2b7f, [bmcam004] OK id=65031 camera.image_processing.denoise: cdn_fast -> auto (next action) (duplicate: original answer) cfg=be001346
CON  2026-10-02T20:40:06Z 1790973608.785 e6fe83ea6b4a2b7f, [bmcam004] OK id=65031 camera.image_processing.denoise: cdn_fast -> auto (next action) (duplicate: original answer) cfg=be001346
CON  2026-10-02T20:40:06Z 1790973608.824 e6fe83ea6b4a2b7f, [bmcam004] OK id=65031 camera.image_processing.denoise: cdn_fast -> auto (next action) (duplicate: original answer) cfg=be001346
CON  2026-10-02T20:40:06Z 1790973608.875 e6fe83ea6b4a2b7f, [bmcam004] OK id=65031 camera.image_processing.denoise: cdn_fast -> auto (next action) (duplicate: original answer) cfg=be001346
CON  2026-10-02T20:40:06Z 1790973608.925 e6fe83ea6b4a2b7f, [bmcam004] OK id=65031 camera.image_processing.denoise: cdn_fast -> auto (next action) (duplicate: original answer) cfg=be001346
CON  2026-10-02T20:40:06Z 1790973608.976 e6fe83ea6b4a2b7f, [bmcam004] OK id=65031 camera.image_processing.denoise: cdn_fast -> auto (next action) (duplicate: original answer) cfg=be001346
CON  2026-10-02T20:40:06Z 1790973609.035 e6fe83ea6b4a2b7f, [bmcam004] OK id=65031 camera.image_processing.denoise: cdn_fast -> auto (next action) (duplicate: original answer) cfg=be001346
SUMMARY cell=0 con=11
----- 2026-10-02T20:40:14Z STATE M6.denoise.auto.cap.before bmcam004
sha256 28cc78a948a3ce67 bm_command_state_v2.json 0L
sha256 38739b9717560b1f camera_config.yaml 143L
sha256 061ccc6cdc8ad72f config_journal.jsonl 201L
overlay {"camera.controls_enabled": true, "camera.image_processing.denoise": "auto", "camera.image_processing.enabled": true, "mode.run": "stay_on", "still.quality_ladder": [20, 15, 11, 9], "video.record.fps": 14, "video.send.duration_s": 15}
guarded {}
boot 35 hw {"remote": 1000036, "service": 100000032} trg null cache 256
===== 2026-10-02T20:40:16Z M6.denoise.auto.cap.trg SPOT-31593C  bm pub bmcam/cmd {"id":65032,"c":"trg","v":2,"kv":{"med":"still","m":40}} 1 1  (78 B line)
CON  2026-10-02T20:40:18Z bm pub bmcam/cmd {"id":65032,"c":"trg","v":2,"kv":{"med":"still","m":40}} 1 1
CON  2026-10-02T20:40:18Z 1790973620.750 e6fe83ea6b4a2b7f, [bmcam004] OK id=65032 trg 2 armed: capture + output per mode (next decision point); one action only: mode.media=still, still.message_cap=40 cfg=be001346
CON  2026-10-02T20:40:18Z 1790973620.800 e6fe83ea6b4a2b7f, [bmcam004] OK id=65032 trg 2 armed: capture + output per mode (next decision point); one action only: mode.media=still, still.message_cap=40 (duplicate: original answ
CON  2026-10-02T20:40:18Z 1790973620.851 e6fe83ea6b4a2b7f, [bmcam004] OK id=65032 trg 2 armed: capture + output per mode (next decision point); one action only: mode.media=still, still.message_cap=40 (duplicate: original answ
CON  2026-10-02T20:40:18Z 1790973620.902 e6fe83ea6b4a2b7f, [bmcam004] OK id=65032 trg 2 armed: capture + output per mode (next decision point); one action only: mode.media=still, still.message_cap=40 (duplicate: original answ
CON  2026-10-02T20:40:18Z 1790973620.953 e6fe83ea6b4a2b7f, [bmcam004] OK id=65032 trg 2 armed: capture + output per mode (next decision point); one action only: mode.media=still, still.message_cap=40 (duplicate: original answ
CON  2026-10-02T20:40:18Z 1790973621.003 e6fe83ea6b4a2b7f, [bmcam004] OK id=65032 trg 2 armed: capture + output per mode (next decision point); one action only: mode.media=still, still.message_cap=40 (duplicate: original answ
CON  2026-10-02T20:40:18Z 1790973621.062 e6fe83ea6b4a2b7f, [bmcam004] OK id=65032 trg 2 armed: capture + output per mode (next decision point); one action only: mode.media=still, still.message_cap=40 (duplicate: original answ
CON  2026-10-02T20:40:18Z 1790973621.113 e6fe83ea6b4a2b7f, [bmcam004] OK id=65032 trg 2 armed: capture + output per mode (next decision point); one action only: mode.media=still, still.message_cap=40 (duplicate: original answ
CON  2026-10-02T20:40:18Z 1790973621.160 e6fe83ea6b4a2b7f, [bmcam004] OK id=65032 trg 2 armed: capture + output per mode (next decision point); one action only: mode.media=still, still.message_cap=40 (duplicate: original answ
CON  2026-10-02T20:40:18Z 1790973621.210 e6fe83ea6b4a2b7f, [bmcam004] OK id=65032 trg 2 armed: capture + output per mode (next decision point); one action only: mode.media=still, still.message_cap=40 (duplicate: original answ
SUMMARY cell=0 con=11
===== 2026-10-02T20:41:18Z L1b.BMCAM_003.1000008 SPOT-33507C  bm pub bmcam/cmd {"id":1000008,"c":"get","k":["uplink","video.ui"]} 1 1  (72 B line)
CON  2026-10-02T20:41:19Z bm pub bmcam/cmd {"id":1000008,"c":"get","k":["uplink","video.ui"]} 1 1
CELL 2026-10-02T20:41:19Z len=37 {"id":1000008,"ok":1,"h":"f333bfb7"}
CON  2026-10-02T20:41:19Z Message: 1790973681.968 53171fa3d81a8e6f, [bmcam003] OK id=1000008 get uplink, video.ui: 14 key(s) cfg=f333bfb7
CON  2026-10-02T20:41:19Z 1790973682.019 53171fa3d81a8e6f,   uplink.uart.port = /dev/ttyAMA0 (yaml)
CON  2026-10-02T20:41:19Z 1790973682.070 53171fa3d81a8e6f,   uplink.uart.baudrate = 115200 (yaml)
CON  2026-10-02T20:41:19Z 1790973682.117 53171fa3d81a8e6f,   uplink.network_type = 2 (yaml)
CON  2026-10-02T20:41:19Z 1790973682.167 53171fa3d81a8e6f,   uplink.chunk_chars = 384 (yaml)
CON  2026-10-02T20:41:19Z 1790973682.218 53171fa3d81a8e6f,   uplink.msg_interval_s = 1.3 (yaml)
CON  2026-10-02T20:41:19Z 1790973682.269 53171fa3d81a8e6f,   uplink.lane.enabled = false (yaml)
CON  2026-10-02T20:41:20Z 1790973682.320 53171fa3d81a8e6f,   uplink.lane.grid_s = 300.0 (yaml)
CON  2026-10-02T20:41:20Z 1790973682.367 53171fa3d81a8e6f,   uplink.lane.pre_guard_s = 20.0 (yaml)
CON  2026-10-02T20:41:20Z 1790973682.417 53171fa3d81a8e6f,   uplink.lane.post_guard_s = 30.0 (yaml)
CON  2026-10-02T20:41:20Z 1790973682.468 53171fa3d81a8e6f,   uplink.lane.max_wait_s = 300.0 (yaml)
CON  2026-10-02T20:41:20Z 1790973682.519 53171fa3d81a8e6f,   uplink.media_key.enabled = true (yaml)
CON  2026-10-02T20:41:20Z 1790973682.570 53171fa3d81a8e6f,   uplink.media_key.retain_days = 14.0 (yaml)
CON  2026-10-02T20:41:20Z 1790973682.617 53171fa3d81a8e6f,   video.ui.enabled = true (yaml)
CON  2026-10-02T20:41:20Z 1790973682.667 53171fa3d81a8e6f,   video.ui.port = 8080 (yaml)
CON  2026-10-02T20:41:20Z 1790973682.730 53171fa3d81a8e6f, [bmcam003] OK id=1000008 get uplink, video.ui: 14 key(s) (duplicate: original answer) cfg=f333bfb7
CON  2026-10-02T20:41:20Z 1790973682.781 53171fa3d81a8e6f, [bmcam003] OK id=1000008 get uplink, video.ui: 14 key(s) (duplicate: original answer) cfg=f333bfb7
CON  2026-10-02T20:41:20Z 1790973682.828 53171fa3d81a8e6f, [bmcam003] OK id=1000008 get uplink, video.ui: 14 key(s) (duplicate: original answer) cfg=f333bfb7
CON  2026-10-02T20:41:20Z 1790973682.878 53171fa3d81a8e6f, [bmcam003] OK id=1000008 get uplink, video.ui: 14 key(s) (duplicate: original answer) cfg=f333bfb7
CON  2026-10-02T20:41:20Z 1790973682.929 53171fa3d81a8e6f, [bmcam003] OK id=1000008 get uplink, video.ui: 14 key(s) (duplicate: original answer) cfg=f333bfb7
CELL 2026-10-02T20:41:20Z len=261 <CF v=1 h=f333bfb7 n=1/2 uplink.uart.port=/dev/ttyAMA0 uplink.uart.baudrate=115200 uplink.network_type=2 uplink.chunk_chars=384 uplink.msg_interval_s=1.3 uplink.lane.enabled=0 uplink.lane.grid_s=300.0 uplink.lane.pre_guard_s=20.0 uplink.lane.post_guard_s=30.0>
CELL 2026-10-02T20:41:21Z len=154 <CF v=1 h=f333bfb7 n=2/2 uplink.lane.max_wait_s=300.0 uplink.media_key.enabled=1 uplink.media_key.retain_days=14.0 video.ui.enabled=1 video.ui.port=8080>
SUMMARY cell=3 con=21
----- 2026-10-02T20:41:29Z STATE M6.denoise.auto.cap.after bmcam004
sha256 78f87eb65971886c bm_command_state_v2.json 0L
sha256 38739b9717560b1f camera_config.yaml 143L
sha256 061ccc6cdc8ad72f config_journal.jsonl 201L
overlay {"camera.controls_enabled": true, "camera.image_processing.denoise": "auto", "camera.image_processing.enabled": true, "mode.run": "stay_on", "still.quality_ladder": [20, 15, 11, 9], "video.record.fps": 14, "video.send.duration_s": 15}
guarded {}
boot 35 hw {"remote": 1000036, "service": 100000032} trg null cache 256
STEP M6.denoise.auto.cap ack=none action=stage=None files=2026-10-02T20:40:26Z_image_compressed.jpg.capture_metadata.json 2026-10-02T20:40:26Z_image_native_full.metadata.json action.log 
===== 2026-10-02T20:41:32Z M6.denoise.off SPOT-31593C  bm pub bmcam/cmd {"id":65033,"c":"set","kv":{"camera.image_processing.denoise":"off"}} 1 1  (91 B line)
CON  2026-10-02T20:41:33Z bm pub bmcam/cmd {"id":65033,"c":"set","kv":{"camera.image_processing.denoise":"off"}} 1 1
CON  2026-10-02T20:41:33Z 1790973695.839 e6fe83ea6b4a2b7f, [bmcam004] OK id=65033 camera.image_processing.denoise: auto -> off (next action) cfg=d558cca1
CON  2026-10-02T20:41:33Z 1790973695.898 e6fe83ea6b4a2b7f, [bmcam004] OK id=65033 camera.image_processing.denoise: auto -> off (next action) (duplicate: original answer) cfg=d558cca1
CON  2026-10-02T20:41:33Z 1790973695.949 e6fe83ea6b4a2b7f, [bmcam004] OK id=65033 camera.image_processing.denoise: auto -> off (next action) (duplicate: original answer) cfg=d558cca1
CON  2026-10-02T20:41:33Z 1790973696.000 e6fe83ea6b4a2b7f, [bmcam004] OK id=65033 camera.image_processing.denoise: auto -> off (next action) (duplicate: original answer) cfg=d558cca1
CON  2026-10-02T20:41:33Z 1790973696.046 e6fe83ea6b4a2b7f, [bmcam004] OK id=65033 camera.image_processing.denoise: auto -> off (next action) (duplicate: original answer) cfg=d558cca1
CON  2026-10-02T20:41:33Z 1790973696.097 e6fe83ea6b4a2b7f, [bmcam004] OK id=65033 camera.image_processing.denoise: auto -> off (next action) (duplicate: original answer) cfg=d558cca1
CON  2026-10-02T20:41:33Z 1790973696.148 e6fe83ea6b4a2b7f, [bmcam004] OK id=65033 camera.image_processing.denoise: auto -> off (next action) (duplicate: original answer) cfg=d558cca1
CON  2026-10-02T20:41:33Z 1790973696.199 e6fe83ea6b4a2b7f, [bmcam004] OK id=65033 camera.image_processing.denoise: auto -> off (next action) (duplicate: original answer) cfg=d558cca1
CON  2026-10-02T20:41:33Z 1790973696.417 e6fe83ea6b4a2b7f, [bmcam004] OK id=65033 camera.image_processing.denoise: auto -> off (next action) (duplicate: original answer) cfg=d558cca1
CON  2026-10-02T20:41:34Z 1790973696.468 e6fe83ea6b4a2b7f, [bmcam004] OK id=65033 camera.image_processing.denoise: auto -> off (next action) (duplicate: original answer) cfg=d558cca1
SUMMARY cell=0 con=11
----- 2026-10-02T20:41:41Z STATE M6.denoise.off.cap.before bmcam004
sha256 336a7db7de921839 bm_command_state_v2.json 0L
sha256 38739b9717560b1f camera_config.yaml 143L
sha256 ddd2f575a9540fd5 config_journal.jsonl 202L
overlay {"camera.controls_enabled": true, "camera.image_processing.denoise": "off", "camera.image_processing.enabled": true, "mode.run": "stay_on", "still.quality_ladder": [20, 15, 11, 9], "video.record.fps": 14, "video.send.duration_s": 15}
guarded {}
boot 35 hw {"remote": 1000036, "service": 100000032} trg null cache 256
===== 2026-10-02T20:41:43Z M6.denoise.off.cap.trg SPOT-31593C  bm pub bmcam/cmd {"id":65034,"c":"trg","v":2,"kv":{"med":"still","m":40}} 1 1  (78 B line)
CON  2026-10-02T20:41:44Z bm pub bmcam/cmd {"id":65034,"c":"trg","v":2,"kv":{"med":"still","m":40}} 1 1
CON  2026-10-02T20:41:44Z 1790973706.777 e6fe83ea6b4a2b7f, [bmcam004] OK id=65034 trg 2 armed: capture + output per mode (next decision point); one action only: mode.media=still, still.message_cap=40 cfg=d558cca1
CON  2026-10-02T20:41:44Z 1790973706.835 e6fe83ea6b4a2b7f, [bmcam004] OK id=65034 trg 2 armed: capture + output per mode (next decision point); one action only: mode.media=still, still.message_cap=40 (duplicate: original answ
CON  2026-10-02T20:41:44Z 1790973706.886 e6fe83ea6b4a2b7f, [bmcam004] OK id=65034 trg 2 armed: capture + output per mode (next decision point); one action only: mode.media=still, still.message_cap=40 (duplicate: original answ
CON  2026-10-02T20:41:44Z 1790973706.937 e6fe83ea6b4a2b7f, [bmcam004] OK id=65034 trg 2 armed: capture + output per mode (next decision point); one action only: mode.media=still, still.message_cap=40 (duplicate: original answ
CON  2026-10-02T20:41:44Z 1790973706.988 e6fe83ea6b4a2b7f, [bmcam004] OK id=65034 trg 2 armed: capture + output per mode (next decision point); one action only: mode.media=still, still.message_cap=40 (duplicate: original answ
CON  2026-10-02T20:41:44Z 1790973707.035 e6fe83ea6b4a2b7f, [bmcam004] OK id=65034 trg 2 armed: capture + output per mode (next decision point); one action only: mode.media=still, still.message_cap=40 (duplicate: original answ
CON  2026-10-02T20:41:44Z 1790973707.085 e6fe83ea6b4a2b7f, [bmcam004] OK id=65034 trg 2 armed: capture + output per mode (next decision point); one action only: mode.media=still, still.message_cap=40 (duplicate: original answ
CON  2026-10-02T20:41:44Z 1790973707.136 e6fe83ea6b4a2b7f, [bmcam004] OK id=65034 trg 2 armed: capture + output per mode (next decision point); one action only: mode.media=still, still.message_cap=40 (duplicate: original answ
CON  2026-10-02T20:41:44Z 1790973707.195 e6fe83ea6b4a2b7f, [bmcam004] OK id=65034 trg 2 armed: capture + output per mode (next decision point); one action only: mode.media=still, still.message_cap=40 (duplicate: original answ
CON  2026-10-02T20:41:44Z 1790973707.246 e6fe83ea6b4a2b7f, [bmcam004] OK id=65034 trg 2 armed: capture + output per mode (next decision point); one action only: mode.media=still, still.message_cap=40 (duplicate: original answ
CELL 2026-10-02T20:41:46Z len=136 <WS v=1 a=cap cfg=d558cca1 up=1283 tz=America/Los_Angeles lt=na ws=0000 we=0000 rk=1000x562 q=20 ct=39.7 sha=34a6222ea94c hn=bmcam004>

SUMMARY cell=1 con=11
===== 2026-10-02T20:42:33Z L1b.BMCAM_003.1000009 SPOT-33507C  bm pub bmcam/cmd {"id":1000009,"c":"get","k":["video.record","video.logger"]} 1 1  (82 B line)
CON  2026-10-02T20:42:36Z bm pub bmcam/cmd {"id":1000009,"c":"get","k":["video.record","video.logger"]} 1 1
CELL 2026-10-02T20:42:36Z len=37 {"id":1000009,"ok":1,"h":"f333bfb7"}
CON  2026-10-02T20:42:36Z Message: 1790973758.644 53171fa3d81a8e6f, [bmcam003] OK id=1000009 get video.record, video.logger: 12 key(s) cfg=f333bfb7
CON  2026-10-02T20:42:36Z 1790973758.683 53171fa3d81a8e6f,   video.record.framing = wide_1080p_lean (yaml)
CON  2026-10-02T20:42:36Z 1790973758.734 53171fa3d81a8e6f,   video.record.crop = none (yaml)
CON  2026-10-02T20:42:36Z 1790973758.785 53171fa3d81a8e6f,   video.record.output = none (yaml)
CON  2026-10-02T20:42:36Z 1790973758.835 53171fa3d81a8e6f,   video.record.sensor_mode = none (yaml)
CON  2026-10-02T20:42:36Z 1790973758.882 53171fa3d81a8e6f,   video.record.fps = 14 (cmd 1000007)
CON  2026-10-02T20:42:36Z 1790973758.933 53171fa3d81a8e6f,   video.record.bitrate_mbps = 6.0 (yaml)
CON  2026-10-02T20:42:36Z 1790973758.984 53171fa3d81a8e6f,   video.record.dir = /home/pi/BM_Devel_Pi/videos (yaml)
CON  2026-10-02T20:42:36Z 1790973759.035 53171fa3d81a8e6f,   video.record.encoder.profile =  (yaml)
CON  2026-10-02T20:42:36Z 1790973759.085 53171fa3d81a8e6f,   video.record.encoder.level =  (yaml)
CON  2026-10-02T20:42:36Z 1790973759.132 53171fa3d81a8e6f,   video.record.encoder.intra = 0 (yaml)
CON  2026-10-02T20:42:36Z 1790973759.183 53171fa3d81a8e6f,   video.logger.clip_minutes = 5.0 (yaml)
CON  2026-10-02T20:42:37Z 1790973759.234 53171fa3d81a8e6f,   video.logger.session_minutes = 0 (yaml)
CON  2026-10-02T20:42:37Z 1790973759.296 53171fa3d81a8e6f, [bmcam003] OK id=1000009 get video.record, video.logger: 12 key(s) (duplicate: original answer) cfg=f333bfb7
CON  2026-10-02T20:42:37Z 1790973759.343 53171fa3d81a8e6f, [bmcam003] OK id=1000009 get video.record, video.logger: 12 key(s) (duplicate: original answer) cfg=f333bfb7
CON  2026-10-02T20:42:37Z 1790973759.394 53171fa3d81a8e6f, [bmcam003] OK id=1000009 get video.record, video.logger: 12 key(s) (duplicate: original answer) cfg=f333bfb7
CON  2026-10-02T20:42:37Z 1790973759.445 53171fa3d81a8e6f, [bmcam003] OK id=1000009 get video.record, video.logger: 12 key(s) (duplicate: original answer) cfg=f333bfb7
CON  2026-10-02T20:42:37Z 1790973759.496 53171fa3d81a8e6f, [bmcam003] OK id=1000009 get video.record, video.logger: 12 key(s) (duplicate: original answer) cfg=f333bfb7
CELL 2026-10-02T20:42:37Z len=275 <CF v=1 h=f333bfb7 n=1/2 video.record.framing=wide_1080p_lean video.record.crop=null video.record.output=null video.record.sensor_mode=null video.record.fps=14@c1000007 video.record.bitrate_mbps=6.0 video.record.dir=/home/pi/BM_Devel_Pi/videos video.record.encoder.profile=>
CELL 2026-10-02T20:42:38Z len=144 <CF v=1 h=f333bfb7 n=2/2 video.record.encoder.level= video.record.encoder.intra=0 video.logger.clip_minutes=5.0 video.logger.session_minutes=0>
SUMMARY cell=3 con=19
----- 2026-10-02T20:42:54Z STATE M6.denoise.off.cap.after bmcam004
sha256 7bb4f3f0b7c0bedb bm_command_state_v2.json 0L
sha256 38739b9717560b1f camera_config.yaml 143L
sha256 ddd2f575a9540fd5 config_journal.jsonl 202L
overlay {"camera.controls_enabled": true, "camera.image_processing.denoise": "off", "camera.image_processing.enabled": true, "mode.run": "stay_on", "still.quality_ladder": [20, 15, 11, 9], "video.record.fps": 14, "video.send.duration_s": 15}
guarded {}
boot 35 hw {"remote": 1000036, "service": 100000032} trg null cache 256
STEP M6.denoise.off.cap ack=none action=stage=None files=2026-10-02T20:41:46Z_image_compressed.jpg.capture_metadata.json action.log 
===== 2026-10-02T20:42:56Z M6.denoise.cdn_off SPOT-31593C  bm pub bmcam/cmd {"id":65035,"c":"set","kv":{"camera.image_processing.denoise":"cdn_off"}} 1 1  (95 B line)
CON  2026-10-02T20:42:58Z bm pub bmcam/cmd {"id":65035,"c":"set","kv":{"camera.image_processing.denoise":"cdn_off"}} 1 1
CON  2026-10-02T20:42:59Z 1790973781.531 e6fe83ea6b4a2b7f, [bmcam004] OK id=65035 camera.image_processing.denoise: off -> cdn_off (next action) cfg=f9e6349d
CON  2026-10-02T20:42:59Z 1790973781.582 e6fe83ea6b4a2b7f, [bmcam004] OK id=65035 camera.image_processing.denoise: off -> cdn_off (next action) (duplicate: original answer) cfg=f9e6349d
CON  2026-10-02T20:42:59Z 1790973781.632 e6fe83ea6b4a2b7f, [bmcam004] OK id=65035 camera.image_processing.denoise: off -> cdn_off (next action) (duplicate: original answer) cfg=f9e6349d
CON  2026-10-02T20:42:59Z 1790973781.683 e6fe83ea6b4a2b7f, [bmcam004] OK id=65035 camera.image_processing.denoise: off -> cdn_off (next action) (duplicate: original answer) cfg=f9e6349d
CON  2026-10-02T20:42:59Z 1790973781.734 e6fe83ea6b4a2b7f, [bmcam004] OK id=65035 camera.image_processing.denoise: off -> cdn_off (next action) (duplicate: original answer) cfg=f9e6349d
CON  2026-10-02T20:42:59Z 1790973781.785 e6fe83ea6b4a2b7f, [bmcam004] OK id=65035 camera.image_processing.denoise: off -> cdn_off (next action) (duplicate: original answer) cfg=f9e6349d
CON  2026-10-02T20:42:59Z 1790973781.832 e6fe83ea6b4a2b7f, [bmcam004] OK id=65035 camera.image_processing.denoise: off -> cdn_off (next action) (duplicate: original answer) cfg=f9e6349d
CON  2026-10-02T20:42:59Z 1790973781.882 e6fe83ea6b4a2b7f, [bmcam004] OK id=65035 camera.image_processing.denoise: off -> cdn_off (next action) (duplicate: original answer) cfg=f9e6349d
CON  2026-10-02T20:42:59Z 1790973781.941 e6fe83ea6b4a2b7f, [bmcam004] OK id=65035 camera.image_processing.denoise: off -> cdn_off (next action) (duplicate: original answer) cfg=f9e6349d
CON  2026-10-02T20:42:59Z 1790973781.992 e6fe83ea6b4a2b7f, [bmcam004] OK id=65035 camera.image_processing.denoise: off -> cdn_off (next action) (duplicate: original answer) cfg=f9e6349d
SUMMARY cell=0 con=11
----- 2026-10-02T20:43:07Z STATE M6.denoise.cdn_off.cap.before bmcam004
sha256 fdd36387d307ed8d bm_command_state_v2.json 0L
sha256 38739b9717560b1f camera_config.yaml 143L
sha256 a0f27454b7a468be config_journal.jsonl 203L
overlay {"camera.controls_enabled": true, "camera.image_processing.denoise": "cdn_off", "camera.image_processing.enabled": true, "mode.run": "stay_on", "still.quality_ladder": [20, 15, 11, 9], "video.record.fps": 14, "video.send.duration_s": 15}
guarded {}
boot 35 hw {"remote": 1000036, "service": 100000032} trg null cache 256
===== 2026-10-02T20:43:09Z M6.denoise.cdn_off.cap.trg SPOT-31593C  bm pub bmcam/cmd {"id":65036,"c":"trg","v":2,"kv":{"med":"still","m":40}} 1 1  (78 B line)
CON  2026-10-02T20:43:10Z bm pub bmcam/cmd {"id":65036,"c":"trg","v":2,"kv":{"med":"still","m":40}} 1 1
CON  2026-10-02T20:43:10Z 1790973793.500 e6fe83ea6b4a2b7f, [bmcam004] OK id=65036 trg 2 armed: capture + output per mode (next decision point); one action only: mode.media=still, still.message_cap=40 cfg=f9e6349d
CON  2026-10-02T20:43:11Z 1790973793.550 e6fe83ea6b4a2b7f, [bmcam004] OK id=65036 trg 2 armed: capture + output per mode (next decision point); one action only: mode.media=still, still.message_cap=40 (duplicate: original answ
CON  2026-10-02T20:43:11Z 1790973793.601 e6fe83ea6b4a2b7f, [bmcam004] OK id=65036 trg 2 armed: capture + output per mode (next decision point); one action only: mode.media=still, still.message_cap=40 (duplicate: original answ
CON  2026-10-02T20:43:11Z 1790973793.660 e6fe83ea6b4a2b7f, [bmcam004] OK id=65036 trg 2 armed: capture + output per mode (next decision point); one action only: mode.media=still, still.message_cap=40 (duplicate: original answ
CON  2026-10-02T20:43:11Z 1790973793.710 e6fe83ea6b4a2b7f, [bmcam004] OK id=65036 trg 2 armed: capture + output per mode (next decision point); one action only: mode.media=still, still.message_cap=40 (duplicate: original answ
CON  2026-10-02T20:43:11Z 1790973793.761 e6fe83ea6b4a2b7f, [bmcam004] OK id=65036 trg 2 armed: capture + output per mode (next decision point); one action only: mode.media=still, still.message_cap=40 (duplicate: original answ
CON  2026-10-02T20:43:11Z 1790973793.812 e6fe83ea6b4a2b7f, [bmcam004] OK id=65036 trg 2 armed: capture + output per mode (next decision point); one action only: mode.media=still, still.message_cap=40 (duplicate: original answ
CON  2026-10-02T20:43:11Z 1790973793.863 e6fe83ea6b4a2b7f, [bmcam004] OK id=65036 trg 2 armed: capture + output per mode (next decision point); one action only: mode.media=still, still.message_cap=40 (duplicate: original answ
CON  2026-10-02T20:43:11Z 1790973793.910 e6fe83ea6b4a2b7f, [bmcam004] OK id=65036 trg 2 armed: capture + output per mode (next decision point); one action only: mode.media=still, still.message_cap=40 (duplicate: original answ
CELL 2026-10-02T20:43:16Z len=136 <WS v=1 a=cap cfg=f9e6349d up=1373 tz=America/Los_Angeles lt=na ws=0000 we=0000 rk=1000x562 q=20 ct=39.7 sha=34a6222ea94c hn=bmcam004>

SUMMARY cell=1 con=10
===== 2026-10-02T20:43:50Z L1b.BMCAM_003.1000010 SPOT-33507C  bm pub bmcam/cmd {"id":1000010,"c":"get","k":["camera.image_processing","mode"]} 1 1  (85 B line)
CON  2026-10-02T20:43:52Z bm pub bmcam/cmd {"id":1000010,"c":"get","k":["camera.image_processing","mode"]} 1 1
CELL 2026-10-02T20:43:53Z len=37 {"id":1000010,"ok":1,"h":"f333bfb7"}
CON  2026-10-02T20:43:53Z Message: 1790973835.343 53171fa3d81a8e6f, [bmcam003] OK id=1000010 get camera.image_processing, mode: 12 key(s) cfg=f333bfb7
CON  2026-10-02T20:43:53Z 1790973835.382 53171fa3d81a8e6f,   camera.image_processing.enabled = false (yaml)
CON  2026-10-02T20:43:53Z 1790973835.433 53171fa3d81a8e6f,   camera.image_processing.sharpness = 1.0 (yaml)
CON  2026-10-02T20:43:53Z 1790973835.480 53171fa3d81a8e6f,   camera.image_processing.contrast = none (yaml)
CON  2026-10-02T20:43:53Z 1790973835.531 53171fa3d81a8e6f,   camera.image_processing.saturation = none (yaml)
CON  2026-10-02T20:43:53Z 1790973835.582 53171fa3d81a8e6f,   camera.image_processing.brightness = none (yaml)
CON  2026-10-02T20:43:53Z 1790973835.632 53171fa3d81a8e6f,   camera.image_processing.denoise = none (yaml)
CON  2026-10-02T20:43:53Z 1790973835.683 53171fa3d81a8e6f,   camera.image_processing.hdr = none (yaml)
CON  2026-10-02T20:43:53Z 1790973835.730 53171fa3d81a8e6f,   mode.media = video (yaml)
CON  2026-10-02T20:43:53Z 1790973835.781 53171fa3d81a8e6f,   mode.run = stay_on (cmd 52101)
CON  2026-10-02T20:43:53Z 1790973835.832 53171fa3d81a8e6f,   mode.interval_s = 0 (yaml)
CON  2026-10-02T20:43:53Z 1790973835.882 53171fa3d81a8e6f,   mode.heartbeat_s = 300 (yaml)
CON  2026-10-02T20:43:53Z 1790973835.933 53171fa3d81a8e6f,   mode.output = transmit (yaml)
CON  2026-10-02T20:43:53Z 1790973835.992 53171fa3d81a8e6f, [bmcam003] OK id=1000010 get camera.image_processing, mode: 12 key(s) (duplicate: original answer) cfg=f333bfb7
CON  2026-10-02T20:43:53Z 1790973836.042 53171fa3d81a8e6f, [bmcam003] OK id=1000010 get camera.image_processing, mode: 12 key(s) (duplicate: original answer) cfg=f333bfb7
CON  2026-10-02T20:43:53Z 1790973836.093 53171fa3d81a8e6f, [bmcam003] OK id=1000010 get camera.image_processing, mode: 12 key(s) (duplicate: original answer) cfg=f333bfb7
CON  2026-10-02T20:43:53Z 1790973836.144 53171fa3d81a8e6f, [bmcam003] OK id=1000010 get camera.image_processing, mode: 12 key(s) (duplicate: original answer) cfg=f333bfb7
CON  2026-10-02T20:43:53Z 1790973836.191 53171fa3d81a8e6f, [bmcam003] OK id=1000010 get camera.image_processing, mode: 12 key(s) (duplicate: original answer) cfg=f333bfb7
CELL 2026-10-02T20:43:54Z len=253 <CF v=1 h=f333bfb7 n=1/2 camera.image_processing.enabled=0 camera.image_processing.sharpness=1.0 camera.image_processing.contrast=null camera.image_processing.saturation=null camera.image_processing.brightness=null camera.image_processing.denoise=null>
CELL 2026-10-02T20:43:55Z len=160 <CF v=1 h=f333bfb7 n=2/2 camera.image_processing.hdr=null mode.media=video mode.run=stay_on@c52101 mode.interval_s=0 mode.heartbeat_s=300 mode.output=transmit>
SUMMARY cell=3 con=19
----- 2026-10-02T20:44:23Z STATE M6.denoise.cdn_off.cap.after bmcam004
sha256 f2b0d59387028948 bm_command_state_v2.json 0L
sha256 38739b9717560b1f camera_config.yaml 143L
sha256 a0f27454b7a468be config_journal.jsonl 203L
overlay {"camera.controls_enabled": true, "camera.image_processing.denoise": "cdn_off", "camera.image_processing.enabled": true, "mode.run": "stay_on", "still.quality_ladder": [20, 15, 11, 9], "video.record.fps": 14, "video.send.duration_s": 15}
guarded {}
boot 35 hw {"remote": 1000036, "service": 100000032} trg null cache 256
STEP M6.denoise.cdn_off.cap ack=none action=stage=None files=2026-10-02T20:43:16Z_image_compressed.jpg.capture_metadata.json 2026-10-02T20:43:16Z_image_native_full.metadata.json action.log 
===== 2026-10-02T20:44:25Z M6.denoise.cdn_fast SPOT-31593C  bm pub bmcam/cmd {"id":65037,"c":"set","kv":{"camera.image_processing.denoise":"cdn_fast"}} 1 1  (96 B line)
CON  2026-10-02T20:44:28Z bm pub bmcam/cmd {"id":65037,"c":"set","kv":{"camera.image_processing.denoise":"cdn_fast"}} 1 1
CON  2026-10-02T20:44:28Z 1790973870.796 e6fe83ea6b4a2b7f, [bmcam004] OK id=65037 camera.image_processing.denoise: cdn_off -> cdn_fast (next action) cfg=59a4dc32
CON  2026-10-02T20:44:28Z 1790973870.847 e6fe83ea6b4a2b7f, [bmcam004] OK id=65037 camera.image_processing.denoise: cdn_off -> cdn_fast (next action) (duplicate: original answer) cfg=59a4dc32
CON  2026-10-02T20:44:28Z 1790973870.894 e6fe83ea6b4a2b7f, [bmcam004] OK id=65037 camera.image_processing.denoise: cdn_off -> cdn_fast (next action) (duplicate: original answer) cfg=59a4dc32
CON  2026-10-02T20:44:28Z 1790973870.957 e6fe83ea6b4a2b7f, [bmcam004] OK id=65037 camera.image_processing.denoise: cdn_off -> cdn_fast (next action) (duplicate: original answer) cfg=59a4dc32
CON  2026-10-02T20:44:28Z 1790973871.007 e6fe83ea6b4a2b7f, [bmcam004] OK id=65037 camera.image_processing.denoise: cdn_off -> cdn_fast (next action) (duplicate: original answer) cfg=59a4dc32
CON  2026-10-02T20:44:28Z 1790973871.054 e6fe83ea6b4a2b7f, [bmcam004] OK id=65037 camera.image_processing.denoise: cdn_off -> cdn_fast (next action) (duplicate: original answer) cfg=59a4dc32
CON  2026-10-02T20:44:28Z 1790973871.105 e6fe83ea6b4a2b7f, [bmcam004] OK id=65037 camera.image_processing.denoise: cdn_off -> cdn_fast (next action) (duplicate: original answer) cfg=59a4dc32
CON  2026-10-02T20:44:28Z 1790973871.156 e6fe83ea6b4a2b7f, [bmcam004] OK id=65037 camera.image_processing.denoise: cdn_off -> cdn_fast (next action) (duplicate: original answer) cfg=59a4dc32
CON  2026-10-02T20:44:28Z 1790973871.207 e6fe83ea6b4a2b7f, [bmcam004] OK id=65037 camera.image_processing.denoise: cdn_off -> cdn_fast (next action) (duplicate: original answer) cfg=59a4dc32
CON  2026-10-02T20:44:28Z 1790973871.257 e6fe83ea6b4a2b7f, [bmcam004] OK id=65037 camera.image_processing.denoise: cdn_off -> cdn_fast (next action) (duplicate: original answer) cfg=59a4dc32
SUMMARY cell=0 con=11
----- 2026-10-02T20:44:36Z STATE M6.denoise.cdn_fast.cap.before bmcam004
sha256 abf06288ad572136 bm_command_state_v2.json 0L
sha256 38739b9717560b1f camera_config.yaml 143L
sha256 e9c14a14a53d4fee config_journal.jsonl 204L
overlay {"camera.controls_enabled": true, "camera.image_processing.denoise": "cdn_fast", "camera.image_processing.enabled": true, "mode.run": "stay_on", "still.quality_ladder": [20, 15, 11, 9], "video.record.fps": 14, "video.send.duration_s": 15}
guarded {}
boot 35 hw {"remote": 1000036, "service": 100000032} trg null cache 256
===== 2026-10-02T20:44:39Z M6.denoise.cdn_fast.cap.trg SPOT-31593C  bm pub bmcam/cmd {"id":65038,"c":"trg","v":2,"kv":{"med":"still","m":40}} 1 1  (78 B line)
CON  2026-10-02T20:44:40Z bm pub bmcam/cmd {"id":65038,"c":"trg","v":2,"kv":{"med":"still","m":40}} 1 1
CON  2026-10-02T20:44:40Z 1790973883.175 e6fe83ea6b4a2b7f, [bmcam004] OK id=65038 trg 2 armed: capture + output per mode (next decision point); one action only: mode.media=still, still.message_cap=40 cfg=59a4dc32
CON  2026-10-02T20:44:40Z 1790973883.226 e6fe83ea6b4a2b7f, [bmcam004] OK id=65038 trg 2 armed: capture + output per mode (next decision point); one action only: mode.media=still, still.message_cap=40 (duplicate: original answ
CON  2026-10-02T20:44:40Z 1790973883.277 e6fe83ea6b4a2b7f, [bmcam004] OK id=65038 trg 2 armed: capture + output per mode (next decision point); one action only: mode.media=still, still.message_cap=40 (duplicate: original answ
CON  2026-10-02T20:44:40Z 1790973883.335 e6fe83ea6b4a2b7f, [bmcam004] OK id=65038 trg 2 armed: capture + output per mode (next decision point); one action only: mode.media=still, still.message_cap=40 (duplicate: original answ
CON  2026-10-02T20:44:40Z 1790973883.386 e6fe83ea6b4a2b7f, [bmcam004] OK id=65038 trg 2 armed: capture + output per mode (next decision point); one action only: mode.media=still, still.message_cap=40 (duplicate: original answ
CON  2026-10-02T20:44:40Z 1790973883.437 e6fe83ea6b4a2b7f, [bmcam004] OK id=65038 trg 2 armed: capture + output per mode (next decision point); one action only: mode.media=still, still.message_cap=40 (duplicate: original answ
CON  2026-10-02T20:44:40Z 1790973883.484 e6fe83ea6b4a2b7f, [bmcam004] OK id=65038 trg 2 armed: capture + output per mode (next decision point); one action only: mode.media=still, still.message_cap=40 (duplicate: original answ
CON  2026-10-02T20:44:41Z 1790973883.535 e6fe83ea6b4a2b7f, [bmcam004] OK id=65038 trg 2 armed: capture + output per mode (next decision point); one action only: mode.media=still, still.message_cap=40 (duplicate: original answ
CON  2026-10-02T20:44:41Z 1790973883.585 e6fe83ea6b4a2b7f, [bmcam004] OK id=65038 trg 2 armed: capture + output per mode (next decision point); one action only: mode.media=still, still.message_cap=40 (duplicate: original answ
CON  2026-10-02T20:44:41Z 1790973883.644 e6fe83ea6b4a2b7f, [bmcam004] OK id=65038 trg 2 armed: capture + output per mode (next decision point); one action only: mode.media=still, still.message_cap=40 (duplicate: original answ
CELL 2026-10-02T20:44:46Z len=136 <WS v=1 
SUMMARY cell=1 con=11
===== 2026-10-02T20:45:07Z L1b.BMCAM_003.1000011 SPOT-33507C  bm pub bmcam/cmd {"id":1000011,"c":"get","k":["commands","camera.focus"]} 1 1  (78 B line)
CON  2026-10-02T20:45:09Z bm pub bmcam/cmd {"id":1000011,"c":"get","k":["commands","camera.focus"]} 1 1
CELL 2026-10-02T20:45:10Z len=37 {"id":1000011,"ok":1,"h":"f333bfb7"}
CON  2026-10-02T20:45:10Z Message: 1790973912.238 53171fa3d81a8e6f, [bmcam003] OK id=1000011 get commands, camera.focus: 13 key(s) cfg=f333bfb7
CON  2026-10-02T20:45:10Z 1790973912.277 53171fa3d81a8e6f,   commands.enabled = true (yaml)
CON  2026-10-02T20:45:10Z 1790973912.328 53171fa3d81a8e6f,   commands.runtime = supervisor (yaml)
CON  2026-10-02T20:45:10Z 1790973912.378 53171fa3d81a8e6f,   commands.topic = bmcam/cmd (yaml)
CON  2026-10-02T20:45:10Z 1790973912.425 53171fa3d81a8e6f,   commands.listen_tail_s = 150.0 (yaml)
CON  2026-10-02T20:45:10Z 1790973912.476 53171fa3d81a8e6f,   commands.keepalive_s = 300 (yaml)
CON  2026-10-02T20:45:10Z 1790973912.527 53171fa3d81a8e6f,   commands.keepalive_max_s = 1800 (yaml)
CON  2026-10-02T20:45:10Z 1790973912.585 53171fa3d81a8e6f,   commands.hold_max_min = 120 (yaml)
CON  2026-10-02T20:45:10Z 1790973912.636 53171fa3d81a8e6f,   commands.state_path = /home/pi/BM_Devel_Pi/bm_command_state_v2.json (yaml)
CON  2026-10-02T20:45:10Z 1790973912.687 53171fa3d81a8e6f,   camera.focus.enabled = true (yaml)
CON  2026-10-02T20:45:10Z 1790973912.738 53171fa3d81a8e6f,   camera.focus.mode = auto (yaml)
CON  2026-10-02T20:45:10Z 1790973912.789 53171fa3d81a8e6f,   camera.focus.lens_position = 1.82 (yaml)
CON  2026-10-02T20:45:10Z 1790973912.835 53171fa3d81a8e6f,   camera.focus.range = none (yaml)
CON  2026-10-02T20:45:10Z 1790973912.886 53171fa3d81a8e6f,   camera.focus.speed = none (yaml)
CON  2026-10-02T20:45:10Z 1790973912.949 53171fa3d81a8e6f, [bmcam003] OK id=1000011 get commands, camera.focus: 13 key(s) (duplicate: original answer) cfg=f333bfb7
CON  2026-10-02T20:45:10Z 1790973913.000 53171fa3d81a8e6f, [bmcam003] OK id=1000011 get commands, camera.focus: 13 key(s) (duplicate: original answer) cfg=f333bfb7
CON  2026-10-02T20:45:10Z 1790973913.046 53171fa3d81a8e6f, [bmcam003] OK id=1000011 get commands, camera.focus: 13 key(s) (duplicate: original answer) cfg=f333bfb7
CON  2026-10-02T20:45:10Z 1790973913.097 53171fa3d81a8e6f, [bmcam003] OK id=1000011 get commands, camera.focus: 13 key(s) (duplicate: original answer) cfg=f333bfb7
CON  2026-10-02T20:45:10Z 1790973913.148 53171fa3d81a8e6f, [bmcam003] OK id=1000011 get commands, camera.focus: 13 key(s) (duplicate: original answer) cfg=f333bfb7
CELL 2026-10-02T20:45:11Z len=274 <CF v=1 h=f333bfb7 n=1/2 commands.enabled=1 commands.runtime=supervisor commands.topic=bmcam/cmd commands.listen_tail_s=150.0 commands.keepalive_s=300 commands.keepalive_max_s=1800 commands.hold_max_min=120 commands.state_path=/home/pi/BM_Devel_Pi/bm_command_state_v2.json>
CELL 2026-10-02T20:45:12Z len=152 <CF v=1 h=f333bfb7 n=2/2 camera.focus.enabled=1 camera.focus.mode=auto camera.focus.lens_position=1.82 camera.focus.range=null camera.focus.speed=null>
CELL 2026-10-02T20:45:15Z len=132 <WS v=1 a=idle cfg=f333bfb7 up=307 tz=America/Los_Angeles lt=1345 ws=0000 we=0000 rk=480x270 ct=36.5 sha=34a6222ea94c hn=bmcam003>

SUMMARY cell=4 con=20
----- 2026-10-02T20:45:53Z STATE M6.denoise.cdn_fast.cap.after bmcam004
sha256 9a78ed5f509d0b30 bm_command_state_v2.json 0L
sha256 38739b9717560b1f camera_config.yaml 143L
sha256 e9c14a14a53d4fee config_journal.jsonl 204L
overlay {"camera.controls_enabled": true, "camera.image_processing.denoise": "cdn_fast", "camera.image_processing.enabled": true, "mode.run": "stay_on", "still.quality_ladder": [20, 15, 11, 9], "video.record.fps": 14, "video.send.duration_s": 15}
guarded {}
boot 35 hw {"remote": 1000036, "service": 100000032} trg null cache 256
STEP M6.denoise.cdn_fast.cap ack=none action=stage=None files=2026-10-02T20:44:46Z_image_compressed.jpg.capture_metadata.json 2026-10-02T20:44:46Z_image_native_full.metadata.json action.log 
===== 2026-10-02T20:45:55Z M6.denoise.cdn_hq SPOT-31593C  bm pub bmcam/cmd {"id":65039,"c":"set","kv":{"camera.image_processing.denoise":"cdn_hq"}} 1 1  (94 B line)
CON  2026-10-02T20:45:57Z bm pub bmcam/cmd {"id":65039,"c":"set","kv":{"camera.image_processing.denoise":"cdn_hq"}} 1 1
CON  2026-10-02T20:45:58Z 1790973960.550 e6fe83ea6b4a2b7f, [bmcam004] OK id=65039 camera.image_processing.denoise: cdn_fast -> cdn_hq (next action) cfg=54d904b7
CON  2026-10-02T20:45:58Z 1790973960.609 e6fe83ea6b4a2b7f, [bmcam004] OK id=65039 camera.image_processing.denoise: cdn_fast -> cdn_hq (next action) (duplicate: original answer) cfg=54d904b7
CON  2026-10-02T20:45:58Z 1790973960.660 e6fe83ea6b4a2b7f, [bmcam004] OK id=65039 camera.image_processing.denoise: cdn_fast -> cdn_hq (next action) (duplicate: original answer) cfg=54d904b7
CON  2026-10-02T20:45:58Z 1790973960.710 e6fe83ea6b4a2b7f, [bmcam004] OK id=65039 camera.image_processing.denoise: cdn_fast -> cdn_hq (next action) (duplicate: original answer) cfg=54d904b7
CON  2026-10-02T20:45:58Z 1790973960.761 e6fe83ea6b4a2b7f, [bmcam004] OK id=65039 camera.image_processing.denoise: cdn_fast -> cdn_hq (next action) (duplicate: original answer) cfg=54d904b7
CON  2026-10-02T20:45:58Z 1790973960.808 e6fe83ea6b4a2b7f, [bmcam004] OK id=65039 camera.image_processing.denoise: cdn_fast -> cdn_hq (next action) (duplicate: original answer) cfg=54d904b7
CON  2026-10-02T20:45:58Z 1790973960.859 e6fe83ea6b4a2b7f, [bmcam004] OK id=65039 camera.image_processing.denoise: cdn_fast -> cdn_hq (next action) (duplicate: original answer) cfg=54d904b7
CON  2026-10-02T20:45:58Z 1790973960.910 e6fe83ea6b4a2b7f, [bmcam004] OK id=65039 camera.image_processing.denoise: cdn_fast -> cdn_hq (next action) (duplicate: original answer) cfg=54d904b7
CON  2026-10-02T20:45:58Z 1790973960.960 e6fe83ea6b4a2b7f, [bmcam004] OK id=65039 camera.image_processing.denoise: cdn_fast -> cdn_hq (next action) (duplicate: original answer) cfg=54d904b7
CON  2026-10-02T20:45:58Z 1790973961.019 e6fe83ea6b4a2b7f, [bmcam004] OK id=65039 camera.image_processing.denoise: cdn_fast -> cdn_hq (next action) (duplicate: original answer) cfg=54d904b7
SUMMARY cell=0 con=11
----- 2026-10-02T20:46:06Z STATE M6.denoise.cdn_hq.cap.before bmcam004
sha256 b46415d286ccd65f bm_command_state_v2.json 0L
sha256 38739b9717560b1f camera_config.yaml 143L
sha256 05522176ea4ab8fc config_journal.jsonl 205L
overlay {"camera.controls_enabled": true, "camera.image_processing.denoise": "cdn_hq", "camera.image_processing.enabled": true, "mode.run": "stay_on", "still.quality_ladder": [20, 15, 11, 9], "video.record.fps": 14, "video.send.duration_s": 15}
guarded {}
boot 35 hw {"remote": 1000036, "service": 100000032} trg null cache 256
===== 2026-10-02T20:46:07Z M6.denoise.cdn_hq.cap.trg SPOT-31593C  bm pub bmcam/cmd {"id":65040,"c":"trg","v":2,"kv":{"med":"still","m":40}} 1 1  (78 B line)
CON  2026-10-02T20:46:08Z bm pub bmcam/cmd {"id":65040,"c":"trg","v":2,"kv":{"med":"still","m":40}} 1 1
CON  2026-10-02T20:46:08Z 1790973971.320 e6fe83ea6b4a2b7f, [bmcam004] OK id=65040 trg 2 armed: capture + output per mode (next decision point); one action only: mode.media=still, still.message_cap=40 cfg=54d904b7
CON  2026-10-02T20:46:08Z 1790973971.378 e6fe83ea6b4a2b7f, [bmcam004] OK id=65040 trg 2 armed: capture + output per mode (next decision point); one action only: mode.media=still, still.message_cap=40 (duplicate: original answ
CON  2026-10-02T20:46:08Z 1790973971.429 e6fe83ea6b4a2b7f, [bmcam004] OK id=65040 trg 2 armed: capture + output per mode (next decision point); one action only: mode.media=still, still.message_cap=40 (duplicate: original answ
CON  2026-10-02T20:46:08Z 1790973971.480 e6fe83ea6b4a2b7f, [bmcam004] OK id=65040 trg 2 armed: capture + output per mode (next decision point); one action only: mode.media=still, still.message_cap=40 (duplicate: original answ
CON  2026-10-02T20:46:08Z 1790973971.531 e6fe83ea6b4a2b7f, [bmcam004] OK id=65040 trg 2 armed: capture + output per mode (next decision point); one action only: mode.media=still, still.message_cap=40 (duplicate: original answ
CON  2026-10-02T20:46:09Z 1790973971.578 e6fe83ea6b4a2b7f, [bmcam004] OK id=65040 trg 2 armed: capture + output per mode (next decision point); one action only: mode.media=still, still.message_cap=40 (duplicate: original answ
CON  2026-10-02T20:46:09Z 1790973971.640 e6fe83ea6b4a2b7f, [bmcam004] OK id=65040 trg 2 armed: capture + output per mode (next decision point); one action only: mode.media=still, still.message_cap=40 (duplicate: original answ
CON  2026-10-02T20:46:09Z 1790973971.687 e6fe83ea6b4a2b7f, [bmcam004] OK id=65040 trg 2 armed: capture + output per mode (next decision point); one action only: mode.media=still, still.message_cap=40 (duplicate: original answ
CON  2026-10-02T20:46:09Z 1790973971.738 e6fe83ea6b4a2b7f, [bmcam004] OK id=65040 trg 2 armed: capture + output per mode (next decision point); one action only: mode.media=still, still.message_cap=40 (duplicate: original answ
SUMMARY cell=0 con=10
===== 2026-10-02T20:46:24Z L1b.BMCAM_003.1000012 SPOT-33507C  bm pub bmcam/cmd {"id":1000012,"c":"get","k":["time","schedule"]} 1 1  (70 B line)
CON  2026-10-02T20:46:25Z bm pub bmcam/cmd {"id":1000012,"c":"get","k":["time","schedule"]} 1 1
CELL 2026-10-02T20:46:25Z len=37 {"id":1000012,"ok":1,"h":"f333bfb7"}
CON  2026-10-02T20:46:25Z Message: 1790973987.722 53171fa3d81a8e6f, [bmcam003] OK id=1000012 get time, schedule: 11 key(s) cfg=f333bfb7
CON  2026-10-02T20:46:25Z 1790973987.761 53171fa3d81a8e6f,   time.source = spotter_utc (yaml)
CON  2026-10-02T20:46:25Z 1790973987.812 53171fa3d81a8e6f,   time.set_system_clock = true (yaml)
CON  2026-10-02T20:46:25Z 1790973987.863 53171fa3d81a8e6f,   time.timeout_s = 60 (yaml)
CON  2026-10-02T20:46:25Z 1790973987.914 53171fa3d81a8e6f,   time.allow_system_fallback = true (yaml)
CON  2026-10-02T20:46:25Z 1790973987.972 53171fa3d81a8e6f,   time.rtc.hwclock_path = /usr/sbin/hwclock (yaml)
CON  2026-10-02T20:46:25Z 1790973988.023 53171fa3d81a8e6f,   time.rtc.set_system_clock = true (yaml)
CON  2026-10-02T20:46:25Z 1790973988.074 53171fa3d81a8e6f,   time.rtc.plausible_after_utc = 2026-01-01T00:00:00+00:00 (yaml)
CON  2026-10-02T20:46:25Z 1790973988.125 53171fa3d81a8e6f,   schedule.timezone = America/Los_Angeles (yaml)
CON  2026-10-02T20:46:25Z 1790973988.171 53171fa3d81a8e6f,   schedule.window.enabled = true (yaml)
CON  2026-10-02T20:46:25Z 1790973988.222 53171fa3d81a8e6f,   schedule.window.start = 00:00 (yaml)
CON  2026-10-02T20:46:25Z 1790973988.273 53171fa3d81a8e6f,   schedule.window.end = 00:00 (yaml)
CON  2026-10-02T20:46:26Z 1790973988.335 53171fa3d81a8e6f, [bmcam003] OK id=1000012 get time, schedule: 11 key(s) (duplicate: original answer) cfg=f333bfb7
CON  2026-10-02T20:46:26Z 1790973988.382 53171fa3d81a8e6f, [bmcam003] OK id=1000012 get time, schedule: 11 key(s) (duplicate: original answer) cfg=f333bfb7
CON  2026-10-02T20:46:26Z 1790973988.433 53171fa3d81a8e6f, [bmcam003] OK id=1000012 get time, schedule: 11 key(s) (duplicate: original answer) cfg=f333bfb7
CON  2026-10-02T20:46:26Z 1790973988.484 53171fa3d81a8e6f, [bmcam003] OK id=1000012 get time, schedule: 11 key(s) (duplicate: original answer) cfg=f333bfb7
CON  2026-10-02T20:46:26Z 1790973988.535 53171fa3d81a8e6f, [bmcam003] OK id=1000012 get time, schedule: 11 key(s) (duplicate: original answer) cfg=f333bfb7
CELL 2026-10-02T20:46:26Z len=244 <CF v=1 h=f333bfb7 n=1/2 time.source=spotter_utc time.set_system_clock=1 time.timeout_s=60 time.allow_system_fallback=1 time.rtc.hwclock_path=/usr/sbin/hwclock time.rtc.set_system_clock=1 time.rtc.plausible_after_utc=2026-01-01T00:00:00+00:00>
CELL 2026-10-02T20:46:27Z len=144 <CF v=1 h=f333bfb7 n=2/2 schedule.timezone=America/Los_Angeles schedule.window.enabled=1 schedule.window.start=00:00 schedule.window.end=00:00>
SUMMARY cell=3 con=18
----- 2026-10-02T20:47:32Z STATE M6.denoise.cdn_hq.cap.after bmcam004
sha256 399ac2cc4d5b16b6 bm_command_state_v2.json 0L
sha256 38739b9717560b1f camera_config.yaml 143L
sha256 05522176ea4ab8fc config_journal.jsonl 205L
overlay {"camera.controls_enabled": true, "camera.image_processing.denoise": "cdn_hq", "camera.image_processing.enabled": true, "mode.run": "stay_on", "still.quality_ladder": [20, 15, 11, 9], "video.record.fps": 14, "video.send.duration_s": 15}
guarded {}
boot 35 hw {"remote": 1000036, "service": 100000032} trg null cache 256
STEP M6.denoise.cdn_hq.cap ack=none action=stage=None files=2026-10-02T20:46:16Z_image_compressed.jpg.capture_metadata.json 2026-10-02T20:46:16Z_image_native_full.metadata.json action.log 
===== 2026-10-02T20:47:35Z M6.hdr.off SPOT-31593C  bm pub bmcam/cmd {"id":65041,"c":"set","kv":{"camera.image_processing.hdr":"off"}} 1 1  (87 B line)
===== 2026-10-02T20:47:39Z L1b.BMCAM_003.1000013 SPOT-33507C  bm pub bmcam/cmd {"id":1000013,"c":"get","k":["video.send","still"]} 1 1  (73 B line)
CON  2026-10-02T20:47:37Z bm pub bmcam/cmd {"id":65041,"c":"set","kv":{"camera.image_processing.hdr":"off"}} 1 1
CON  2026-10-02T20:47:37Z 1790974060.414 e6fe83ea6b4a2b7f, [bmcam004] OK id=65041 camera.image_processing.hdr: none -> off (next action) cfg=3a6a6514
CON  2026-10-02T20:47:37Z 1790974060.476 e6fe83ea6b4a2b7f, [bmcam004] OK id=65041 camera.image_processing.hdr: none -> off (next action) (duplicate: original answer) cfg=3a6a6514
CON  2026-10-02T20:47:37Z 1790974060.527 e6fe83ea6b4a2b7f, [bmcam004] OK id=65041 camera.image_processing.hdr: none -> off (next action) (duplicate: original answer) cfg=3a6a6514
CON  2026-10-02T20:47:38Z 1790974060.574 e6fe83ea6b4a2b7f, [bmcam004] OK id=65041 camera.image_processing.hdr: none -> off (next action) (duplicate: original answer) cfg=3a6a6514
CON  2026-10-02T20:47:38Z 1790974060.625 e6fe83ea6b4a2b7f, [bmcam004] OK id=65041 camera.image_processing.hdr: none -> off (next action) (duplicate: original answer) cfg=3a6a6514
CON  2026-10-02T20:47:38Z 1790974060.675 e6fe83ea6b4a2b7f, [bmcam004] OK id=65041 camera.image_processing.hdr: none -> off (next action) (duplicate: original answer) cfg=3a6a6514
CON  2026-10-02T20:47:38Z 1790974060.726 e6fe83ea6b4a2b7f, [bmcam004] OK id=65041 camera.image_processing.hdr: none -> off (next action) (duplicate: original answer) cfg=3a6a6514
CON  2026-10-02T20:47:38Z 1790974060.777 e6fe83ea6b4a2b7f, [bmcam004] OK id=65041 camera.image_processing.hdr: none -> off (next action) (duplicate: original answer) cfg=3a6a6514
CON  2026-10-02T20:47:38Z 1790974060.824 e6fe83ea6b4a2b7f, [bmcam004] OK id=65041 camera.image_processing.hdr: none -> off (next action) (duplicate: original answer) cfg=3a6a6514
CON  2026-10-02T20:47:38Z 1790974060.875 e6fe83ea6b4a2b7f, [bmcam004] OK id=65041 camera.image_processing.hdr: none -> off (next action) (duplicate: original answer) cfg=3a6a6514
SUMMARY cell=0 con=11
----- 2026-10-02T20:47:46Z STATE M6.hdr.off.cap.before bmcam004
sha256 77e5a1fea8863de4 bm_command_state_v2.json 0L
sha256 38739b9717560b1f camera_config.yaml 143L
sha256 b5b82f8460e7592d config_journal.jsonl 206L
overlay {"camera.controls_enabled": true, "camera.image_processing.denoise": "cdn_hq", "camera.image_processing.enabled": true, "camera.image_processing.hdr": "off", "mode.run": "stay_on", "still.quality_ladder": [20, 15, 11, 9], "video.record.fps": 14, "video.send.duration_s": 15}
guarded {}
boot 35 hw {"remote": 1000036, "service": 100000032} trg null cache 256
===== 2026-10-02T20:47:49Z M6.hdr.off.cap.trg SPOT-31593C  bm pub bmcam/cmd {"id":65042,"c":"trg","v":2,"kv":{"med":"still","m":40}} 1 1  (78 B line)
CON  2026-10-02T20:47:40Z bm pub bmcam/cmd {"id":1000013,"c":"get","k":["video.send","still"]} 1 1
CELL 2026-10-02T20:47:40Z len=37 {"id":1000013,"ok":1,"h":"f333bfb7"}
CON  2026-10-02T20:47:40Z Message: 1790974063.179 53171fa3d81a8e6f, [bmcam003] OK id=1000013 get video.send, still: 14 key(s) cfg=f333bfb7
CON  2026-10-02T20:47:41Z 1790974063.218 53171fa3d81a8e6f,   video.send.duration_s = 15 (cmd 1000007)
CON  2026-10-02T20:47:41Z 1790974063.269 53171fa3d81a8e6f,   video.send.lead_in_s = 2.0 (yaml)
CON  2026-10-02T20:47:41Z 1790974063.320 53171fa3d81a8e6f,   video.send.fps = 14 (cmd 1000007)
CON  2026-10-02T20:47:41Z 1790974063.371 53171fa3d81a8e6f,   video.send.message_cap = 190 (yaml)
CON  2026-10-02T20:47:41Z 1790974063.421 53171fa3d81a8e6f,   video.send.keyframe_repeat_max = 30 (yaml)
CON  2026-10-02T20:47:41Z 1790974063.468 53171fa3d81a8e6f,   video.send.size = 480x270 (yaml)
CON  2026-10-02T20:47:41Z 1790974063.519 53171fa3d81a8e6f,   video.send.x264_preset = medium (yaml)
CON  2026-10-02T20:47:41Z 1790974063.570 53171fa3d81a8e6f,   video.send.budget_min = 8 (yaml)
CON  2026-10-02T20:47:41Z 1790974063.628 53171fa3d81a8e6f,   still.crop = 1504,846,1600,900 (yaml)
CON  2026-10-02T20:47:41Z 1790974063.679 53171fa3d81a8e6f,   still.output_width = 1000 (yaml)
CON  2026-10-02T20:47:41Z 1790974063.730 53171fa3d81a8e6f,   still.quality_ladder = 90,80,70,60,50,40,30,25,20,15,13,11,9 (yaml)
CON  2026-10-02T20:47:41Z 1790974063.781 53171fa3d81a8e6f,   still.save.quality = 85 (yaml)
CON  2026-10-02T20:47:41Z 1790974063.828 53171fa3d81a8e6f,   still.message_cap = 195 (yaml)
CON  2026-10-02T20:47:41Z 1790974063.878 53171fa3d81a8e6f,   still.budget_min = 8 (yaml)
CON  2026-10-02T20:47:41Z 1790974063.929 53171fa3d81a8e6f, [bmcam003] OK id=1000013 get video.send, still: 14 key(s) (duplicate: original answer) cfg=f333bfb7
CON  2026-10-02T20:47:41Z 1790974063.992 53171fa3d81a8e6f, [bmcam003] OK id=1000013 get video.send, still: 14 key(s) (duplicate: original answer) cfg=f333bfb7
CON  2026-10-02T20:47:41Z 1790974064.039 53171fa3d81a8e6f, [bmcam003] OK id=1000013 get video.send, still: 14 key(s) (duplicate: original answer) cfg=f333bfb7
CON  2026-10-02T20:47:41Z 1790974064.089 53171fa3d81a8e6f, [bmcam003] OK id=1000013 get video.send, still: 14 key(s) (duplicate: original answer) cfg=f333bfb7
CON  2026-10-02T20:47:41Z 1790974064.140 53171fa3d81a8e6f, [bmcam003] OK id=1000013 get video.send, still: 14 key(s) (duplicate: original answer) cfg=f333bfb7
CELL 2026-10-02T20:47:42Z len=251 <CF v=1 h=f333bfb7 n=1/2 video.send.duration_s=15@c1000007 video.send.lead_in_s=2.0 video.send.fps=14@c1000007 video.send.message_cap=190 video.send.keyframe_repeat_max=30 video.send.size=480x270 video.send.x264_preset=medium video.send.budget_min=8>
CELL 2026-10-02T20:47:43Z len=201 <CF v=1 h=f333bfb7 n=2/2 still.crop=1504,846,1600,900 still.output_width=1000 still.quality_ladder=90,80,70,60,50,40,30,25,20,15,13,11,9 still.save.quality=85 still.message_cap=195 still.budget_min=8>
SUMMARY cell=3 con=21
CON  2026-10-02T20:47:50Z bm pub bmcam/cmd {"id":65042,"c":"trg","v":2,"kv":{"med":"still","m":40}} 1 1
CON  2026-10-02T20:47:50Z 1790974072.992 e6fe83ea6b4a2b7f, [bmcam004] OK id=65042 trg 2 armed: capture + output per mode (next decision point); one action only: mode.media=still, still.message_cap=40 cfg=3a6a6514
CON  2026-10-02T20:47:50Z 1790974073.042 e6fe83ea6b4a2b7f, [bmcam004] OK id=65042 trg 2 armed: capture + output per mode (next decision point); one action only: mode.media=still, still.message_cap=40 (duplicate: original answ
CON  2026-10-02T20:47:50Z 1790974073.093 e6fe83ea6b4a2b7f, [bmcam004] OK id=65042 trg 2 armed: capture + output per mode (next decision point); one action only: mode.media=still, still.message_cap=40 (duplicate: original answ
CON  2026-10-02T20:47:50Z 1790974073.144 e6fe83ea6b4a2b7f, [bmcam004] OK id=65042 trg 2 armed: capture + output per mode (next decision point); one action only: mode.media=still, still.message_cap=40 (duplicate: original answ
CON  2026-10-02T20:47:50Z 1790974073.203 e6fe83ea6b4a2b7f, [bmcam004] OK id=65042 trg 2 armed: capture + output per mode (next decision point); one action only: mode.media=still, still.message_cap=40 (duplicate: original answ
CON  2026-10-02T20:47:50Z 1790974073.253 e6fe83ea6b4a2b7f, [bmcam004] OK id=65042 trg 2 armed: capture + output per mode (next decision point); one action only: mode.media=still, still.message_cap=40 (duplicate: original answ
CON  2026-10-02T20:47:50Z 1790974073.304 e6fe83ea6b4a2b7f, [bmcam004] OK id=65042 trg 2 armed: capture + output per mode (next decision point); one action only: mode.media=still, still.message_cap=40 (duplicate: original answ
CON  2026-10-02T20:47:50Z 1790974073.355 e6fe83ea6b4a2b7f, [bmcam004] OK id=65042 trg 2 armed: capture + output per mode (next decision point); one action only: mode.media=still, still.message_cap=40 (duplicate: original answ
CON  2026-10-02T20:47:50Z 1790974073.406 e6fe83ea6b4a2b7f, [bmcam004] OK id=65042 trg 2 armed: capture + output per mode (next decision point); one action only: mode.media=still, still.message_cap=40 (duplicate: original answ
SUMMARY cell=0 con=10
===== 2026-10-02T20:48:55Z L1b.BMCAM_003.1000014 SPOT-33507C  bm pub bmcam/cmd {"id":1000014,"c":"get","k":["power","camera.exposure","camera.controls_enabled","camera.backend"]} 1 1  (121 B line)
----- 2026-10-02T20:49:02Z STATE M6.hdr.off.cap.after bmcam004
sha256 ade049aefc6e2cb2 bm_command_state_v2.json 0L
sha256 38739b9717560b1f camera_config.yaml 143L
sha256 b5b82f8460e7592d config_journal.jsonl 206L
overlay {"camera.controls_enabled": true, "camera.image_processing.denoise": "cdn_hq", "camera.image_processing.enabled": true, "camera.image_processing.hdr": "off", "mode.run": "stay_on", "still.quality_ladder": [20, 15, 11, 9], "video.record.fps": 14, "video.send.duration_s": 15}
guarded {}
boot 35 hw {"remote": 1000036, "service": 100000032} trg null cache 256
STEP M6.hdr.off.cap ack=none action=stage=None files=2026-10-02T20:47:56Z_image_compressed.jpg.capture_metadata.json 2026-10-02T20:47:56Z_image_native_full.metadata.json action.log 
===== 2026-10-02T20:49:05Z M6.hdr.auto SPOT-31593C  bm pub bmcam/cmd {"id":65043,"c":"set","kv":{"camera.image_processing.hdr":"auto"}} 1 1  (88 B line)
CON  2026-10-02T20:48:57Z bm pub bmcam/cmd {"id":1000014,"c":"get","k":["power","camera.exposure","camera.controls_enabled","camera.backend"]} 1 1
CELL 2026-10-02T20:48:57Z len=37 {"id":1000014,"ok":1,"h":"f333bfb7"}
CON  2026-10-02T20:48:57Z Message: 1790974140.187 53171fa3d81a8e6f, [bmcam003] OK id=1000014 get power, camera.exposure, camera.controls_enabled, camera.backend: 12 key(s) cfg=f333bfb7
CON  2026-10-02T20:48:57Z 1790974140.226 53171fa3d81a8e6f,   power.halt.enabled = true (yaml)
CON  2026-10-02T20:48:57Z 1790974140.277 53171fa3d81a8e6f,   power.halt.dry_run = false (yaml)
CON  2026-10-02T20:48:58Z 1790974140.324 53171fa3d81a8e6f,   power.halt.mode = halt (yaml)
CON  2026-10-02T20:48:58Z 1790974140.375 53171fa3d81a8e6f,   power.halt.script_path = /home/pi/BM_Devel_Pi/tuned_halt.sh (yaml)
CON  2026-10-02T20:48:58Z 1790974140.425 53171fa3d81a8e6f,   power.bus_always_on = false (yaml)
CON  2026-10-02T20:48:58Z 1790974140.476 53171fa3d81a8e6f,   camera.exposure.enabled = false (yaml)
CON  2026-10-02T20:48:58Z 1790974140.527 53171fa3d81a8e6f,   camera.exposure.mode = none (yaml)
CON  2026-10-02T20:48:58Z 1790974140.574 53171fa3d81a8e6f,   camera.exposure.ev = none (yaml)
CON  2026-10-02T20:48:58Z 1790974140.636 53171fa3d81a8e6f,   camera.exposure.shutter_us = none (yaml)
CON  2026-10-02T20:48:58Z 1790974140.687 53171fa3d81a8e6f,   camera.exposure.analogue_gain = none (yaml)
CON  2026-10-02T20:48:58Z 1790974140.734 53171fa3d81a8e6f,   camera.controls_enabled = true (yaml)
CON  2026-10-02T20:48:58Z 1790974140.785 53171fa3d81a8e6f,   camera.backend = rpicam (yaml)
CON  2026-10-02T20:48:58Z 1790974140.847 53171fa3d81a8e6f, [bmcam003] OK id=1000014 get power, camera.exposure, camera.controls_enabled, camera.backend: 12 key(s) (duplicate: original answer) cfg=f333bfb7
CON  2026-10-02T20:48:58Z 1790974140.898 53171fa3d81a8e6f, [bmcam003] OK id=1000014 get power, camera.exposure, camera.controls_enabled, camera.backend: 12 key(s) (duplicate: original answer) cfg=f333bfb7
CON  2026-10-02T20:48:58Z 1790974140.945 53171fa3d81a8e6f, [bmcam003] OK id=1000014 get power, camera.exposure, camera.controls_enabled, camera.backend: 12 key(s) (duplicate: original answer) cfg=f333bfb7
CON  2026-10-02T20:48:58Z 1790974140.996 53171fa3d81a8e6f, [bmcam003] OK id=1000014 get power, camera.exposure, camera.controls_enabled, camera.backend: 12 key(s) (duplicate: original answer) cfg=f333bfb7
CON  2026-10-02T20:48:58Z 1790974141.046 53171fa3d81a8e6f, [bmcam003] OK id=1000014 get power, camera.exposure, camera.controls_enabled, camera.backend: 12 key(s) (duplicate: original answer) cfg=f333bfb7
CELL 2026-10-02T20:48:58Z len=277 <CF v=1 h=f333bfb7 n=1/2 power.halt.enabled=1 power.halt.dry_run=0 power.halt.mode=halt power.halt.script_path=/home/pi/BM_Devel_Pi/tuned_halt.sh power.bus_always_on=0 camera.exposure.enabled=0 camera.exposure.mode=null camera.exposure.ev=null camera.exposure.shutter_us=null>
CELL 2026-10-02T20:48:59Z len=109 <CF v=1 h=f333bfb7 n=2/2 camera.exposure.analogue_gain=null camera.controls_enabled=1 camera.backend=rpicam>
SUMMARY cell=3 con=19
CON  2026-10-02T20:49:06Z bm pub bmcam/cmd {"id":65043,"c":"set","kv":{"camera.image_processing.hdr":"auto"}} 1 1
CON  2026-10-02T20:49:06Z 1790974149.347 e6fe83ea6b4a2b7f, [bmcam004] OK id=65043 camera.image_processing.hdr: off -> auto (next action) cfg=1f3bf233
CON  2026-10-02T20:49:06Z 1790974149.398 e6fe83ea6b4a2b7f, [bmcam004] OK id=65043 camera.image_processing.hdr: off -> auto (next action) (duplicate: original answer) cfg=1f3bf233
CON  2026-10-02T20:49:06Z 1790974149.449 e6fe83ea6b4a2b7f, [bmcam004] OK id=65043 camera.image_processing.hdr: off -> auto (next action) (duplicate: original answer) cfg=1f3bf233
CON  2026-10-02T20:49:06Z 1790974149.500 e6fe83ea6b4a2b7f, [bmcam004] OK id=65043 camera.image_processing.hdr: off -> auto (next action) (duplicate: original answer) cfg=1f3bf233
CON  2026-10-02T20:49:06Z 1790974149.550 e6fe83ea6b4a2b7f, [bmcam004] OK id=65043 camera.image_processing.hdr: off -> auto (next action) (duplicate: original answer) cfg=1f3bf233
CON  2026-10-02T20:49:07Z 1790974149.597 e6fe83ea6b4a2b7f, [bmcam004] OK id=65043 camera.image_processing.hdr: off -> auto (next action) (duplicate: original answer) cfg=1f3bf233
CON  2026-10-02T20:49:07Z 1790974149.660 e6fe83ea6b4a2b7f, [bmcam004] OK id=65043 camera.image_processing.hdr: off -> auto (next action) (duplicate: original answer) cfg=1f3bf233
CON  2026-10-02T20:49:07Z 1790974149.707 e6fe83ea6b4a2b7f, [bmcam004] OK id=65043 camera.image_processing.hdr: off -> auto (next action) (duplicate: original answer) cfg=1f3bf233
CON  2026-10-02T20:49:07Z 1790974149.929 e6fe83ea6b4a2b7f, [bmcam004] OK id=65043 camera.image_processing.hdr: off -> auto (next action) (duplicate: original answer) cfg=1f3bf233
CON  2026-10-02T20:49:07Z 1790974149.980 e6fe83ea6b4a2b7f, [bmcam004] OK id=65043 camera.image_processing.hdr: off -> auto (next action) (duplicate: original answer) cfg=1f3bf233
SUMMARY cell=0 con=11
----- 2026-10-02T20:49:15Z STATE M6.hdr.auto.cap.before bmcam004
sha256 f2b0489aba839a32 bm_command_state_v2.json 0L
sha256 38739b9717560b1f camera_config.yaml 143L
sha256 f0d5a39bf8fef5a3 config_journal.jsonl 207L
overlay {"camera.controls_enabled": true, "camera.image_processing.denoise": "cdn_hq", "camera.image_processing.enabled": true, "camera.image_processing.hdr": "auto", "mode.run": "stay_on", "still.quality_ladder": [20, 15, 11, 9], "video.record.fps": 14, "video.send.duration_s": 15}
guarded {}
boot 35 hw {"remote": 1000036, "service": 100000032} trg null cache 256
===== 2026-10-02T20:49:16Z M6.hdr.auto.cap.trg SPOT-31593C  bm pub bmcam/cmd {"id":65044,"c":"trg","v":2,"kv":{"med":"still","m":40}} 1 1  (78 B line)
CON  2026-10-02T20:49:17Z bm pub bmcam/cmd {"id":65044,"c":"trg","v":2,"kv":{"med":"still","m":40}} 1 1
CON  2026-10-02T20:49:17Z 1790974160.496 e6fe83ea6b4a2b7f, [bmcam004] OK id=65044 trg 2 armed: capture + output per mode (next decision point); one action only: mode.media=still, still.message_cap=40 cfg=1f3bf233
CON  2026-10-02T20:49:17Z 1790974160.546 e6fe83ea6b4a2b7f, [bmcam004] OK id=65044 trg 2 armed: capture + output per mode (next decision point); one action only: mode.media=still, still.message_cap=40 (duplicate: original answ
CON  2026-10-02T20:49:17Z 1790974160.609 e6fe83ea6b4a2b7f, [bmcam004] OK id=65044 trg 2 armed: capture + output per mode (next decision point); one action only: mode.media=still, still.message_cap=40 (duplicate: original answ
CON  2026-10-02T20:49:18Z 1790974160.656 e6fe83ea6b4a2b7f, [bmcam004] OK id=65044 trg 2 armed: capture + output per mode (next decision point); one action only: mode.media=still, still.message_cap=40 (duplicate: original answ
CON  2026-10-02T20:49:18Z 1790974160.707 e6fe83ea6b4a2b7f, [bmcam004] OK id=65044 trg 2 armed: capture + output per mode (next decision point); one action only: mode.media=still, still.message_cap=40 (duplicate: original answ
CON  2026-10-02T20:49:18Z 1790974160.757 e6fe83ea6b4a2b7f, [bmcam004] OK id=65044 trg 2 armed: capture + output per mode (next decision point); one action only: mode.media=still, still.message_cap=40 (duplicate: original answ
CON  2026-10-02T20:49:18Z 1790974160.808 e6fe83ea6b4a2b7f, [bmcam004] OK id=65044 trg 2 armed: capture + output per mode (next decision point); one action only: mode.media=still, still.message_cap=40 (duplicate: original answ
CON  2026-10-02T20:49:18Z 1790974160.859 e6fe83ea6b4a2b7f, [bmcam004] OK id=65044 trg 2 armed: capture + output per mode (next decision point); one action only: mode.media=still, still.message_cap=40 (duplicate: original answ
CON  2026-10-02T20:49:18Z 1790974160.906 e6fe83ea6b4a2b7f, [bmcam004] OK id=65044 trg 2 armed: capture + output per mode (next decision point); one action only: mode.media=still, still.message_cap=40 (duplicate: original answ
CON  2026-10-02T20:49:18Z 1790974160.957 e6fe83ea6b4a2b7f, [bmcam004] OK id=65044 trg 2 armed: capture + output per mode (next decision point); one action only: mode.media=still, still.message_cap=40 (duplicate: original answ
SUMMARY cell=0 con=11
===== 2026-10-02T20:50:12Z L1b.BMCAM_003.1000015 SPOT-33507C  bm pub bmcam/cmd {"id":1000015,"c":"get","k":["camera.white_balance","camera.native","storage","network"]} 1 1  (111 B line)
CON  2026-10-02T20:50:13Z bm pub bmcam/cmd {"id":1000015,"c":"get","k":["camera.white_balance","camera.native","storage","network"]} 1 1
CELL 2026-10-02T20:50:13Z len=37 {"id":1000015,"ok":1,"h":"f333bfb7"}
CON  2026-10-02T20:50:13Z Message: 1790974215.664 53171fa3d81a8e6f, [bmcam003] OK id=1000015 get camera.white_balance, camera.native, storage, network: 12 key(s) cfg=f333bfb7
CON  2026-10-02T20:50:13Z 1790974215.703 53171fa3d81a8e6f,   camera.white_balance.enabled = false (yaml)
CON  2026-10-02T20:50:13Z 1790974215.753 53171fa3d81a8e6f,   camera.white_balance.mode = none (yaml)
CON  2026-10-02T20:50:13Z 1790974215.800 53171fa3d81a8e6f,   camera.white_balance.gains = none (yaml)
CON  2026-10-02T20:50:13Z 1790974215.851 53171fa3d81a8e6f,   camera.native.width = 4608 (yaml)
CON  2026-10-02T20:50:13Z 1790974215.902 53171fa3d81a8e6f,   camera.native.height = 2592 (yaml)
CON  2026-10-02T20:50:13Z 1790974215.953 53171fa3d81a8e6f,   camera.native.jpeg_quality = 95 (yaml)
CON  2026-10-02T20:50:13Z 1790974216.003 53171fa3d81a8e6f,   storage.max_used_pct = 75.0 (yaml)
CON  2026-10-02T20:50:13Z 1790974216.050 53171fa3d81a8e6f,   storage.min_free_gb = 10.0 (yaml)
CON  2026-10-02T20:50:13Z 1790974216.101 53171fa3d81a8e6f,   storage.ring_dry_run = false (yaml)
CON  2026-10-02T20:50:13Z 1790974216.152 53171fa3d81a8e6f,   network.default = nereus_hq (yaml)
CON  2026-10-02T20:50:13Z 1790974216.203 53171fa3d81a8e6f,   network.ap_fallback_s = 90 (yaml)
CON  2026-10-02T20:50:14Z 1790974216.253 53171fa3d81a8e6f,   network.ap_timeout_min = 60 (yaml)
CON  2026-10-02T20:50:14Z 1790974216.312 53171fa3d81a8e6f, [bmcam003] OK id=1000015 get camera.white_balance, camera.native, storage, network: 12 key(s) (duplicate: original answer) cfg=f333bfb7
CON  2026-10-02T20:50:14Z 1790974216.363 53171fa3d81a8e6f, [bmcam003] OK id=1000015 get camera.white_balance, camera.native, storage, network: 12 key(s) (duplicate: original answer) cfg=f333bfb7
CON  2026-10-02T20:50:14Z 1790974216.414 53171fa3d81a8e6f, [bmcam003] OK id=1000015 get camera.white_balance, camera.native, storage, network: 12 key(s) (duplicate: original answer) cfg=f333bfb7
CON  2026-10-02T20:50:14Z 1790974216.464 53171fa3d81a8e6f, [bmcam003] OK id=1000015 get camera.white_balance, camera.native, storage, network: 12 key(s) (duplicate: original answer) cfg=f333bfb7
CON  2026-10-02T20:50:14Z 1790974216.511 53171fa3d81a8e6f, [bmcam003] OK id=1000015 get camera.white_balance, camera.native, storage, network: 12 key(s) (duplicate: original answer) cfg=f333bfb7
CELL 2026-10-02T20:50:14Z len=275 <CF v=1 h=f333bfb7 n=1/2 camera.white_balance.enabled=0 camera.white_balance.mode=null camera.white_balance.gains=null camera.native.width=4608 camera.native.height=2592 camera.native.jpeg_quality=95 storage.max_used_pct=75.0 storage.min_free_gb=10.0 storage.ring_dry_run=0>
CELL 2026-10-02T20:50:15Z len=103 <CF v=1 h=f333bfb7 n=2/2 network.default=nereus_hq network.ap_fallback_s=90 network.ap_timeout_min=60>
CELL 2026-10-02T20:50:15Z len=132 <WS v=1 a=idle cfg=f333bfb7 up=607 tz=America/Los_Angeles lt=1350 ws=0000 we=0000 rk=480x270 ct=36.5 sha=34a6222ea94c hn=bmcam003>

SUMMARY cell=4 con=19
===== 2026-10-02T20:50:28Z P.003.ui SPOT-33507C  bm pub bmcam/cmd {"id":54030,"c":"reset","k":["video.record.fps","video.send.duration_s","video.send.fps"]} 1 1  (112 B line)
CON  2026-10-02T20:50:30Z bm pub bmcam/cmd {"id":54030,"c":"reset","k":["video.record.fps","video.send.duration_s","video.send.fps"]} 1 1
CON  2026-10-02T20:50:30Z 1790974232.539 53171fa3d81a8e6f, [bmcam003] OK id=54030 reset video.record.fps, video.send.duration_s, video.send.fps -> YAML cfg=32bd824c
CON  2026-10-02T20:50:30Z 1790974232.589 53171fa3d81a8e6f, [bmcam003] OK id=54030 reset video.record.fps, video.send.duration_s, video.send.fps -> YAML (duplicate: original answer) cfg=32bd824c
CON  2026-10-02T20:50:30Z 1790974232.640 53171fa3d81a8e6f, [bmcam003] OK id=54030 reset video.record.fps, video.send.duration_s, video.send.fps -> YAML (duplicate: original answer) cfg=32bd824c
CON  2026-10-02T20:50:30Z 1790974232.691 53171fa3d81a8e6f, [bmcam003] OK id=54030 reset video.record.fps, video.send.duration_s, video.send.fps -> YAML (duplicate: original answer) cfg=32bd824c
CON  2026-10-02T20:50:30Z 1790974232.742 53171fa3d81a8e6f, [bmcam003] OK id=54030 reset video.record.fps, video.send.duration_s, video.send.fps -> YAML (duplicate: original answer) cfg=32bd824c
CON  2026-10-02T20:50:30Z 1790974232.789 53171fa3d81a8e6f, [bmcam003] OK id=54030 reset video.record.fps, video.send.duration_s, video.send.fps -> YAML (duplicate: original answer) cfg=32bd824c
SUMMARY cell=0 con=7
===== 2026-10-02T20:50:38Z P.003.run SPOT-33507C  bm pub bmcam/cmd {"id":54031,"c":"reset","k":["mode.run"]} 1 1  (63 B line)
----- 2026-10-02T20:50:40Z STATE M6.hdr.auto.cap.after bmcam004
sha256 5015ba43d082ab6d bm_command_state_v2.json 0L
sha256 38739b9717560b1f camera_config.yaml 143L
sha256 f0d5a39bf8fef5a3 config_journal.jsonl 207L
overlay {"camera.controls_enabled": true, "camera.image_processing.denoise": "cdn_hq", "camera.image_processing.enabled": true, "camera.image_processing.hdr": "auto", "mode.run": "stay_on", "still.quality_ladder": [20, 15, 11, 9], "video.record.fps": 14, "video.send.duration_s": 15}
guarded {}
boot 35 hw {"remote": 1000036, "service": 100000032} trg null cache 256
STEP M6.hdr.auto.cap ack=none action=stage=None files=2026-10-02T20:49:26Z_image_compressed.jpg.capture_metadata.json 2026-10-02T20:49:26Z_image_native_full.metadata.json action.log 
===== 2026-10-02T20:50:42Z M6.hdr.sensor SPOT-31593C  bm pub bmcam/cmd {"id":65045,"c":"set","kv":{"camera.image_processing.hdr":"sensor"}} 1 1  (90 B line)
CON  2026-10-02T20:50:39Z bm pub bmcam/cmd {"id":54031,"c":"reset","k":["mode.run"]} 1 1
CON  2026-10-02T20:50:39Z 1790974241.667 53171fa3d81a8e6f, [bmcam003] OK id=54031 reset mode.run -> YAML cfg=67f930c4
CON  2026-10-02T20:50:39Z 1790974241.726 53171fa3d81a8e6f, [bmcam003] OK id=54031 reset mode.run -> YAML (duplicate: original answer) cfg=67f930c4
CON  2026-10-02T20:50:39Z 1790974241.777 53171fa3d81a8e6f, [bmcam003] OK id=54031 reset mode.run -> YAML (duplicate: original answer) cfg=67f930c4
CON  2026-10-02T20:50:39Z 1790974241.796 53171fa3d81a8e6f, [bmcam003] OK id=54031 reset mode.run -> YAML (duplicate: original answer) cfg=67f930c4
CON  2026-10-02T20:50:39Z 1790974241.859 53171fa3d81a8e6f, [bmcam003] OK id=54031 reset mode.run -> YAML (duplicate: original answer) cfg=67f930c4
CON  2026-10-02T20:50:39Z 1790974241.910 53171fa3d81a8e6f, [bmcam003] OK id=54031 reset mode.run -> YAML (duplicate: original answer) cfg=67f930c4
SUMMARY cell=0 con=7
CON  2026-10-02T20:50:44Z bm pub bmcam/cmd {"id":65045,"c":"set","kv":{"camera.image_processing.hdr":"sensor"}} 1 1
CON  2026-10-02T20:50:44Z 1790974246.824 e6fe83ea6b4a2b7f, [bmcam004] OK id=65045 camera.image_processing.hdr: auto -> sensor (next action) cfg=2799c210
CON  2026-10-02T20:50:44Z 1790974246.882 e6fe83ea6b4a2b7f, [bmcam004] OK id=65045 camera.image_processing.hdr: auto -> sensor (next action) (duplicate: original answer) cfg=2799c210
CON  2026-10-02T20:50:44Z 1790974246.933 e6fe83ea6b4a2b7f, [bmcam004] OK id=65045 camera.image_processing.hdr: auto -> sensor (next action) (duplicate: original answer) cfg=2799c210
CON  2026-10-02T20:50:44Z 1790974246.984 e6fe83ea6b4a2b7f, [bmcam004] OK id=65045 camera.image_processing.hdr: auto -> sensor (next action) (duplicate: original answer) cfg=2799c210
CON  2026-10-02T20:50:44Z 1790974247.031 e6fe83ea6b4a2b7f, [bmcam004] OK id=65045 camera.image_processing.hdr: auto -> sensor (next action) (duplicate: original answer) cfg=2799c210
CON  2026-10-02T20:50:44Z 1790974247.082 e6fe83ea6b4a2b7f, [bmcam004] OK id=65045 camera.image_processing.hdr: auto -> sensor (next action) (duplicate: original answer) cfg=2799c210
CON  2026-10-02T20:50:44Z 1790974247.132 e6fe83ea6b4a2b7f, [bmcam004] OK id=65045 camera.image_processing.hdr: auto -> sensor (next action) (duplicate: original answer) cfg=2799c210
CON  2026-10-02T20:50:44Z 1790974247.183 e6fe83ea6b4a2b7f, [bmcam004] OK id=65045 camera.image_processing.hdr: auto -> sensor (next action) (duplicate: original answer) cfg=2799c210
CON  2026-10-02T20:50:44Z 1790974247.234 e6fe83ea6b4a2b7f, [bmcam004] OK id=65045 camera.image_processing.hdr: auto -> sensor (next action) (duplicate: original answer) cfg=2799c210
CON  2026-10-02T20:50:44Z 1790974247.281 e6fe83ea6b4a2b7f, [bmcam004] OK id=65045 camera.image_processing.hdr: auto -> sensor (next action) (duplicate: original answer) cfg=2799c210
SUMMARY cell=0 con=11
----- 2026-10-02T20:50:52Z STATE M6.hdr.sensor.cap.before bmcam004
sha256 0bf9ff97f07f3b15 bm_command_state_v2.json 0L
sha256 38739b9717560b1f camera_config.yaml 143L
sha256 70c0b4912deb2928 config_journal.jsonl 208L
overlay {"camera.controls_enabled": true, "camera.image_processing.denoise": "cdn_hq", "camera.image_processing.enabled": true, "camera.image_processing.hdr": "sensor", "mode.run": "stay_on", "still.quality_ladder": [20, 15, 11, 9], "video.record.fps": 14, "video.send.duration_s": 15}
guarded {}
boot 35 hw {"remote": 1000036, "service": 100000032} trg null cache 256
===== 2026-10-02T20:50:54Z M6.hdr.sensor.cap.trg SPOT-31593C  bm pub bmcam/cmd {"id":65046,"c":"trg","v":2,"kv":{"med":"still","m":40}} 1 1  (78 B line)
CON  2026-10-02T20:50:55Z bm pub bmcam/cmd {"id":65046,"c":"trg","v":2,"kv":{"med":"still","m":40}} 1 1
CON  2026-10-02T20:50:55Z 1790974257.800 e6fe83ea6b4a2b7f, [bmcam004] OK id=65046 trg 2 armed: capture + output per mode (next decision point); one action only: mode.media=still, still.message_cap=40 cfg=2799c210
CON  2026-10-02T20:50:55Z 1790974257.863 e6fe83ea6b4a2b7f, [bmcam004] OK id=65046 trg 2 armed: capture + output per mode (next decision point); one action only: mode.media=still, still.message_cap=40 (duplicate: original answ
CON  2026-10-02T20:50:55Z 1790974257.910 e6fe83ea6b4a2b7f, [bmcam004] OK id=65046 trg 2 armed: capture + output per mode (next decision point); one action only: mode.media=still, still.message_cap=40 (duplicate: original answ
CON  2026-10-02T20:50:55Z 1790974257.960 e6fe83ea6b4a2b7f, [bmcam004] OK id=65046 trg 2 armed: capture + output per mode (next decision point); one action only: mode.media=still, still.message_cap=40 (duplicate: original answ
CON  2026-10-02T20:50:55Z 1790974258.011 e6fe83ea6b4a2b7f, [bmcam004] OK id=65046 trg 2 armed: capture + output per mode (next decision point); one action only: mode.media=still, still.message_cap=40 (duplicate: original answ
CON  2026-10-02T20:50:55Z 1790974258.062 e6fe83ea6b4a2b7f, [bmcam004] OK id=65046 trg 2 armed: capture + output per mode (next decision point); one action only: mode.media=still, still.message_cap=40 (duplicate: original answ
CON  2026-10-02T20:50:55Z 1790974258.113 e6fe83ea6b4a2b7f, [bmcam004] OK id=65046 trg 2 armed: capture + output per mode (next decision point); one action only: mode.media=still, still.message_cap=40 (duplicate: original answ
CON  2026-10-02T20:50:55Z 1790974258.164 e6fe83ea6b4a2b7f, [bmcam004] OK id=65046 trg 2 armed: capture + output per mode (next decision point); one action only: mode.media=still, still.message_cap=40 (duplicate: original answ
CON  2026-10-02T20:50:55Z 1790974258.210 e6fe83ea6b4a2b7f, [bmcam004] OK id=65046 trg 2 armed: capture + output per mode (next decision point); one action only: mode.media=still, still.message_cap=40 (duplicate: original answ
CON  2026-10-02T20:50:55Z 1790974258.269 e6fe83ea6b4a2b7f, [bmcam004] OK id=65046 trg 2 armed: capture + output per mode (next decision point); one action only: mode.media=still, still.message_cap=40 (duplicate: original answ
CELL 2026-10-02T20:50:56Z len=136 <WS v=1 a=cap cfg=2799c210 up=1833 tz=America/Los_Angeles lt=na ws=0000 we=0000 rk=1000x562 q=20 ct=40.8 sha=34a6222ea94c hn=bmcam004>

SUMMARY cell=1 con=11
----- 2026-10-02T20:52:06Z STATE M6.hdr.sensor.cap.after bmcam004
sha256 fb4cb0b8f1daf4c3 bm_command_state_v2.json 0L
sha256 38739b9717560b1f camera_config.yaml 143L
sha256 70c0b4912deb2928 config_journal.jsonl 208L
overlay {"camera.controls_enabled": true, "camera.image_processing.denoise": "cdn_hq", "camera.image_processing.enabled": true, "camera.image_processing.hdr": "sensor", "mode.run": "stay_on", "still.quality_ladder": [20, 15, 11, 9], "video.record.fps": 14, "video.send.duration_s": 15}
guarded {}
boot 35 hw {"remote": 1000036, "service": 100000032} trg null cache 256
STEP M6.hdr.sensor.cap ack=none action=stage=None files=2026-10-02T20:50:56Z_image_compressed.jpg.capture_metadata.json action.log 
===== 2026-10-02T20:52:08Z M6.hdr.single-exp SPOT-31593C  bm pub bmcam/cmd {"id":65047,"c":"set","kv":{"camera.image_processing.hdr":"single-exp"}} 1 1  (94 B line)
CON  2026-10-02T20:52:11Z bm pub bmcam/cmd {"id":65047,"c":"set","kv":{"camera.image_processing.hdr":"single-exp"}} 1 1
CON  2026-10-02T20:52:11Z 1790974333.976 e6fe83ea6b4a2b7f, [bmcam004] OK id=65047 camera.image_processing.hdr: sensor -> single-exp (next action) cfg=05793b3b
CON  2026-10-02T20:52:11Z 1790974334.027 e6fe83ea6b4a2b7f, [bmcam004] OK id=65047 camera.image_processing.hdr: sensor -> single-exp (next action) (duplicate: original answer) cfg=05793b3b
CON  2026-10-02T20:52:11Z 1790974334.078 e6fe83ea6b4a2b7f, [bmcam004] OK id=65047 camera.image_processing.hdr: sensor -> single-exp (next action) (duplicate: original answer) cfg=05793b3b
CON  2026-10-02T20:52:11Z 1790974334.136 e6fe83ea6b4a2b7f, [bmcam004] OK id=65047 camera.image_processing.hdr: sensor -> single-exp (next action) (duplicate: original answer) cfg=05793b3b
CON  2026-10-02T20:52:11Z 1790974334.187 e6fe83ea6b4a2b7f, [bmcam004] OK id=65047 camera.image_processing.hdr: sensor -> single-exp (next action) (duplicate: original answer) cfg=05793b3b
CON  2026-10-02T20:52:11Z 1790974334.238 e6fe83ea6b4a2b7f, [bmcam004] OK id=65047 camera.image_processing.hdr: sensor -> single-exp (next action) (duplicate: original answer) cfg=05793b3b
CON  2026-10-02T20:52:11Z 1790974334.289 e6fe83ea6b4a2b7f, [bmcam004] OK id=65047 camera.image_processing.hdr: sensor -> single-exp (next action) (duplicate: original answer) cfg=05793b3b
CON  2026-10-02T20:52:11Z 1790974334.335 e6fe83ea6b4a2b7f, [bmcam004] OK id=65047 camera.image_processing.hdr: sensor -> single-exp (next action) (duplicate: original answer) cfg=05793b3b
CON  2026-10-02T20:52:11Z 1790974334.386 e6fe83ea6b4a2b7f, [bmcam004] OK id=65047 camera.image_processing.hdr: sensor -> single-exp (next action) (duplicate: original answer) cfg=05793b3b
CON  2026-10-02T20:52:11Z 1790974334.437 e6fe83ea6b4a2b7f, [bmcam004] OK id=65047 camera.image_processing.hdr: sensor -> single-exp (next action) (duplicate: original answer) cfg=05793b3b
SUMMARY cell=0 con=11
----- 2026-10-02T20:52:19Z STATE M6.hdr.single-exp.cap.before bmcam004
sha256 e01d99191eace68b bm_command_state_v2.json 0L
sha256 38739b9717560b1f camera_config.yaml 143L
sha256 7e33724783e5fde2 config_journal.jsonl 209L
overlay {"camera.controls_enabled": true, "camera.image_processing.denoise": "cdn_hq", "camera.image_processing.enabled": true, "camera.image_processing.hdr": "single-exp", "mode.run": "stay_on", "still.quality_ladder": [20, 15, 11, 9], "video.record.fps": 14, "video.send.duration_s": 15}
guarded {}
boot 35 hw {"remote": 1000036, "service": 100000032} trg null cache 256
===== 2026-10-02T20:52:22Z M6.hdr.single-exp.cap.trg SPOT-31593C  bm pub bmcam/cmd {"id":65048,"c":"trg","v":2,"kv":{"med":"still","m":40}} 1 1  (78 B line)
CON  2026-10-02T20:52:23Z bm pub bmcam/cmd {"id":65048,"c":"trg","v":2,"kv":{"med":"still","m":40}} 1 1
CON  2026-10-02T20:52:23Z 1790974345.957 e6fe83ea6b4a2b7f, [bmcam004] OK id=65048 trg 2 armed: capture + output per mode (next decision point); one action only: mode.media=still, still.message_cap=40 cfg=05793b3b
CON  2026-10-02T20:52:23Z 1790974346.015 e6fe83ea6b4a2b7f, [bmcam004] OK id=65048 trg 2 armed: capture + output per mode (next decision point); one action only: mode.media=still, still.message_cap=40 (duplicate: original answ
CON  2026-10-02T20:52:23Z 1790974346.066 e6fe83ea6b4a2b7f, [bmcam004] OK id=65048 trg 2 armed: capture + output per mode (next decision point); one action only: mode.media=still, still.message_cap=40 (duplicate: original answ
CON  2026-10-02T20:52:23Z 1790974346.117 e6fe83ea6b4a2b7f, [bmcam004] OK id=65048 trg 2 armed: capture + output per mode (next decision point); one action only: mode.media=still, still.message_cap=40 (duplicate: original answ
CON  2026-10-02T20:52:23Z 1790974346.164 e6fe83ea6b4a2b7f, [bmcam004] OK id=65048 trg 2 armed: capture + output per mode (next decision point); one action only: mode.media=still, still.message_cap=40 (duplicate: original answ
CON  2026-10-02T20:52:23Z 1790974346.214 e6fe83ea6b4a2b7f, [bmcam004] OK id=65048 trg 2 armed: capture + output per mode (next decision point); one action only: mode.media=still, still.message_cap=40 (duplicate: original answ
CON  2026-10-02T20:52:23Z 1790974346.265 e6fe83ea6b4a2b7f, [bmcam004] OK id=65048 trg 2 armed: capture + output per mode (next decision point); one action only: mode.media=still, still.message_cap=40 (duplicate: original answ
CON  2026-10-02T20:52:23Z 1790974346.316 e6fe83ea6b4a2b7f, [bmcam004] OK id=65048 trg 2 armed: capture + output per mode (next decision point); one action only: mode.media=still, still.message_cap=40 (duplicate: original answ
CON  2026-10-02T20:52:23Z 1790974346.367 e6fe83ea6b4a2b7f, [bmcam004] OK id=65048 trg 2 armed: capture + output per mode (next decision point); one action only: mode.media=still, still.message_cap=40 (duplicate: original answ
CON  2026-10-02T20:52:23Z 1790974346.425 e6fe83ea6b4a2b7f, [bmcam004] OK id=65048 trg 2 armed: capture + output per mode (next decision point); one action only: mode.media=still, still.message_cap=40 (duplicate: original answ
SPOT 2026-10-02T20:52:26Z 2026-10-02T20:52:29.093Z [MS] [ERROR] Queue MS_Q_CELLULAR_ONLY is full.
SPOT 2026-10-02T20:52:26Z 2026-10-02T20:52:29.093Z [BM_TX] [ERROR] Unable to submit message to cell-only queue
SUMMARY cell=0 con=11
----- 2026-10-02T20:53:34Z STATE M6.hdr.single-exp.cap.after bmcam004
sha256 f28a22a4664b287e bm_command_state_v2.json 0L
sha256 38739b9717560b1f camera_config.yaml 143L
sha256 7e33724783e5fde2 config_journal.jsonl 209L
overlay {"camera.controls_enabled": true, "camera.image_processing.denoise": "cdn_hq", "camera.image_processing.enabled": true, "camera.image_processing.hdr": "single-exp", "mode.run": "stay_on", "still.quality_ladder": [20, 15, 11, 9], "video.record.fps": 14, "video.send.duration_s": 15}
guarded {}
boot 35 hw {"remote": 1000036, "service": 100000032} trg null cache 256
STEP M6.hdr.single-exp.cap ack=none action=stage=None files=2026-10-02T20:52:26Z_image_compressed.jpg.capture_metadata.json 2026-10-02T20:52:26Z_image_native_full.metadata.json action.log 
===== 2026-10-02T20:53:37Z M6.hdr.false SPOT-31593C  bm pub bmcam/cmd {"id":65049,"c":"set","kv":{"camera.image_processing.hdr":false}} 1 1  (87 B line)
CON  2026-10-02T20:53:39Z bm pub bmcam/cmd {"id":65049,"c":"set","kv":{"camera.image_processing.hdr":false}} 1 1
CON  2026-10-02T20:53:39Z 1790974422.378 e6fe83ea6b4a2b7f, [bmcam004] OK id=65049 camera.image_processing.hdr: single-exp -> false (next action) cfg=4deeb108
CON  2026-10-02T20:53:39Z 1790974422.441 e6fe83ea6b4a2b7f, [bmcam004] OK id=65049 camera.image_processing.hdr: single-exp -> false (next action) (duplicate: original answer) cfg=4deeb108
CON  2026-10-02T20:53:39Z 1790974422.492 e6fe83ea6b4a2b7f, [bmcam004] OK id=65049 camera.image_processing.hdr: single-exp -> false (next action) (duplicate: original answer) cfg=4deeb108
CON  2026-10-02T20:53:39Z 1790974422.539 e6fe83ea6b4a2b7f, [bmcam004] OK id=65049 camera.image_processing.hdr: single-exp -> false (next action) (duplicate: original answer) cfg=4deeb108
CON  2026-10-02T20:53:39Z 1790974422.589 e6fe83ea6b4a2b7f, [bmcam004] OK id=65049 camera.image_processing.hdr: single-exp -> false (next action) (duplicate: original answer) cfg=4deeb108
CON  2026-10-02T20:53:40Z 1790974422.640 e6fe83ea6b4a2b7f, [bmcam004] OK id=65049 camera.image_processing.hdr: single-exp -> false (next action) (duplicate: original answer) cfg=4deeb108
CON  2026-10-02T20:53:40Z 1790974422.691 e6fe83ea6b4a2b7f, [bmcam004] OK id=65049 camera.image_processing.hdr: single-exp -> false (next action) (duplicate: original answer) cfg=4deeb108
CON  2026-10-02T20:53:40Z 1790974422.742 e6fe83ea6b4a2b7f, [bmcam004] OK id=65049 camera.image_processing.hdr: single-exp -> false (next action) (duplicate: original answer) cfg=4deeb108
CON  2026-10-02T20:53:40Z 1790974422.960 e6fe83ea6b4a2b7f, [bmcam004] OK id=65049 camera.image_processing.hdr: single-exp -> false (next action) (duplicate: original answer) cfg=4deeb108
CON  2026-10-02T20:53:40Z 1790974423.011 e6fe83ea6b4a2b7f, [bmcam004] OK id=65049 camera.image_processing.hdr: single-exp -> false (next action) (duplicate: original answer) cfg=4deeb108
SUMMARY cell=0 con=11
----- 2026-10-02T20:53:48Z STATE M6.hdr.false.cap.before bmcam004
sha256 55ee462e21254c99 bm_command_state_v2.json 0L
sha256 38739b9717560b1f camera_config.yaml 143L
sha256 05a6a6679cb82043 config_journal.jsonl 210L
overlay {"camera.controls_enabled": true, "camera.image_processing.denoise": "cdn_hq", "camera.image_processing.enabled": true, "camera.image_processing.hdr": false, "mode.run": "stay_on", "still.quality_ladder": [20, 15, 11, 9], "video.record.fps": 14, "video.send.duration_s": 15}
guarded {}
boot 35 hw {"remote": 1000036, "service": 100000032} trg null cache 256
===== 2026-10-02T20:53:50Z M6.hdr.false.cap.trg SPOT-31593C  bm pub bmcam/cmd {"id":65050,"c":"trg","v":2,"kv":{"med":"still","m":40}} 1 1  (78 B line)
CON  2026-10-02T20:53:51Z bm pub bmcam/cmd {"id":65050,"c":"trg","v":2,"kv":{"med":"still","m":40}} 1 1
CON  2026-10-02T20:53:52Z 1790974434.718 e6fe83ea6b4a2b7f, [bmcam004] OK id=65050 trg 2 armed: capture + output per mode (next decision point); one action only: mode.media=still, still.message_cap=40 cfg=4deeb108
CON  2026-10-02T20:53:52Z 1790974434.781 e6fe83ea6b4a2b7f, [bmcam004] OK id=65050 trg 2 armed: capture + output per mode (next decision point); one action only: mode.media=still, still.message_cap=40 (duplicate: original answ
CON  2026-10-02T20:53:52Z 1790974434.828 e6fe83ea6b4a2b7f, [bmcam004] OK id=65050 trg 2 armed: capture + output per mode (next decision point); one action only: mode.media=still, still.message_cap=40 (duplicate: original answ
CON  2026-10-02T20:53:52Z 1790974434.878 e6fe83ea6b4a2b7f, [bmcam004] OK id=65050 trg 2 armed: capture + output per mode (next decision point); one action only: mode.media=still, still.message_cap=40 (duplicate: original answ
CON  2026-10-02T20:53:52Z 1790974434.929 e6fe83ea6b4a2b7f, [bmcam004] OK id=65050 trg 2 armed: capture + output per mode (next decision point); one action only: mode.media=still, still.message_cap=40 (duplicate: original answ
CON  2026-10-02T20:53:52Z 1790974434.980 e6fe83ea6b4a2b7f, [bmcam004] OK id=65050 trg 2 armed: capture + output per mode (next decision point); one action only: mode.media=still, still.message_cap=40 (duplicate: original answ
CON  2026-10-02T20:53:52Z 1790974435.031 e6fe83ea6b4a2b7f, [bmcam004] OK id=65050 trg 2 armed: capture + output per mode (next decision point); one action only: mode.media=still, still.message_cap=40 (duplicate: original answ
CON  2026-10-02T20:53:52Z 1790974435.089 e6fe83ea6b4a2b7f, [bmcam004] OK id=65050 trg 2 armed: capture + output per mode (next decision point); one action only: mode.media=still, still.message_cap=40 (duplicate: original answ
CON  2026-10-02T20:53:52Z 1790974435.140 e6fe83ea6b4a2b7f, [bmcam004] OK id=65050 trg 2 armed: capture + output per mode (next decision point); one action only: mode.media=still, still.message_cap=40 (duplicate: original answ
CON  2026-10-02T20:53:52Z 1790974435.191 e6fe83ea6b4a2b7f, [bmcam004] OK id=65050 trg 2 armed: capture + output per mode (next decision point); one action only: mode.media=still, still.message_cap=40 (duplicate: original answ
CELL 2026-10-02T20:53:56Z len=136 <WS v=1 a=cap cfg=4deeb108 up=2013 tz=America/Los_Angeles lt=na ws=0000 we=0000 rk=1000x562 q=20 ct=40.2 sha=34a6222ea94c hn=bmcam004>

SUMMARY cell=1 con=11
----- 2026-10-02T20:55:04Z STATE M6.hdr.false.cap.after bmcam004
sha256 b2a2c8a3bb7d09d7 bm_command_state_v2.json 0L
sha256 38739b9717560b1f camera_config.yaml 143L
sha256 05a6a6679cb82043 config_journal.jsonl 210L
overlay {"camera.controls_enabled": true, "camera.image_processing.denoise": "cdn_hq", "camera.image_processing.enabled": true, "camera.image_processing.hdr": false, "mode.run": "stay_on", "still.quality_ladder": [20, 15, 11, 9], "video.record.fps": 14, "video.send.duration_s": 15}
guarded {}
boot 35 hw {"remote": 1000036, "service": 100000032} trg null cache 256
STEP M6.hdr.false.cap ack=none action=stage=None files=2026-10-02T20:53:56Z_image_compressed.jpg.capture_metadata.json 2026-10-02T20:53:56Z_image_native_full.metadata.json action.log 
===== 2026-10-02T20:55:06Z M6.hdr.true SPOT-31593C  bm pub bmcam/cmd {"id":65051,"c":"set","kv":{"camera.image_processing.hdr":true}} 1 1  (86 B line)
CON  2026-10-02T20:55:08Z bm pub bmcam/cmd {"id":65051,"c":"set","kv":{"camera.image_processing.hdr":true}} 1 1
CON  2026-10-02T20:55:08Z 1790974511.542 e6fe83ea6b4a2b7f, [bmcam004] OK id=65051 camera.image_processing.hdr: false -> true (next action) cfg=e99d3ccd
CON  2026-10-02T20:55:08Z 1790974511.593 e6fe83ea6b4a2b7f, [bmcam004] OK id=65051 camera.image_processing.hdr: false -> true (next action) (duplicate: original answer) cfg=e99d3ccd
CON  2026-10-02T20:55:09Z 1790974511.644 e6fe83ea6b4a2b7f, [bmcam004] OK id=65051 camera.image_processing.hdr: false -> true (next action) (duplicate: original answer) cfg=e99d3ccd
CON  2026-10-02T20:55:09Z 1790974511.695 e6fe83ea6b4a2b7f, [bmcam004] OK id=65051 camera.image_processing.hdr: false -> true (next action) (duplicate: original answer) cfg=e99d3ccd
CON  2026-10-02T20:55:09Z 1790974511.753 e6fe83ea6b4a2b7f, [bmcam004] OK id=65051 camera.image_processing.hdr: false -> true (next action) (duplicate: original answer) cfg=e99d3ccd
CON  2026-10-02T20:55:09Z 1790974511.804 e6fe83ea6b4a2b7f, [bmcam004] OK id=65051 camera.image_processing.hdr: false -> true (next action) (duplicate: original answer) cfg=e99d3ccd
CON  2026-10-02T20:55:09Z 1790974511.855 e6fe83ea6b4a2b7f, [bmcam004] OK id=65051 camera.image_processing.hdr: false -> true (next action) (duplicate: original answer) cfg=e99d3ccd
CON  2026-10-02T20:55:09Z 1790974511.906 e6fe83ea6b4a2b7f, [bmcam004] OK id=65051 camera.image_processing.hdr: false -> true (next action) (duplicate: original answer) cfg=e99d3ccd
CON  2026-10-02T20:55:09Z 1790974511.957 e6fe83ea6b4a2b7f, [bmcam004] OK id=65051 camera.image_processing.hdr: false -> true (next action) (duplicate: original answer) cfg=e99d3ccd
CON  2026-10-02T20:55:09Z 1790974512.003 e6fe83ea6b4a2b7f, [bmcam004] OK id=65051 camera.image_processing.hdr: false -> true (next action) (duplicate: original answer) cfg=e99d3ccd
SUMMARY cell=0 con=11
----- 2026-10-02T20:55:17Z STATE M6.hdr.true.cap.before bmcam004
sha256 868c95e8bee1090b bm_command_state_v2.json 0L
sha256 38739b9717560b1f camera_config.yaml 143L
sha256 a681e1f9761d3457 config_journal.jsonl 211L
overlay {"camera.controls_enabled": true, "camera.image_processing.denoise": "cdn_hq", "camera.image_processing.enabled": true, "camera.image_processing.hdr": true, "mode.run": "stay_on", "still.quality_ladder": [20, 15, 11, 9], "video.record.fps": 14, "video.send.duration_s": 15}
guarded {}
boot 35 hw {"remote": 1000036, "service": 100000032} trg null cache 256
===== 2026-10-02T20:55:19Z M6.hdr.true.cap.trg SPOT-31593C  bm pub bmcam/cmd {"id":65052,"c":"trg","v":2,"kv":{"med":"still","m":40}} 1 1  (78 B line)
CON  2026-10-02T20:55:20Z bm pub bmcam/cmd {"id":65052,"c":"trg","v":2,"kv":{"med":"still","m":40}} 1 1
CON  2026-10-02T20:55:20Z 1790974523.523 e6fe83ea6b4a2b7f, [bmcam004] OK id=65052 trg 2 armed: capture + output per mode (next decision point); one action only: mode.media=still, still.message_cap=40 cfg=e99d3ccd
CON  2026-10-02T20:55:20Z 1790974523.574 e6fe83ea6b4a2b7f, [bmcam004] OK id=65052 trg 2 armed: capture + output per mode (next decision point); one action only: mode.media=still, still.message_cap=40 (duplicate: original answ
CON  2026-10-02T20:55:20Z 1790974523.625 e6fe83ea6b4a2b7f, [bmcam004] OK id=65052 trg 2 armed: capture + output per mode (next decision point); one action only: mode.media=still, still.message_cap=40 (duplicate: original answ
CON  2026-10-02T20:55:21Z 1790974523.671 e6fe83ea6b4a2b7f, [bmcam004] OK id=65052 trg 2 armed: capture + output per mode (next decision point); one action only: mode.media=still, still.message_cap=40 (duplicate: original answ
CON  2026-10-02T20:55:21Z 1790974523.734 e6fe83ea6b4a2b7f, [bmcam004] OK id=65052 trg 2 armed: capture + output per mode (next decision point); one action only: mode.media=still, still.message_cap=40 (duplicate: original answ
CON  2026-10-02T20:55:21Z 1790974523.785 e6fe83ea6b4a2b7f, [bmcam004] OK id=65052 trg 2 armed: capture + output per mode (next decision point); one action only: mode.media=still, still.message_cap=40 (duplicate: original answ
CON  2026-10-02T20:55:21Z 1790974523.832 e6fe83ea6b4a2b7f, [bmcam004] OK id=65052 trg 2 armed: capture + output per mode (next decision point); one action only: mode.media=still, still.message_cap=40 (duplicate: original answ
CON  2026-10-02T20:55:21Z 1790974523.882 e6fe83ea6b4a2b7f, [bmcam004] OK id=65052 trg 2 armed: capture + output per mode (next decision point); one action only: mode.media=still, still.message_cap=40 (duplicate: original answ
CON  2026-10-02T20:55:21Z 1790974523.933 e6fe83ea6b4a2b7f, [bmcam004] OK id=65052 trg 2 armed: capture + output per mode (next decision point); one action only: mode.media=still, still.message_cap=40 (duplicate: original answ
CON  2026-10-02T20:55:21Z 1790974523.984 e6fe83ea6b4a2b7f, [bmcam004] OK id=65052 trg 2 armed: capture + output per mode (next decision point); one action only: mode.media=still, still.message_cap=40 (duplicate: original answ
CELL 2026-10-02T20:55:26Z len=136 <WS v=1 a=cap cfg=e99d3ccd up=2103 tz=America/Los_Angeles lt=na ws=0000 we=0000 rk=1000x562 q=20 ct=39.7 sha=34a6222ea94c hn=bmcam004>

SUMMARY cell=1 con=11
----- 2026-10-02T20:56:44Z STATE M6.hdr.true.cap.after bmcam004
sha256 b62d86d29b51ea2a bm_command_state_v2.json 0L
sha256 38739b9717560b1f camera_config.yaml 143L
sha256 a681e1f9761d3457 config_journal.jsonl 211L
overlay {"camera.controls_enabled": true, "camera.image_processing.denoise": "cdn_hq", "camera.image_processing.enabled": true, "camera.image_processing.hdr": true, "mode.run": "stay_on", "still.quality_ladder": [20, 15, 11, 9], "video.record.fps": 14, "video.send.duration_s": 15}
guarded {}
boot 35 hw {"remote": 1000036, "service": 100000032} trg null cache 256
STEP M6.hdr.true.cap ack=none action=stage=None files=2026-10-02T20:55:26Z_image_compressed.jpg.capture_metadata.json 2026-10-02T20:55:26Z_image_native_full.metadata.json action.log 
===== 2026-10-02T20:56:47Z M6.reset.hdr SPOT-31593C  bm pub bmcam/cmd {"id":65053,"c":"reset","k":["camera.image_processing.hdr"]} 1 1  (82 B line)
CON  2026-10-02T20:56:49Z bm pub bmcam/cmd {"id":65053,"c":"reset","k":["camera.image_processing.hdr"]} 1 1
CON  2026-10-02T20:56:49Z 1790974612.191 e6fe83ea6b4a2b7f, [bmcam004] OK id=65053 reset camera.image_processing.hdr -> YAML cfg=54d904b7
CON  2026-10-02T20:56:49Z 1790974612.250 e6fe83ea6b4a2b7f, [bmcam004] OK id=65053 reset camera.image_processing.hdr -> YAML (duplicate: original answer) cfg=54d904b7
CON  2026-10-02T20:56:49Z 1790974612.300 e6fe83ea6b4a2b7f, [bmcam004] OK id=65053 reset camera.image_processing.hdr -> YAML (duplicate: original answer) cfg=54d904b7
CON  2026-10-02T20:56:49Z 1790974612.351 e6fe83ea6b4a2b7f, [bmcam004] OK id=65053 reset camera.image_processing.hdr -> YAML (duplicate: original answer) cfg=54d904b7
CON  2026-10-02T20:56:49Z 1790974612.402 e6fe83ea6b4a2b7f, [bmcam004] OK id=65053 reset camera.image_processing.hdr -> YAML (duplicate: original answer) cfg=54d904b7
CON  2026-10-02T20:56:49Z 1790974612.449 e6fe83ea6b4a2b7f, [bmcam004] OK id=65053 reset camera.image_processing.hdr -> YAML (duplicate: original answer) cfg=54d904b7
CON  2026-10-02T20:56:49Z 1790974612.500 e6fe83ea6b4a2b7f, [bmcam004] OK id=65053 reset camera.image_processing.hdr -> YAML (duplicate: original answer) cfg=54d904b7
CON  2026-10-02T20:56:49Z 1790974612.550 e6fe83ea6b4a2b7f, [bmcam004] OK id=65053 reset camera.image_processing.hdr -> YAML (duplicate: original answer) cfg=54d904b7
CON  2026-10-02T20:56:50Z 1790974612.769 e6fe83ea6b4a2b7f, [bmcam004] OK id=65053 reset camera.image_processing.hdr -> YAML (duplicate: original answer) cfg=54d904b7
CON  2026-10-02T20:56:50Z 1790974612.820 e6fe83ea6b4a2b7f, [bmcam004] OK id=65053 reset camera.image_processing.hdr -> YAML (duplicate: original answer) cfg=54d904b7
SUMMARY cell=0 con=11
===== 2026-10-02T20:56:57Z M6.IP5 SPOT-31593C  bm pub bmcam/cmd {"id":65054,"c":"set","kv":{"camera.image_processing.contrast":3}} 1 1  (88 B line)
CON  2026-10-02T20:56:58Z bm pub bmcam/cmd {"id":65054,"c":"set","kv":{"camera.image_processing.contrast":3}} 1 1
CON  2026-10-02T20:56:59Z 1790974621.718 e6fe83ea6b4a2b7f, [bmcam004] REJECTED id=65054 must be in 0.5..2.0 e=val k=camera.image_processing.contrast cfg=54d904b7
CON  2026-10-02T20:56:59Z 1790974621.777 e6fe83ea6b4a2b7f, [bmcam004] REJECTED id=65054 (duplicate: original answer) e=val k=camera.image_processing.contrast cfg=54d904b7
CON  2026-10-02T20:56:59Z 1790974621.828 e6fe83ea6b4a2b7f, [bmcam004] REJECTED id=65054 (duplicate: original answer) e=val k=camera.image_processing.contrast cfg=54d904b7
CON  2026-10-02T20:56:59Z 1790974621.878 e6fe83ea6b4a2b7f, [bmcam004] REJECTED id=65054 (duplicate: original answer) e=val k=camera.image_processing.contrast cfg=54d904b7
CON  2026-10-02T20:56:59Z 1790974621.929 e6fe83ea6b4a2b7f, [bmcam004] REJECTED id=65054 (duplicate: original answer) e=val k=camera.image_processing.contrast cfg=54d904b7
CON  2026-10-02T20:56:59Z 1790974621.976 e6fe83ea6b4a2b7f, [bmcam004] REJECTED id=65054 (duplicate: original answer) e=val k=camera.image_processing.contrast cfg=54d904b7
CON  2026-10-02T20:56:59Z 1790974622.027 e6fe83ea6b4a2b7f, [bmcam004] REJECTED id=65054 (duplicate: original answer) e=val k=camera.image_processing.contrast cfg=54d904b7
CON  2026-10-02T20:56:59Z 1790974622.078 e6fe83ea6b4a2b7f, [bmcam004] REJECTED id=65054 (duplicate: original answer) e=val k=camera.image_processing.contrast cfg=54d904b7
CON  2026-10-02T20:56:59Z 1790974622.128 e6fe83ea6b4a2b7f, [bmcam004] REJECTED id=65054 (duplicate: original answer) e=val k=camera.image_processing.contrast cfg=54d904b7
CON  2026-10-02T20:56:59Z 1790974622.179 e6fe83ea6b4a2b7f, [bmcam004] REJECTED id=65054 (duplicate: original answer) e=val k=camera.image_processing.contrast cfg=54d904b7
SUMMARY cell=0 con=11
===== 2026-10-02T20:57:07Z M6.IP5 SPOT-31593C  bm pub bmcam/cmd {"id":65055,"c":"set","kv":{"camera.image_processing.saturation":3}} 1 1  (90 B line)
CON  2026-10-02T20:57:08Z bm pub bmcam/cmd {"id":65055,"c":"set","kv":{"camera.image_processing.saturation":3}} 1 1
CON  2026-10-02T20:57:08Z 1790974631.128 e6fe83ea6b4a2b7f, [bmcam004] REJECTED id=65055 must be in 0.0..2.0 e=val k=camera.image_processing.saturation cfg=54d904b7
CON  2026-10-02T20:57:08Z 1790974631.179 e6fe83ea6b4a2b7f, [bmcam004] REJECTED id=65055 (duplicate: original answer) e=val k=camera.image_processing.saturation cfg=54d904b7
CON  2026-10-02T20:57:08Z 1790974631.226 e6fe83ea6b4a2b7f, [bmcam004] REJECTED id=65055 (duplicate: original answer) e=val k=camera.image_processing.saturation cfg=54d904b7
CON  2026-10-02T20:57:08Z 1790974631.277 e6fe83ea6b4a2b7f, [bmcam004] REJECTED id=65055 (duplicate: original answer) e=val k=camera.image_processing.saturation cfg=54d904b7
CON  2026-10-02T20:57:08Z 1790974631.328 e6fe83ea6b4a2b7f, [bmcam004] REJECTED id=65055 (duplicate: original answer) e=val k=camera.image_processing.saturation cfg=54d904b7
CON  2026-10-02T20:57:08Z 1790974631.378 e6fe83ea6b4a2b7f, [bmcam004] REJECTED id=65055 (duplicate: original answer) e=val k=camera.image_processing.saturation cfg=54d904b7
CON  2026-10-02T20:57:08Z 1790974631.429 e6fe83ea6b4a2b7f, [bmcam004] REJECTED id=65055 (duplicate: original answer) e=val k=camera.image_processing.saturation cfg=54d904b7
CON  2026-10-02T20:57:08Z 1790974631.476 e6fe83ea6b4a2b7f, [bmcam004] REJECTED id=65055 (duplicate: original answer) e=val k=camera.image_processing.saturation cfg=54d904b7
CON  2026-10-02T20:57:08Z 1790974631.539 e6fe83ea6b4a2b7f, [bmcam004] REJECTED id=65055 (duplicate: original answer) e=val k=camera.image_processing.saturation cfg=54d904b7
CON  2026-10-02T20:57:08Z 1790974631.585 e6fe83ea6b4a2b7f, [bmcam004] REJECTED id=65055 (duplicate: original answer) e=val k=camera.image_processing.saturation cfg=54d904b7
SUMMARY cell=0 con=11
===== 2026-10-02T20:57:16Z M6.IP5 SPOT-31593C  bm pub bmcam/cmd {"id":65056,"c":"set","kv":{"camera.image_processing.brightness":0.5}} 1 1  (92 B line)
CON  2026-10-02T20:57:17Z bm pub bmcam/cmd {"id":65056,"c":"set","kv":{"camera.image_processing.brightness":0.5}} 1 1
CON  2026-10-02T20:57:18Z 1790974640.503 e6fe83ea6b4a2b7f, [bmcam004] REJECTED id=65056 must be in -0.25..0.25 e=val k=camera.image_processing.brightness cfg=54d904b7
CON  2026-10-02T20:57:18Z 1790974640.566 e6fe83ea6b4a2b7f, [bmcam004] REJECTED id=65056 (duplicate: original answer) e=val k=camera.image_processing.brightness cfg=54d904b7
CON  2026-10-02T20:57:18Z 1790974640.617 e6fe83ea6b4a2b7f, [bmcam004] REJECTED id=65056 (duplicate: original answer) e=val k=camera.image_processing.brightness cfg=54d904b7
CON  2026-10-02T20:57:18Z 1790974640.664 e6fe83ea6b4a2b7f, [bmcam004] REJECTED id=65056 (duplicate: original answer) e=val k=camera.image_processing.brightness cfg=54d904b7
CON  2026-10-02T20:57:18Z 1790974640.714 e6fe83ea6b4a2b7f, [bmcam004] REJECTED id=65056 (duplicate: original answer) e=val k=camera.image_processing.brightness cfg=54d904b7
CON  2026-10-02T20:57:18Z 1790974640.765 e6fe83ea6b4a2b7f, [bmcam004] REJECTED id=65056 (duplicate: original answer) e=val k=camera.image_processing.brightness cfg=54d904b7
CON  2026-10-02T20:57:18Z 1790974640.816 e6fe83ea6b4a2b7f, [bmcam004] REJECTED id=65056 (duplicate: original answer) e=val k=camera.image_processing.brightness cfg=54d904b7
CON  2026-10-02T20:57:18Z 1790974640.867 e6fe83ea6b4a2b7f, [bmcam004] REJECTED id=65056 (duplicate: original answer) e=val k=camera.image_processing.brightness cfg=54d904b7
CON  2026-10-02T20:57:18Z 1790974641.085 e6fe83ea6b4a2b7f, [bmcam004] REJECTED id=65056 (duplicate: original answer) e=val k=camera.image_processing.brightness cfg=54d904b7
CON  2026-10-02T20:57:18Z 1790974641.136 e6fe83ea6b4a2b7f, [bmcam004] REJECTED id=65056 (duplicate: original answer) e=val k=camera.image_processing.brightness cfg=54d904b7
SUMMARY cell=0 con=11
===== 2026-10-02T20:57:26Z M6.IP5 SPOT-31593C  bm pub bmcam/cmd {"id":65057,"c":"set","kv":{"camera.image_processing.contrast":0.49}} 1 1  (91 B line)
CON  2026-10-02T20:57:27Z bm pub bmcam/cmd {"id":65057,"c":"set","kv":{"camera.image_processing.contrast":0.49}} 1 1
CON  2026-10-02T20:57:27Z 1790974650.273 e6fe83ea6b4a2b7f, [bmcam004] REJECTED id=65057 must be in 0.5..2.0 e=val k=camera.image_processing.contrast cfg=54d904b7
CON  2026-10-02T20:57:27Z 1790974650.324 e6fe83ea6b4a2b7f, [bmcam004] REJECTED id=65057 (duplicate: original answer) e=val k=camera.image_processing.contrast cfg=54d904b7
CON  2026-10-02T20:57:27Z 1790974650.375 e6fe83ea6b4a2b7f, [bmcam004] REJECTED id=65057 (duplicate: original answer) e=val k=camera.image_processing.contrast cfg=54d904b7
CON  2026-10-02T20:57:27Z 1790974650.421 e6fe83ea6b4a2b7f, [bmcam004] REJECTED id=65057 (duplicate: original answer) e=val k=camera.image_processing.contrast cfg=54d904b7
CON  2026-10-02T20:57:27Z 1790974650.472 e6fe83ea6b4a2b7f, [bmcam004] REJECTED id=65057 (duplicate: original answer) e=val k=camera.image_processing.contrast cfg=54d904b7
CON  2026-10-02T20:57:27Z 1790974650.523 e6fe83ea6b4a2b7f, [bmcam004] REJECTED id=65057 (duplicate: original answer) e=val k=camera.image_processing.contrast cfg=54d904b7
CON  2026-10-02T20:57:28Z 1790974650.574 e6fe83ea6b4a2b7f, [bmcam004] REJECTED id=65057 (duplicate: original answer) e=val k=camera.image_processing.contrast cfg=54d904b7
CON  2026-10-02T20:57:28Z 1790974650.625 e6fe83ea6b4a2b7f, [bmcam004] REJECTED id=65057 (duplicate: original answer) e=val k=camera.image_processing.contrast cfg=54d904b7
CON  2026-10-02T20:57:28Z 1790974650.683 e6fe83ea6b4a2b7f, [bmcam004] REJECTED id=65057 (duplicate: original answer) e=val k=camera.image_processing.contrast cfg=54d904b7
CON  2026-10-02T20:57:28Z 1790974650.734 e6fe83ea6b4a2b7f, [bmcam004] REJECTED id=65057 (duplicate: original answer) e=val k=camera.image_processing.contrast cfg=54d904b7
SUMMARY cell=0 con=11
===== 2026-10-02T20:57:35Z M6.IP5 SPOT-31593C  bm pub bmcam/cmd {"id":65058,"c":"set","kv":{"camera.image_processing.saturation":2.01}} 1 1  (93 B line)
CON  2026-10-02T20:57:36Z bm pub bmcam/cmd {"id":65058,"c":"set","kv":{"camera.image_processing.saturation":2.01}} 1 1
CON  2026-10-02T20:57:36Z 1790974659.472 e6fe83ea6b4a2b7f, [bmcam004] REJECTED id=65058 must be in 0.0..2.0 e=val k=camera.image_processing.saturation cfg=54d904b7
CON  2026-10-02T20:57:36Z 1790974659.523 e6fe83ea6b4a2b7f, [bmcam004] REJECTED id=65058 (duplicate: original answer) e=val k=camera.image_processing.saturation cfg=54d904b7
CON  2026-10-02T20:57:36Z 1790974659.574 e6fe83ea6b4a2b7f, [bmcam004] REJECTED id=65058 (duplicate: original answer) e=val k=camera.image_processing.saturation cfg=54d904b7
CON  2026-10-02T20:57:37Z 1790974659.621 e6fe83ea6b4a2b7f, [bmcam004] REJECTED id=65058 (duplicate: original answer) e=val k=camera.image_processing.saturation cfg=54d904b7
CON  2026-10-02T20:57:37Z 1790974659.671 e6fe83ea6b4a2b7f, [bmcam004] REJECTED id=65058 (duplicate: original answer) e=val k=camera.image_processing.saturation cfg=54d904b7
CON  2026-10-02T20:57:37Z 1790974659.722 e6fe83ea6b4a2b7f, [bmcam004] REJECTED id=65058 (duplicate: original answer) e=val k=camera.image_processing.saturation cfg=54d904b7
CON  2026-10-02T20:57:37Z 1790974659.773 e6fe83ea6b4a2b7f, [bmcam004] REJECTED id=65058 (duplicate: original answer) e=val k=camera.image_processing.saturation cfg=54d904b7
CON  2026-10-02T20:57:37Z 1790974659.832 e6fe83ea6b4a2b7f, [bmcam004] REJECTED id=65058 (duplicate: original answer) e=val k=camera.image_processing.saturation cfg=54d904b7
CON  2026-10-02T20:57:37Z 1790974659.882 e6fe83ea6b4a2b7f, [bmcam004] REJECTED id=65058 (duplicate: original answer) e=val k=camera.image_processing.saturation cfg=54d904b7
CON  2026-10-02T20:57:37Z 1790974659.933 e6fe83ea6b4a2b7f, [bmcam004] REJECTED id=65058 (duplicate: original answer) e=val k=camera.image_processing.saturation cfg=54d904b7
SUMMARY cell=0 con=11
===== 2026-10-02T20:57:45Z M6.IP5 SPOT-31593C  bm pub bmcam/cmd {"id":65059,"c":"set","kv":{"camera.image_processing.brightness":-0.26}} 1 1  (94 B line)
CON  2026-10-02T20:57:46Z bm pub bmcam/cmd {"id":65059,"c":"set","kv":{"camera.image_processing.brightness":-0.26}} 1 1
CON  2026-10-02T20:57:46Z 1790974669.261 e6fe83ea6b4a2b7f, [bmcam004] REJECTED id=65059 must be in -0.25..0.25 e=val k=camera.image_processing.brightness cfg=54d904b7
CON  2026-10-02T20:57:46Z 1790974669.308 e6fe83ea6b4a2b7f, [bmcam004] REJECTED id=65059 (duplicate: original answer) e=val k=camera.image_processing.brightness cfg=54d904b7
CON  2026-10-02T20:57:46Z 1790974669.359 e6fe83ea6b4a2b7f, [bmcam004] REJECTED id=65059 (duplicate: original answer) e=val k=camera.image_processing.brightness cfg=54d904b7
CON  2026-10-02T20:57:46Z 1790974669.410 e6fe83ea6b4a2b7f, [bmcam004] REJECTED id=65059 (duplicate: original answer) e=val k=camera.image_processing.brightness cfg=54d904b7
CON  2026-10-02T20:57:46Z 1790974669.468 e6fe83ea6b4a2b7f, [bmcam004] REJECTED id=65059 (duplicate: original answer) e=val k=camera.image_processing.brightness cfg=54d904b7
CON  2026-10-02T20:57:46Z 1790974669.519 e6fe83ea6b4a2b7f, [bmcam004] REJECTED id=65059 (duplicate: original answer) e=val k=camera.image_processing.brightness cfg=54d904b7
CON  2026-10-02T20:57:46Z 1790974669.570 e6fe83ea6b4a2b7f, [bmcam004] REJECTED id=65059 (duplicate: original answer) e=val k=camera.image_processing.brightness cfg=54d904b7
CON  2026-10-02T20:57:47Z 1790974669.621 e6fe83ea6b4a2b7f, [bmcam004] REJECTED id=65059 (duplicate: original answer) e=val k=camera.image_processing.brightness cfg=54d904b7
CON  2026-10-02T20:57:47Z 1790974669.671 e6fe83ea6b4a2b7f, [bmcam004] REJECTED id=65059 (duplicate: original answer) e=val k=camera.image_processing.brightness cfg=54d904b7
CON  2026-10-02T20:57:47Z 1790974669.718 e6fe83ea6b4a2b7f, [bmcam004] REJECTED id=65059 (duplicate: original answer) e=val k=camera.image_processing.brightness cfg=54d904b7
SUMMARY cell=0 con=11
===== 2026-10-02T20:57:54Z M6.IP5 SPOT-31593C  bm pub bmcam/cmd {"id":65060,"c":"set","kv":{"camera.image_processing.sharpness":16.01}} 1 1  (93 B line)
CON  2026-10-02T20:57:55Z bm pub bmcam/cmd {"id":65060,"c":"set","kv":{"camera.image_processing.sharpness":16.01}} 1 1
CON  2026-10-02T20:57:55Z 1790974678.238 e6fe83ea6b4a2b7f, [bmcam004] REJECTED id=65060 must be in 0.0..16.0 e=val k=camera.image_processing.sharpness cfg=54d904b7
CON  2026-10-02T20:57:55Z 1790974678.300 e6fe83ea6b4a2b7f, [bmcam004] REJECTED id=65060 (duplicate: original answer) e=val k=camera.image_processing.sharpness cfg=54d904b7
CON  2026-10-02T20:57:55Z 1790974678.351 e6fe83ea6b4a2b7f, [bmcam004] REJECTED id=65060 (duplicate: original answer) e=val k=camera.image_processing.sharpness cfg=54d904b7
CON  2026-10-02T20:57:55Z 1790974678.398 e6fe83ea6b4a2b7f, [bmcam004] REJECTED id=65060 (duplicate: original answer) e=val k=camera.image_processing.sharpness cfg=54d904b7
CON  2026-10-02T20:57:55Z 1790974678.449 e6fe83ea6b4a2b7f, [bmcam004] REJECTED id=65060 (duplicate: original answer) e=val k=camera.image_processing.sharpness cfg=54d904b7
CON  2026-10-02T20:57:55Z 1790974678.500 e6fe83ea6b4a2b7f, [bmcam004] REJECTED id=65060 (duplicate: original answer) e=val k=camera.image_processing.sharpness cfg=54d904b7
CON  2026-10-02T20:57:55Z 1790974678.550 e6fe83ea6b4a2b7f, [bmcam004] REJECTED id=65060 (duplicate: original answer) e=val k=camera.image_processing.sharpness cfg=54d904b7
CON  2026-10-02T20:57:55Z 1790974678.625 e6fe83ea6b4a2b7f, [bmcam004] REJECTED id=65060 (duplicate: original answer) e=val k=camera.image_processing.sharpness cfg=54d904b7
CON  2026-10-02T20:57:56Z 1790974678.816 e6fe83ea6b4a2b7f, [bmcam004] REJECTED id=65060 (duplicate: original answer) e=val k=camera.image_processing.sharpness cfg=54d904b7
CON  2026-10-02T20:57:56Z 1790974678.867 e6fe83ea6b4a2b7f, [bmcam004] REJECTED id=65060 (duplicate: original answer) e=val k=camera.image_processing.sharpness cfg=54d904b7
SUMMARY cell=0 con=11
===== 2026-10-02T20:58:03Z M6.IP5 SPOT-31593C  bm pub bmcam/cmd {"id":65061,"c":"set","kv":{"video.record.encoder.sharpness":1.0}} 1 1  (88 B line)
CON  2026-10-02T20:58:04Z bm pub bmcam/cmd {"id":65061,"c":"set","kv":{"video.record.encoder.sharpness":1.0}} 1 1
CON  2026-10-02T20:58:05Z 1790974687.800 e6fe83ea6b4a2b7f, [bmcam004] REJECTED id=65061 'video.record.encoder.sharpness' is not a setting e=key k=video.record.encoder.sharpness cfg=54d904b7
CON  2026-10-02T20:58:05Z 1790974687.847 e6fe83ea6b4a2b7f, [bmcam004] REJECTED id=65061 (duplicate: original answer) e=key k=video.record.encoder.sharpness cfg=54d904b7
CON  2026-10-02T20:58:05Z 1790974687.898 e6fe83ea6b4a2b7f, [bmcam004] REJECTED id=65061 (duplicate: original answer) e=key k=video.record.encoder.sharpness cfg=54d904b7
CON  2026-10-02T20:58:05Z 1790974687.949 e6fe83ea6b4a2b7f, [bmcam004] REJECTED id=65061 (duplicate: original answer) e=key k=video.record.encoder.sharpness cfg=54d904b7
CON  2026-10-02T20:58:05Z 1790974688.000 e6fe83ea6b4a2b7f, [bmcam004] REJECTED id=65061 (duplicate: original answer) e=key k=video.record.encoder.sharpness cfg=54d904b7
CON  2026-10-02T20:58:05Z 1790974688.046 e6fe83ea6b4a2b7f, [bmcam004] REJECTED id=65061 (duplicate: original answer) e=key k=video.record.encoder.sharpness cfg=54d904b7
CON  2026-10-02T20:58:05Z 1790974688.097 e6fe83ea6b4a2b7f, [bmcam004] REJECTED id=65061 (duplicate: original answer) e=key k=video.record.encoder.sharpness cfg=54d904b7
CON  2026-10-02T20:58:05Z 1790974688.156 e6fe83ea6b4a2b7f, [bmcam004] REJECTED id=65061 (duplicate: original answer) e=key k=video.record.encoder.sharpness cfg=54d904b7
CON  2026-10-02T20:58:05Z 1790974688.207 e6fe83ea6b4a2b7f, [bmcam004] REJECTED id=65061 (duplicate: original answer) e=key k=video.record.encoder.sharpness cfg=54d904b7
CON  2026-10-02T20:58:05Z 1790974688.257 e6fe83ea6b4a2b7f, [bmcam004] REJECTED id=65061 (duplicate: original answer) e=key k=video.record.encoder.sharpness cfg=54d904b7
SUMMARY cell=0 con=11
----- 2026-10-02T20:58:32Z STATE M5.clip2.before bmcam004
sha256 f1b02dafa3f8f975 bm_command_state_v2.json 0L
sha256 38739b9717560b1f camera_config.yaml 143L
sha256 c95c1f6b10bbcd3e config_journal.jsonl 212L
overlay {"camera.controls_enabled": true, "camera.image_processing.denoise": "cdn_hq", "camera.image_processing.enabled": true, "mode.run": "stay_on", "still.quality_ladder": [20, 15, 11, 9], "video.record.fps": 14, "video.send.duration_s": 15}
guarded {}
boot 35 hw {"remote": 1000036, "service": 100000032} trg null cache 256
===== 2026-10-02T20:58:33Z M5.clip2.trg SPOT-31593C  bm pub bmcam/cmd {"id":65070,"c":"trg","v":2,"kv":{"m":80}} 1 1  (64 B line)
CON  2026-10-02T20:58:36Z bm pub bmcam/cmd {"id":65070,"c":"trg","v":2,"kv":{"m":80}} 1 1
CON  2026-10-02T20:58:36Z 1790974719.203 e6fe83ea6b4a2b7f, [bmcam004] OK id=65070 trg 2 armed: capture + output per mode (next decision point); one action only: video.send.message_cap=80 cfg=54d904b7
CON  2026-10-02T20:58:36Z 1790974719.261 e6fe83ea6b4a2b7f, [bmcam004] OK id=65070 trg 2 armed: capture + output per mode (next decision point); one action only: video.send.message_cap=80 (duplicate: original answer) cfg=54d90
CON  2026-10-02T20:58:36Z 1790974719.312 e6fe83ea6b4a2b7f, [bmcam004] OK id=65070 trg 2 armed: capture + output per mode (next decision point); one action only: video.send.message_cap=80 (duplicate: original answer) cfg=54d90
CON  2026-10-02T20:58:36Z 1790974719.363 e6fe83ea6b4a2b7f, [bmcam004] OK id=65070 trg 2 armed: capture + output per mode (next decision point); one action only: video.send.message_cap=80 (duplicate: original answer) cfg=54d90
CON  2026-10-02T20:58:36Z 1790974719.410 e6fe83ea6b4a2b7f, [bmcam004] OK id=65070 trg 2 armed: capture + output per mode (next decision point); one action only: video.send.message_cap=80 (duplicate: original answer) cfg=54d90
CON  2026-10-02T20:58:36Z 1790974719.460 e6fe83ea6b4a2b7f, [bmcam004] OK id=65070 trg 2 armed: capture + output per mode (next decision point); one action only: video.send.message_cap=80 (duplicate: original answer) cfg=54d90
CON  2026-10-02T20:58:36Z 1790974719.511 e6fe83ea6b4a2b7f, [bmcam004] OK id=65070 trg 2 armed: capture + output per mode (next decision point); one action only: video.send.message_cap=80 (duplicate: original answer) cfg=54d90
CON  2026-10-02T20:58:36Z 1790974719.562 e6fe83ea6b4a2b7f, [bmcam004] OK id=65070 trg 2 armed: capture + output per mode (next decision point); one action only: video.send.message_cap=80 (duplicate: original answer) cfg=54d90
CON  2026-10-02T20:58:37Z 1790974719.613 e6fe83ea6b4a2b7f, [bmcam004] OK id=65070 trg 2 armed: capture + output per mode (next decision point); one action only: video.send.message_cap=80 (duplicate: original answer) cfg=54d90
CON  2026-10-02T20:58:37Z 1790974719.671 e6fe83ea6b4a2b7f, [bmcam004] OK id=65070 trg 2 armed: capture + output per mode (next decision point); one action only: video.send.message_cap=80 (duplicate: original answer) cfg=54d90
SUMMARY cell=0 con=11
----- 2026-10-02T21:02:02Z STATE M5.clip2.after bmcam004
sha256 f589e762088a6025 bm_command_state_v2.json 0L
sha256 38739b9717560b1f camera_config.yaml 143L
sha256 c95c1f6b10bbcd3e config_journal.jsonl 212L
overlay {"camera.controls_enabled": true, "camera.image_processing.denoise": "cdn_hq", "camera.image_processing.enabled": true, "mode.run": "stay_on", "still.quality_ladder": [20, 15, 11, 9], "video.record.fps": 14, "video.send.duration_s": 15}
guarded {}
boot 35 hw {"remote": 1000036, "service": 100000032} trg null cache 256
STEP M5.clip2 ack=none action=stage=done files=action.log 
===== 2026-10-02T21:02:33Z L1b.BMCAM_004.1000037 SPOT-31593C  bm pub bmcam/cmd {"id":1000037,"c":"get","k":["uplink","video.ui"]} 1 1  (72 B line)
CON  2026-10-02T21:02:34Z bm pub bmcam/cmd {"id":1000037,"c":"get","k":["uplink","video.ui"]} 1 1
CELL 2026-10-02T21:02:35Z len=37 {"id":1000037,"ok":1,"h":"54d904b7"}
CON  2026-10-02T21:02:35Z Message: 1790974957.671 e6fe83ea6b4a2b7f, [bmcam004] OK id=1000037 get uplink, video.ui: 14 key(s) cfg=54d904b7
CON  2026-10-02T21:02:35Z 1790974957.710 e6fe83ea6b4a2b7f,   uplink.uart.port = /dev/ttyAMA0 (yaml)
CON  2026-10-02T21:02:35Z 1790974957.761 e6fe83ea6b4a2b7f,   uplink.uart.baudrate = 115200 (yaml)
CON  2026-10-02T21:02:35Z 1790974957.812 e6fe83ea6b4a2b7f,   uplink.network_type = 2 (yaml)
CON  2026-10-02T21:02:35Z 1790974957.863 e6fe83ea6b4a2b7f,   uplink.chunk_chars = 384 (yaml)
CON  2026-10-02T21:02:35Z 1790974957.921 e6fe83ea6b4a2b7f,   uplink.msg_interval_s = 1.3 (yaml)
CON  2026-10-02T21:02:35Z 1790974957.972 e6fe83ea6b4a2b7f,   uplink.lane.enabled = false (yaml)
CON  2026-10-02T21:02:35Z 1790974958.023 e6fe83ea6b4a2b7f,   uplink.lane.grid_s = 300.0 (yaml)
CON  2026-10-02T21:02:35Z 1790974958.074 e6fe83ea6b4a2b7f,   uplink.lane.pre_guard_s = 20.0 (yaml)
CON  2026-10-02T21:02:35Z 1790974958.121 e6fe83ea6b4a2b7f,   uplink.lane.post_guard_s = 30.0 (yaml)
CON  2026-10-02T21:02:35Z 1790974958.171 e6fe83ea6b4a2b7f,   uplink.lane.max_wait_s = 300.0 (yaml)
CON  2026-10-02T21:02:35Z 1790974958.222 e6fe83ea6b4a2b7f,   uplink.media_key.enabled = true (yaml)
CON  2026-10-02T21:02:35Z 1790974958.273 e6fe83ea6b4a2b7f,   uplink.media_key.retain_days = 14.0 (yaml)
CON  2026-10-02T21:02:35Z 1790974958.320 e6fe83ea6b4a2b7f,   video.ui.enabled = true (yaml)
CON  2026-10-02T21:02:35Z 1790974958.371 e6fe83ea6b4a2b7f,   video.ui.port = 8080 (yaml)
CON  2026-10-02T21:02:35Z 1790974958.433 e6fe83ea6b4a2b7f, [bmcam004] OK id=1000037 get uplink, video.ui: 14 key(s) (duplicate: original answer) cfg=54d904b7
CON  2026-10-02T21:02:35Z 1790974958.484 e6fe83ea6b4a2b7f, [bmcam004] OK id=1000037 get uplink, video.ui: 14 key(s) (duplicate: original answer) cfg=54d904b7
CON  2026-10-02T21:02:35Z 1790974958.531 e6fe83ea6b4a2b7f, [bmcam004] OK id=1000037 get uplink, video.ui: 14 key(s) (duplicate: original answer) cfg=54d904b7
CON  2026-10-02T21:02:36Z 1790974958.605 e6fe83ea6b4a2b7f, [bmcam004] OK id=1000037 get uplink, video.ui: 14 key(s) (duplicate: original answer) cfg=54d904b7
CON  2026-10-02T21:02:36Z 1790974958.632 e6fe83ea6b4a2b7f, [bmcam004] OK id=1000037 get uplink, video.ui: 14 key(s) (duplicate: original answer) cfg=54d904b7
CON  2026-10-02T21:02:36Z 1790974958.691 e6fe83ea6b4a2b7f, [bmcam004] OK id=1000037 get uplink, video.ui: 14 key(s) (duplicate: original answer) cfg=54d904b7
CON  2026-10-02T21:02:36Z 1790974958.742 e6fe83ea6b4a2b7f, [bmcam004] OK id=1000037 get uplink, video.ui: 14 key(s) (duplicate: original answer) cfg=54d904b7
CON  2026-10-02T21:02:36Z 1790974958.789 e6fe83ea6b4a2b7f, [bmcam004] OK id=1000037 get uplink, video.ui: 14 key(s) (duplicate: original answer) cfg=54d904b7
CON  2026-10-02T21:02:36Z 1790974958.839 e6fe83ea6b4a2b7f, [bmcam004] OK id=1000037 get uplink, video.ui: 14 key(s) (duplicate: original answer) cfg=54d904b7
CELL 2026-10-02T21:02:36Z len=261 <CF v=1 h=54d904b7 n=1/2 uplink.uart.port=/dev/ttyAMA0 uplink.uart.baudrate=115200 uplink.network_type=2 uplink.chunk_chars=384 uplink.msg_interval_s=1.3 uplink.lane.enabled=0 uplink.lane.grid_s=300.0 uplink.lane.pre_guard_s=20.0 uplink.lane.post_guard_s=30.0>
CELL 2026-10-02T21:02:37Z len=154 <CF v=1 h=54d904b7 n=2/2 uplink.lane.max_wait_s=300.0 uplink.media_key.enabled=1 uplink.media_key.retain_days=14.0 video.ui.enabled=1 video.ui.port=8080>
SUMMARY cell=3 con=25
===== 2026-10-02T21:03:49Z L1b.BMCAM_004.1000038 SPOT-31593C  bm pub bmcam/cmd {"id":1000038,"c":"get","k":["video.record","video.logger"]} 1 1  (82 B line)

SUMMARY cell=0 con=0
===== 2026-10-02T21:05:02Z L1b.BMCAM_004.1000039 SPOT-31593C  bm pub bmcam/cmd {"id":1000039,"c":"get","k":["camera.image_processing","mode"]} 1 1  (85 B line)

SUMMARY cell=0 con=0
===== 2026-10-02T21:06:15Z L1b.BMCAM_004.1000040 SPOT-31593C  bm pub bmcam/cmd {"id":1000040,"c":"get","k":["commands","camera.focus"]} 1 1  (78 B line)

SUMMARY cell=0 con=0
===== 2026-10-02T21:07:28Z L1b.BMCAM_004.1000041 SPOT-31593C  bm pub bmcam/cmd {"id":1000041,"c":"get","k":["time","schedule"]} 1 1  (70 B line)
CON  2026-10-02T21:07:30Z bm pub bmcam/cmd {"id":1000041,"c":"get","k":["time","schedule"]} 1 1
CELL 2026-10-02T21:07:30Z len=37 {"id":1000041,"ok":1,"h":"54d904b7"}
CON  2026-10-02T21:07:30Z Message: 1790975253.609 e6fe83ea6b4a2b7f, [bmcam004] OK id=1000041 get time, schedule: 11 key(s) cfg=54d904b7
CON  2026-10-02T21:07:31Z 1790975253.648 e6fe83ea6b4a2b7f,   time.source = spotter_utc (yaml)
CON  2026-10-02T21:07:31Z 1790975253.699 e6fe83ea6b4a2b7f,   time.set_system_clock = true (yaml)
CON  2026-10-02T21:07:31Z 1790975253.746 e6fe83ea6b4a2b7f,   time.timeout_s = 60 (yaml)
CON  2026-10-02T21:07:31Z 1790975253.796 e6fe83ea6b4a2b7f,   time.allow_system_fallback = true (yaml)
CON  2026-10-02T21:07:31Z 1790975253.847 e6fe83ea6b4a2b7f,   time.rtc.hwclock_path = /usr/sbin/hwclock (yaml)
CON  2026-10-02T21:07:31Z 1790975253.898 e6fe83ea6b4a2b7f,   time.rtc.set_system_clock = true (yaml)
CON  2026-10-02T21:07:31Z 1790975253.949 e6fe83ea6b4a2b7f,   time.rtc.plausible_after_utc = 2026-01-01T00:00:00+00:00 (yaml)
CON  2026-10-02T21:07:31Z 1790975254.000 e6fe83ea6b4a2b7f,   schedule.timezone = America/Los_Angeles (yaml)
CON  2026-10-02T21:07:31Z 1790975254.046 e6fe83ea6b4a2b7f,   schedule.window.enabled = true (yaml)
CON  2026-10-02T21:07:31Z 1790975254.097 e6fe83ea6b4a2b7f,   schedule.window.start = 00:00 (yaml)
CON  2026-10-02T21:07:31Z 1790975254.148 e6fe83ea6b4a2b7f,   schedule.window.end = 00:00 (yaml)
CON  2026-10-02T21:07:31Z 1790975254.207 e6fe83ea6b4a2b7f, [bmcam004] OK id=1000041 get time, schedule: 11 key(s) (duplicate: original answer) cfg=54d904b7
CON  2026-10-02T21:07:31Z 1790975254.257 e6fe83ea6b4a2b7f, [bmcam004] OK id=1000041 get time, schedule: 11 key(s) (duplicate: original answer) cfg=54d904b7
CON  2026-10-02T21:07:31Z 1790975254.308 e6fe83ea6b4a2b7f, [bmcam004] OK id=1000041 get time, schedule: 11 key(s) (duplicate: original answer) cfg=54d904b7
CON  2026-10-02T21:07:31Z 1790975254.359 e6fe83ea6b4a2b7f, [bmcam004] OK id=1000041 get time, schedule: 11 key(s) (duplicate: original answer) cfg=54d904b7
CON  2026-10-02T21:07:31Z 1790975254.410 e6fe83ea6b4a2b7f, [bmcam004] OK id=1000041 get time, schedule: 11 key(s) (duplicate: original answer) cfg=54d904b7
CON  2026-10-02T21:07:31Z 1790975254.457 e6fe83ea6b4a2b7f, [bmcam004] OK id=1000041 get time, schedule: 11 key(s) (duplicate: original answer) cfg=54d904b7
CELL 2026-10-02T21:07:32Z len=244 <CF v=1 h=54d904b7 n=1/2 time.source=spotter_utc time.set_system_clock=1 time.timeout_s=60 time.allow_system_fallback=1 time.rtc.hwclock_path=/usr/sbin/hwclock time.rtc.set_system_clock=1 time.rtc.plausible_after_utc=2026-01-01T00:00:00+00:00>
CON  2026-10-02T21:07:32Z Message: 1790975254.726 e6fe83ea6b4a2b7f, [bmcam004] OK id=1000041 get time, schedule: 11 key(s) (duplicate: original answer) cfg=54d904b7
CON  2026-10-02T21:07:32Z 1790975254.750 e6fe83ea6b4a2b7f, [bmcam004] OK id=1000041 get time, schedule: 11 key(s) (duplicate: original answer) cfg=54d904b7
CON  2026-10-02T21:07:32Z 1790975254.796 e6fe83ea6b4a2b7f, [bmcam004] OK id=1000041 get time, schedule: 11 key(s) (duplicate: original answer) cfg=54d904b7
CELL 2026-10-02T21:07:33Z len=144 <CF v=1 h=54d904b7 n=2/2 schedule.timezone=America/Los_Angeles schedule.window.enabled=1 schedule.window.start=00:00 schedule.window.end=00:00>
SUMMARY cell=3 con=22
===== 2026-10-02T21:08:45Z L1b.BMCAM_004.1000042 SPOT-31593C  bm pub bmcam/cmd {"id":1000042,"c":"get","k":["video.send","still"]} 1 1  (73 B line)
CON  2026-10-02T21:08:47Z bm pub bmcam/cmd {"id":1000042,"c":"get","k":["video.send","still"]} 1 1
CELL 2026-10-02T21:08:48Z len=37 {"id":1000042,"ok":1,"h":"54d904b7"}
CON  2026-10-02T21:08:48Z Message: 1790975330.664 e6fe83ea6b4a2b7f, [bmcam004] OK id=1000042 get video.send, still: 14 key(s) cfg=54d904b7
CON  2026-10-02T21:08:48Z 1790975330.703 e6fe83ea6b4a2b7f,   video.send.duration_s = 15 (cmd 1000036)
CON  2026-10-02T21:08:48Z 1790975330.753 e6fe83ea6b4a2b7f,   video.send.lead_in_s = 2.0 (yaml)
CON  2026-10-02T21:08:48Z 1790975330.804 e6fe83ea6b4a2b7f,   video.send.fps = 10 (yaml)
CON  2026-10-02T21:08:48Z 1790975330.855 e6fe83ea6b4a2b7f,   video.send.message_cap = 190 (yaml)
CON  2026-10-02T21:08:48Z 1790975330.902 e6fe83ea6b4a2b7f,   video.send.keyframe_repeat_max = 30 (yaml)
CON  2026-10-02T21:08:48Z 1790975330.953 e6fe83ea6b4a2b7f,   video.send.size = 480x270 (yaml)
CON  2026-10-02T21:08:48Z 1790975331.003 e6fe83ea6b4a2b7f,   video.send.x264_preset = medium (yaml)
CON  2026-10-02T21:08:48Z 1790975331.054 e6fe83ea6b4a2b7f,   video.send.budget_min = 8 (yaml)
CON  2026-10-02T21:08:48Z 1790975331.105 e6fe83ea6b4a2b7f,   still.crop = 1504,846,1600,900 (yaml)
CON  2026-10-02T21:08:48Z 1790975331.152 e6fe83ea6b4a2b7f,   still.output_width = 1000 (yaml)
CON  2026-10-02T21:08:48Z 1790975331.214 e6fe83ea6b4a2b7f,   still.quality_ladder = 20,15,11,9 (cmd 65003)
CON  2026-10-02T21:08:48Z 1790975331.253 e6fe83ea6b4a2b7f,   still.save.quality = 85 (yaml)
CON  2026-10-02T21:08:48Z 1790975331.304 e6fe83ea6b4a2b7f,   still.message_cap = 195 (yaml)
CON  2026-10-02T21:08:48Z 1790975331.363 e6fe83ea6b4a2b7f,   still.budget_min = 8 (yaml)
CON  2026-10-02T21:08:48Z 1790975331.414 e6fe83ea6b4a2b7f, [bmcam004] OK id=1000042 get video.send, still: 14 key(s) (duplicate: original answer) cfg=54d904b7
CON  2026-10-02T21:08:48Z 1790975331.464 e6fe83ea6b4a2b7f, [bmcam004] OK id=1000042 get video.send, still: 14 key(s) (duplicate: original answer) cfg=54d904b7
CON  2026-10-02T21:08:48Z 1790975331.515 e6fe83ea6b4a2b7f, [bmcam004] OK id=1000042 get video.send, still: 14 key(s) (duplicate: original answer) cfg=54d904b7
CON  2026-10-02T21:08:48Z 1790975331.566 e6fe83ea6b4a2b7f, [bmcam004] OK id=1000042 get video.send, still: 14 key(s) (duplicate: original answer) cfg=54d904b7
CON  2026-10-02T21:08:49Z 1790975331.625 e6fe83ea6b4a2b7f, [bmcam004] OK id=1000042 get video.send, still: 14 key(s) (duplicate: original answer) cfg=54d904b7
CON  2026-10-02T21:08:49Z 1790975331.675 e6fe83ea6b4a2b7f, [bmcam004] OK id=1000042 get video.send, still: 14 key(s) (duplicate: original answer) cfg=54d904b7
CON  2026-10-02T21:08:49Z 1790975331.726 e6fe83ea6b4a2b7f, [bmcam004] OK id=1000042 get video.send, still: 14 key(s) (duplicate: original answer) cfg=54d904b7
CON  2026-10-02T21:08:49Z 1790975331.773 e6fe83ea6b4a2b7f, [bmcam004] OK id=1000042 get video.send, still: 14 key(s) (duplicate: original answer) cfg=54d904b7
CON  2026-10-02T21:08:49Z 1790975331.824 e6fe83ea6b4a2b7f, [bmcam004] OK id=1000042 get video.send, still: 14 key(s) (duplicate: original answer) cfg=54d904b7
CELL 2026-10-02T21:08:49Z len=271 <CF v=1 h=54d904b7 n=1/2 video.send.duration_s=15@c1000036 video.send.lead_in_s=2.0 video.send.fps=10 video.send.message_cap=190 video.send.keyframe_repeat_max=30 video.send.size=480x270 video.send.x264_preset=medium video.send.budget_min=8 still.crop=1504,846,1600,900>
CELL 2026-10-02T21:08:50Z len=152 <CF v=1 h=54d904b7 n=2/2 still.output_width=1000 still.quality_ladder=20,15,11,9@c65003 still.save.quality=85 still.message_cap=195 still.budget_min=8>
SUMMARY cell=3 con=25
===== 2026-10-02T21:10:02Z L1b.BMCAM_004.1000043 SPOT-31593C  bm pub bmcam/cmd {"id":1000043,"c":"get","k":["power","camera.exposure","camera.controls_enabled","camera.backend"]} 1 1  (121 B line)
CON  2026-10-02T21:10:04Z bm pub bmcam/cmd {"id":1000043,"c":"get","k":["power","camera.exposure","camera.controls_enabled","camera.backend"]} 1 1
CELL 2026-10-02T21:10:04Z len=37 {"id":1000043,"ok":1,"h":"54d904b7"}
CON  2026-10-02T21:10:04Z Message: 1790975407.304 e6fe83ea6b4a2b7f, [bmcam004] OK id=1000043 get power, camera.exposure, camera.controls_enabled, camera.backend: 12 key(s) cfg=54d904b7
CON  2026-10-02T21:10:04Z 1790975407.339 e6fe83ea6b4a2b7f,   power.halt.enabled = true (yaml)
CON  2026-10-02T21:10:04Z 1790975407.390 e6fe83ea6b4a2b7f,   power.halt.dry_run = false (yaml)
CON  2026-10-02T21:10:04Z 1790975407.441 e6fe83ea6b4a2b7f,   power.halt.mode = halt (yaml)
CON  2026-10-02T21:10:04Z 1790975407.492 e6fe83ea6b4a2b7f,   power.halt.script_path = /home/pi/BM_Devel_Pi/tuned_halt.sh (yaml)
CON  2026-10-02T21:10:04Z 1790975407.542 e6fe83ea6b4a2b7f,   power.bus_always_on = false (yaml)
CON  2026-10-02T21:10:05Z 1790975407.589 e6fe83ea6b4a2b7f,   camera.exposure.enabled = false (yaml)
CON  2026-10-02T21:10:05Z 1790975407.640 e6fe83ea6b4a2b7f,   camera.exposure.mode = none (yaml)
CON  2026-10-02T21:10:05Z 1790975407.691 e6fe83ea6b4a2b7f,   camera.exposure.ev = none (yaml)
CON  2026-10-02T21:10:05Z 1790975407.742 e6fe83ea6b4a2b7f,   camera.exposure.shutter_us = none (yaml)
CON  2026-10-02T21:10:05Z 1790975407.792 e6fe83ea6b4a2b7f,   camera.exposure.analogue_gain = none (yaml)
CON  2026-10-02T21:10:05Z 1790975407.843 e6fe83ea6b4a2b7f,   camera.controls_enabled = true (cmd 65002)
CON  2026-10-02T21:10:05Z 1790975407.890 e6fe83ea6b4a2b7f,   camera.backend = rpicam (yaml)
CON  2026-10-02T21:10:05Z 1790975407.953 e6fe83ea6b4a2b7f, [bmcam004] OK id=1000043 get power, camera.exposure, camera.controls_enabled, camera.backend: 12 key(s) (duplicate: original answer) cfg=54d904b7
CON  2026-10-02T21:10:05Z 1790975408.003 e6fe83ea6b4a2b7f, [bmcam004] OK id=1000043 get power, camera.exposure, camera.controls_enabled, camera.backend: 12 key(s) (duplicate: original answer) cfg=54d904b7
CON  2026-10-02T21:10:05Z 1790975408.062 e6fe83ea6b4a2b7f, [bmcam004] OK id=1000043 get power, camera.exposure, camera.controls_enabled, camera.backend: 12 key(s) (duplicate: original answer) cfg=54d904b7
CON  2026-10-02T21:10:05Z 1790975408.113 e6fe83ea6b4a2b7f, [bmcam004] OK id=1000043 get power, camera.exposure, camera.controls_enabled, camera.backend: 12 key(s) (duplicate: original answer) cfg=54d904b7
CON  2026-10-02T21:10:05Z 1790975408.164 e6fe83ea6b4a2b7f, [bmcam004] OK id=1000043 get power, camera.exposure, camera.controls_enabled, camera.backend: 12 key(s) (duplicate: original answer) cfg=54d904b7
CON  2026-10-02T21:10:05Z 1790975408.214 e6fe83ea6b4a2b7f, [bmcam004] OK id=1000043 get power, camera.exposure, camera.controls_enabled, camera.backend: 12 key(s) (duplicate: original answer) cfg=54d904b7
CON  2026-10-02T21:10:05Z 1790975408.261 e6fe83ea6b4a2b7f, [bmcam004] OK id=1000043 get power, camera.exposure, camera.controls_enabled, camera.backend: 12 key(s) (duplicate: original answer) cfg=54d904b7
CON  2026-10-02T21:10:05Z 1790975408.312 e6fe83ea6b4a2b7f, [bmcam004] OK id=1000043 get power, camera.exposure, camera.controls_enabled, camera.backend: 12 key(s) (duplicate: original answer) cfg=54d904b7
CON  2026-10-02T21:10:05Z 1790975408.363 e6fe83ea6b4a2b7f, [bmcam004] OK id=1000043 get power, camera.exposure, camera.controls_enabled, camera.backend: 12 key(s) (duplicate: original answer) cfg=54d904b7
CELL 2026-10-02T21:10:07Z len=277 <CF v=1 h=54d904b7 n=1/2 power.halt.enabled=1 power.halt.dry_run=0 power.halt.mode=halt power.halt.script_path=/home/pi/BM_Devel_Pi/tuned_halt.sh power.bus_always_on=0 camera.exposure.enabled=0 camera.exposure.mode=null camera.exposure.ev=null camera.exposure.shutter_us=null>
CELL 2026-10-02T21:10:07Z len=116 <CF v=1 h=54d904b7 n=2/2 camera.exposure.analogue_gain=null camera.controls_enabled=1@c65002 camera.backend=rpicam>
SUMMARY cell=3 con=23
===== 2026-10-02T21:11:18Z L1b.BMCAM_004.1000044 SPOT-31593C  bm pub bmcam/cmd {"id":1000044,"c":"get","k":["camera.white_balance","camera.native","storage","network"]} 1 1  (111 B line)
CON  2026-10-02T21:11:20Z bm pub bmcam/cmd {"id":1000044,"c":"get","k":["camera.white_balance","camera.native","storage","network"]} 1 1
CELL 2026-10-02T21:11:21Z len=37 {"id":1000044,"ok":1,"h":"54d904b7"}
CON  2026-10-02T21:11:21Z Message: 1790975483.847 e6fe83ea6b4a2b7f, [bmcam004] OK id=1000044 get camera.white_balance, camera.native, storage, network: 12 key(s) cfg=54d904b7
CON  2026-10-02T21:11:21Z 1790975483.886 e6fe83ea6b4a2b7f,   camera.white_balance.enabled = false (yaml)
CON  2026-10-02T21:11:21Z 1790975483.937 e6fe83ea6b4a2b7f,   camera.white_balance.mode = none (yaml)
CON  2026-10-02T21:11:21Z 1790975483.988 e6fe83ea6b4a2b7f,   camera.white_balance.gains = none (yaml)
CON  2026-10-02T21:11:21Z 1790975484.039 e6fe83ea6b4a2b7f,   camera.native.width = 4608 (yaml)
CON  2026-10-02T21:11:21Z 1790975484.085 e6fe83ea6b4a2b7f,   camera.native.height = 2592 (yaml)
CON  2026-10-02T21:11:21Z 1790975484.136 e6fe83ea6b4a2b7f,   camera.native.jpeg_quality = 95 (yaml)
CON  2026-10-02T21:11:21Z 1790975484.187 e6fe83ea6b4a2b7f,   storage.max_used_pct = 75.0 (yaml)
CON  2026-10-02T21:11:21Z 1790975484.238 e6fe83ea6b4a2b7f,   storage.min_free_gb = 10.0 (yaml)
CON  2026-10-02T21:11:21Z 1790975484.289 e6fe83ea6b4a2b7f,   storage.ring_dry_run = false (yaml)
CON  2026-10-02T21:11:21Z 1790975484.335 e6fe83ea6b4a2b7f,   network.default = nereus_hq (yaml)
CON  2026-10-02T21:11:21Z 1790975484.386 e6fe83ea6b4a2b7f,   network.ap_fallback_s = 90 (yaml)
CON  2026-10-02T21:11:21Z 1790975484.437 e6fe83ea6b4a2b7f,   network.ap_timeout_min = 60 (yaml)
CON  2026-10-02T21:11:21Z 1790975484.500 e6fe83ea6b4a2b7f, [bmcam004] OK id=1000044 get camera.white_balance, camera.native, storage, network: 12 key(s) (duplicate: original answer) cfg=54d904b7
CON  2026-10-02T21:11:21Z 1790975484.546 e6fe83ea6b4a2b7f, [bmcam004] OK id=1000044 get camera.white_balance, camera.native, storage, network: 12 key(s) (duplicate: original answer) cfg=54d904b7
CON  2026-10-02T21:11:21Z 1790975484.609 e6fe83ea6b4a2b7f, [bmcam004] OK id=1000044 get camera.white_balance, camera.native, storage, network: 12 key(s) (duplicate: original answer) cfg=54d904b7
CON  2026-10-02T21:11:21Z 1790975484.660 e6fe83ea6b4a2b7f, [bmcam004] OK id=1000044 get camera.white_balance, camera.native, storage, network: 12 key(s) (duplicate: original answer) cfg=54d904b7
CON  2026-10-02T21:11:22Z 1790975484.707 e6fe83ea6b4a2b7f, [bmcam004] OK id=1000044 get camera.white_balance, camera.native, storage, network: 12 key(s) (duplicate: original answer) cfg=54d904b7
CON  2026-10-02T21:11:22Z 1790975484.757 e6fe83ea6b4a2b7f, [bmcam004] OK id=1000044 get camera.white_balance, camera.native, storage, network: 12 key(s) (duplicate: original answer) cfg=54d904b7
CON  2026-10-02T21:11:22Z 1790975484.808 e6fe83ea6b4a2b7f, [bmcam004] OK id=1000044 get camera.white_balance, camera.native, storage, network: 12 key(s) (duplicate: original answer) cfg=54d904b7
CON  2026-10-02T21:11:22Z 1790975484.859 e6fe83ea6b4a2b7f, [bmcam004] OK id=1000044 get camera.white_balance, camera.native, storage, network: 12 key(s) (duplicate: original answer) cfg=54d904b7
CON  2026-10-02T21:11:22Z 1790975484.910 e6fe83ea6b4a2b7f, [bmcam004] OK id=1000044 get camera.white_balance, camera.native, storage, network: 12 key(s) (duplicate: original answer) cfg=54d904b7
CELL 2026-10-02T21:11:22Z len=275 <CF v=1 h=54d904b7 n=1/2 camera.white_balance.enabled=0 camera.white_balance.mode=null camera.white_balance.gains=null camera.native.width=4608 camera.native.height=2592 camera.native.jpeg_quality=95 storage.max_used_pct=75.0 storage.min_free_gb=10.0 storage.ring_dry_run=0>
CELL 2026-10-02T21:11:23Z len=103 <CF v=1 h=54d904b7 n=2/2 network.default=nereus_hq network.ap_fallback_s=90 network.ap_timeout_min=60>
SUMMARY cell=3 con=23
===== 2026-10-02T21:11:32Z P.004.65081 SPOT-31593C  bm pub bmcam/cmd {"id":65081,"c":"reset","k":["video.record.fps","video.send.duration_s","camera.controls_enabled","camera.image_processing.enabled"]} 1 1  (155 B line)
CON  2026-10-02T21:11:33Z bm pub bmcam/cmd {"id":65081,"c":"reset","k":["video.record.fps","video.send.duration_s","camera.controls_enabled","camera.image_processing.enabled"]} 1 1
CON  2026-10-02T21:11:33Z 1790975496.054 e6fe83ea6b4a2b7f, [bmcam004] OK id=65081 reset video.record.fps, video.send.duration_s, camera.controls_enabled, camera.image_processing.enabled -> YAML cfg=d8e1a1fd
CON  2026-10-02T21:11:33Z 1790975496.105 e6fe83ea6b4a2b7f, [bmcam004] OK id=65081 reset video.record.fps, video.send.duration_s, camera.controls_enabled, camera.image_processing.enabled -> YAML (duplicate: original answer) cf
CON  2026-10-02T21:11:33Z 1790975496.156 e6fe83ea6b4a2b7f, [bmcam004] OK id=65081 reset video.record.fps, video.send.duration_s, camera.controls_enabled, camera.image_processing.enabled -> YAML (duplicate: original answer) cf
CON  2026-10-02T21:11:33Z 1790975496.207 e6fe83ea6b4a2b7f, [bmcam004] OK id=65081 reset video.record.fps, video.send.duration_s, camera.controls_enabled, camera.image_processing.enabled -> YAML (duplicate: original answer) cf
CON  2026-10-02T21:11:33Z 1790975496.257 e6fe83ea6b4a2b7f, [bmcam004] OK id=65081 reset video.record.fps, video.send.duration_s, camera.controls_enabled, camera.image_processing.enabled -> YAML (duplicate: original answer) cf
CON  2026-10-02T21:11:33Z 1790975496.316 e6fe83ea6b4a2b7f, [bmcam004] OK id=65081 reset video.record.fps, video.send.duration_s, camera.controls_enabled, camera.image_processing.enabled -> YAML (duplicate: original answer) cf
CON  2026-10-02T21:11:33Z 1790975496.367 e6fe83ea6b4a2b7f, [bmcam004] OK id=65081 reset video.record.fps, video.send.duration_s, camera.controls_enabled, camera.image_processing.enabled -> YAML (duplicate: original answer) cf
CON  2026-10-02T21:11:33Z 1790975496.417 e6fe83ea6b4a2b7f, [bmcam004] OK id=65081 reset video.record.fps, video.send.duration_s, camera.controls_enabled, camera.image_processing.enabled -> YAML (duplicate: original answer) cf
CON  2026-10-02T21:11:33Z 1790975496.464 e6fe83ea6b4a2b7f, [bmcam004] OK id=65081 reset video.record.fps, video.send.duration_s, camera.controls_enabled, camera.image_processing.enabled -> YAML (duplicate: original answer) cf
CON  2026-10-02T21:11:33Z 1790975496.515 e6fe83ea6b4a2b7f, [bmcam004] OK id=65081 reset video.record.fps, video.send.duration_s, camera.controls_enabled, camera.image_processing.enabled -> YAML (duplicate: original answer) cf
SUMMARY cell=0 con=11
===== 2026-10-02T21:11:41Z P.004.65082 SPOT-31593C  bm pub bmcam/cmd {"id":65082,"c":"reset","k":["camera.image_processing.denoise","still.quality_ladder"]} 1 1  (109 B line)
CON  2026-10-02T21:11:42Z bm pub bmcam/cmd {"id":65082,"c":"reset","k":["camera.image_processing.denoise","still.quality_ladder"]} 1 1
CON  2026-10-02T21:11:42Z 1790975505.273 e6fe83ea6b4a2b7f, [bmcam004] OK id=65082 reset camera.image_processing.denoise, still.quality_ladder -> YAML cfg=32bd824c
CON  2026-10-02T21:11:42Z 1790975505.335 e6fe83ea6b4a2b7f, [bmcam004] OK id=65082 reset camera.image_processing.denoise, still.quality_ladder -> YAML (duplicate: original answer) cfg=32bd824c
CON  2026-10-02T21:11:42Z 1790975505.386 e6fe83ea6b4a2b7f, [bmcam004] OK id=65082 reset camera.image_processing.denoise, still.quality_ladder -> YAML (duplicate: original answer) cfg=32bd824c
CON  2026-10-02T21:11:42Z 1790975505.433 e6fe83ea6b4a2b7f, [bmcam004] OK id=65082 reset camera.image_processing.denoise, still.quality_ladder -> YAML (duplicate: original answer) cfg=32bd824c
CON  2026-10-02T21:11:42Z 1790975505.484 e6fe83ea6b4a2b7f, [bmcam004] OK id=65082 reset camera.image_processing.denoise, still.quality_ladder -> YAML (duplicate: original answer) cfg=32bd824c
CON  2026-10-02T21:11:42Z 1790975505.535 e6fe83ea6b4a2b7f, [bmcam004] OK id=65082 reset camera.image_processing.denoise, still.quality_ladder -> YAML (duplicate: original answer) cfg=32bd824c
CON  2026-10-02T21:11:43Z 1790975505.585 e6fe83ea6b4a2b7f, [bmcam004] OK id=65082 reset camera.image_processing.denoise, still.quality_ladder -> YAML (duplicate: original answer) cfg=32bd824c
CON  2026-10-02T21:11:43Z 1790975505.636 e6fe83ea6b4a2b7f, [bmcam004] OK id=65082 reset camera.image_processing.denoise, still.quality_ladder -> YAML (duplicate: original answer) cfg=32bd824c
CON  2026-10-02T21:11:43Z 1790975505.695 e6fe83ea6b4a2b7f, [bmcam004] OK id=65082 reset camera.image_processing.denoise, still.quality_ladder -> YAML (duplicate: original answer) cfg=32bd824c
CON  2026-10-02T21:11:43Z 1790975505.746 e6fe83ea6b4a2b7f, [bmcam004] OK id=65082 reset camera.image_processing.denoise, still.quality_ladder -> YAML (duplicate: original answer) cfg=32bd824c
SUMMARY cell=0 con=11
===== 2026-10-02T21:11:50Z P.004.run SPOT-31593C  bm pub bmcam/cmd {"id":65083,"c":"reset","k":["mode.run"]} 1 1  (63 B line)
CON  2026-10-02T21:11:51Z bm pub bmcam/cmd {"id":65083,"c":"reset","k":["mode.run"]} 1 1
CON  2026-10-02T21:11:51Z 1790975514.480 e6fe83ea6b4a2b7f, [bmcam004] OK id=65083 reset mode.run -> YAML cfg=67f930c4
CON  2026-10-02T21:11:51Z 1790975514.531 e6fe83ea6b4a2b7f, [bmcam004] OK id=65083 reset mode.run -> YAML (duplicate: original answer) cfg=67f930c4
CON  2026-10-02T21:11:51Z 1790975514.582 e6fe83ea6b4a2b7f, [bmcam004] OK id=65083 reset mode.run -> YAML (duplicate: original answer) cfg=67f930c4
CON  2026-10-02T21:11:52Z 1790975514.632 e6fe83ea6b4a2b7f, [bmcam004] OK id=65083 reset mode.run -> YAML (duplicate: original answer) cfg=67f930c4
CON  2026-10-02T21:11:52Z 1790975514.683 e6fe83ea6b4a2b7f, [bmcam004] OK id=65083 reset mode.run -> YAML (duplicate: original answer) cfg=67f930c4
CON  2026-10-02T21:11:52Z 1790975514.730 e6fe83ea6b4a2b7f, [bmcam004] OK id=65083 reset mode.run -> YAML (duplicate: original answer) cfg=67f930c4
CON  2026-10-02T21:11:52Z 1790975514.781 e6fe83ea6b4a2b7f, [bmcam004] OK id=65083 reset mode.run -> YAML (duplicate: original answer) cfg=67f930c4
CON  2026-10-02T21:11:52Z 1790975514.832 e6fe83ea6b4a2b7f, [bmcam004] OK id=65083 reset mode.run -> YAML (duplicate: original answer) cfg=67f930c4
CON  2026-10-02T21:11:52Z 1790975514.882 e6fe83ea6b4a2b7f, [bmcam004] OK id=65083 reset mode.run -> YAML (duplicate: original answer) cfg=67f930c4
CON  2026-10-02T21:11:52Z 1790975514.941 e6fe83ea6b4a2b7f, [bmcam004] OK id=65083 reset mode.run -> YAML (duplicate: original answer) cfg=67f930c4
SUMMARY cell=0 con=11
