2026-09-28T16:35:46Z SPOT-33507C > bridge cfg get c3c564b91856226c s bridgePowerControllerEnabled
2026-09-28T16:35:49Z bridge cfg get c3c564b91856226c s bridgePowerControllerEnabled
2026-09-28T16:35:49Z Succesfully sent config get msg
2026-09-28T16:35:49Z 2026-09-28T16:35:50.972Z [BRIDGE_CFG] [INFO] Node ID: 0000000000000000 Partition: system Value: 1
2026-09-28T16:35:53Z SPOT-33507C > bridge cfg set c3c564b91856226c s u bridgePowerControllerEnabled 0
2026-09-28T16:35:54Z bridge cfg set c3c564b91856226c s u bridgePowerControllerEnabled 0
2026-09-28T16:35:54Z Succesfully sent config set msg
2026-09-28T16:35:54Z 2026-09-28T16:35:56.199Z [BRIDGE_CFG] [INFO] Node ID: 0000000000000000 Partition: system Value: 0
2026-09-28T16:36:00Z SPOT-33507C > bridge cfg commit c3c564b91856226c s
2026-09-28T16:36:01Z bridge cfg commit c3c564b91856226c s
2026-09-28T16:36:01Z Succesfull config commit send
2026-09-28T16:36:02Z 2026-09-28T16:36:03.746Z [BRIDGE] [ERROR] Bridge RX Processing Packet Failure: -7
2026-09-28T16:36:02Z 2026-09-28T16:36:03.746Z [BRIDGE] [INFO] Setting negotiated baud rate to 1000000 from 1000000
2026-09-28T16:36:02Z 2026-09-28T16:36:03.753Z [BRIDGE_SYS] [INFO] Bridge State Init
2026-09-28T16:36:02Z 2026-09-28T16:36:03.753Z [BRIDGE] [INFO] Reboot info received from c3c564b91856226c - Reason: 5 gitSHA: 1595f804 Reboot cnt: 0 PC: 0x0 LR: 0x0
2026-09-28T16:36:02Z 2026-09-28T16:36:03.761Z [BRIDGE_SYS] [INFO] Bridge bus power: 1
2026-09-28T16:36:02Z 2026-09-28T16:36:03.812Z [BRIDGE_CFG] [INFO] Response msg -- Node Id: 0000000000000000, Partition: system, Commit Status: 0
2026-09-28T16:36:02Z 2026-09-28T16:36:03.812Z [BRIDGE_CFG] [INFO] Num Keys: 18
2026-09-28T16:36:02Z 2026-09-28T16:36:03.812Z [BRIDGE_CFG] [INFO] Key 0: sampleIntervalMs
2026-09-28T16:36:02Z 2026-09-28T16:36:03.812Z [BRIDGE_CFG] [INFO] Key 1: sampleDurationMs
2026-09-28T16:36:02Z 2026-09-28T16:36:03.812Z [BRIDGE_CFG] [INFO] Key 2: subsampleIntervalMs
2026-09-28T16:36:02Z 2026-09-28T16:36:03.812Z [BRIDGE_CFG] [INFO] Key 3: subsampleDurationMs
2026-09-28T16:36:02Z 2026-09-28T16:36:03.812Z [BRIDGE_CFG] [INFO] Key 4: subsampleEnabled
2026-09-28T16:36:02Z 2026-09-28T16:36:03.812Z [BRIDGE_CFG] [INFO] Key 5: bridgePowerControllerEnabled
2026-09-28T16:36:02Z 2026-09-28T16:36:03.812Z [BRIDGE_CFG] [INFO] Key 6: alignmentInterval5Min
2026-09-28T16:36:02Z 2026-09-28T16:36:03.812Z [BRIDGE_CFG] [INFO] Key 7: ticksSamplingEnabled
2026-09-28T16:36:02Z 2026-09-28T16:36:03.812Z [BRIDGE_CFG] [INFO] Key 8: samplesPerReport
2026-09-28T16:36:02Z 2026-09-28T16:36:03.812Z [BRIDGE_CFG] [INFO] Key 9: transmitAggregations
2026-09-28T16:36:02Z 2026-09-28T16:36:03.812Z [BRIDGE_CFG] [INFO] Key 10: currentReadingPeriodMs
2026-09-28T16:36:02Z 2026-09-28T16:36:03.812Z [BRIDGE_CFG] [INFO] Key 11: softReadingPeriodMs
2026-09-28T16:36:02Z 2026-09-28T16:36:03.812Z [BRIDGE_CFG] [INFO] Key 12: rbrCodaReadingPeriodMs
2026-09-28T16:36:02Z 2026-09-28T16:36:03.812Z [BRIDGE_CFG] [INFO] Key 13: turbidityReadingPeriodMs
2026-09-28T16:36:02Z 2026-09-28T16:36:03.816Z [BRIDGE_CFG] [INFO] Key 14: disableUnusedPortsTimeMs
2026-09-28T16:36:02Z 2026-09-28T16:36:03.816Z [BRIDGE_CFG] [INFO] Key 15: salinityReadingPeriodMs
2026-09-28T16:36:02Z 2026-09-28T16:36:03.816Z [BRIDGE_CFG] [INFO] Key 16: sensorsCheckIntervalS
2026-09-28T16:36:02Z 2026-09-28T16:36:03.816Z [BRIDGE_CFG] [INFO] Key 17: sensorsPollIntervalMs
2026-09-28T16:36:02Z 2026-09-28T16:36:03.816Z [BRIDGE_CFG] [INFO] Response msg -- Node Id: 0000000000000000, Partition: user, Commit Status: 0
2026-09-28T16:36:02Z 2026-09-28T16:36:03.816Z [BRIDGE_CFG] [INFO] Num Keys: 0
2026-09-28T16:36:02Z 2026-09-28T16:36:03.816Z [BRIDGE_CFG] [INFO] Response msg -- Node Id: 0000000000000000, Partition: hardware, Commit Status: 0
2026-09-28T16:36:02Z 2026-09-28T16:36:03.816Z [BRIDGE_CFG] [INFO] Num Keys: 1
2026-09-28T16:36:02Z 2026-09-28T16:36:03.816Z [BRIDGE_CFG] [INFO] Key 0: smConfigurationCrc
2026-09-28T16:36:02Z 2026-09-28T16:36:03.816Z [BRIDGE] [INFO] handle_power_states, power on for: 4294967295
2026-09-28T16:36:02Z 2026-09-28T16:36:03.820Z [BRIDGE_CFG] [INFO] Node ID: 0000000000000000 Partition: system Value: 3600000
2026-09-28T16:36:02Z 2026-09-28T16:36:03.824Z [BRIDGE_CFG] [INFO] Node ID: 0000000000000000 Partition: system Value: 600000
2026-09-28T16:36:02Z 2026-09-28T16:36:03.832Z [BRIDGE_CFG] [INFO] Node ID: 0000000000000000 Partition: system Value: 300000
2026-09-28T16:36:02Z 2026-09-28T16:36:03.835Z [BRIDGE_CFG] [INFO] Node ID: 0000000000000000 Partition: system Value: 30000
2026-09-28T16:36:02Z 2026-09-28T16:36:03.839Z [BRIDGE_CFG] [INFO] Node ID: 0000000000000000 Partition: system Value: 0
2026-09-28T16:36:02Z 2026-09-28T16:36:03.843Z [BRIDGE_CFG] [INFO] Node ID: 0000000000000000 Partition: system Value: 0
2026-09-28T16:36:02Z 2026-09-28T16:36:03.847Z [BRIDGE_CFG] [INFO] Node ID: 0000000000000000 Partition: system Value: 1
2026-09-28T16:36:02Z 2026-09-28T16:36:03.851Z [BRIDGE_CFG] [INFO] Node ID: 0000000000000000 Partition: system Value: 0
2026-09-28T16:36:02Z 2026-09-28T16:36:03.855Z [BRIDGE_CFG] [INFO] Node ID: 0000000000000000 Partition: system Value: 1
2026-09-28T16:36:02Z 2026-09-28T16:36:03.859Z [BRIDGE_CFG] [INFO] Node ID: 0000000000000000 Partition: system Value: 0
2026-09-28T16:36:02Z 2026-09-28T16:36:03.863Z [BRIDGE_CFG] [INFO] Node ID: 0000000000000000 Partition: system Value: 60000
2026-09-28T16:36:02Z 2026-09-28T16:36:03.867Z [BRIDGE_CFG] [INFO] Node ID: 0000000000000000 Partition: system Value: 500
2026-09-28T16:36:02Z 2026-09-28T16:36:03.871Z [BRIDGE_CFG] [INFO] Node ID: 0000000000000000 Partition: system Value: 500
2026-09-28T16:36:02Z 2026-09-28T16:36:03.875Z [BRIDGE_CFG] [INFO] Node ID: 0000000000000000 Partition: system Value: 1000
2026-09-28T16:36:02Z 2026-09-28T16:36:03.878Z [BRIDGE_CFG] [INFO] Node ID: 0000000000000000 Partition: system Value: 0
2026-09-28T16:36:02Z 2026-09-28T16:36:03.882Z [BRIDGE_CFG] [INFO] Node ID: 0000000000000000 Partition: system Value: 30000
2026-09-28T16:36:02Z 2026-09-28T16:36:03.886Z [BRIDGE_CFG] [INFO] Node ID: 0000000000000000 Partition: system Value: 60
2026-09-28T16:36:02Z 2026-09-28T16:36:03.890Z [BRIDGE_CFG] [INFO] Node ID: 0000000000000000 Partition: system Value: 10000
2026-09-28T16:36:02Z 2026-09-28T16:36:03.894Z [BRIDGE_CFG] [INFO] Node ID: 0000000000000000 Partition: hardware - Failed to decode value
2026-09-28T16:36:03Z 2026-09-28T16:36:04.789Z [BRIDGE_SYS] [INFO] Neighbor 53171fa3d81a8e6f added
2026-09-28T16:36:06Z 2026-09-28T16:36:07.949Z [ERR] [INFO] GpsErrorState changed from OK to NO_SIGNAL
2026-09-28T16:36:07Z 2026-09-28T16:36:08.757Z [BRIDGE_CFG] [INFO] Bridge topology in topology sampler:
2026-09-28T16:36:07Z 2026-09-28T16:36:08.769Z [BRIDGE_CFG] [INFO] c3c564b91856226c
2026-09-28T16:36:07Z 2026-09-28T16:36:08.769Z [BRIDGE_CFG] [INFO] 53171fa3d81a8e6f
2026-09-28T16:36:07Z 2026-09-28T16:36:08.773Z [BRIDGE_CFG] [INFO] Network configuration change detected! crc: 0xba829098 at UTC:1790613368
2026-09-28T16:36:07Z 2026-09-28T16:36:08.773Z [BRIDGE_CFG] [INFO] Stored CRCs:
2026-09-28T16:36:07Z 0xddf6e9b9
2026-09-28T16:36:07Z 0xa73850dc
2026-09-28T16:36:07Z 0xba829098
2026-09-28T16:36:07Z 0x1539bc17
2026-09-28T16:36:07Z 0x82e414ca
2026-09-28T16:36:07Z 0xf9cb90d5
2026-09-28T16:36:07Z 0x6e163808
2026-09-28T16:36:07Z 0x1614bd85
2026-09-28T16:36:07Z 0x24b9d688
2026-09-28T16:36:07Z 2026-09-28T16:36:08.796Z [BRIDGE_CFG] [INFO] Bridge network config: [[14106792153947972204, "bridge", 362149892, 3303883033, {"sampleIntervalMs": 3600000, "sampleDurationMs": 600000, "subsampleInterv
2026-09-28T16:36:07Z 2026-09-28T16:36:08.812Z [BRIDGE_CFG] [INFO] Bridge network info CRC: ba829098
2026-09-28T16:36:07Z 2026-09-28T16:36:08.812Z [BRIDGE_CFG] [INFO] Bridge FW Version: Major: 0 Minor: 13 Revision: 11
2026-09-28T16:36:07Z 2026-09-28T16:36:08.812Z [BRIDGE_CFG] [INFO] Bridge sys config partition CRC: c4ed4119
2026-09-28T16:36:07Z 2026-09-28T16:36:08.812Z [BRIDGE_CFG] [INFO] Bridge toplogy: c3c564b91856226c | 53171fa3d81a8e6f
2026-09-28T16:36:07Z 2026-09-28T16:36:08.816Z [BRIDGE_SYS] [INFO] Checking CRC in report builder!
2026-09-28T16:36:07Z No update available for 53171fa3d81a8e6f
2026-09-28T16:36:07Z 2026-09-28T16:36:08.816Z [BRIDGE_SYS] [INFO] Got CRC ba829098 OLD CRC 0
2026-09-28T16:36:07Z No update available for c3c564b91856226c
2026-09-28T16:36:07Z Current bit offset: 196
2026-09-28T16:36:07Z Rounded bit offset: 200
2026-09-28T16:36:07Z New bit offset: 2720
2026-09-28T16:36:07Z 2026-09-28T16:36:08.820Z [BRIDGE_SYS] [INFO] Getting topology in report builder!
2026-09-28T16:36:07Z 2026-09-28T16:36:08.820Z [MS] [INFO] Added message(id: 108 len: 340) to queue MS_Q_LEGACY: (1)!
2026-09-28T16:36:07Z Message: Current bit offset: 20
2026-09-28T16:36:07Z Rounded bit offset: 24
2026-09-28T16:36:07Z New bit offset: 1672
2026-09-28T16:36:07Z 2026-09-28T16:36:08.820Z [MS] [INFO] Added message(id: 109 len: 209) to queue MS_Q_LEGACY: (2)!
2026-09-28T16:36:07Z 2026-09-28T16:36:08.820Z [CFG] [INFO] Saving sysCfg
2026-09-28T16:36:07Z 2026-09-28T16:36:08.820Z [BRIDGE_SYS] [INFO] Got topology in report builder!
2026-09-28T16:36:07Z 2026-09-28T16:36:08.824Z [BRIDGE_SYS] [INFO] Updating CRC and topology in report builder!
2026-09-28T16:36:07Z 2026-09-28T16:36:08.828Z [BRIDGE_SYS] [INFO] Updated reportBuilders max network configuration CBOR map
2026-09-28T16:36:07Z 2026-09-28T16:36:08.828Z [BRIDGE_SYS] [INFO] Updated reportBuilders max network sensor type list
2026-09-28T16:36:07Z 2026-09-28T16:36:08.886Z [CFG] [INFO] Saving sysCfg
2026-09-28T16:36:07Z 2026-09-28T16:36:08.902Z [MS] [DEBUG] Has message 108 expired? queuedTime: 247981418, now64: 247981502, remaining: 86399916
2026-09-28T16:36:07Z 2026-09-28T16:36:08.906Z [MS] [DEBUG] Sending legacy messages to Notecard.
2026-09-28T16:36:07Z 2026-09-28T16:36:08.937Z [MS] [DEBUG] Notecard is 5.000000 pct full.
2026-09-28T16:36:07Z 2026-09-28T16:36:08.937Z [MS] [INFO] Queuing message 108 20029C98
2026-09-28T16:36:08Z 2026-09-28T16:36:09.632Z [MS] [DEBUG] Has message 109 expired? queuedTime: 247981419, now64: 247982232, remaining: 86399187
2026-09-28T16:36:08Z 2026-09-28T16:36:09.636Z [MS] [INFO] Queuing message 109 2002C178
2026-09-28T16:36:08Z 2026-09-28T16:36:09.941Z [MS] [INFO] Setting GPS coordinates lat:37.758053, lon: -122.428162
2026-09-28T16:36:09Z SPOT-33507C > bridge cfg get c3c564b91856226c s bridgePowerControllerEnabled
2026-09-28T16:36:10Z bridge cfg get c3c564b91856226c s bridgePowerControllerEnabled
2026-09-28T16:36:10Z Message: Succesfully sent config get msg
2026-09-28T16:36:10Z 2026-09-28T16:36:11.476Z [BRIDGE_CFG] [INFO] Node ID: 0000000000000000 Partition: system Value: 0
2026-09-28T16:36:11Z 2026-09-28T16:36:12.855Z [MS] [DEBUG] Attempting to Sync.
2026-09-28T16:36:11Z 2026-09-28T16:36:12.890Z [MS] [DEBUG] Waiting for TX
2026-09-28T16:43:41Z SPOT-33507C > bm pub bmcam/cmd {"id":51001,"c":"ping"} 1 1
2026-09-28T16:43:43Z 2026-09-28T16:43:44.824Z [MS] [ERROR] Queue MS_Q_CELLULAR_ONLY is full.
2026-09-28T16:43:43Z 2026-09-28T16:43:44.824Z [MS] [INFO] Error adding message to queue.
2026-09-28T16:43:43Z 2026-09-28T16:43:44.824Z [BM_TX] [ERROR] Unable to submit message to cell-only queue
2026-09-28T16:43:43Z .bm pub bmcam/cmd {"id":51001,"c":"ping"} 1 1
2026-09-28T16:43:44Z 2026-09-28T16:43:46.144Z [MS] [ERROR] Queue MS_Q_CELLULAR_ONLY is full.
2026-09-28T16:43:44Z 2026-09-28T16:43:46.144Z [MS] [INFO] Error adding message to queue.
2026-09-28T16:43:44Z 2026-09-28T16:43:46.144Z [BM_TX] [ERROR] Unable to submit message to cell-only queue
2026-09-28T16:43:46Z .2026-09-28T16:43:47.476Z [MS] [ERROR] Queue MS_Q_CELLULAR_ONLY is full.
2026-09-28T16:43:46Z 2026-09-28T16:43:47.476Z [MS] [INFO] Error adding message to queue.
2026-09-28T16:43:46Z 2026-09-28T16:43:47.476Z [BM_TX] [ERROR] Unable to submit message to cell-only queue
2026-09-28T16:43:47Z .2026-09-28T16:43:48.792Z [MS] [ERROR] Queue MS_Q_CELLULAR_ONLY is full.
2026-09-28T16:43:47Z 2026-09-28T16:43:48.792Z [MS] [INFO] Error adding message to queue.
2026-09-28T16:43:47Z 2026-09-28T16:43:48.796Z [BM_TX] [ERROR] Unable to submit message to cell-only queue
2026-09-28T16:43:48Z .2026-09-28T16:43:50.113Z [MS] [ERROR] Queue MS_Q_CELLULAR_ONLY is full.
2026-09-28T16:43:48Z 2026-09-28T16:43:50.113Z [MS] [INFO] Error adding message to queue.
2026-09-28T16:43:48Z 2026-09-28T16:43:50.113Z [BM_TX] [ERROR] Unable to submit message to cell-only queue
2026-09-28T16:45:58Z SPOT-33507C > bm pub bmcam/cmd {"id":51002,"c":"help"} 1 1
2026-09-28T16:46:00Z bm pub bmcam/cmd {"id":51002,"c":"help"} 1 1
2026-09-28T16:46:00Z 1790613961.855 53171fa3d81a8e6f, [bmcam003] OK id=51002 help (reference follows) cfg=580ce986
2026-09-28T16:46:00Z 1790613961.906 53171fa3d81a8e6f, v9 commands: bm pub bmcam/cmd <json> 1 1   (json <= 248 B)
2026-09-28T16:46:00Z 1790613961.953 53171fa3d81a8e6f, ping   {"id":N,"c":"ping"}
2026-09-28T16:46:00Z 1790613962.007 53171fa3d81a8e6f, set    {"id":N,"c":"set","kv":{"<key or short>":value,...}}  all-or-none
2026-09-28T16:46:00Z 1790613962.054 53171fa3d81a8e6f, reset  {"id":N,"c":"reset","k":["<key or group>"]}  or  {"all":1}
2026-09-28T16:46:00Z 1790613962.117 53171fa3d81a8e6f, trg    {"id":N,"c":"trg","v":0-4}  0 cancel, 1 capture+save, 2 capture + output per mode, 3/4 reference
2026-09-28T16:46:00Z 1790613962.156 53171fa3d81a8e6f, rsd    heals (unchanged)   wap {"v":0-2} WiFi (unchanged)
2026-09-28T16:46:00Z 1790613962.226 53171fa3d81a8e6f, short: b=camera.white_balance.mode d=video.send.duration_s e=camera.exposure.ev f=camera.focus.mode med=mode.media o=mode.output r=still.crop m=message cap of the med
2026-09-28T16:46:00Z 1790613962.265 53171fa3d81a8e6f, ids: 1-99999 console | 1e5- heals | 1e6-99999999 remote (+cellular ack) | 1e8- signed service | 2e9- conductor
2026-09-28T16:46:01Z 1790613962.316 53171fa3d81a8e6f, [bmcam003] OK id=51002 help (reference follows) (duplicate: original answer) cfg=580ce986
2026-09-28T16:46:07Z 2026-09-28T16:46:08.742Z [BRIDGE_CFG] [INFO] Bridge topology in topology sampler:
2026-09-28T16:46:07Z 2026-09-28T16:46:08.750Z [BRIDGE_CFG] [INFO] c3c564b91856226c
2026-09-28T16:46:07Z 2026-09-28T16:46:08.750Z [BRIDGE_CFG] [INFO] 53171fa3d81a8e6f
2026-09-28T16:46:07Z 2026-09-28T16:46:08.753Z [BRIDGE_SYS] [INFO] Checking CRC in report builder!
2026-09-28T16:46:07Z 2026-09-28T16:46:08.753Z [BRIDGE_SYS] [INFO] Got CRC ba829098 OLD CRC ba829098
2026-09-28T16:46:07Z 2026-09-28T16:46:08.757Z [BRIDGE_SYS] [INFO] CRCs match, not updating
2026-09-28T16:46:10Z SPOT-33507C > bm pub bmcam/cmd {"id":51003,"c":"get","k":["mode","r"]} 1 1
2026-09-28T16:46:11Z bm pub bmcam/cmd {"id":51003,"c":"get","k":["mode","r"]} 1 1
2026-09-28T16:46:11Z 1790613973.363 53171fa3d81a8e6f, [bmcam003] OK id=51003 get mode, r: 6 key(s) cfg=580ce986
2026-09-28T16:46:12Z 1790613973.414 53171fa3d81a8e6f,   mode.media = video (yaml)
2026-09-28T16:46:12Z 1790613973.464 53171fa3d81a8e6f,   mode.run = per_boot (yaml)
2026-09-28T16:46:12Z 1790613973.511 53171fa3d81a8e6f,   mode.interval_s = 0 (yaml)
2026-09-28T16:46:12Z 1790613973.582 53171fa3d81a8e6f,   mode.heartbeat_s = 300 (yaml)
2026-09-28T16:46:12Z 1790613973.621 53171fa3d81a8e6f,   mode.output = transmit (yaml)
2026-09-28T16:46:12Z 1790613973.671 53171fa3d81a8e6f,   still.crop = 1504,846,1600,900 (yaml)
2026-09-28T16:46:12Z 1790613973.722 53171fa3d81a8e6f, [bmcam003] OK id=51003 get mode, r: 6 key(s) (duplicate: original answer) cfg=580ce986
2026-09-28T16:49:13Z SPOT-33507C > bridge cfg commit c3c564b91856226c s
2026-09-28T16:49:15Z bridge cfg commit c3c564b91856226c s
2026-09-28T16:49:15Z Succesfull config commit send
2026-09-28T16:49:17Z 2026-09-28T16:49:18.449Z [BRIDGE] [ERROR] Bridge RX Processing Packet Failure: -7
2026-09-28T16:49:17Z 2026-09-28T16:49:18.453Z [BRIDGE] [INFO] Setting negotiated baud rate to 1000000 from 1000000
2026-09-28T16:49:17Z 2026-09-28T16:49:18.457Z [BRIDGE_SYS] [INFO] Bridge State Init
2026-09-28T16:49:17Z 2026-09-28T16:49:18.460Z [BRIDGE] [INFO] Reboot info received from c3c564b91856226c - Reason: 5 gitSHA: 1595f804 Reboot cnt: 0 PC: 0x0 LR: 0x0
2026-09-28T16:49:17Z 2026-09-28T16:49:18.468Z [BRIDGE_SYS] [INFO] Bridge bus power: 1
2026-09-28T16:49:17Z 2026-09-28T16:49:18.519Z [BRIDGE_CFG] [INFO] Response msg -- Node Id: 0000000000000000, Partition: system, Commit Status: 0
2026-09-28T16:49:17Z 2026-09-28T16:49:18.519Z [BRIDGE_CFG] [INFO] Num Keys: 18
2026-09-28T16:49:17Z 2026-09-28T16:49:18.519Z [BRIDGE_CFG] [INFO] Key 0: sampleIntervalMs
2026-09-28T16:49:17Z 2026-09-28T16:49:18.519Z [BRIDGE_CFG] [INFO] Key 1: sampleDurationMs
2026-09-28T16:49:17Z 2026-09-28T16:49:18.519Z [BRIDGE_CFG] [INFO] Key 2: subsampleIntervalMs
2026-09-28T16:49:17Z 2026-09-28T16:49:18.519Z [BRIDGE_CFG] [INFO] Key 3: subsampleDurationMs
2026-09-28T16:49:17Z 2026-09-28T16:49:18.519Z [BRIDGE_CFG] [INFO] Key 4: subsampleEnabled
2026-09-28T16:49:17Z 2026-09-28T16:49:18.519Z [BRIDGE_CFG] [INFO] Key 5: bridgePowerControllerEnabled
2026-09-28T16:49:17Z 2026-09-28T16:49:18.519Z [BRIDGE_CFG] [INFO] Key 6: alignmentInterval5Min
2026-09-28T16:49:17Z 2026-09-28T16:49:18.519Z [BRIDGE_CFG] [INFO] Key 7: ticksSamplingEnabled
2026-09-28T16:49:17Z 2026-09-28T16:49:18.519Z [BRIDGE_CFG] [INFO] Key 8: samplesPerReport
2026-09-28T16:49:17Z 2026-09-28T16:49:18.519Z [BRIDGE_CFG] [INFO] Key 9: transmitAggregations
2026-09-28T16:49:17Z 2026-09-28T16:49:18.519Z [BRIDGE_CFG] [INFO] Key 10: currentReadingPeriodMs
2026-09-28T16:49:17Z 2026-09-28T16:49:18.519Z [BRIDGE_CFG] [INFO] Key 11: softReadingPeriodMs
2026-09-28T16:49:17Z 2026-09-28T16:49:18.519Z [BRIDGE_CFG] [INFO] Key 12: rbrCodaReadingPeriodMs
2026-09-28T16:49:17Z 2026-09-28T16:49:18.523Z [BRIDGE_CFG] [INFO] Key 13: turbidityReadingPeriodMs
2026-09-28T16:49:17Z 2026-09-28T16:49:18.523Z [BRIDGE_CFG] [INFO] Key 14: disableUnusedPortsTimeMs
2026-09-28T16:49:17Z 2026-09-28T16:49:18.523Z [BRIDGE_CFG] [INFO] Key 15: salinityReadingPeriodMs
2026-09-28T16:49:17Z 2026-09-28T16:49:18.523Z [BRIDGE_CFG] [INFO] Key 16: sensorsCheckIntervalS
2026-09-28T16:49:17Z 2026-09-28T16:49:18.523Z [BRIDGE_CFG] [INFO] Key 17: sensorsPollIntervalMs
2026-09-28T16:49:17Z 2026-09-28T16:49:18.523Z [BRIDGE_CFG] [INFO] Response msg -- Node Id: 0000000000000000, Partition: user, Commit Status: 0
2026-09-28T16:49:17Z 2026-09-28T16:49:18.523Z [BRIDGE_CFG] [INFO] Num Keys: 0
2026-09-28T16:49:17Z 2026-09-28T16:49:18.523Z [BRIDGE_CFG] [INFO] Response msg -- Node Id: 0000000000000000, Partition: hardware, Commit Status: 0
2026-09-28T16:49:17Z 2026-09-28T16:49:18.523Z [BRIDGE_CFG] [INFO] Num Keys: 1
2026-09-28T16:49:17Z 2026-09-28T16:49:18.523Z [BRIDGE_CFG] [INFO] Key 0: smConfigurationCrc
2026-09-28T16:49:17Z 2026-09-28T16:49:18.523Z [BRIDGE] [INFO] handle_power_states, power on for: 4294967295
2026-09-28T16:49:17Z 2026-09-28T16:49:18.531Z [BRIDGE_CFG] [INFO] Node ID: 0000000000000000 Partition: system Value: 3600000
2026-09-28T16:49:17Z 2026-09-28T16:49:18.535Z [BRIDGE_CFG] [INFO] Node ID: 0000000000000000 Partition: system Value: 600000
2026-09-28T16:49:17Z 2026-09-28T16:49:18.539Z [BRIDGE_CFG] [INFO] Node ID: 0000000000000000 Partition: system Value: 300000
2026-09-28T16:49:17Z 2026-09-28T16:49:18.546Z [BRIDGE_CFG] [INFO] Node ID: 0000000000000000 Partition: system Value: 30000
2026-09-28T16:49:17Z 2026-09-28T16:49:18.550Z [BRIDGE_CFG] [INFO] Node ID: 0000000000000000 Partition: system Value: 0
2026-09-28T16:49:17Z 2026-09-28T16:49:18.554Z [BRIDGE_CFG] [INFO] Node ID: 0000000000000000 Partition: system Value: 0
2026-09-28T16:49:17Z 2026-09-28T16:49:18.558Z [BRIDGE_CFG] [INFO] Node ID: 0000000000000000 Partition: system Value: 1
2026-09-28T16:49:17Z 2026-09-28T16:49:18.566Z [BRIDGE_CFG] [INFO] Node ID: 0000000000000000 Partition: system Value: 0
2026-09-28T16:49:17Z 2026-09-28T16:49:18.570Z [BRIDGE_CFG] [INFO] Node ID: 0000000000000000 Partition: system Value: 1
2026-09-28T16:49:17Z 2026-09-28T16:49:18.574Z [BRIDGE_CFG] [INFO] Node ID: 0000000000000000 Partition: system Value: 0
2026-09-28T16:49:17Z 2026-09-28T16:49:18.582Z [BRIDGE_CFG] [INFO] Node ID: 0000000000000000 Partition: system Value: 60000
2026-09-28T16:49:17Z 2026-09-28T16:49:18.585Z [BRIDGE_CFG] [INFO] Node ID: 0000000000000000 Partition: system Value: 500
2026-09-28T16:49:17Z 2026-09-28T16:49:18.589Z [BRIDGE_CFG] [INFO] Node ID: 0000000000000000 Partition: system Value: 500
2026-09-28T16:49:17Z 2026-09-28T16:49:18.593Z [BRIDGE_CFG] [INFO] Node ID: 0000000000000000 Partition: system Value: 1000
2026-09-28T16:49:17Z 2026-09-28T16:49:18.601Z [BRIDGE_CFG] [INFO] Node ID: 0000000000000000 Partition: system Value: 0
2026-09-28T16:49:17Z 2026-09-28T16:49:18.605Z [BRIDGE_CFG] [INFO] Node ID: 0000000000000000 Partition: system Value: 30000
2026-09-28T16:49:17Z 2026-09-28T16:49:18.609Z [BRIDGE_CFG] [INFO] Node ID: 0000000000000000 Partition: system Value: 60
2026-09-28T16:49:17Z 2026-09-28T16:49:18.617Z [BRIDGE_CFG] [INFO] Node ID: 0000000000000000 Partition: system Value: 10000
2026-09-28T16:49:17Z 2026-09-28T16:49:18.621Z [BRIDGE_CFG] [INFO] Node ID: 0000000000000000 Partition: hardware - Failed to decode value
2026-09-28T16:49:18Z 2026-09-28T16:49:19.476Z [BRIDGE_SYS] [INFO] Neighbor 53171fa3d81a8e6f added
2026-09-28T16:50:07Z SPOT-33507C > bm pub bmcam/cmd {"id":51010,"c":"set","kv":{"schedule.window.start":"03:00","schedule.window.end":"04:00"}} 1 1
2026-09-28T16:50:10Z bm pub bmcam/cmd {"id":51010,"c":"set","kv":{"schedule.window.start":"03:00","schedule.window.end":"04:00"}} 1 1
2026-09-28T16:55:27Z SPOT-33507C > bm pub bmcam/cmd {"id":51020,"c":"hld","v":30} 1 1
2026-09-28T16:55:29Z bm pub bmcam/cmd {"id":51020,"c":"hld","v":30} 1 1
2026-09-28T16:55:29Z 1790614530.808 53171fa3d81a8e6f, [bmcam003] OK id=51020 hold awake 1 min (asked 30: clamped by hold_max_min / the bus-power budget) cfg=49eccde5
2026-09-28T16:55:35Z SPOT-33507C > bm pub bmcam/cmd {"id":51021,"c":"set","kv":{"power.bus_always_on":true}} 1 1
2026-09-28T16:55:37Z bm pub bmcam/cmd {"id":51021,"c":"set","kv":{"power.bus_always_on":true}} 1 1
2026-09-28T16:55:37Z 1790614538.437 53171fa3d81a8e6f, [bmcam003] OK id=51021 power.bus_always_on: STAGED true (awaiting cfm 51021) (next action) cfg=49eccde5
2026-09-28T16:56:16Z SPOT-33507C > bm pub bmcam/cmd {"id":51022,"c":"cfm","ref":51021} 1 1
2026-09-28T16:56:18Z bm pub bmcam/cmd {"id":51022,"c":"cfm","ref":51021} 1 1
2026-09-28T16:56:18Z 1790614579.925 53171fa3d81a8e6f, [bmcam003] OK id=51022 cfm 51021: power.bus_always_on applied cfg=55e424b4
2026-09-28T16:56:22Z 2026-09-28T16:56:23.472Z [BRIDGE_CFG] [INFO] Bridge topology in topology sampler:
2026-09-28T16:56:22Z 2026-09-28T16:56:23.476Z [BRIDGE_CFG] [INFO] c3c564b91856226c
2026-09-28T16:56:22Z 2026-09-28T16:56:23.480Z [BRIDGE_CFG] [INFO] 53171fa3d81a8e6f
2026-09-28T16:56:22Z 2026-09-28T16:56:23.480Z [BRIDGE_SYS] [INFO] Checking CRC in report builder!
2026-09-28T16:56:22Z 2026-09-28T16:56:23.484Z [BRIDGE_SYS] [INFO] Got CRC ba829098 OLD CRC ba829098
2026-09-28T16:56:22Z 2026-09-28T16:56:23.484Z [BRIDGE_SYS] [INFO] CRCs match, not updating
2026-09-28T16:56:22Z SPOT-33507C > bm pub bmcam/cmd {"id":51023,"c":"hld","v":60} 1 1
2026-09-28T16:56:23Z bm pub bmcam/cmd {"id":51023,"c":"hld","v":60} 1 1
2026-09-28T16:56:23Z 1790614585.167 53171fa3d81a8e6f, [bmcam003] OK id=51023 hold awake 1 min (asked 60: clamped by hold_max_min / the bus-power budget) cfg=55e424b4
2026-09-28T16:57:53Z SPOT-33507C > bridge cfg commit c3c564b91856226c s
2026-09-28T16:57:56Z bridge cfg commit c3c564b91856226c s
2026-09-28T16:57:56Z Succesfull config commit send
2026-09-28T16:57:57Z 2026-09-28T16:57:58.796Z [BRIDGE] [ERROR] Bridge RX Processing Packet Failure: -7
2026-09-28T16:57:57Z 2026-09-28T16:57:58.800Z [BRIDGE] [INFO] Setting negotiated baud rate to 1000000 from 1000000
2026-09-28T16:57:57Z 2026-09-28T16:57:58.804Z [BRIDGE_SYS] [INFO] Bridge State Init
2026-09-28T16:57:57Z 2026-09-28T16:57:58.808Z [BRIDGE] [INFO] Reboot info received from c3c564b91856226c - Reason: 5 gitSHA: 1595f804 Reboot cnt: 0 PC: 0x0 LR: 0x0
2026-09-28T16:57:57Z 2026-09-28T16:57:58.816Z [BRIDGE_SYS] [INFO] Bridge bus power: 1
2026-09-28T16:57:57Z 2026-09-28T16:57:58.863Z [BRIDGE_CFG] [INFO] Response msg -- Node Id: 0000000000000000, Partition: system, Commit Status: 0
2026-09-28T16:57:57Z 2026-09-28T16:57:58.867Z [BRIDGE_CFG] [INFO] Num Keys: 18
2026-09-28T16:57:57Z 2026-09-28T16:57:58.867Z [BRIDGE_CFG] [INFO] Key 0: sampleIntervalMs
2026-09-28T16:57:57Z 2026-09-28T16:57:58.867Z [BRIDGE_CFG] [INFO] Key 1: sampleDurationMs
2026-09-28T16:57:57Z 2026-09-28T16:57:58.867Z [BRIDGE_CFG] [INFO] Key 2: subsampleIntervalMs
2026-09-28T16:57:57Z 2026-09-28T16:57:58.867Z [BRIDGE_CFG] [INFO] Key 3: subsampleDurationMs
2026-09-28T16:57:57Z 2026-09-28T16:57:58.867Z [BRIDGE_CFG] [INFO] Key 4: subsampleEnabled
2026-09-28T16:57:57Z 2026-09-28T16:57:58.867Z [BRIDGE_CFG] [INFO] Key 5: bridgePowerControllerEnabled
2026-09-28T16:57:57Z 2026-09-28T16:57:58.867Z [BRIDGE_CFG] [INFO] Key 6: alignmentInterval5Min
2026-09-28T16:57:57Z 2026-09-28T16:57:58.867Z [BRIDGE_CFG] [INFO] Key 7: ticksSamplingEnabled
2026-09-28T16:57:57Z 2026-09-28T16:57:58.867Z [BRIDGE_CFG] [INFO] Key 8: samplesPerReport
2026-09-28T16:57:57Z 2026-09-28T16:57:58.867Z [BRIDGE_CFG] [INFO] Key 9: transmitAggregations
2026-09-28T16:57:57Z 2026-09-28T16:57:58.867Z [BRIDGE_CFG] [INFO] Key 10: currentReadingPeriodMs
2026-09-28T16:57:57Z 2026-09-28T16:57:58.867Z [BRIDGE_CFG] [INFO] Key 11: softReadingPeriodMs
2026-09-28T16:57:57Z 2026-09-28T16:57:58.867Z [BRIDGE_CFG] [INFO] Key 12: rbrCodaReadingPeriodMs
2026-09-28T16:57:57Z 2026-09-28T16:57:58.867Z [BRIDGE_CFG] [INFO] Key 13: turbidityReadingPeriodMs
2026-09-28T16:57:57Z 2026-09-28T16:57:58.871Z [BRIDGE_CFG] [INFO] Key 14: disableUnusedPortsTimeMs
2026-09-28T16:57:57Z 2026-09-28T16:57:58.871Z [BRIDGE_CFG] [INFO] Key 15: salinityReadingPeriodMs
2026-09-28T16:57:57Z 2026-09-28T16:57:58.871Z [BRIDGE_CFG] [INFO] Key 16: sensorsCheckIntervalS
2026-09-28T16:57:57Z 2026-09-28T16:57:58.871Z [BRIDGE_CFG] [INFO] Key 17: sensorsPollIntervalMs
2026-09-28T16:57:57Z 2026-09-28T16:57:58.871Z [BRIDGE_CFG] [INFO] Response msg -- Node Id: 0000000000000000, Partition: user, Commit Status: 0
2026-09-28T16:57:57Z 2026-09-28T16:57:58.871Z [BRIDGE_CFG] [INFO] Num Keys: 0
2026-09-28T16:57:57Z 2026-09-28T16:57:58.871Z [BRIDGE_CFG] [INFO] Response msg -- Node Id: 0000000000000000, Partition: hardware, Commit Status: 0
2026-09-28T16:57:57Z 2026-09-28T16:57:58.871Z [BRIDGE_CFG] [INFO] Num Keys: 1
2026-09-28T16:57:57Z 2026-09-28T16:57:58.871Z [BRIDGE_CFG] [INFO] Key 0: smConfigurationCrc
2026-09-28T16:57:57Z 2026-09-28T16:57:58.871Z [BRIDGE] [INFO] handle_power_states, power on for: 4294967295
2026-09-28T16:57:57Z 2026-09-28T16:57:58.878Z [BRIDGE_CFG] [INFO] Node ID: 0000000000000000 Partition: system Value: 3600000
2026-09-28T16:57:57Z 2026-09-28T16:57:58.882Z [BRIDGE_CFG] [INFO] Node ID: 0000000000000000 Partition: system Value: 600000
2026-09-28T16:57:57Z 2026-09-28T16:57:58.886Z [BRIDGE_CFG] [INFO] Node ID: 0000000000000000 Partition: system Value: 300000
2026-09-28T16:57:57Z 2026-09-28T16:57:58.894Z [BRIDGE_CFG] [INFO] Node ID: 0000000000000000 Partition: system Value: 30000
2026-09-28T16:57:57Z 2026-09-28T16:57:58.898Z [BRIDGE_CFG] [INFO] Node ID: 0000000000000000 Partition: system Value: 0
2026-09-28T16:57:57Z 2026-09-28T16:57:58.902Z [BRIDGE_CFG] [INFO] Node ID: 0000000000000000 Partition: system Value: 0
2026-09-28T16:57:57Z 2026-09-28T16:57:58.906Z [BRIDGE_CFG] [INFO] Node ID: 0000000000000000 Partition: system Value: 1
2026-09-28T16:57:57Z 2026-09-28T16:57:58.914Z [BRIDGE_CFG] [INFO] Node ID: 0000000000000000 Partition: system Value: 0
2026-09-28T16:57:57Z 2026-09-28T16:57:58.917Z [BRIDGE_CFG] [INFO] Node ID: 0000000000000000 Partition: system Value: 1
2026-09-28T16:57:57Z 2026-09-28T16:57:58.921Z [BRIDGE_CFG] [INFO] Node ID: 0000000000000000 Partition: system Value: 0
2026-09-28T16:57:57Z 2026-09-28T16:57:58.925Z [BRIDGE_CFG] [INFO] Node ID: 0000000000000000 Partition: system Value: 60000
2026-09-28T16:57:57Z 2026-09-28T16:57:58.933Z [BRIDGE_CFG] [INFO] Node ID: 0000000000000000 Partition: system Value: 500
2026-09-28T16:57:57Z 2026-09-28T16:57:58.937Z [BRIDGE_CFG] [INFO] Node ID: 0000000000000000 Partition: system Value: 500
2026-09-28T16:57:57Z 2026-09-28T16:57:58.941Z [BRIDGE_CFG] [INFO] Node ID: 0000000000000000 Partition: system Value: 1000
2026-09-28T16:57:57Z 2026-09-28T16:57:58.949Z [BRIDGE_CFG] [INFO] Node ID: 0000000000000000 Partition: system Value: 0
2026-09-28T16:57:57Z 2026-09-28T16:57:58.953Z [BRIDGE_CFG] [INFO] Node ID: 0000000000000000 Partition: system Value: 30000
2026-09-28T16:57:57Z 2026-09-28T16:57:58.957Z [BRIDGE_CFG] [INFO] Node ID: 0000000000000000 Partition: system Value: 60
2026-09-28T16:57:57Z 2026-09-28T16:57:58.960Z [BRIDGE_CFG] [INFO] Node ID: 0000000000000000 Partition: system Value: 10000
2026-09-28T16:57:57Z 2026-09-28T16:57:58.968Z [BRIDGE_CFG] [INFO] Node ID: 0000000000000000 Partition: hardware - Failed to decode value
2026-09-28T16:57:58Z 2026-09-28T16:57:59.824Z [BRIDGE_SYS] [INFO] Neighbor 53171fa3d81a8e6f added
2026-09-28T16:59:04Z SPOT-33507C > bm pub bmcam/cmd {"id":51024,"c":"hld","v":120} 1 1
2026-09-28T16:59:07Z bm pub bmcam/cmd {"id":51024,"c":"hld","v":120} 1 1
2026-09-28T16:59:07Z 1790614748.679 53171fa3d81a8e6f, [bmcam003] OK id=51024 hold awake 120 min cfg=55e424b4
2026-09-28T17:00:12Z SPOT-33507C > bm pub bmcam/cmd {"id":51004,"c":"ping"} 1 1
2026-09-28T17:00:14Z bm pub bmcam/cmd {"id":51004,"c":"ping"} 1 1
2026-09-28T17:00:14Z 1790614816.003 53171fa3d81a8e6f, [bmcam003] OK id=51004 ping cfg=55e424b4
2026-09-28T17:00:18Z SPOT-33507C > bm pub bmcam/cmd {"id":51005,"c":"get","k":["journal"]} 1 1
2026-09-28T17:00:19Z bm pub bmcam/cmd {"id":51005,"c":"get","k":["journal"]} 1 1
2026-09-28T17:00:19Z 1790614821.246 53171fa3d81a8e6f, [bmcam003] OK id=51005 get journal: last 5 change(s) cfg=55e424b4
2026-09-28T17:00:19Z 1790614821.296 53171fa3d81a8e6f,   2026-09-28T16:38:47Z deploy id=None *: none -> 0f6778492c87
2026-09-28T17:00:19Z 1790614821.347 53171fa3d81a8e6f,   2026-09-28T16:39:20Z deploy id=None camera_config.yaml: none -> registry v5 spelling
2026-09-28T17:00:20Z 1790614821.406 53171fa3d81a8e6f,   2026-09-28T16:55:01Z console id=51010 schedule.window.start: none -> 03:00
2026-09-28T17:00:20Z 1790614821.457 53171fa3d81a8e6f,   2026-09-28T16:55:01Z console id=51010 schedule.window.end: none -> 04:00
2026-09-28T17:00:20Z 1790614821.503 53171fa3d81a8e6f,   2026-09-28T16:56:18Z console id=51022 power.bus_always_on: none -> true
2026-09-28T17:00:26Z SPOT-33507C > bm pub bmcam/cmd {"id":51006,"c":"get","k":["power"]} 1 1
2026-09-28T17:00:26Z bm pub bmcam/cmd {"id":51006,"c":"get","k":["power"]} 1 1
2026-09-28T17:00:26Z 1790614828.343 53171fa3d81a8e6f, [bmcam003] OK id=51006 get power: 5 key(s) cfg=55e424b4
2026-09-28T17:00:26Z 1790614828.382 53171fa3d81a8e6f,   power.halt.enabled = true (yaml)
2026-09-28T17:00:27Z 1790614828.441 53171fa3d81a8e6f,   power.halt.dry_run = false (yaml)
2026-09-28T17:00:27Z 1790614828.492 53171fa3d81a8e6f,   power.halt.mode = halt (yaml)
2026-09-28T17:00:27Z 1790614828.542 53171fa3d81a8e6f,   power.halt.script_path = /home/pi/BM_Devel_Pi/tuned_halt.sh (yaml)
2026-09-28T17:00:27Z 1790614828.593 53171fa3d81a8e6f,   power.bus_always_on = true (cmd 51021)
2026-09-28T17:00:35Z SPOT-33507C > bm pub bmcam/cmd {"id":51003,"c":"get","k":["mode","r"]} 1 1
2026-09-28T17:00:36Z bm pub bmcam/cmd {"id":51003,"c":"get","k":["mode","r"]} 1 1
2026-09-28T17:00:36Z 1790614837.613 53171fa3d81a8e6f, [bmcam003] OK id=51003 get mode, r: 6 key(s) (duplicate: original answer) cfg=55e424b4
2026-09-28T17:00:41Z SPOT-33507C > bm pub bmcam/cmd {"id":51010,"c":"set","kv":{"schedule.window.start":"03:00","schedule.window.end":"04:00"}} 1 1
2026-09-28T17:00:42Z bm pub bmcam/cmd {"id":51010,"c":"set","kv":{"schedule.window.start":"03:00","schedule.window.end":"04:00"}} 1 1
2026-09-28T17:00:42Z 1790614844.039 53171fa3d81a8e6f, [bmcam003] OK id=51010 schedule.window.start: 00:00 -> 03:00, schedule.window.end: 00:00 -> 04:00 (next action) (duplicate: original answer) cfg=55e424b4
2026-09-28T17:01:32Z SPOT-33507C > bm pub bmcam/cmd {"id":51040,"c":"set","kv":{"e":NaN}} 1 1
2026-09-28T17:01:35Z bm pub bmcam/cmd {"id":51040,"c":"set","kv":{"e":NaN}} 1 1
2026-09-28T17:01:35Z 1790614896.519 53171fa3d81a8e6f, [bmcam003] DROPPED (no ack): not strict JSON: NaN is not allowed
2026-09-28T17:01:39Z SPOT-33507C > bm pub bmcam/cmd {"id":51041,"c":"set","kv":{"schedule.timezone":"America/New York"}} 1 1
2026-09-28T17:01:40Z bm pub bmcam/cmd {"id":51041,"c":"set","kv":{"schedule.timezone":"America/New York"}} 1 1
2026-09-28T17:01:44Z SPOT-33507C > bm pub bmcam/cmd {"id":51042,"c":"set","kv":{"camera.image_processing.denoise":"aaaaaaaaaaaaaaaaaaaaaaaaaaaaaaaaaaaaaaaaaaaaaaaa","camera.exposure.mode":"bbbbbbbbbbbbbbbbbbbbbbbbbbbbbbbbbbb","video.record.framing":"cccccccccccccccccccccccccccccccccccccccccccccccc"}} 1 1
2026-09-28T17:01:45Z bm pub bmcam/cmd {"id":51042,"c":"set","kv":{"camera.image_processing.denoise":"aaaaaaaaaaaaaaaaaaaaaaaaaaaaaaaaaaaaaaaaaaaaaaaa","camera.exposure.mode":"bbbbbbbbbbbbbbbbbbbbbbbbbbbbbbbbbbb","video.r
2026-09-28T17:01:45Z RX overflow - clearing buffer!
2026-09-28T17:01:45Z ccccccc"}} 1 1
2026-09-28T17:01:45Z Command not recognised.  Enter 'help' to view a list of available commands.
2026-09-28T17:01:45Z 
2026-09-28T17:01:49Z SPOT-33507C > bm pub bmcam/cmd {"id":51043,"c":"set","kv":{"b":"manual"}} 1 1
2026-09-28T17:01:50Z bm pub bmcam/cmd {"id":51043,"c":"set","kv":{"b":"manual"}} 1 1
2026-09-28T17:01:51Z 1790614912.378 53171fa3d81a8e6f, [bmcam003] REJECTED id=51043 manual white balance needs camera.white_balance.gains [red, blue] e=xk k=camera.white_balance.mode cfg=55e424b4
2026-09-28T17:01:55Z SPOT-33507C > bm pub bmcam/cmd {"id":51044,"c":"set","kv":{"nope.key":1}} 1 1
2026-09-28T17:01:56Z bm pub bmcam/cmd {"id":51044,"c":"set","kv":{"nope.key":1}} 1 1
2026-09-28T17:01:56Z 1790614917.816 53171fa3d81a8e6f, [bmcam003] REJECTED id=51044 'nope.key' is not a setting e=key k=nope.key cfg=55e424b4
2026-09-28T17:02:00Z SPOT-33507C > bm pub bmcam/cmd {"id":51045,"c":"set","kv":{"commands.runtime":"legacy"}} 1 1
2026-09-28T17:02:01Z bm pub bmcam/cmd {"id":51045,"c":"set","kv":{"commands.runtime":"legacy"}} 1 1
2026-09-28T17:02:01Z 1790614923.058 53171fa3d81a8e6f, [bmcam003] REJECTED id=51045 commands.runtime is locked (deploy only) e=lock k=commands.runtime cfg=55e424b4
2026-09-28T17:02:02Z 2026-09-28T17:02:03.812Z [BRIDGE_CFG] [INFO] Bridge topology in topology sampler:
2026-09-28T17:02:02Z 2026-09-28T17:02:03.820Z [BRIDGE_CFG] [INFO] c3c564b91856226c
2026-09-28T17:02:02Z 2026-09-28T17:02:03.824Z [BRIDGE_CFG] [INFO] 53171fa3d81a8e6f
2026-09-28T17:02:02Z 2026-09-28T17:02:03.824Z [BRIDGE_SYS] [INFO] Checking CRC in report builder!
2026-09-28T17:02:02Z 2026-09-28T17:02:03.828Z [BRIDGE_SYS] [INFO] Got CRC ba829098 OLD CRC ba829098
2026-09-28T17:02:02Z 2026-09-28T17:02:03.832Z [BRIDGE_SYS] [INFO] CRCs match, not updating
2026-09-28T17:02:05Z SPOT-33507C > bm pub bmcam/cmd {"id":51046,"c":"set","kv":{"uplink.chunk_chars":320}} 1 1
2026-09-28T17:02:06Z bm pub bmcam/cmd {"id":51046,"c":"set","kv":{"uplink.chunk_chars":320}} 1 1
2026-09-28T17:02:06Z 1790614928.296 53171fa3d81a8e6f, [bmcam003] REJECTED id=51046 uplink.chunk_chars needs a signed service-range command e=auth k=uplink.chunk_chars cfg=55e424b4
2026-09-28T17:02:11Z SPOT-33507C > bm pub bmcam/cmd {"id":51047,"c":"roi","v":2} 1 1
2026-09-28T17:02:11Z bm pub bmcam/cmd {"id":51047,"c":"roi","v":2} 1 1
2026-09-28T17:02:12Z 1790614933.523 53171fa3d81a8e6f, [bmcam003] REJECTED id=51047 unknown command 'roi' e=cmd cfg=55e424b4
2026-09-28T17:02:16Z SPOT-33507C > bm pub bmcam/cmd {"id":51048,"c":"set","kv":{"e":9.5}} 1 1
2026-09-28T17:02:17Z bm pub bmcam/cmd {"id":51048,"c":"set","kv":{"e":9.5}} 1 1
2026-09-28T17:02:17Z 1790614938.765 53171fa3d81a8e6f, [bmcam003] REJECTED id=51048 must be in -8.0..8.0 e=val k=camera.exposure.ev cfg=55e424b4
2026-09-28T17:02:21Z SPOT-33507C > bm pub bmcam/cmd {"id":51049,"c":"set","kv":{"video.send.message_cap":40}} 1 1
2026-09-28T17:02:22Z bm pub bmcam/cmd {"id":51049,"c":"set","kv":{"video.send.message_cap":40}} 1 1
2026-09-28T17:02:22Z 1790614943.812 53171fa3d81a8e6f, [bmcam003] REJECTED id=51049 40 is below 80: the x264 fit cannot encode a clip that small (S3b bench F1) e=xk k=video.send.message_cap cfg=55e424b4
2026-09-28T17:04:00Z SPOT-33507C > bm pub bmcam/cmd {"id":51050,"c":"set","kv":{"zzayyyyyyyyyyyyyyyyyyyyyyyyyyyyyyyyyyyyyyyyyyyyy":1,"zzbyyyyyyyyyyyyyyyyyyyyyyyyyyyyyyyyyyyyyyyyyyyyy":1,"zqyyyyyyyyyyyyyyyyyyyyyyyy":1.00000000000}} 1 1
2026-09-28T17:04:02Z 2026-09-28T17:04:03.808Z [BRIDGE_CFG] [INFO] Bridge topology in topology sampler:
2026-09-28T17:04:02Z 2026-09-28T17:04:03.816Z [BRIDGE_CFG] [INFO] c3c564b91856226c
2026-09-28T17:04:02Z 2026-09-28T17:04:03.816Z [BRIDGE_CFG] [INFO] 53171fa3d81a8e6f
2026-09-28T17:04:02Z 2026-09-28T17:04:03.820Z [BRIDGE_SYS] [INFO] Checking CRC in report builder!
2026-09-28T17:04:02Z 2026-09-28T17:04:03.820Z [BRIDGE_SYS] [INFO] Got CRC ba829098 OLD CRC ba829098
2026-09-28T17:04:02Z 2026-09-28T17:04:03.824Z [BRIDGE_SYS] [INFO] CRCs match, not updating
2026-09-28T17:04:02Z bm pub bmcam/cmd {"id":51050,"c":"set","kv":{"zzayyyyyyyyyyyyyyyyyyyyyyyyyyyyyyyyyyyyyyyyyyyyy":1,"zzbyyyyyyyyyyyyyyyyyyyyyyyyyyyyyyyyyyyyyyyyyyyyy":1,"zqyyyyyyyyyyyyyyyyyyyyyyyy":1.00000000000}} 1 1
2026-09-28T17:04:02Z 1790615044.203 53171fa3d81a8e6f, [bmcam003] REJECTED id=51050 'zzayyyyyyyyyyyyyyyyyyyyyyyyyyyyyyyyyyyyyyyyyyyyy' is not a setting e=key k=zzayyyyyyyyyyyyyyyyyyyyyyyyyyyyyyyyyyyyyyyyyyyyy cfg=55e424b4
2026-09-28T17:04:07Z SPOT-33507C > bm pub bmcam/cmd {"id":51051,"c":"set","kv":{"zzayyyyyyyyyyyyyyyyyyyyyyyyyyyyyyyyyyyyyyyyyyyyy":1,"zzbyyyyyyyyyyyyyyyyyyyyyyyyyyyyyyyyyyyyyyyyyyyyy":1,"zzcyyyyyyyyyyyyyyyyyyyyyyyyyyyyyyyyyyyyyyyyyyyyy":1,"zqyyyyyyyyyyy":1.00000000000}} 1 1
2026-09-28T17:04:08Z bm pub bmcam/cmd {"id":51051,"c":"set","kv":{"zzayyyyyyyyyyyyyyyyyyyyyyyyyyyyyyyyyyyyyyyyyyyyy":1,"zzbyyyyyyyyyyyyyyyyyyyyyyyyyyyyyyyyyyyyyyyyyyyyy":1,"zzcyyyyyyyyyyyyyyyyyyyyyyyyyyyyyyyyyyyyyyyyyyyy
2026-09-28T17:04:08Z 1790615049.843 53171fa3d81a8e6f, [bmcam003] REJECTED id=51051 'zzayyyyyyyyyyyyyyyyyyyyyyyyyyyyyyyyyyyyyyyyyyyyy' is not a setting e=key k=zzayyyyyyyyyyyyyyyyyyyyyyyyyyyyyyyyyyyyyyyyyyyyy cfg=55e424b4
2026-09-28T17:04:13Z SPOT-33507C > bm pub bmcam/cmd {"id":51052,"c":"set","kv":{"zzayyyyyyyyyyyyyyyyyyyyyyyyyyyyyyyyyyyyyyyyyyyyy":1,"zzbyyyyyyyyyyyyyyyyyyyyyyyyyyyyyyyyyyyyyyyyyyyyy":1,"zzcyyyyyyyyyyyyyyyyyyyyyyyyyyyyyyyyyyyyyyyyyyyyy":1,"zqyyyyyyyyyyyyyyyyyyyyy":1.00000000000}} 1 1
2026-09-28T17:04:14Z bm pub bmcam/cmd {"id":51052,"c":"set","kv":{"zzayyyyyyyyyyyyyyyyyyyyyyyyyyyyyyyyyyyyyyyyyyyyy":1,"zzbyyyyyyyyyyyyyyyyyyyyyyyyyyyyyyyyyyyyyyyyyyyyy":1,"zzcyyyyyyyyyyyyyyyyyyyyyyyyyyyyyyyyyyyyyyyyyyyy
2026-09-28T17:04:14Z 1790615055.683 53171fa3d81a8e6f, [bmcam003] REJECTED id=51052 'zzayyyyyyyyyyyyyyyyyyyyyyyyyyyyyyyyyyyyyyyyyyyyy' is not a setting e=key k=zzayyyyyyyyyyyyyyyyyyyyyyyyyyyyyyyyyyyyyyyyyyyyy cfg=55e424b4
2026-09-28T17:04:19Z SPOT-33507C > bm pub bmcam/cmd {"id":51053,"c":"set","kv":{"zzayyyyyyyyyyyyyyyyyyyyyyyyyyyyyyyyyyyyyyyyyyyyy":1,"zzbyyyyyyyyyyyyyyyyyyyyyyyyyyyyyyyyyyyyyyyyyyyyy":1,"zzcyyyyyyyyyyyyyyyyyyyyyyyyyyyyyyyyyyyyyyyyyyyyy":1,"zqyyyyyyyyyyyyyyyyyyyyyyyyyyy":1.00000000000}} 1 1
2026-09-28T17:04:20Z bm pub bmcam/cmd {"id":51053,"c":"set","kv":{"zzayyyyyyyyyyyyyyyyyyyyyyyyyyyyyyyyyyyyyyyyyyyyy":1,"zzbyyyyyyyyyyyyyyyyyyyyyyyyyyyyyyyyyyyyyyyyyyyyy":1,"zzcyyyyyyyyyyyyyyyyyyyyyyyyyyyyyyyyyyyyyyyyyyyy
2026-09-28T17:04:20Z 1790615061.722 53171fa3d81a8e6f, [bmcam003] REJECTED id=51053 'zzayyyyyyyyyyyyyyyyyyyyyyyyyyyyyyyyyyyyyyyyyyyyy' is not a setting e=key k=zzayyyyyyyyyyyyyyyyyyyyyyyyyyyyyyyyyyyyyyyyyyyyy cfg=55e424b4
2026-09-28T17:04:25Z SPOT-33507C > bm pub bmcam/cmd {"id":51054,"c":"set","kv":{"zzayyyyyyyyyyyyyyyyyyyyyyyyyyyyyyyyyyyyyyyyyyyyy":1,"zzbyyyyyyyyyyyyyyyyyyyyyyyyyyyyyyyyyyyyyyyyyyyyy":1,"zzcyyyyyyyyyyyyyyyyyyyyyyyyyyyyyyyyyyyyyyyyyyyyy":1,"zqyyyyyyyyyyyyyyyyyyyyyyyyyyyy":1.00000000000}} 1 1
2026-09-28T17:04:25Z bm pub bmcam/cmd {"id":51054,"c":"set","kv":{"zzayyyyyyyyyyyyyyyyyyyyyyyyyyyyyyyyyyyyyyyyyyyyy":1,"zzbyyyyyyyyyyyyyyyyyyyyyyyyyyyyyyyyyyyyyyyyyyyyy":1,"zzcyyyyyyyyyyyyyyyyyyyyyyyyyyyyyyyyyyyyyyyyyyyy
2026-09-28T17:04:25Z RX overflow - clearing buffer!
2026-09-28T17:04:25Z 
2026-09-28T17:04:25Z Command not recognised.  Enter 'help' to view a list of available commands.
2026-09-28T17:04:25Z 
2026-09-28T17:04:31Z SPOT-33507C > bm pub bmcam/cmd {"id":51055,"c":"set","kv":{"zzayyyyyyyyyyyyyyyyyyyyyyyyyyyyyyyyyyyyyyyyyyyyy":1,"zzbyyyyyyyyyyyyyyyyyyyyyyyyyyyyyyyyyyyyyyyyyyyyy":1,"zzcyyyyyyyyyyyyyyyyyyyyyyyyyyyyyyyyyyyyyyyyyyyyy":1,"zqyyyyyyyyyyyyyyyyyyyyyyyyyyyyyyyyyyy":1.00000000000}} 1 1
2026-09-28T17:04:32Z bm pub bmcam/cmd {"id":51055,"c":"set","kv":{"zzayyyyyyyyyyyyyyyyyyyyyyyyyyyyyyyyyyyyyyyyyyyyy":1,"zzbyyyyyyyyyyyyyyyyyyyyyyyyyyyyyyyyyyyyyyyyyyyyy":1,"zzcyyyyyyyyyyyyyyyyyyyyyyyyyyyyyyyyyyyyyyyyyyyy
2026-09-28T17:04:32Z RX overflow - clearing buffer!
2026-09-28T17:04:32Z 0}} 1 1
2026-09-28T17:04:32Z Command not recognised.  Enter 'help' to view a list of available commands.
2026-09-28T17:04:32Z 
2026-09-28T17:04:37Z SPOT-33507C > bm pub bmcam/cmd {"id":51056,"c":"set","kv":{"zzayyyyyyyyyyyyyyyyyyyyyyyyyyyyyyyyyyyyyyyyyyyyy":1,"zzbyyyyyyyyyyyyyyyyyyyyyyyyyyyyyyyyyyyyyyyyyyyyy":1,"zzcyyyyyyyyyyyyyyyyyyyyyyyyyyyyyyyyyyyyyyyyyyyyy":1,"zqyyyyyyyyyyyyyyyyyyyyyyyyyyyyyyyyyyyyyyyyy":1.00000000000}} 1 1
2026-09-28T17:04:38Z bm pub bmcam/cmd {"id":51056,"c":"set","kv":{"zzayyyyyyyyyyyyyyyyyyyyyyyyyyyyyyyyyyyyyyyyyyyyy":1,"zzbyyyyyyyyyyyyyyyyyyyyyyyyyyyyyyyyyyyyyyyyyyyyy":1,"zzcyyyyyyyyyyyyyyyyyyyyyyyyyyyyyyyyyyyyyyyyyyyy
2026-09-28T17:04:38Z RX overflow - clearing buffer!
2026-09-28T17:04:38Z 0000000}} 1 1
2026-09-28T17:04:38Z Command not recognised.  Enter 'help' to view a list of available commands.
2026-09-28T17:04:38Z 
2026-09-28T17:05:05Z SPOT-33507C > bm pub bmcam/cmd {"id":51057,"c":"set","kv":{"schedule.timezone":"America/New York"}} 1 1
2026-09-28T17:05:07Z bm pub bmcam/cmd {"id":51057,"c":"set","kv":{"schedule.timezone":"America/New York"}} 1 1
2026-09-28T17:05:12Z SPOT-33507C > bm pub bmcam/cmd {"id":51058,"c":"set","kv":{"camera.exposure.mode":"café"}} 1 1
2026-09-28T17:05:12Z bm pub bmcam/cmd {"id":51058,"c":"set","kv":{"camera.exposure.mode":"caf"}} 1 1
2026-09-28T17:05:13Z 1790615114.421 53171fa3d81a8e6f, [bmcam003] OK id=51058 camera.exposure.mode: none -> caf (next action) cfg=9872e279
2026-09-28T17:05:17Z SPOT-33507C > bm pub bmcam/cmd {"id":51059,"c":"set","kv":{"power.halt.dry_run":1}} 1 1
2026-09-28T17:05:18Z bm pub bmcam/cmd {"id":51059,"c":"set","kv":{"power.halt.dry_run":1}} 1 1
2026-09-28T17:05:18Z 1790615119.871 53171fa3d81a8e6f, [bmcam003] REJECTED id=51059 must be true or false e=val k=power.halt.dry_run cfg=9872e279
2026-09-28T17:05:22Z SPOT-33507C > bm pub bmcam/cmd {"id":51060,"c":"set","kv":{"e":1.0,"e":-1.0}} 1 1
2026-09-28T17:05:23Z bm pub bmcam/cmd {"id":51060,"c":"set","kv":{"e":1.0,"e":-1.0}} 1 1
2026-09-28T17:05:23Z 1790615125.078 53171fa3d81a8e6f, [bmcam003] DROPPED (no ack): not strict JSON: duplicate key 'e'
2026-09-28T17:06:24Z SPOT-33507C > bm pub bmcam/cmd {"id":51061,"c":"set","kv":{"schedule.timezone":"America/New\u0020York"}} 1 1
2026-09-28T17:06:26Z bm pub bmcam/cmd {"id":51061,"c":"set","kv":{"schedule.timezone":"America/New\u0020York"}} 1 1
2026-09-28T17:06:26Z 1790615188.003 53171fa3d81a8e6f, [bmcam003] REJECTED id=51061 strings are [A-Za-z0-9_:./+-]{1,48} e=val k=schedule.timezone cfg=9872e279
2026-09-28T17:06:30Z SPOT-33507C > bm pub bmcam/cmd {"id":51062,"c":"set","kv":{"camera.exposure.mode":"caf\u00e9"}} 1 1
2026-09-28T17:06:31Z bm pub bmcam/cmd {"id":51062,"c":"set","kv":{"camera.exposure.mode":"caf\u00e9"}} 1 1
2026-09-28T17:06:31Z 1790615193.242 53171fa3d81a8e6f, [bmcam003] REJECTED id=51062 strings are [A-Za-z0-9_:./+-]{1,48} e=val k=camera.exposure.mode cfg=9872e279
2026-09-28T17:06:57Z SPOT-33507C > bm pub bmcam/cmd {"id":51069,"c":"reset","k":["camera.exposure.mode"]} 1 1
2026-09-28T17:06:59Z bm pub bmcam/cmd {"id":51069,"c":"reset","k":["camera.exposure.mode"]} 1 1
2026-09-28T17:06:59Z 1790615221.316 53171fa3d81a8e6f, [bmcam003] OK id=51069 reset camera.exposure.mode -> YAML cfg=55e424b4
2026-09-28T17:07:02Z 2026-09-28T17:07:03.796Z [BRIDGE_CFG] [INFO] Bridge topology in topology sampler:
2026-09-28T17:07:02Z 2026-09-28T17:07:03.804Z [BRIDGE_CFG] [INFO] c3c564b91856226c
2026-09-28T17:07:02Z 2026-09-28T17:07:03.808Z [BRIDGE_CFG] [INFO] 53171fa3d81a8e6f
2026-09-28T17:07:02Z 2026-09-28T17:07:03.808Z [BRIDGE_SYS] [INFO] Checking CRC in report builder!
2026-09-28T17:07:02Z 2026-09-28T17:07:03.812Z [BRIDGE_SYS] [INFO] Got CRC ba829098 OLD CRC ba829098
2026-09-28T17:07:02Z 2026-09-28T17:07:03.812Z [BRIDGE_SYS] [INFO] CRCs match, not updating
2026-09-28T17:07:04Z SPOT-33507C > bm pub bmcam/cmd {"id":51070,"c":"set","kv":{"e":-1.0}} 1 1
2026-09-28T17:07:05Z bm pub bmcam/cmd {"id":51070,"c":"set","kv":{"e":-1.0}} 1 1
2026-09-28T17:07:05Z 1790615226.566 53171fa3d81a8e6f, [bmcam003] OK id=51070 camera.exposure.ev: none -> -1.0 (next action) cfg=bfaf6f4a
2026-09-28T17:07:09Z SPOT-33507C > bm pub bmcam/cmd {"id":51071,"c":"reset","k":["e"]} 1 1
2026-09-28T17:07:10Z bm pub bmcam/cmd {"id":51071,"c":"reset","k":["e"]} 1 1
2026-09-28T17:07:10Z 1790615231.816 53171fa3d81a8e6f, [bmcam003] OK id=51071 reset camera.exposure.ev -> YAML cfg=55e424b4
2026-09-28T17:07:14Z SPOT-33507C > bm pub bmcam/cmd {"id":51070,"c":"set","kv":{"e":-1.0}} 1 1
2026-09-28T17:07:15Z bm pub bmcam/cmd {"id":51070,"c":"set","kv":{"e":-1.0}} 1 1
2026-09-28T17:07:15Z 1790615237.035 53171fa3d81a8e6f, [bmcam003] OK id=51070 camera.exposure.ev: none -> -1.0 (next action) (duplicate: original answer) cfg=55e424b4
2026-09-28T17:07:19Z SPOT-33507C > bm pub bmcam/cmd {"id":51072,"c":"set","kv":{"e":0.5},"b":"deadbeef"} 1 1
2026-09-28T17:07:20Z bm pub bmcam/cmd {"id":51072,"c":"set","kv":{"e":0.5},"b":"deadbeef"} 1 1
2026-09-28T17:07:21Z 1790615242.472 53171fa3d81a8e6f, [bmcam003] REJECTED id=51072 config is 55e424b4, not deadbeef e=cas cfg=55e424b4
2026-09-28T17:07:25Z SPOT-33507C > bm pub bmcam/cmd {"id":51073,"c":"set","kv":{"e":0.5},"b":"55e424b4"} 1 1
2026-09-28T17:07:26Z bm pub bmcam/cmd {"id":51073,"c":"set","kv":{"e":0.5},"b":"55e424b4"} 1 1
2026-09-28T17:07:26Z 1790615247.722 53171fa3d81a8e6f, [bmcam003] OK id=51073 camera.exposure.ev: none -> 0.5 (next action) cfg=6e538f0c
2026-09-28T17:07:30Z SPOT-33507C > bm pub bmcam/cmd {"id":51074,"c":"reset","k":["e"]} 1 1
2026-09-28T17:07:31Z bm pub bmcam/cmd {"id":51074,"c":"reset","k":["e"]} 1 1
2026-09-28T17:07:31Z 1790615252.960 53171fa3d81a8e6f, [bmcam003] OK id=51074 reset camera.exposure.ev -> YAML cfg=55e424b4
2026-09-28T17:08:04Z SPOT-33507C > bm pub bmcam/cmd {"id":51080,"c":"set","kv":{"b":"manual","camera.white_balance.gains":[1.62,1.91],"camera.white_balance.enabled":true,"camera.controls_enabled":true}} 1 1
2026-09-28T17:08:07Z bm pub bmcam/cmd {"id":51080,"c":"set","kv":{"b":"manual","camera.white_balance.gains":[1.62,1.91],"camera.white_balance.enabled":true,"camera.controls_enabled":true}} 1 1
2026-09-28T17:08:07Z 1790615288.886 53171fa3d81a8e6f, [bmcam003] OK id=51080 camera.white_balance.mode: none -> manual, camera.white_balance.gains: none -> 1.62,1.91, camera.white_balance.enabled: false -> true (next act
2026-09-28T17:08:14Z SPOT-33507C > bm pub bmcam/cmd {"id":51081,"c":"trg","v":2,"kv":{"med":"still","m":30}} 1 1
2026-09-28T17:08:15Z bm pub bmcam/cmd {"id":51081,"c":"trg","v":2,"kv":{"med":"still","m":30}} 1 1
2026-09-28T17:08:15Z 1790615297.324 53171fa3d81a8e6f, [bmcam003] OK id=51081 trg 2 armed: capture + output per mode (next decision point); one action only: mode.media=still, still.message_cap=30 cfg=d9e81104
2026-09-28T17:28:15Z SPOT-33507C > bridge cfg commit c3c564b91856226c s
2026-09-28T17:28:17Z bridge cfg commit c3c564b91856226c s
2026-09-28T17:28:17Z Succesfull config commit send
2026-09-28T17:28:19Z 2026-09-28T17:28:20.570Z [BRIDGE] [ERROR] Bridge RX Processing Packet Failure: -7
2026-09-28T17:28:19Z 2026-09-28T17:28:20.570Z [BRIDGE] [INFO] Setting negotiated baud rate to 1000000 from 1000000
2026-09-28T17:28:19Z 2026-09-28T17:28:20.574Z [BRIDGE_SYS] [INFO] Bridge State Init
2026-09-28T17:28:19Z 2026-09-28T17:28:20.578Z [BRIDGE] [INFO] Reboot info received from c3c564b91856226c - Reason: 5 gitSHA: 1595f804 Reboot cnt: 0 PC: 0x0 LR: 0x0
2026-09-28T17:28:19Z 2026-09-28T17:28:20.585Z [BRIDGE_SYS] [INFO] Bridge bus power: 1
2026-09-28T17:28:19Z 2026-09-28T17:28:20.632Z [BRIDGE_CFG] [INFO] Response msg -- Node Id: 0000000000000000, Partition: system, Commit Status: 0
2026-09-28T17:28:19Z 2026-09-28T17:28:20.632Z [BRIDGE_CFG] [INFO] Num Keys: 18
2026-09-28T17:28:19Z 2026-09-28T17:28:20.632Z [BRIDGE_CFG] [INFO] Key 0: sampleIntervalMs
2026-09-28T17:28:19Z 2026-09-28T17:28:20.636Z [BRIDGE_CFG] [INFO] Key 1: sampleDurationMs
2026-09-28T17:28:19Z 2026-09-28T17:28:20.636Z [BRIDGE_CFG] [INFO] Key 2: subsampleIntervalMs
2026-09-28T17:28:19Z 2026-09-28T17:28:20.636Z [BRIDGE_CFG] [INFO] Key 3: subsampleDurationMs
2026-09-28T17:28:19Z 2026-09-28T17:28:20.636Z [BRIDGE_CFG] [INFO] Key 4: subsampleEnabled
2026-09-28T17:28:19Z 2026-09-28T17:28:20.636Z [BRIDGE_CFG] [INFO] Key 5: bridgePowerControllerEnabled
2026-09-28T17:28:19Z 2026-09-28T17:28:20.636Z [BRIDGE_CFG] [INFO] Key 6: alignmentInterval5Min
2026-09-28T17:28:19Z 2026-09-28T17:28:20.636Z [BRIDGE_CFG] [INFO] Key 7: ticksSamplingEnabled
2026-09-28T17:28:19Z 2026-09-28T17:28:20.636Z [BRIDGE_CFG] [INFO] Key 8: samplesPerReport
2026-09-28T17:28:19Z 2026-09-28T17:28:20.636Z [BRIDGE_CFG] [INFO] Key 9: transmitAggregations
2026-09-28T17:28:19Z 2026-09-28T17:28:20.636Z [BRIDGE_CFG] [INFO] Key 10: currentReadingPeriodMs
2026-09-28T17:28:19Z 2026-09-28T17:28:20.636Z [BRIDGE_CFG] [INFO] Key 11: softReadingPeriodMs
2026-09-28T17:28:19Z 2026-09-28T17:28:20.636Z [BRIDGE_CFG] [INFO] Key 12: rbrCodaReadingPeriodMs
2026-09-28T17:28:19Z 2026-09-28T17:28:20.636Z [BRIDGE_CFG] [INFO] Key 13: turbidityReadingPeriodMs
2026-09-28T17:28:19Z 2026-09-28T17:28:20.636Z [BRIDGE_CFG] [INFO] Key 14: disableUnusedPortsTimeMs
2026-09-28T17:28:19Z 2026-09-28T17:28:20.636Z [BRIDGE_CFG] [INFO] Key 15: salinityReadingPeriodMs
2026-09-28T17:28:19Z 2026-09-28T17:28:20.640Z [BRIDGE_CFG] [INFO] Key 16: sensorsCheckIntervalS
2026-09-28T17:28:19Z 2026-09-28T17:28:20.640Z [BRIDGE_CFG] [INFO] Key 17: sensorsPollIntervalMs
2026-09-28T17:28:19Z 2026-09-28T17:28:20.640Z [BRIDGE_CFG] [INFO] Response msg -- Node Id: 0000000000000000, Partition: user, Commit Status: 0
2026-09-28T17:28:19Z 2026-09-28T17:28:20.640Z [BRIDGE_CFG] [INFO] Num Keys: 0
2026-09-28T17:28:19Z 2026-09-28T17:28:20.640Z [BRIDGE_CFG] [INFO] Response msg -- Node Id: 0000000000000000, Partition: hardware, Commit Status: 0
2026-09-28T17:28:19Z 2026-09-28T17:28:20.640Z [BRIDGE_CFG] [INFO] Num Keys: 1
2026-09-28T17:28:19Z 2026-09-28T17:28:20.640Z [BRIDGE_CFG] [INFO] Key 0: smConfigurationCrc
2026-09-28T17:28:19Z 2026-09-28T17:28:20.640Z [BRIDGE] [INFO] handle_power_states, power on for: 4294967295
2026-09-28T17:28:19Z 2026-09-28T17:28:20.644Z [BRIDGE_CFG] [INFO] Node ID: 0000000000000000 Partition: system Value: 3600000
2026-09-28T17:28:19Z 2026-09-28T17:28:20.648Z [BRIDGE_CFG] [INFO] Node ID: 0000000000000000 Partition: system Value: 600000
2026-09-28T17:28:19Z 2026-09-28T17:28:20.652Z [BRIDGE_CFG] [INFO] Node ID: 0000000000000000 Partition: system Value: 300000
2026-09-28T17:28:19Z 2026-09-28T17:28:20.656Z [BRIDGE_CFG] [INFO] Node ID: 0000000000000000 Partition: system Value: 30000
2026-09-28T17:28:19Z 2026-09-28T17:28:20.660Z [BRIDGE_CFG] [INFO] Node ID: 0000000000000000 Partition: system Value: 0
2026-09-28T17:28:19Z 2026-09-28T17:28:20.664Z [BRIDGE_CFG] [INFO] Node ID: 0000000000000000 Partition: system Value: 0
2026-09-28T17:28:19Z 2026-09-28T17:28:20.667Z [BRIDGE_CFG] [INFO] Node ID: 0000000000000000 Partition: system Value: 1
2026-09-28T17:28:19Z 2026-09-28T17:28:20.671Z [BRIDGE_CFG] [INFO] Node ID: 0000000000000000 Partition: system Value: 0
2026-09-28T17:28:19Z 2026-09-28T17:28:20.675Z [BRIDGE_CFG] [INFO] Node ID: 0000000000000000 Partition: system Value: 1
2026-09-28T17:28:19Z 2026-09-28T17:28:20.683Z [BRIDGE_CFG] [INFO] Node ID: 0000000000000000 Partition: system Value: 0
2026-09-28T17:28:19Z 2026-09-28T17:28:20.687Z [BRIDGE_CFG] [INFO] Node ID: 0000000000000000 Partition: system Value: 60000
2026-09-28T17:28:19Z 2026-09-28T17:28:20.691Z [BRIDGE_CFG] [INFO] Node ID: 0000000000000000 Partition: system Value: 500
2026-09-28T17:28:19Z 2026-09-28T17:28:20.695Z [BRIDGE_CFG] [INFO] Node ID: 0000000000000000 Partition: system Value: 500
2026-09-28T17:28:19Z 2026-09-28T17:28:20.699Z [BRIDGE_CFG] [INFO] Node ID: 0000000000000000 Partition: system Value: 1000
2026-09-28T17:28:19Z 2026-09-28T17:28:20.703Z [BRIDGE_CFG] [INFO] Node ID: 0000000000000000 Partition: system Value: 0
2026-09-28T17:28:19Z 2026-09-28T17:28:20.707Z [BRIDGE_CFG] [INFO] Node ID: 0000000000000000 Partition: system Value: 30000
2026-09-28T17:28:19Z 2026-09-28T17:28:20.710Z [BRIDGE_CFG] [INFO] Node ID: 0000000000000000 Partition: system Value: 60
2026-09-28T17:28:19Z 2026-09-28T17:28:20.714Z [BRIDGE_CFG] [INFO] Node ID: 0000000000000000 Partition: system Value: 10000
2026-09-28T17:28:19Z 2026-09-28T17:28:20.718Z [BRIDGE_CFG] [INFO] Node ID: 0000000000000000 Partition: hardware - Failed to decode value
2026-09-28T17:28:20Z 2026-09-28T17:28:21.597Z [BRIDGE_SYS] [INFO] Neighbor 53171fa3d81a8e6f added
2026-09-28T17:29:07Z SPOT-33507C > bm pub bmcam/cmd {"id":51091,"c":"hld","v":120} 1 1
2026-09-28T17:29:09Z bm pub bmcam/cmd {"id":51091,"c":"hld","v":120} 1 1
2026-09-28T17:29:09Z 1790616551.148 53171fa3d81a8e6f, [bmcam003] OK id=51091 hold awake 120 min cfg=d9e81104
2026-09-28T17:29:39Z SPOT-33507C > bm pub bmcam/cmd {"id":51091,"c":"hld","v":120} 1 1
2026-09-28T17:29:42Z bm pub bmcam/cmd {"id":51091,"c":"hld","v":120} 1 1
2026-09-28T17:29:42Z 1790616583.800 53171fa3d81a8e6f, [bmcam003] OK id=51091 hold awake 120 min (duplicate: original answer) cfg=d9e81104
2026-09-28T17:30:05Z SPOT-33507C > bm pub bmcam/cmd {"id":51092,"c":"trg","v":2,"kv":{"d":3,"m":80}} 1 1
2026-09-28T17:30:08Z bm pub bmcam/cmd {"id":51092,"c":"trg","v":2,"kv":{"d":3,"m":80}} 1 1
2026-09-28T17:30:08Z 1790616609.640 53171fa3d81a8e6f, [bmcam003] OK id=51092 trg 2 armed: capture + output per mode (next decision point); one action only: video.send.duration_s=3, video.send.message_cap=80 (d=3! only 5 
2026-09-28T17:36:19Z SPOT-33507C > bm pub bmcam/cmd {"id":51100,"c":"trg","v":2,"kv":{"o":"save_local","d":3}} 1 1
2026-09-28T17:36:21Z bm pub bmcam/cmd {"id":51100,"c":"trg","v":2,"kv":{"o":"save_local","d":3}} 1 1
2026-09-28T17:36:21Z 1790616983.328 53171fa3d81a8e6f, [bmcam003] OK id=51100 trg 2 armed: capture + output per mode (next decision point); one action only: mode.output=save_local, video.send.duration_s=3 (d=3! only 5 s i
2026-09-28T17:36:24Z 2026-09-28T17:36:25.570Z [BRIDGE_CFG] [INFO] Bridge topology in topology sampler:
2026-09-28T17:36:24Z 2026-09-28T17:36:25.578Z [BRIDGE_CFG] [INFO] c3c564b91856226c
2026-09-28T17:36:24Z 2026-09-28T17:36:25.578Z [BRIDGE_CFG] [INFO] 53171fa3d81a8e6f
2026-09-28T17:36:24Z 2026-09-28T17:36:25.582Z [BRIDGE_SYS] [INFO] Checking CRC in report builder!
2026-09-28T17:36:24Z 2026-09-28T17:36:25.585Z [BRIDGE_SYS] [INFO] Got CRC ba829098 OLD CRC ba829098
2026-09-28T17:36:24Z 2026-09-28T17:36:25.585Z [BRIDGE_SYS] [INFO] CRCs match, not updating
2026-09-28T17:39:28Z SPOT-33507C > bm pub bmcam/cmd {"id":51101,"c":"trg","v":2,"kv":{"med":"still","o":"save_local"}} 1 1
2026-09-28T17:39:31Z bm pub bmcam/cmd {"id":51101,"c":"trg","v":2,"kv":{"med":"still","o":"save_local"}} 1 1
2026-09-28T17:39:31Z 1790617172.765 53171fa3d81a8e6f, [bmcam003] OK id=51101 trg 2 armed: capture + output per mode (next decision point); one action only: mode.media=still, mode.output=save_local cfg=d9e81104
2026-09-28T17:39:31Z 2026-09-28T17:39:33.195Z [MS] [INFO] Added message(id: 22678 len: 261) to queue MS_Q_CELLULAR_ONLY: (1)!
2026-09-28T17:39:31Z 2026-09-28T17:39:33.195Z [BM_TX] [INFO] Submitted spotter/transmit-data message to cell-only queue, Len: 135
2026-09-28T17:39:31Z 2026-09-28T17:39:33.195Z [BM_TX] [DEBUG] Message:
2026-09-28T17:39:31Z  3c 57 53 20 76 3d 31 20
2026-09-28T17:39:31Z  61 3d 63 61 70 20 63 66
2026-09-28T17:39:31Z  67 3d 64 39 65 38 31 31
2026-09-28T17:39:31Z  30 34 20 75 70 3d 36 34
2026-09-28T17:39:31Z  33 20 74 7a 3d 41 6d 65
2026-09-28T17:39:31Z  72 69 63 61 2f 4c 6f 73
2026-09-28T17:39:31Z  5f 41 6e 67 65 6c 65 73
2026-09-28T17:39:31Z  20 6c 74 3d 6e 61 20 77
2026-09-28T17:39:31Z  73 3d 30 33 30 30 20 77
2026-09-28T17:39:31Z  65 3d 30 34 30 30 20 72
2026-09-28T17:39:31Z  6b 3d 31 30 30 30 78 35
2026-09-28T17:39:31Z  36 32 20 71 3d 39 30 20
2026-09-28T17:39:31Z  63 74 3d 33 35 2e 34 20
2026-09-28T17:39:31Z  73 68 61 3d 39 33 35 30
2026-09-28T17:39:31Z  31 66 32 31 35 31 64 35
2026-09-28T17:39:31Z  20 68 6e 3d 62 6d 63 61
2026-09-28T17:39:31Z  6d 30 30 33 3e 0a
2026-09-28T17:39:31Z 2026-09-28T17:39:33.246Z [MS] [DEBUG] Notecard is 13.000000 pct full.
2026-09-28T17:39:31Z 2026-09-28T17:39:33.246Z [MS] [DEBUG] Has message 22678 expired? queuedTime: 251786480, now64: 251786529, remaining: 86399951
2026-09-28T17:39:31Z 2026-09-28T17:39:33.246Z [MS] [INFO] Sending Cellular message to Notecard.
2026-09-28T17:39:31Z 2026-09-28T17:39:33.246Z [MS] [INFO] Queuing message 22678 200274C0
2026-09-28T17:42:34Z SPOT-33507C > bm pub bmcam/cmd {"id":51102,"c":"set","kv":{"mode.run":"stay_on"}} 1 1
2026-09-28T17:42:36Z bm pub bmcam/cmd {"id":51102,"c":"set","kv":{"mode.run":"stay_on"}} 1 1
2026-09-28T17:42:36Z 1790617357.933 53171fa3d81a8e6f, [bmcam003] OK id=51102 mode.run: per_boot -> stay_on (next boot) cfg=dbac92bb
2026-09-28T17:42:41Z SPOT-33507C > bm pub bmcam/cmd {"id":51103,"c":"hld","v":0} 1 1
2026-09-28T17:42:42Z bm pub bmcam/cmd {"id":51103,"c":"hld","v":0} 1 1
2026-09-28T17:42:42Z 1790617364.171 53171fa3d81a8e6f, [bmcam003] OK id=51103 hold released cfg=dbac92bb
2026-09-28T17:48:12Z SPOT-33507C > bridge cfg commit c3c564b91856226c s
2026-09-28T17:48:14Z bridge cfg commit c3c564b91856226c s
2026-09-28T17:48:14Z Succesfull config commit send
2026-09-28T17:48:16Z 2026-09-28T17:48:17.535Z [BRIDGE] [ERROR] Bridge RX Processing Packet Failure: -7
2026-09-28T17:48:16Z 2026-09-28T17:48:17.535Z [BRIDGE] [INFO] Setting negotiated baud rate to 1000000 from 1000000
2026-09-28T17:48:16Z 2026-09-28T17:48:17.539Z [BRIDGE_SYS] [INFO] Bridge State Init
2026-09-28T17:48:16Z 2026-09-28T17:48:17.542Z [BRIDGE] [INFO] Reboot info received from c3c564b91856226c - Reason: 5 gitSHA: 1595f804 Reboot cnt: 0 PC: 0x0 LR: 0x0
2026-09-28T17:48:16Z 2026-09-28T17:48:17.550Z [BRIDGE_SYS] [INFO] Bridge bus power: 1
2026-09-28T17:48:16Z 2026-09-28T17:48:17.597Z [BRIDGE_CFG] [INFO] Response msg -- Node Id: 0000000000000000, Partition: system, Commit Status: 0
2026-09-28T17:48:16Z 2026-09-28T17:48:17.601Z [BRIDGE_CFG] [INFO] Num Keys: 18
2026-09-28T17:48:16Z 2026-09-28T17:48:17.601Z [BRIDGE_CFG] [INFO] Key 0: sampleIntervalMs
2026-09-28T17:48:16Z 2026-09-28T17:48:17.601Z [BRIDGE_CFG] [INFO] Key 1: sampleDurationMs
2026-09-28T17:48:16Z 2026-09-28T17:48:17.601Z [BRIDGE_CFG] [INFO] Key 2: subsampleIntervalMs
2026-09-28T17:48:16Z 2026-09-28T17:48:17.601Z [BRIDGE_CFG] [INFO] Key 3: subsampleDurationMs
2026-09-28T17:48:16Z 2026-09-28T17:48:17.601Z [BRIDGE_CFG] [INFO] Key 4: subsampleEnabled
2026-09-28T17:48:16Z 2026-09-28T17:48:17.601Z [BRIDGE_CFG] [INFO] Key 5: bridgePowerControllerEnabled
2026-09-28T17:48:16Z 2026-09-28T17:48:17.601Z [BRIDGE_CFG] [INFO] Key 6: alignmentInterval5Min
2026-09-28T17:48:16Z 2026-09-28T17:48:17.601Z [BRIDGE_CFG] [INFO] Key 7: ticksSamplingEnabled
2026-09-28T17:48:16Z 2026-09-28T17:48:17.601Z [BRIDGE_CFG] [INFO] Key 8: samplesPerReport
2026-09-28T17:48:16Z 2026-09-28T17:48:17.601Z [BRIDGE_CFG] [INFO] Key 9: transmitAggregations
2026-09-28T17:48:16Z 2026-09-28T17:48:17.601Z [BRIDGE_CFG] [INFO] Key 10: currentReadingPeriodMs
2026-09-28T17:48:16Z 2026-09-28T17:48:17.601Z [BRIDGE_CFG] [INFO] Key 11: softReadingPeriodMs
2026-09-28T17:48:16Z 2026-09-28T17:48:17.601Z [BRIDGE_CFG] [INFO] Key 12: rbrCodaReadingPeriodMs
2026-09-28T17:48:16Z 2026-09-28T17:48:17.601Z [BRIDGE_CFG] [INFO] Key 13: turbidityReadingPeriodMs
2026-09-28T17:48:16Z 2026-09-28T17:48:17.605Z [BRIDGE_CFG] [INFO] Key 14: disableUnusedPortsTimeMs
2026-09-28T17:48:16Z 2026-09-28T17:48:17.605Z [BRIDGE_CFG] [INFO] Key 15: salinityReadingPeriodMs
2026-09-28T17:48:16Z 2026-09-28T17:48:17.605Z [BRIDGE_CFG] [INFO] Key 16: sensorsCheckIntervalS
2026-09-28T17:48:16Z 2026-09-28T17:48:17.605Z [BRIDGE_CFG] [INFO] Key 17: sensorsPollIntervalMs
2026-09-28T17:48:16Z 2026-09-28T17:48:17.605Z [BRIDGE_CFG] [INFO] Response msg -- Node Id: 0000000000000000, Partition: user, Commit Status: 0
2026-09-28T17:48:16Z 2026-09-28T17:48:17.605Z [BRIDGE_CFG] [INFO] Num Keys: 0
2026-09-28T17:48:16Z 2026-09-28T17:48:17.605Z [BRIDGE_CFG] [INFO] Response msg -- Node Id: 0000000000000000, Partition: hardware, Commit Status: 0
2026-09-28T17:48:16Z 2026-09-28T17:48:17.605Z [BRIDGE_CFG] [INFO] Num Keys: 1
2026-09-28T17:48:16Z 2026-09-28T17:48:17.605Z [BRIDGE_CFG] [INFO] Key 0: smConfigurationCrc
2026-09-28T17:48:16Z 2026-09-28T17:48:17.605Z [BRIDGE] [INFO] handle_power_states, power on for: 4294967295
2026-09-28T17:48:16Z 2026-09-28T17:48:17.609Z [BRIDGE_CFG] [INFO] Node ID: 0000000000000000 Partition: system Value: 3600000
2026-09-28T17:48:16Z 2026-09-28T17:48:17.613Z [BRIDGE_CFG] [INFO] Node ID: 0000000000000000 Partition: system Value: 600000
2026-09-28T17:48:16Z 2026-09-28T17:48:17.617Z [BRIDGE_CFG] [INFO] Node ID: 0000000000000000 Partition: system Value: 300000
2026-09-28T17:48:16Z 2026-09-28T17:48:17.621Z [BRIDGE_CFG] [INFO] Node ID: 0000000000000000 Partition: system Value: 30000
2026-09-28T17:48:16Z 2026-09-28T17:48:17.628Z [BRIDGE_CFG] [INFO] Node ID: 0000000000000000 Partition: system Value: 0
2026-09-28T17:48:16Z 2026-09-28T17:48:17.632Z [BRIDGE_CFG] [INFO] Node ID: 0000000000000000 Partition: system Value: 0
2026-09-28T17:48:16Z 2026-09-28T17:48:17.636Z [BRIDGE_CFG] [INFO] Node ID: 0000000000000000 Partition: system Value: 1
2026-09-28T17:48:16Z 2026-09-28T17:48:17.640Z [BRIDGE_CFG] [INFO] Node ID: 0000000000000000 Partition: system Value: 0
2026-09-28T17:48:16Z 2026-09-28T17:48:17.644Z [BRIDGE_CFG] [INFO] Node ID: 0000000000000000 Partition: system Value: 1
2026-09-28T17:48:16Z 2026-09-28T17:48:17.648Z [BRIDGE_CFG] [INFO] Node ID: 0000000000000000 Partition: system Value: 0
2026-09-28T17:48:16Z 2026-09-28T17:48:17.652Z [BRIDGE_CFG] [INFO] Node ID: 0000000000000000 Partition: system Value: 60000
2026-09-28T17:48:16Z 2026-09-28T17:48:17.656Z [BRIDGE_CFG] [INFO] Node ID: 0000000000000000 Partition: system Value: 500
2026-09-28T17:48:16Z 2026-09-28T17:48:17.660Z [BRIDGE_CFG] [INFO] Node ID: 0000000000000000 Partition: system Value: 500
2026-09-28T17:48:16Z 2026-09-28T17:48:17.664Z [BRIDGE_CFG] [INFO] Node ID: 0000000000000000 Partition: system Value: 1000
2026-09-28T17:48:16Z 2026-09-28T17:48:17.667Z [BRIDGE_CFG] [INFO] Node ID: 0000000000000000 Partition: system Value: 0
2026-09-28T17:48:16Z 2026-09-28T17:48:17.671Z [BRIDGE_CFG] [INFO] Node ID: 0000000000000000 Partition: system Value: 30000
2026-09-28T17:48:16Z 2026-09-28T17:48:17.675Z [BRIDGE_CFG] [INFO] Node ID: 0000000000000000 Partition: system Value: 60
2026-09-28T17:48:16Z 2026-09-28T17:48:17.679Z [BRIDGE_CFG] [INFO] Node ID: 0000000000000000 Partition: system Value: 10000
2026-09-28T17:48:16Z 2026-09-28T17:48:17.683Z [BRIDGE_CFG] [INFO] Node ID: 0000000000000000 Partition: hardware - Failed to decode value
2026-09-28T17:48:17Z 2026-09-28T17:48:18.562Z [BRIDGE_SYS] [INFO] Neighbor 53171fa3d81a8e6f added
2026-09-28T17:49:30Z SPOT-33507C > bm pub bmcam/cmd {"id":51110,"c":"trg","v":2,"kv":{"d":3,"m":80}} 1 1
2026-09-28T17:49:32Z bm pub bmcam/cmd {"id":51110,"c":"trg","v":2,"kv":{"d":3,"m":80}} 1 1
2026-09-28T17:49:33Z 1790617774.378 53171fa3d81a8e6f, [bmcam003] OK id=51110 trg 2 armed: capture + output per mode (next decision point); one action only: video.send.duration_s=3, video.send.message_cap=80 (d=3! only 5 
2026-09-28T17:52:38Z SPOT-33507C > bm pub bmcam/cmd {"id":51111,"c":"set","kv":{"o":"save_local"}} 1 1
2026-09-28T17:52:40Z bm pub bmcam/cmd {"id":51111,"c":"set","kv":{"o":"save_local"}} 1 1
2026-09-28T17:52:41Z 1790617962.343 53171fa3d81a8e6f, [bmcam003] OK id=51111 mode.output: transmit -> save_local, mode.output guarded: cfm 51111 within 3 boots or 2 h (next boot) cfg=8b322ee0
2026-09-28T17:53:08Z SPOT-33507C > bm pub bmcam/cmd {"id":51112,"c":"trg","v":2,"kv":{"d":3}} 1 1
2026-09-28T17:53:10Z bm pub bmcam/cmd {"id":51112,"c":"trg","v":2,"kv":{"d":3}} 1 1
2026-09-28T17:53:10Z 1790617991.777 53171fa3d81a8e6f, [bmcam003] OK id=51112 trg 2 armed: capture + output per mode (next decision point); one action only: video.send.duration_s=3 (d=3! only 5 s is ladder-validated) cfg=
2026-09-28T17:53:10Z 1790617991.828 53171fa3d81a8e6f, [bmcam003] OK id=51112 trg 2 armed: capture + output per mode (next decision point); one action only: video.send.duration_s=3 (d=3! only 5 s is (duplicate: original a
2026-09-28T17:53:32Z SPOT-33507C > bm pub bmcam/cmd {"id":51113,"c":"set","kv":{"med":"still"}} 1 1
2026-09-28T17:53:34Z bm pub bmcam/cmd {"id":51113,"c":"set","kv":{"med":"still"}} 1 1
2026-09-28T17:53:34Z 1790618016.472 53171fa3d81a8e6f, [bmcam003] OK id=51113 mode.media: video -> still (next boot) cfg=e55d1e04
2026-09-28T17:53:35Z 1790618016.531 53171fa3d81a8e6f, [bmcam003] OK id=51113 mode.media: video -> still (next boot) (duplicate: original answer) cfg=e55d1e04
2026-09-28T17:53:53Z SPOT-33507C > bm pub bmcam/cmd {"id":51114,"c":"trg","v":2} 1 1
2026-09-28T17:53:55Z bm pub bmcam/cmd {"id":51114,"c":"trg","v":2} 1 1
2026-09-28T17:53:55Z 1790618037.371 53171fa3d81a8e6f, [bmcam003] OK id=51114 trg 2 armed: capture + output per mode (next decision point) cfg=e55d1e04
2026-09-28T17:53:56Z 1790618037.421 53171fa3d81a8e6f, [bmcam003] OK id=51114 trg 2 armed: capture + output per mode (next decision point) (duplicate: original answer) cfg=e55d1e04
2026-09-28T17:53:56Z 1790618037.480 53171fa3d81a8e6f, [bmcam003] OK id=51114 trg 2 armed: capture + output per mode (next decision point) (duplicate: original answer) cfg=e55d1e04
2026-09-28T17:55:02Z SPOT-33507C > bridge cfg commit c3c564b91856226c s
2026-09-28T17:55:04Z bridge cfg commit c3c564b91856226c s
2026-09-28T17:55:04Z Succesfull config commit send
2026-09-28T17:55:05Z 2026-09-28T17:55:07.074Z [BRIDGE] [ERROR] Bridge RX Processing Packet Failure: -7
2026-09-28T17:55:05Z 2026-09-28T17:55:07.074Z [BRIDGE] [INFO] Setting negotiated baud rate to 1000000 from 1000000
2026-09-28T17:55:05Z 2026-09-28T17:55:07.078Z [BRIDGE_SYS] [INFO] Bridge State Init
2026-09-28T17:55:05Z 2026-09-28T17:55:07.082Z [BRIDGE] [INFO] Reboot info received from c3c564b91856226c - Reason: 5 gitSHA: 1595f804 Reboot cnt: 0 PC: 0x0 LR: 0x0
2026-09-28T17:55:05Z 2026-09-28T17:55:07.089Z [BRIDGE_SYS] [INFO] Bridge bus power: 1
2026-09-28T17:55:05Z 2026-09-28T17:55:07.140Z [BRIDGE_CFG] [INFO] Response msg -- Node Id: 0000000000000000, Partition: system, Commit Status: 0
2026-09-28T17:55:05Z 2026-09-28T17:55:07.140Z [BRIDGE_CFG] [INFO] Num Keys: 18
2026-09-28T17:55:05Z 2026-09-28T17:55:07.140Z [BRIDGE_CFG] [INFO] Key 0: sampleIntervalMs
2026-09-28T17:55:05Z 2026-09-28T17:55:07.140Z [BRIDGE_CFG] [INFO] Key 1: sampleDurationMs
2026-09-28T17:55:05Z 2026-09-28T17:55:07.140Z [BRIDGE_CFG] [INFO] Key 2: subsampleIntervalMs
2026-09-28T17:55:05Z 2026-09-28T17:55:07.140Z [BRIDGE_CFG] [INFO] Key 3: subsampleDurationMs
2026-09-28T17:55:05Z 2026-09-28T17:55:07.140Z [BRIDGE_CFG] [INFO] Key 4: subsampleEnabled
2026-09-28T17:55:05Z 2026-09-28T17:55:07.140Z [BRIDGE_CFG] [INFO] Key 5: bridgePowerControllerEnabled
2026-09-28T17:55:05Z 2026-09-28T17:55:07.140Z [BRIDGE_CFG] [INFO] Key 6: alignmentInterval5Min
2026-09-28T17:55:05Z 2026-09-28T17:55:07.140Z [BRIDGE_CFG] [INFO] Key 7: ticksSamplingEnabled
2026-09-28T17:55:05Z 2026-09-28T17:55:07.140Z [BRIDGE_CFG] [INFO] Key 8: samplesPerReport
2026-09-28T17:55:05Z 2026-09-28T17:55:07.140Z [BRIDGE_CFG] [INFO] Key 9: transmitAggregations
2026-09-28T17:55:05Z 2026-09-28T17:55:07.140Z [BRIDGE_CFG] [INFO] Key 10: currentReadingPeriodMs
2026-09-28T17:55:05Z 2026-09-28T17:55:07.140Z [BRIDGE_CFG] [INFO] Key 11: softReadingPeriodMs
2026-09-28T17:55:05Z 2026-09-28T17:55:07.140Z [BRIDGE_CFG] [INFO] Key 12: rbrCodaReadingPeriodMs
2026-09-28T17:55:05Z 2026-09-28T17:55:07.144Z [BRIDGE_CFG] [INFO] Key 13: turbidityReadingPeriodMs
2026-09-28T17:55:05Z 2026-09-28T17:55:07.144Z [BRIDGE_CFG] [INFO] Key 14: disableUnusedPortsTimeMs
2026-09-28T17:55:05Z 2026-09-28T17:55:07.144Z [BRIDGE_CFG] [INFO] Key 15: salinityReadingPeriodMs
2026-09-28T17:55:05Z 2026-09-28T17:55:07.144Z [BRIDGE_CFG] [INFO] Key 16: sensorsCheckIntervalS
2026-09-28T17:55:05Z 2026-09-28T17:55:07.144Z [BRIDGE_CFG] [INFO] Key 17: sensorsPollIntervalMs
2026-09-28T17:55:05Z 2026-09-28T17:55:07.144Z [BRIDGE_CFG] [INFO] Response msg -- Node Id: 0000000000000000, Partition: user, Commit Status: 0
2026-09-28T17:55:05Z 2026-09-28T17:55:07.144Z [BRIDGE_CFG] [INFO] Num Keys: 0
2026-09-28T17:55:05Z 2026-09-28T17:55:07.144Z [BRIDGE_CFG] [INFO] Response msg -- Node Id: 0000000000000000, Partition: hardware, Commit Status: 0
2026-09-28T17:55:05Z 2026-09-28T17:55:07.144Z [BRIDGE_CFG] [INFO] Num Keys: 1
2026-09-28T17:55:05Z 2026-09-28T17:55:07.144Z [BRIDGE_CFG] [INFO] Key 0: smConfigurationCrc
2026-09-28T17:55:05Z 2026-09-28T17:55:07.144Z [BRIDGE] [INFO] handle_power_states, power on for: 4294967295
2026-09-28T17:55:05Z 2026-09-28T17:55:07.152Z [BRIDGE_CFG] [INFO] Node ID: 0000000000000000 Partition: system Value: 3600000
2026-09-28T17:55:05Z 2026-09-28T17:55:07.156Z [BRIDGE_CFG] [INFO] Node ID: 0000000000000000 Partition: system Value: 600000
2026-09-28T17:55:05Z 2026-09-28T17:55:07.160Z [BRIDGE_CFG] [INFO] Node ID: 0000000000000000 Partition: system Value: 300000
2026-09-28T17:55:05Z 2026-09-28T17:55:07.164Z [BRIDGE_CFG] [INFO] Node ID: 0000000000000000 Partition: system Value: 30000
2026-09-28T17:55:05Z 2026-09-28T17:55:07.171Z [BRIDGE_CFG] [INFO] Node ID: 0000000000000000 Partition: system Value: 0
2026-09-28T17:55:05Z 2026-09-28T17:55:07.175Z [BRIDGE_CFG] [INFO] Node ID: 0000000000000000 Partition: system Value: 0
2026-09-28T17:55:05Z 2026-09-28T17:55:07.179Z [BRIDGE_CFG] [INFO] Node ID: 0000000000000000 Partition: system Value: 1
2026-09-28T17:55:05Z 2026-09-28T17:55:07.183Z [BRIDGE_CFG] [INFO] Node ID: 0000000000000000 Partition: system Value: 0
2026-09-28T17:55:05Z 2026-09-28T17:55:07.191Z [BRIDGE_CFG] [INFO] Node ID: 0000000000000000 Partition: system Value: 1
2026-09-28T17:55:05Z 2026-09-28T17:55:07.195Z [BRIDGE_CFG] [INFO] Node ID: 0000000000000000 Partition: system Value: 0
2026-09-28T17:55:05Z 2026-09-28T17:55:07.199Z [BRIDGE_CFG] [INFO] Node ID: 0000000000000000 Partition: system Value: 60000
2026-09-28T17:55:05Z 2026-09-28T17:55:07.207Z [BRIDGE_CFG] [INFO] Node ID: 0000000000000000 Partition: system Value: 500
2026-09-28T17:55:05Z 2026-09-28T17:55:07.210Z [BRIDGE_CFG] [INFO] Node ID: 0000000000000000 Partition: system Value: 500
2026-09-28T17:55:05Z 2026-09-28T17:55:07.214Z [BRIDGE_CFG] [INFO] Node ID: 0000000000000000 Partition: system Value: 1000
2026-09-28T17:55:05Z 2026-09-28T17:55:07.218Z [BRIDGE_CFG] [INFO] Node ID: 0000000000000000 Partition: system Value: 0
2026-09-28T17:55:05Z 2026-09-28T17:55:07.226Z [BRIDGE_CFG] [INFO] Node ID: 0000000000000000 Partition: system Value: 30000
2026-09-28T17:55:05Z 2026-09-28T17:55:07.230Z [BRIDGE_CFG] [INFO] Node ID: 0000000000000000 Partition: system Value: 60
2026-09-28T17:55:05Z 2026-09-28T17:55:07.234Z [BRIDGE_CFG] [INFO] Node ID: 0000000000000000 Partition: system Value: 10000
2026-09-28T17:55:05Z 2026-09-28T17:55:07.242Z [BRIDGE_CFG] [INFO] Node ID: 0000000000000000 Partition: hardware - Failed to decode value
2026-09-28T17:55:06Z 2026-09-28T17:55:08.097Z [BRIDGE_SYS] [INFO] Neighbor 53171fa3d81a8e6f added
2026-09-28T17:56:48Z SPOT-33507C > bridge cfg commit c3c564b91856226c s
2026-09-28T17:56:51Z bridge cfg commit c3c564b91856226c s
2026-09-28T17:56:51Z Succesfull config commit send
2026-09-28T17:56:52Z 2026-09-28T17:56:54.003Z [BRIDGE] [ERROR] Bridge RX Processing Packet Failure: -7
2026-09-28T17:56:52Z 2026-09-28T17:56:54.003Z [BRIDGE] [INFO] Setting negotiated baud rate to 1000000 from 1000000
2026-09-28T17:56:52Z 2026-09-28T17:56:54.011Z [BRIDGE_SYS] [INFO] Bridge State Init
2026-09-28T17:56:52Z 2026-09-28T17:56:54.011Z [BRIDGE] [INFO] Reboot info received from c3c564b91856226c - Reason: 5 gitSHA: 1595f804 Reboot cnt: 0 PC: 0x0 LR: 0x0
2026-09-28T17:56:52Z 2026-09-28T17:56:54.019Z [BRIDGE_SYS] [INFO] Bridge bus power: 1
2026-09-28T17:56:52Z 2026-09-28T17:56:54.070Z [BRIDGE_CFG] [INFO] Response msg -- Node Id: 0000000000000000, Partition: system, Commit Status: 0
2026-09-28T17:56:52Z 2026-09-28T17:56:54.070Z [BRIDGE_CFG] [INFO] Num Keys: 18
2026-09-28T17:56:52Z 2026-09-28T17:56:54.070Z [BRIDGE_CFG] [INFO] Key 0: sampleIntervalMs
2026-09-28T17:56:52Z 2026-09-28T17:56:54.070Z [BRIDGE_CFG] [INFO] Key 1: sampleDurationMs
2026-09-28T17:56:52Z 2026-09-28T17:56:54.070Z [BRIDGE_CFG] [INFO] Key 2: subsampleIntervalMs
2026-09-28T17:56:52Z 2026-09-28T17:56:54.070Z [BRIDGE_CFG] [INFO] Key 3: subsampleDurationMs
2026-09-28T17:56:52Z 2026-09-28T17:56:54.070Z [BRIDGE_CFG] [INFO] Key 4: subsampleEnabled
2026-09-28T17:56:52Z 2026-09-28T17:56:54.074Z [BRIDGE_CFG] [INFO] Key 5: bridgePowerControllerEnabled
2026-09-28T17:56:52Z 2026-09-28T17:56:54.074Z [BRIDGE_CFG] [INFO] Key 6: alignmentInterval5Min
2026-09-28T17:56:52Z 2026-09-28T17:56:54.074Z [BRIDGE_CFG] [INFO] Key 7: ticksSamplingEnabled
2026-09-28T17:56:52Z 2026-09-28T17:56:54.074Z [BRIDGE_CFG] [INFO] Key 8: samplesPerReport
2026-09-28T17:56:52Z 2026-09-28T17:56:54.074Z [BRIDGE_CFG] [INFO] Key 9: transmitAggregations
2026-09-28T17:56:52Z 2026-09-28T17:56:54.074Z [BRIDGE_CFG] [INFO] Key 10: currentReadingPeriodMs
2026-09-28T17:56:52Z 2026-09-28T17:56:54.074Z [BRIDGE_CFG] [INFO] Key 11: softReadingPeriodMs
2026-09-28T17:56:52Z 2026-09-28T17:56:54.074Z [BRIDGE_CFG] [INFO] Key 12: rbrCodaReadingPeriodMs
2026-09-28T17:56:52Z 2026-09-28T17:56:54.074Z [BRIDGE_CFG] [INFO] Key 13: turbidityReadingPeriodMs
2026-09-28T17:56:52Z 2026-09-28T17:56:54.074Z [BRIDGE_CFG] [INFO] Key 14: disableUnusedPortsTimeMs
2026-09-28T17:56:52Z 2026-09-28T17:56:54.074Z [BRIDGE_CFG] [INFO] Key 15: salinityReadingPeriodMs
2026-09-28T17:56:52Z 2026-09-28T17:56:54.074Z [BRIDGE_CFG] [INFO] Key 16: sensorsCheckIntervalS
2026-09-28T17:56:52Z 2026-09-28T17:56:54.074Z [BRIDGE_CFG] [INFO] Key 17: sensorsPollIntervalMs
2026-09-28T17:56:52Z 2026-09-28T17:56:54.074Z [BRIDGE_CFG] [INFO] Response msg -- Node Id: 0000000000000000, Partition: user, Commit Status: 0
2026-09-28T17:56:52Z 2026-09-28T17:56:54.078Z [BRIDGE_CFG] [INFO] Num Keys: 0
2026-09-28T17:56:52Z 2026-09-28T17:56:54.078Z [BRIDGE_CFG] [INFO] Response msg -- Node Id: 0000000000000000, Partition: hardware, Commit Status: 0
2026-09-28T17:56:52Z 2026-09-28T17:56:54.078Z [BRIDGE_CFG] [INFO] Num Keys: 1
2026-09-28T17:56:52Z 2026-09-28T17:56:54.078Z [BRIDGE_CFG] [INFO] Key 0: smConfigurationCrc
2026-09-28T17:56:52Z 2026-09-28T17:56:54.078Z [BRIDGE] [INFO] handle_power_states, power on for: 4294967295
2026-09-28T17:56:52Z 2026-09-28T17:56:54.082Z [BRIDGE_CFG] [INFO] Node ID: 0000000000000000 Partition: system Value: 3600000
2026-09-28T17:56:52Z 2026-09-28T17:56:54.085Z [BRIDGE_CFG] [INFO] Node ID: 0000000000000000 Partition: system Value: 600000
2026-09-28T17:56:52Z 2026-09-28T17:56:54.093Z [BRIDGE_CFG] [INFO] Node ID: 0000000000000000 Partition: system Value: 300000
2026-09-28T17:56:52Z 2026-09-28T17:56:54.097Z [BRIDGE_CFG] [INFO] Node ID: 0000000000000000 Partition: system Value: 30000
2026-09-28T17:56:52Z 2026-09-28T17:56:54.101Z [BRIDGE_CFG] [INFO] Node ID: 0000000000000000 Partition: system Value: 0
2026-09-28T17:56:52Z 2026-09-28T17:56:54.105Z [BRIDGE_CFG] [INFO] Node ID: 0000000000000000 Partition: system Value: 0
2026-09-28T17:56:52Z 2026-09-28T17:56:54.113Z [BRIDGE_CFG] [INFO] Node ID: 0000000000000000 Partition: system Value: 1
2026-09-28T17:56:52Z 2026-09-28T17:56:54.117Z [BRIDGE_CFG] [INFO] Node ID: 0000000000000000 Partition: system Value: 0
2026-09-28T17:56:52Z 2026-09-28T17:56:54.121Z [BRIDGE_CFG] [INFO] Node ID: 0000000000000000 Partition: system Value: 1
2026-09-28T17:56:52Z 2026-09-28T17:56:54.128Z [BRIDGE_CFG] [INFO] Node ID: 0000000000000000 Partition: system Value: 0
2026-09-28T17:56:52Z 2026-09-28T17:56:54.132Z [BRIDGE_CFG] [INFO] Node ID: 0000000000000000 Partition: system Value: 60000
2026-09-28T17:56:52Z 2026-09-28T17:56:54.136Z [BRIDGE_CFG] [INFO] Node ID: 0000000000000000 Partition: system Value: 500
2026-09-28T17:56:52Z 2026-09-28T17:56:54.140Z [BRIDGE_CFG] [INFO] Node ID: 0000000000000000 Partition: system Value: 500
2026-09-28T17:56:52Z 2026-09-28T17:56:54.148Z [BRIDGE_CFG] [INFO] Node ID: 0000000000000000 Partition: system Value: 1000
2026-09-28T17:56:52Z 2026-09-28T17:56:54.152Z [BRIDGE_CFG] [INFO] Node ID: 0000000000000000 Partition: system Value: 0
2026-09-28T17:56:52Z 2026-09-28T17:56:54.156Z [BRIDGE_CFG] [INFO] Node ID: 0000000000000000 Partition: system Value: 30000
2026-09-28T17:56:52Z 2026-09-28T17:56:54.164Z [BRIDGE_CFG] [INFO] Node ID: 0000000000000000 Partition: system Value: 60
2026-09-28T17:56:52Z 2026-09-28T17:56:54.167Z [BRIDGE_CFG] [INFO] Node ID: 0000000000000000 Partition: system Value: 10000
2026-09-28T17:56:52Z 2026-09-28T17:56:54.171Z [BRIDGE_CFG] [INFO] Node ID: 0000000000000000 Partition: hardware - Failed to decode value
2026-09-28T17:56:53Z 2026-09-28T17:56:55.031Z [BRIDGE_SYS] [INFO] Neighbor 53171fa3d81a8e6f added
2026-09-28T17:57:50Z SPOT-33507C > bm pub bmcam/cmd {"id":51120,"c":"trg","v":2,"kv":{"m":30}} 1 1
2026-09-28T17:57:52Z bm pub bmcam/cmd {"id":51120,"c":"trg","v":2,"kv":{"m":30}} 1 1
2026-09-28T17:57:52Z 1790618274.476 53171fa3d81a8e6f, [bmcam003] OK id=51120 trg 2 armed: capture + output per mode (next decision point); one action only: still.message_cap=30 cfg=0209090f
2026-09-28T17:59:22Z SPOT-33507C > bm pub bmcam/cmd {"id":51130,"c":"set","kv":{"power.halt.enabled":false}} 1 1
2026-09-28T17:59:24Z bm pub bmcam/cmd {"id":51130,"c":"set","kv":{"power.halt.enabled":false}} 1 1
2026-09-28T17:59:24Z 1790618365.722 53171fa3d81a8e6f, [bmcam003] OK id=51130 power.halt.enabled: true -> false (next action) cfg=342ddb79
2026-09-28T17:59:29Z SPOT-33507C > bm pub bmcam/cmd {"id":51131,"c":"set","kv":{"power.halt.enabled":true}} 1 1
2026-09-28T17:59:30Z bm pub bmcam/cmd {"id":51131,"c":"set","kv":{"power.halt.enabled":true}} 1 1
2026-09-28T17:59:30Z 1790618371.960 53171fa3d81a8e6f, [bmcam003] OK id=51131 power.halt.enabled: STAGED true (awaiting cfm 51131) (next action) cfg=342ddb79
2026-09-28T18:00:24Z SPOT-33507C > bridge cfg commit c3c564b91856226c s
2026-09-28T18:00:26Z bridge cfg commit c3c564b91856226c s
2026-09-28T18:00:26Z Succesfull config commit send
2026-09-28T18:00:27Z 2026-09-28T18:00:29.375Z [BRIDGE] [ERROR] Bridge RX Processing Packet Failure: -7
2026-09-28T18:00:27Z 2026-09-28T18:00:29.378Z [BRIDGE] [INFO] Setting negotiated baud rate to 1000000 from 1000000
2026-09-28T18:00:27Z 2026-09-28T18:00:29.382Z [BRIDGE_SYS] [INFO] Bridge State Init
2026-09-28T18:00:27Z 2026-09-28T18:00:29.382Z [BRIDGE] [INFO] Reboot info received from c3c564b91856226c - Reason: 5 gitSHA: 1595f804 Reboot cnt: 0 PC: 0x0 LR: 0x0
2026-09-28T18:00:27Z 2026-09-28T18:00:29.390Z [BRIDGE_SYS] [INFO] Bridge bus power: 1
2026-09-28T18:00:28Z 2026-09-28T18:00:29.441Z [BRIDGE_CFG] [INFO] Response msg -- Node Id: 0000000000000000, Partition: system, Commit Status: 0
2026-09-28T18:00:28Z 2026-09-28T18:00:29.441Z [BRIDGE_CFG] [INFO] Num Keys: 18
2026-09-28T18:00:28Z 2026-09-28T18:00:29.441Z [BRIDGE_CFG] [INFO] Key 0: sampleIntervalMs
2026-09-28T18:00:28Z 2026-09-28T18:00:29.441Z [BRIDGE_CFG] [INFO] Key 1: sampleDurationMs
2026-09-28T18:00:28Z 2026-09-28T18:00:29.441Z [BRIDGE_CFG] [INFO] Key 2: subsampleIntervalMs
2026-09-28T18:00:28Z 2026-09-28T18:00:29.441Z [BRIDGE_CFG] [INFO] Key 3: subsampleDurationMs
2026-09-28T18:00:28Z 2026-09-28T18:00:29.441Z [BRIDGE_CFG] [INFO] Key 4: subsampleEnabled
2026-09-28T18:00:28Z 2026-09-28T18:00:29.441Z [BRIDGE_CFG] [INFO] Key 5: bridgePowerControllerEnabled
2026-09-28T18:00:28Z 2026-09-28T18:00:29.441Z [BRIDGE_CFG] [INFO] Key 6: alignmentInterval5Min
2026-09-28T18:00:28Z 2026-09-28T18:00:29.445Z [BRIDGE_CFG] [INFO] Key 7: ticksSamplingEnabled
2026-09-28T18:00:28Z 2026-09-28T18:00:29.445Z [BRIDGE_CFG] [INFO] Key 8: samplesPerReport
2026-09-28T18:00:28Z 2026-09-28T18:00:29.445Z [BRIDGE_CFG] [INFO] Key 9: transmitAggregations
2026-09-28T18:00:28Z 2026-09-28T18:00:29.445Z [BRIDGE_CFG] [INFO] Key 10: currentReadingPeriodMs
2026-09-28T18:00:28Z 2026-09-28T18:00:29.445Z [BRIDGE_CFG] [INFO] Key 11: softReadingPeriodMs
2026-09-28T18:00:28Z 2026-09-28T18:00:29.445Z [BRIDGE_CFG] [INFO] Key 12: rbrCodaReadingPeriodMs
2026-09-28T18:00:28Z 2026-09-28T18:00:29.445Z [BRIDGE_CFG] [INFO] Key 13: turbidityReadingPeriodMs
2026-09-28T18:00:28Z 2026-09-28T18:00:29.445Z [BRIDGE_CFG] [INFO] Key 14: disableUnusedPortsTimeMs
2026-09-28T18:00:28Z 2026-09-28T18:00:29.445Z [BRIDGE_CFG] [INFO] Key 15: salinityReadingPeriodMs
2026-09-28T18:00:28Z 2026-09-28T18:00:29.445Z [BRIDGE_CFG] [INFO] Key 16: sensorsCheckIntervalS
2026-09-28T18:00:28Z 2026-09-28T18:00:29.445Z [BRIDGE_CFG] [INFO] Key 17: sensorsPollIntervalMs
2026-09-28T18:00:28Z 2026-09-28T18:00:29.445Z [BRIDGE_CFG] [INFO] Response msg -- Node Id: 0000000000000000, Partition: user, Commit Status: 0
2026-09-28T18:00:28Z 2026-09-28T18:00:29.445Z [BRIDGE_CFG] [INFO] Num Keys: 0
2026-09-28T18:00:28Z 2026-09-28T18:00:29.445Z [BRIDGE_CFG] [INFO] Response msg -- Node Id: 0000000000000000, Partition: hardware, Commit Status: 0
2026-09-28T18:00:28Z 2026-09-28T18:00:29.445Z [BRIDGE_CFG] [INFO] Num Keys: 1
2026-09-28T18:00:28Z 2026-09-28T18:00:29.449Z [BRIDGE_CFG] [INFO] Key 0: smConfigurationCrc
2026-09-28T18:00:28Z 2026-09-28T18:00:29.449Z [BRIDGE] [INFO] handle_power_states, power on for: 4294967295
2026-09-28T18:00:28Z 2026-09-28T18:00:29.453Z [BRIDGE_CFG] [INFO] Node ID: 0000000000000000 Partition: system Value: 3600000
2026-09-28T18:00:28Z 2026-09-28T18:00:29.457Z [BRIDGE_CFG] [INFO] Node ID: 0000000000000000 Partition: system Value: 600000
2026-09-28T18:00:28Z 2026-09-28T18:00:29.460Z [BRIDGE_CFG] [INFO] Node ID: 0000000000000000 Partition: system Value: 300000
2026-09-28T18:00:28Z 2026-09-28T18:00:29.464Z [BRIDGE_CFG] [INFO] Node ID: 0000000000000000 Partition: system Value: 30000
2026-09-28T18:00:28Z 2026-09-28T18:00:29.468Z [BRIDGE_CFG] [INFO] Node ID: 0000000000000000 Partition: system Value: 0
2026-09-28T18:00:28Z 2026-09-28T18:00:29.472Z [BRIDGE_CFG] [INFO] Node ID: 0000000000000000 Partition: system Value: 0
2026-09-28T18:00:28Z 2026-09-28T18:00:29.476Z [BRIDGE_CFG] [INFO] Node ID: 0000000000000000 Partition: system Value: 1
2026-09-28T18:00:28Z 2026-09-28T18:00:29.480Z [BRIDGE_CFG] [INFO] Node ID: 0000000000000000 Partition: system Value: 0
2026-09-28T18:00:28Z 2026-09-28T18:00:29.484Z [BRIDGE_CFG] [INFO] Node ID: 0000000000000000 Partition: system Value: 1
2026-09-28T18:00:28Z 2026-09-28T18:00:29.488Z [BRIDGE_CFG] [INFO] Node ID: 0000000000000000 Partition: system Value: 0
2026-09-28T18:00:28Z 2026-09-28T18:00:29.496Z [BRIDGE_CFG] [INFO] Node ID: 0000000000000000 Partition: system Value: 60000
2026-09-28T18:00:28Z 2026-09-28T18:00:29.500Z [BRIDGE_CFG] [INFO] Node ID: 0000000000000000 Partition: system Value: 500
2026-09-28T18:00:28Z 2026-09-28T18:00:29.503Z [BRIDGE_CFG] [INFO] Node ID: 0000000000000000 Partition: system Value: 500
2026-09-28T18:00:28Z 2026-09-28T18:00:29.507Z [BRIDGE_CFG] [INFO] Node ID: 0000000000000000 Partition: system Value: 1000
2026-09-28T18:00:28Z 2026-09-28T18:00:29.515Z [BRIDGE_CFG] [INFO] Node ID: 0000000000000000 Partition: system Value: 0
2026-09-28T18:00:28Z 2026-09-28T18:00:29.519Z [BRIDGE_CFG] [INFO] Node ID: 0000000000000000 Partition: system Value: 30000
2026-09-28T18:00:28Z 2026-09-28T18:00:29.523Z [BRIDGE_CFG] [INFO] Node ID: 0000000000000000 Partition: system Value: 60
2026-09-28T18:00:28Z 2026-09-28T18:00:29.527Z [BRIDGE_CFG] [INFO] Node ID: 0000000000000000 Partition: system Value: 10000
2026-09-28T18:00:28Z 2026-09-28T18:00:29.531Z [BRIDGE_CFG] [INFO] Node ID: 0000000000000000 Partition: hardware - Failed to decode value
2026-09-28T18:00:28Z 2026-09-28T18:00:30.402Z [BRIDGE_SYS] [INFO] Neighbor 53171fa3d81a8e6f added
2026-09-28T18:01:23Z SPOT-33507C > bm pub bmcam/cmd {"id":51132,"c":"cfm","ref":51131} 1 1
2026-09-28T18:01:25Z bm pub bmcam/cmd {"id":51132,"c":"cfm","ref":51131} 1 1
2026-09-28T18:01:26Z 1790618487.609 53171fa3d81a8e6f, [bmcam003] OK id=51132 cfm 51131: power.halt.enabled applied cfg=0209090f
2026-09-28T18:01:28Z 1790618490.218 53171fa3d81a8e6f, [bmcam003] OK id=51132 cfm 51131: power.halt.enabled applied (duplicate: original answer) cfg=0209090f
2026-09-28T18:02:33Z SPOT-33507C > bm pub bmcam/cmd {"id":100056,"c":"rsd","h":[["0dxar5","38-45,124-131"]]} 1 1
2026-09-28T18:02:35Z bm pub bmcam/cmd {"id":100056,"c":"rsd","h":[["0dxar5","38-45,124-131"]]} 1 1
2026-09-28T18:02:35Z 1790618557.308 53171fa3d81a8e6f, [bmcam003] OK id=100056 rsd: 1 heal(s) queued (<HL> reports each) cfg=0209090f
2026-09-28T18:02:40Z SPOT-33507C > bm pub bmcam/cmd {"id":51140,"c":"trg","v":2,"kv":{"m":30}} 1 1
2026-09-28T18:02:42Z bm pub bmcam/cmd {"id":51140,"c":"trg","v":2,"kv":{"m":30}} 1 1
2026-09-28T18:02:42Z 1790618563.566 53171fa3d81a8e6f, [bmcam003] OK id=51140 trg 2 armed: capture + output per mode (next decision point); one action only: still.message_cap=30 cfg=0209090f
2026-09-28T18:04:15Z SPOT-33507C > bm pub bmcam/cmd {"id":100056,"c":"rsd","h":[["0dxar5","38-45,124-131"]]} 1 1
2026-09-28T18:04:17Z bm pub bmcam/cmd {"id":100056,"c":"rsd","h":[["0dxar5","38-45,124-131"]]} 1 1
2026-09-28T18:04:17Z Message: Message: Message: Message: Message: 1790618659.089 53171fa3d81a8e6f, [bmcam003] OK id=100056 rsd: 1 heal(s) queued (<HL> reports each) (duplicate: original answer) cfg=0209090f
2026-09-28T18:04:32Z SPOT-33507C > bm pub bmcam/cmd {"id":51150,"c":"wap","v":2} 1 1
2026-09-28T18:04:32Z 2026-09-28T18:04:34.390Z [BRIDGE_CFG] [INFO] Bridge topology in topology sampler:
2026-09-28T18:04:32Z 2026-09-28T18:04:34.398Z [BRIDGE_CFG] [INFO] c3c564b91856226c
2026-09-28T18:04:32Z 2026-09-28T18:04:34.398Z [BRIDGE_CFG] [INFO] 53171fa3d81a8e6f
2026-09-28T18:04:32Z 2026-09-28T18:04:34.402Z [BRIDGE_SYS] [INFO] Checking CRC in report builder!
2026-09-28T18:04:32Z 2026-09-28T18:04:34.406Z [BRIDGE_SYS] [INFO] Got CRC ba829098 OLD CRC ba829098
2026-09-28T18:04:32Z 2026-09-28T18:04:34.406Z [BRIDGE_SYS] [INFO] CRCs match, not updating
2026-09-28T18:04:33Z bm pub bmcam/cmd {"id":51150,"c":"wap","v":2} 1 1
2026-09-28T18:04:33Z 1790618674.746 53171fa3d81a8e6f, [bmcam003] OK id=51150 wap 2: network change dispatched cfg=0209090f
2026-09-28T18:04:41Z SPOT-33507C > bm pub bmcam/cmd {"id":51150,"c":"wap","v":2} 1 1
2026-09-28T18:04:42Z bm pub bmcam/cmd {"id":51150,"c":"wap","v":2} 1 1
2026-09-28T18:04:42Z 1790618683.976 53171fa3d81a8e6f, [bmcam003] OK id=51150 wap 2: network change dispatched (duplicate: original answer) cfg=0209090f
2026-09-28T18:05:06Z SPOT-33507C > bm pub bmcam/cmd {"id":51151,"c":"wap","v":1} 1 1
2026-09-28T18:05:09Z bm pub bmcam/cmd {"id":51151,"c":"wap","v":1} 1 1
2026-09-28T18:05:09Z 1790618711.050 53171fa3d81a8e6f, [bmcam003] OK id=51151 wap 1: network change dispatched cfg=0209090f
2026-09-28T18:06:11Z SPOT-33507C > bm pub bmcam/cmd {"id":51152,"c":"wap","v":0} 1 1
2026-09-28T18:06:13Z bm pub bmcam/cmd {"id":51152,"c":"wap","v":0} 1 1
2026-09-28T18:06:17Z 1790618779.363 53171fa3d81a8e6f, [bmcam003] OK id=51152 wap 0: network change dispatched cfg=0209090f
2026-09-28T18:06:35Z SPOT-33507C > bm pub bmcam/cmd {"id":51160,"c":"get","k":["uplink.chunk_chars","uplink.network_type"]} 1 1
2026-09-28T18:06:37Z bm pub bmcam/cmd {"id":51160,"c":"get","k":["uplink.chunk_chars","uplink.network_type"]} 1 1
2026-09-28T18:06:37Z 1790618799.312 53171fa3d81a8e6f, [bmcam003] OK id=51160 get uplink.chunk_chars, uplink.network_type: 2 key(s) cfg=0209090f
2026-09-28T18:06:37Z 1790618799.363 53171fa3d81a8e6f,   uplink.chunk_chars = 384 (yaml)
2026-09-28T18:06:38Z 1790618799.414 53171fa3d81a8e6f,   uplink.network_type = 2 (yaml)
2026-09-28T18:06:56Z SPOT-33507C > bm pub bmcam/cmd {"id":100000010,"c":"set","kv":{"uplink.chunk_chars":360},"sig":"69f7491e1cc29b51"} 1 1
2026-09-28T18:06:58Z bm pub bmcam/cmd {"id":100000010,"c":"set","kv":{"uplink.chunk_chars":360},"sig":"69f7491e1cc29b51"} 1 1
2026-09-28T18:06:58Z 2026-09-28T18:06:59.890Z [MS] [INFO] Added message(id: 22891 len: 164) to queue MS_Q_CELLULAR_ONLY: (1)!
2026-09-28T18:06:58Z 2026-09-28T18:06:59.890Z [BM_TX] [INFO] Submitted spotter/transmit-data message to cell-only queue, Len: 39
2026-09-28T18:06:58Z 2026-09-28T18:06:59.890Z [BM_TX] [DEBUG] Message:
2026-09-28T18:06:58Z  7b 22 69 64 22 3a 31 30
2026-09-28T18:06:58Z  30 30 30 30 30 31 30 2c
2026-09-28T18:06:58Z  22 6f 6b 22 3a 31 2c 22
2026-09-28T18:06:58Z  68 22 3a 22 66 36 38 39
2026-09-28T18:06:58Z  35 33 38 62 22 7d
2026-09-28T18:06:58Z Message: 1790618819.910 53171fa3d81a8e6f, [bmcam003] OK id=100000010 uplink.chunk_chars: 384 -> 360, uplink.chunk_chars guarded: cfm 100000010 within 2 sends or 3 boots (next action) cfg=f689538b
2026-09-28T18:06:58Z 2026-09-28T18:06:59.929Z [MS] [DEBUG] Notecard is 18.000000 pct full.
2026-09-28T18:06:58Z 2026-09-28T18:06:59.929Z [MS] [DEBUG] Has message 22891 expired? queuedTime: 253433472, now64: 253433509, remaining: 86399963
2026-09-28T18:06:58Z 2026-09-28T18:06:59.929Z [MS] [INFO] Sending Cellular message to Notecard.
2026-09-28T18:06:58Z 2026-09-28T18:06:59.929Z [MS] [INFO] Queuing message 22891 20027488
2026-09-28T18:06:59Z 2026-09-28T18:07:00.902Z [MS] [INFO] Added message(id: 22892 len: 179) to queue MS_Q_CELLULAR_ONLY: (1)!
2026-09-28T18:06:59Z 2026-09-28T18:07:00.902Z [BM_TX] [INFO] Submitted spotter/transmit-data message to cell-only queue, Len: 54
2026-09-28T18:06:59Z 2026-09-28T18:07:00.902Z [BM_TX] [DEBUG] Message:
2026-09-28T18:06:59Z  3c 43 46 20 76 3d 31 20
2026-09-28T18:06:59Z  68 3d 66 36 38 39 35 33
2026-09-28T18:06:59Z  38 62 20 75 70 6c 69 6e
2026-09-28T18:06:59Z  6b 2e 63 68 75 6e 6b 5f
2026-09-28T18:06:59Z  63 68 61 72 73 3d 33 36
2026-09-28T18:06:59Z  30 40 63 31 30 30 30 30
2026-09-28T18:06:59Z  30 30 31 30 3e
2026-09-28T18:06:59Z 2026-09-28T18:07:00.925Z [MS] [DEBUG] Notecard is 18.000000 pct full.
2026-09-28T18:06:59Z 2026-09-28T18:07:00.929Z [MS] [DEBUG] Has message 22892 expired? queuedTime: 253434482, now64: 253434509, remaining: 86399973
2026-09-28T18:06:59Z 2026-09-28T18:07:00.929Z [MS] [INFO] Sending Cellular message to Notecard.
2026-09-28T18:06:59Z 2026-09-28T18:07:00.929Z [MS] [INFO] Queuing message 22892 20027488
2026-09-28T18:07:06Z SPOT-33507C > bm pub bmcam/cmd {"id":100000010,"c":"set","kv":{"uplink.chunk_chars":360},"sig":"69f7491e1cc29b51"} 1 1
2026-09-28T18:07:07Z bm pub bmcam/cmd {"id":100000010,"c":"set","kv":{"uplink.chunk_chars":360},"sig":"69f7491e1cc29b51"} 1 1
2026-09-28T18:07:07Z Message: 1790618829.332 53171fa3d81a8e6f, [bmcam003] OK id=100000010 uplink.chunk_chars: 384 -> 360, uplink.chunk_chars guarded: cfm 100000010 within 2 sends or 3 boots (next action) (duplicate: orig
2026-09-28T18:07:16Z SPOT-33507C > bm pub bmcam/cmd {"id":100000011,"c":"set","kv":{"uplink.chunk_chars":320},"sig":"0d7cc09d970e416d"} 1 1
2026-09-28T18:07:17Z bm pub bmcam/cmd {"id":100000011,"c":"set","kv":{"uplink.chunk_chars":320},"sig":"0d7cc09d970e416d"} 1 1
2026-09-28T18:07:17Z 2026-09-28T18:07:18.566Z [MS] [INFO] Added message(id: 22893 len: 185) to queue MS_Q_CELLULAR_ONLY: (1)!
2026-09-28T18:07:17Z 2026-09-28T18:07:18.570Z [BM_TX] [INFO] Submitted spotter/transmit-data message to cell-only queue, Len: 60
2026-09-28T18:07:17Z 2026-09-28T18:07:18.570Z [BM_TX] [DEBUG] Message:
2026-09-28T18:07:17Z  7b 22 69 64 22 3a 31 30
2026-09-28T18:07:17Z  30 30 30 30 30 31 31 2c
2026-09-28T18:07:17Z  22 6f 6b 22 3a 30 2c 22
2026-09-28T18:07:17Z  68 22 3a 22 66 36 38 39
2026-09-28T18:07:17Z  35 33 38 62 22 2c 22 65
2026-09-28T18:07:17Z  22 3a 22 61 75 74 68 22
2026-09-28T18:07:17Z  2c 22 6b 22 3a 22 73 69
2026-09-28T18:07:17Z  67 22 7d
2026-09-28T18:07:17Z Message: 1790618838.578 53171fa3d81a8e6f, [bmcam003] REJECTED id=100000011 service-range ids need a valid service signature e=auth k=sig cfg=f689538b
2026-09-28T18:07:17Z 2026-09-28T18:07:18.609Z [MS] [DEBUG] Notecard is 18.000000 pct full.
2026-09-28T18:07:17Z 2026-09-28T18:07:18.609Z [MS] [DEBUG] Has message 22893 expired? queuedTime: 253452152, now64: 253452192, remaining: 86399960
2026-09-28T18:07:17Z 2026-09-28T18:07:18.609Z [MS] [INFO] Sending Cellular message to Notecard.
2026-09-28T18:07:17Z 2026-09-28T18:07:18.609Z [MS] [INFO] Queuing message 22893 20027488
2026-09-28T18:07:23Z SPOT-33507C > bm pub bmcam/cmd {"id":100000005,"c":"ping","sig":"b837110b638ed5b5"} 1 1
2026-09-28T18:07:24Z bm pub bmcam/cmd {"id":100000005,"c":"ping","sig":"b837110b638ed5b5"} 1 1
2026-09-28T18:07:24Z 2026-09-28T18:07:25.808Z [MS] [INFO] Added message(id: 22894 len: 174) to queue MS_Q_CELLULAR_ONLY: (1)!
2026-09-28T18:07:24Z 2026-09-28T18:07:25.808Z [BM_TX] [INFO] Submitted spotter/transmit-data message to cell-only queue, Len: 49
2026-09-28T18:07:24Z 2026-09-28T18:07:25.808Z [BM_TX] [DEBUG] Message:
2026-09-28T18:07:24Z  7b 22 69 64 22 3a 31 30
2026-09-28T18:07:24Z  30 30 30 30 30 30 35 2c
2026-09-28T18:07:24Z  22 6f 6b 22 3a 30 2c 22
2026-09-28T18:07:24Z  68 22 3a 22 66 36 38 39
2026-09-28T18:07:24Z  35 33 38 62 22 2c 22 65
2026-09-28T18:07:24Z  22 3a 22 6f 6c 64 22 7d
2026-09-28T18:07:24Z 
2026-09-28T18:07:24Z Message: 1790618845.816 53171fa3d81a8e6f, [bmcam003] REJECTED id=100000005 below this sender's newest id e=old cfg=f689538b
2026-09-28T18:07:24Z 2026-09-28T18:07:25.843Z [MS] [DEBUG] Notecard is 18.000000 pct full.
2026-09-28T18:07:24Z 2026-09-28T18:07:25.843Z [MS] [DEBUG] Has message 22894 expired? queuedTime: 253459392, now64: 253459431, remaining: 86399961
2026-09-28T18:07:24Z 2026-09-28T18:07:25.847Z [MS] [INFO] Sending Cellular message to Notecard.
2026-09-28T18:07:24Z 2026-09-28T18:07:25.847Z [MS] [INFO] Queuing message 22894 20027488
2026-09-28T18:07:31Z SPOT-33507C > bm pub bmcam/cmd {"id":100000012,"c":"reset","k":["uplink.chunk_chars"],"sig":"be0a82267fa4797c"} 1 1
2026-09-28T18:07:32Z bm pub bmcam/cmd {"id":100000012,"c":"reset","k":["uplink.chunk_chars"],"sig":"be0a82267fa4797c"} 1 1
2026-09-28T18:07:32Z 2026-09-28T18:07:34.265Z [MS] [INFO] Added message(id: 22895 len: 164) to queue MS_Q_CELLULAR_ONLY: (1)!
2026-09-28T18:07:32Z 2026-09-28T18:07:34.265Z [BM_TX] [INFO] Submitted spotter/transmit-data message to cell-only queue, Len: 39
2026-09-28T18:07:32Z 2026-09-28T18:07:34.265Z [BM_TX] [DEBUG] Message:
2026-09-28T18:07:32Z  7b 22 69 64 22 3a 31 30
2026-09-28T18:07:32Z  30 30 30 30 30 31 32 2c
2026-09-28T18:07:32Z  22 6f 6b 22 3a 31 2c 22
2026-09-28T18:07:32Z  68 22 3a 22 30 32 30 39
2026-09-28T18:07:32Z  30 39 30 66 22 7d
2026-09-28T18:07:32Z Message: 1790618854.273 53171fa3d81a8e6f, [bmcam003] OK id=100000012 reset uplink.chunk_chars -> YAML cfg=0209090f
2026-09-28T18:07:32Z 2026-09-28T18:07:34.300Z [MS] [DEBUG] Notecard is 18.000000 pct full.
2026-09-28T18:07:32Z 2026-09-28T18:07:34.304Z [MS] [DEBUG] Has message 22895 expired? queuedTime: 253467852, now64: 253467889, remaining: 86399963
2026-09-28T18:07:32Z 2026-09-28T18:07:34.304Z [MS] [INFO] Sending Cellular message to Notecard.
2026-09-28T18:07:32Z 2026-09-28T18:07:34.304Z [MS] [INFO] Queuing message 22895 20027488
2026-09-28T18:07:32Z 2026-09-28T18:07:34.382Z [BRIDGE_CFG] [INFO] Bridge topology in topology sampler:
2026-09-28T18:07:32Z 2026-09-28T18:07:34.386Z [BRIDGE_CFG] [INFO] c3c564b91856226c
2026-09-28T18:07:32Z 2026-09-28T18:07:34.390Z [BRIDGE_CFG] [INFO] 53171fa3d81a8e6f
2026-09-28T18:07:32Z 2026-09-28T18:07:34.390Z [BRIDGE_SYS] [INFO] Checking CRC in report builder!
2026-09-28T18:07:32Z 2026-09-28T18:07:34.394Z [BRIDGE_SYS] [INFO] Got CRC ba829098 OLD CRC ba829098
2026-09-28T18:07:32Z 2026-09-28T18:07:34.398Z [BRIDGE_SYS] [INFO] CRCs match, not updating
2026-09-28T18:07:33Z 2026-09-28T18:07:35.265Z [MS] [INFO] Added message(id: 22896 len: 168) to queue MS_Q_CELLULAR_ONLY: (1)!
2026-09-28T18:07:33Z 2026-09-28T18:07:35.265Z [BM_TX] [INFO] Submitted spotter/transmit-data message to cell-only queue, Len: 43
2026-09-28T18:07:33Z 2026-09-28T18:07:35.265Z [BM_TX] [DEBUG] Message:
2026-09-28T18:07:33Z  3c 43 46 20 76 3d 31 20
2026-09-28T18:07:33Z  68 3d 30 32 30 39 30 39
2026-09-28T18:07:33Z  30 66 20 75 70 6c 69 6e
2026-09-28T18:07:33Z  6b 2e 63 68 75 6e 6b 5f
2026-09-28T18:07:33Z  63 68 61 72 73 3d 33 38
2026-09-28T18:07:33Z  34 3e
2026-09-28T18:07:33Z 2026-09-28T18:07:35.289Z [MS] [DEBUG] Notecard is 18.000000 pct full.
2026-09-28T18:07:33Z 2026-09-28T18:07:35.289Z [MS] [DEBUG] Has message 22896 expired? queuedTime: 253468852, now64: 253468877, remaining: 86399975
2026-09-28T18:07:33Z 2026-09-28T18:07:35.289Z [MS] [INFO] Sending Cellular message to Notecard.
2026-09-28T18:07:33Z 2026-09-28T18:07:35.292Z [MS] [INFO] Queuing message 22896 20027488
2026-09-28T18:17:34Z SPOT-33507C > bm pub bmcam/cmd {"id":51201,"c":"help"} 1 1
2026-09-28T18:17:37Z bm pub bmcam/cmd {"id":51201,"c":"help"} 1 1
2026-09-28T18:17:37Z 1790619458.785 53171fa3d81a8e6f, [bmcam003] OK id=51201 help (reference follows) cfg=0209090f
2026-09-28T18:17:37Z 1790619458.835 53171fa3d81a8e6f, v9 commands: bm pub bmcam/cmd <json> 1 1   (json <= 248 B)
2026-09-28T18:17:37Z 1790619458.886 53171fa3d81a8e6f, ping   {"id":N,"c":"ping"}   help {"id":N,"c":"help"}
2026-09-28T18:17:37Z 1790619458.945 53171fa3d81a8e6f, get    {"id":N,"c":"get","k":["<key, short or group>",...]}  "journal" = last changes
2026-09-28T18:17:37Z 1790619458.996 53171fa3d81a8e6f, set    {"id":N,"c":"set","kv":{"<key or short>":value,...}}  all-or-none
2026-09-28T18:17:37Z 1790619459.046 53171fa3d81a8e6f, reset  {"id":N,"c":"reset","k":["<key or group>"]}  or  {"all":1}
2026-09-28T18:17:37Z 1790619459.093 53171fa3d81a8e6f, cfm    {"id":N,"c":"cfm","ref":<set id>}  confirms a guarded set
2026-09-28T18:17:37Z 1790619459.148 53171fa3d81a8e6f, trg    {"id":N,"c":"trg","v":0-4}  0 cancel, 1 capture+save, 2 capture + output per mode, 3/4 reference
2026-09-28T18:17:37Z 1790619459.195 53171fa3d81a8e6f, hld    {"id":N,"c":"hld","v":<min>}  stay awake (0 releases)
2026-09-28T18:17:37Z 1790619459.246 53171fa3d81a8e6f, rsd    heals (unchanged)   wap {"v":0-2} WiFi (unchanged)
2026-09-28T18:17:37Z 1790619459.308 53171fa3d81a8e6f, short: b=camera.white_balance.mode d=video.send.duration_s e=camera.exposure.ev f=camera.focus.mode med=mode.media o=mode.output r=still.crop m=message cap of the med
2026-09-28T18:17:37Z 1790619459.355 53171fa3d81a8e6f, ids: 1-99999 console | 1e5- heals | 1e6-99999999 remote (+cellular ack) | 1e8- signed service | 2e9- conductor
2026-09-28T18:17:38Z 1790619459.406 53171fa3d81a8e6f, [bmcam003] OK id=51201 help (reference follows) (duplicate: original answer) cfg=0209090f
2026-09-28T18:17:45Z SPOT-33507C > bm pub bmcam/cmd {"id":100000020,"c":"set","kv":{"uplink.chunk_chars":360},"sig":"4616452a247a74ae"} 1 1
2026-09-28T18:17:46Z bm pub bmcam/cmd {"id":100000020,"c":"set","kv":{"uplink.chunk_chars":360},"sig":"4616452a247a74ae"} 1 1
2026-09-28T18:17:46Z 2026-09-28T18:17:48.273Z [MS] [INFO] Added message(id: 22899 len: 164) to queue MS_Q_CELLULAR_ONLY: (1)!
2026-09-28T18:17:46Z 2026-09-28T18:17:48.273Z [BM_TX] [INFO] Submitted spotter/transmit-data message to cell-only queue, Len: 39
2026-09-28T18:17:46Z 2026-09-28T18:17:48.273Z [BM_TX] [DEBUG] Message:
2026-09-28T18:17:46Z  7b 22 69 64 22 3a 31 30
2026-09-28T18:17:46Z  30 30 30 30 30 32 30 2c
2026-09-28T18:17:46Z  22 6f 6b 22 3a 31 2c 22
2026-09-28T18:17:46Z  68 22 3a 22 66 36 38 39
2026-09-28T18:17:46Z  35 33 38 62 22 7d
2026-09-28T18:17:46Z Message: 1790619468.292 53171fa3d81a8e6f, [bmcam003] OK id=100000020 uplink.chunk_chars: 384 -> 360, uplink.chunk_chars guarded: cfm 100000020 within 2 sends or 3 boots (next action) cfg=f689538b
2026-09-28T18:17:46Z 2026-09-28T18:17:48.308Z [MS] [DEBUG] Notecard is 18.000000 pct full.
2026-09-28T18:17:46Z 2026-09-28T18:17:48.308Z [MS] [DEBUG] Has message 22899 expired? queuedTime: 254081972, now64: 254082007, remaining: 86399965
2026-09-28T18:17:46Z 2026-09-28T18:17:48.312Z [MS] [INFO] Sending Cellular message to Notecard.
2026-09-28T18:17:46Z 2026-09-28T18:17:48.312Z [MS] [INFO] Queuing message 22899 20027488
2026-09-28T18:17:46Z 1790619468.343 53171fa3d81a8e6f, [bmcam003] OK id=100000020 uplink.chunk_chars: 384 -> 360, uplink.chunk_chars guarded: cfm 100000020 within 2 sends or 3 boots (next action) (duplicate: original answ
2026-09-28T18:17:47Z 2026-09-28T18:17:49.335Z [MS] [INFO] Added message(id: 22900 len: 179) to queue MS_Q_CELLULAR_ONLY: (1)!
2026-09-28T18:17:47Z 2026-09-28T18:17:49.335Z [BM_TX] [INFO] Submitted spotter/transmit-data message to cell-only queue, Len: 54
2026-09-28T18:17:47Z 2026-09-28T18:17:49.335Z [BM_TX] [DEBUG] Message:
2026-09-28T18:17:47Z  3c 43 46 20 76 3d 31 20
2026-09-28T18:17:47Z  68 3d 66 36 38 39 35 33
2026-09-28T18:17:47Z  38 62 20 75 70 6c 69 6e
2026-09-28T18:17:47Z  6b 2e 63 68 75 6e 6b 5f
2026-09-28T18:17:47Z  63 68 61 72 73 3d 33 36
2026-09-28T18:17:47Z  30 40 63 31 30 30 30 30
2026-09-28T18:17:47Z  30 30 32 30 3e
2026-09-28T18:17:47Z 2026-09-28T18:17:49.359Z [MS] [DEBUG] Notecard is 18.000000 pct full.
2026-09-28T18:17:47Z 2026-09-28T18:17:49.359Z [MS] [DEBUG] Has message 22900 expired? queuedTime: 254083032, now64: 254083059, remaining: 86399973
2026-09-28T18:17:47Z 2026-09-28T18:17:49.363Z [MS] [INFO] Sending Cellular message to Notecard.
2026-09-28T18:17:47Z 2026-09-28T18:17:49.363Z [MS] [INFO] Queuing message 22900 20027488
2026-09-28T18:18:37Z SPOT-33507C > bm pub bmcam/cmd {"id":100000021,"c":"reset","k":["uplink.chunk_chars"],"sig":"2cde88bb4d0ffa0e"} 1 1
2026-09-28T18:18:39Z bm pub bmcam/cmd {"id":100000021,"c":"reset","k":["uplink.chunk_chars"],"sig":"2cde88bb4d0ffa0e"} 1 1
2026-09-28T18:18:40Z 2026-09-28T18:18:41.472Z [MS] [INFO] Added message(id: 22901 len: 164) to queue MS_Q_CELLULAR_ONLY: (1)!
2026-09-28T18:18:40Z 2026-09-28T18:18:41.476Z [BM_TX] [INFO] Submitted spotter/transmit-data message to cell-only queue, Len: 39
2026-09-28T18:18:40Z 2026-09-28T18:18:41.476Z [BM_TX] [DEBUG] Message:
2026-09-28T18:18:40Z  7b 22 69 64 22 3a 31 30
2026-09-28T18:18:40Z  30 30 30 30 30 32 31 2c
2026-09-28T18:18:40Z  22 6f 6b 22 3a 31 2c 22
2026-09-28T18:18:40Z  68 22 3a 22 30 32 30 39
2026-09-28T18:18:40Z  30 39 30 66 22 7d
2026-09-28T18:18:40Z Message: 1790619521.484 53171fa3d81a8e6f, [bmcam003] OK id=100000021 reset uplink.chunk_chars -> YAML cfg=0209090f
2026-09-28T18:18:40Z 2026-09-28T18:18:41.500Z [MS] [DEBUG] Notecard is 2.000000 pct full.
2026-09-28T18:18:40Z 2026-09-28T18:18:41.500Z [MS] [DEBUG] Has message 22901 expired? queuedTime: 254135181, now64: 254135207, remaining: 86399974
2026-09-28T18:18:40Z 2026-09-28T18:18:41.503Z [MS] [INFO] Sending Cellular message to Notecard.
2026-09-28T18:18:40Z 2026-09-28T18:18:41.503Z [MS] [INFO] Queuing message 22901 20027488
2026-09-28T18:18:40Z 1790619521.523 53171fa3d81a8e6f, [bmcam003] OK id=100000021 reset uplink.chunk_chars -> YAML (duplicate: original answer) cfg=0209090f
2026-09-28T18:18:41Z 2026-09-28T18:18:42.523Z [MS] [INFO] Added message(id: 22902 len: 168) to queue MS_Q_CELLULAR_ONLY: (1)!
2026-09-28T18:18:41Z 2026-09-28T18:18:42.523Z [BM_TX] [INFO] Submitted spotter/transmit-data message to cell-only queue, Len: 43
2026-09-28T18:18:41Z 2026-09-28T18:18:42.523Z [BM_TX] [DEBUG] Message:
2026-09-28T18:18:41Z  3c 43 46 20 76 3d 31 20
2026-09-28T18:18:41Z  68 3d 30 32 30 39 30 39
2026-09-28T18:18:41Z  30 66 20 75 70 6c 69 6e
2026-09-28T18:18:41Z  6b 2e 63 68 75 6e 6b 5f
2026-09-28T18:18:41Z  63 68 61 72 73 3d 33 38
2026-09-28T18:18:41Z  34 3e
2026-09-28T18:18:41Z 2026-09-28T18:18:42.554Z [MS] [DEBUG] Notecard is 3.000000 pct full.
2026-09-28T18:18:41Z 2026-09-28T18:18:42.554Z [MS] [DEBUG] Has message 22902 expired? queuedTime: 254136231, now64: 254136263, remaining: 86399968
2026-09-28T18:18:41Z 2026-09-28T18:18:42.558Z [MS] [INFO] Sending Cellular message to Notecard.
2026-09-28T18:18:41Z 2026-09-28T18:18:42.558Z [MS] [INFO] Queuing message 22902 20027488
2026-09-28T18:19:05Z SPOT-33507C > bm pub bmcam/cmd {"id":51210,"c":"reset","all":1} 1 1
2026-09-28T18:19:08Z bm pub bmcam/cmd {"id":51210,"c":"reset","all":1} 1 1
2026-09-28T18:19:08Z 1790619549.863 53171fa3d81a8e6f, [bmcam003] OK id=51210 reset camera.controls_enabled, camera.white_balance.enabled, camera.white_balance.gains, camera.white_balance.mode, mode.media, mode.run, power
2026-09-28T18:19:08Z 1790619549.910 53171fa3d81a8e6f, [bmcam003] OK id=51210 reset camera.controls_enabled, camera.white_balance.enabled, camera.white_balance.gains, camera.white_balance.mode, mode (duplicate: original a
2026-09-28T18:30:35Z SPOT-33507C > bridge cfg set c3c564b91856226c s u bridgePowerControllerEnabled 1
2026-09-28T18:30:38Z bridge cfg set c3c564b91856226c s u bridgePowerControllerEnabled 1
2026-09-28T18:30:38Z Succesfully sent config set msg
2026-09-28T18:30:38Z 2026-09-28T18:30:39.632Z [BRIDGE_CFG] [INFO] Node ID: 0000000000000000 Partition: system Value: 1
2026-09-28T18:30:42Z SPOT-33507C > bridge cfg commit c3c564b91856226c s
2026-09-28T18:30:43Z bridge cfg commit c3c564b91856226c s
2026-09-28T18:30:43Z Succesfull config commit send
2026-09-28T18:30:44Z 2026-09-28T18:30:46.183Z [BRIDGE] [ERROR] Bridge RX Processing Packet Failure: -7
2026-09-28T18:30:44Z 2026-09-28T18:30:46.187Z [BRIDGE] [INFO] Setting negotiated baud rate to 1000000 from 1000000
2026-09-28T18:30:44Z 2026-09-28T18:30:46.191Z [BRIDGE_SYS] [INFO] Bridge State Init
2026-09-28T18:30:44Z 2026-09-28T18:30:46.195Z [BRIDGE] [INFO] Reboot info received from c3c564b91856226c - Reason: 5 gitSHA: 1595f804 Reboot cnt: 0 PC: 0x0 LR: 0x0
2026-09-28T18:30:44Z 2026-09-28T18:30:46.203Z [BRIDGE_SYS] [INFO] Bridge bus power: 1
2026-09-28T18:30:44Z 2026-09-28T18:30:46.253Z [BRIDGE_CFG] [INFO] Response msg -- Node Id: 0000000000000000, Partition: system, Commit Status: 0
2026-09-28T18:30:44Z 2026-09-28T18:30:46.253Z [BRIDGE_CFG] [INFO] Num Keys: 18
2026-09-28T18:30:44Z 2026-09-28T18:30:46.253Z [BRIDGE_CFG] [INFO] Key 0: sampleIntervalMs
2026-09-28T18:30:44Z 2026-09-28T18:30:46.253Z [BRIDGE_CFG] [INFO] Key 1: sampleDurationMs
2026-09-28T18:30:44Z 2026-09-28T18:30:46.253Z [BRIDGE_CFG] [INFO] Key 2: subsampleIntervalMs
2026-09-28T18:30:44Z 2026-09-28T18:30:46.253Z [BRIDGE_CFG] [INFO] Key 3: subsampleDurationMs
2026-09-28T18:30:44Z 2026-09-28T18:30:46.253Z [BRIDGE_CFG] [INFO] Key 4: subsampleEnabled
2026-09-28T18:30:44Z 2026-09-28T18:30:46.253Z [BRIDGE_CFG] [INFO] Key 5: bridgePowerControllerEnabled
2026-09-28T18:30:44Z 2026-09-28T18:30:46.253Z [BRIDGE_CFG] [INFO] Key 6: alignmentInterval5Min
2026-09-28T18:30:44Z 2026-09-28T18:30:46.253Z [BRIDGE_CFG] [INFO] Key 7: ticksSamplingEnabled
2026-09-28T18:30:44Z 2026-09-28T18:30:46.253Z [BRIDGE_CFG] [INFO] Key 8: samplesPerReport
2026-09-28T18:30:44Z 2026-09-28T18:30:46.253Z [BRIDGE_CFG] [INFO] Key 9: transmitAggregations
2026-09-28T18:30:44Z 2026-09-28T18:30:46.253Z [BRIDGE_CFG] [INFO] Key 10: currentReadingPeriodMs
2026-09-28T18:30:44Z 2026-09-28T18:30:46.257Z [BRIDGE_CFG] [INFO] Key 11: softReadingPeriodMs
2026-09-28T18:30:44Z 2026-09-28T18:30:46.257Z [BRIDGE_CFG] [INFO] Key 12: rbrCodaReadingPeriodMs
2026-09-28T18:30:44Z 2026-09-28T18:30:46.257Z [BRIDGE_CFG] [INFO] Key 13: turbidityReadingPeriodMs
2026-09-28T18:30:44Z 2026-09-28T18:30:46.257Z [BRIDGE_CFG] [INFO] Key 14: disableUnusedPortsTimeMs
2026-09-28T18:30:44Z 2026-09-28T18:30:46.257Z [BRIDGE_CFG] [INFO] Key 15: salinityReadingPeriodMs
2026-09-28T18:30:44Z 2026-09-28T18:30:46.257Z [BRIDGE_CFG] [INFO] Key 16: sensorsCheckIntervalS
2026-09-28T18:30:44Z 2026-09-28T18:30:46.257Z [BRIDGE_CFG] [INFO] Key 17: sensorsPollIntervalMs
2026-09-28T18:30:44Z 2026-09-28T18:30:46.257Z [BRIDGE_CFG] [INFO] Response msg -- Node Id: 0000000000000000, Partition: user, Commit Status: 0
2026-09-28T18:30:44Z 2026-09-28T18:30:46.257Z [BRIDGE_CFG] [INFO] Num Keys: 0
2026-09-28T18:30:44Z 2026-09-28T18:30:46.257Z [BRIDGE_CFG] [INFO] Response msg -- Node Id: 0000000000000000, Partition: hardware, Commit Status: 0
2026-09-28T18:30:44Z 2026-09-28T18:30:46.257Z [BRIDGE_CFG] [INFO] Num Keys: 1
2026-09-28T18:30:44Z 2026-09-28T18:30:46.257Z [BRIDGE_CFG] [INFO] Key 0: smConfigurationCrc
2026-09-28T18:30:44Z 2026-09-28T18:30:46.257Z [BRIDGE] [INFO] handle_power_states, power on for: 120000
2026-09-28T18:30:44Z 2026-09-28T18:30:46.265Z [BRIDGE_CFG] [INFO] Node ID: 0000000000000000 Partition: system Value: 3600000
2026-09-28T18:30:44Z 2026-09-28T18:30:46.269Z [BRIDGE_CFG] [INFO] Node ID: 0000000000000000 Partition: system Value: 600000
2026-09-28T18:30:44Z 2026-09-28T18:30:46.273Z [BRIDGE_CFG] [INFO] Node ID: 0000000000000000 Partition: system Value: 300000
2026-09-28T18:30:44Z 2026-09-28T18:30:46.281Z [BRIDGE_CFG] [INFO] Node ID: 0000000000000000 Partition: system Value: 30000
2026-09-28T18:30:44Z 2026-09-28T18:30:46.285Z [BRIDGE_CFG] [INFO] Node ID: 0000000000000000 Partition: system Value: 0
2026-09-28T18:30:44Z 2026-09-28T18:30:46.289Z [BRIDGE_CFG] [INFO] Node ID: 0000000000000000 Partition: system Value: 1
2026-09-28T18:30:44Z 2026-09-28T18:30:46.296Z [BRIDGE_CFG] [INFO] Node ID: 0000000000000000 Partition: system Value: 1
2026-09-28T18:30:44Z 2026-09-28T18:30:46.300Z [BRIDGE_CFG] [INFO] Node ID: 0000000000000000 Partition: system Value: 0
2026-09-28T18:30:44Z 2026-09-28T18:30:46.304Z [BRIDGE_CFG] [INFO] Node ID: 0000000000000000 Partition: system Value: 1
2026-09-28T18:30:44Z 2026-09-28T18:30:46.308Z [BRIDGE_CFG] [INFO] Node ID: 0000000000000000 Partition: system Value: 0
2026-09-28T18:30:44Z 2026-09-28T18:30:46.316Z [BRIDGE_CFG] [INFO] Node ID: 0000000000000000 Partition: system Value: 60000
2026-09-28T18:30:44Z 2026-09-28T18:30:46.320Z [BRIDGE_CFG] [INFO] Node ID: 0000000000000000 Partition: system Value: 500
2026-09-28T18:30:44Z 2026-09-28T18:30:46.324Z [BRIDGE_CFG] [INFO] Node ID: 0000000000000000 Partition: system Value: 500
2026-09-28T18:30:44Z 2026-09-28T18:30:46.332Z [BRIDGE_CFG] [INFO] Node ID: 0000000000000000 Partition: system Value: 1000
2026-09-28T18:30:44Z 2026-09-28T18:30:46.335Z [BRIDGE_CFG] [INFO] Node ID: 0000000000000000 Partition: system Value: 0
2026-09-28T18:30:44Z 2026-09-28T18:30:46.339Z [BRIDGE_CFG] [INFO] Node ID: 0000000000000000 Partition: system Value: 30000
2026-09-28T18:30:44Z 2026-09-28T18:30:46.343Z [BRIDGE_CFG] [INFO] Node ID: 0000000000000000 Partition: system Value: 60
2026-09-28T18:30:44Z 2026-09-28T18:30:46.351Z [BRIDGE_CFG] [INFO] Node ID: 0000000000000000 Partition: system Value: 10000
2026-09-28T18:30:44Z 2026-09-28T18:30:46.355Z [BRIDGE_CFG] [INFO] Node ID: 0000000000000000 Partition: hardware - Failed to decode value
2026-09-28T18:30:45Z 2026-09-28T18:30:47.214Z [BRIDGE_SYS] [INFO] Neighbor 53171fa3d81a8e6f added
2026-09-28T18:31:55Z SPOT-33507C > bridge cfg get c3c564b91856226c s bridgePowerControllerEnabled
2026-09-28T18:31:57Z bridge cfg get c3c564b91856226c s bridgePowerControllerEnabled
2026-09-28T18:31:57Z Succesfully sent config get msg
2026-09-28T18:31:57Z 2026-09-28T18:31:58.992Z [BRIDGE_CFG] [INFO] Node ID: 0000000000000000 Partition: system Value: 1
2026-09-28T18:32:00Z SPOT-33507C > bridge cfg get c3c564b91856226c s sampleIntervalMs
2026-09-28T18:32:01Z bridge cfg get c3c564b91856226c s sampleIntervalMs
2026-09-28T18:32:01Z Succesfully sent config get msg
2026-09-28T18:32:01Z 2026-09-28T18:32:03.210Z [BRIDGE_CFG] [INFO] Node ID: 0000000000000000 Partition: system Value: 3600000
2026-09-28T18:32:04Z SPOT-33507C > bridge cfg get c3c564b91856226c s sampleDurationMs
2026-09-28T18:32:05Z bridge cfg get c3c564b91856226c s sampleDurationMs
2026-09-28T18:32:05Z Succesfully sent config get msg
2026-09-28T18:32:05Z 2026-09-28T18:32:07.027Z [BRIDGE_CFG] [INFO] Node ID: 0000000000000000 Partition: system Value: 600000
2026-09-28T18:33:35Z SPOT-31593C > bridge cfg get 0e582dd12c1e1480 s bridgePowerControllerEnabled
2026-09-28T18:33:37Z bridge cfg get 0e582dd12c1e1480 s bridgePowerControllerEnabled
2026-09-28T18:33:37Z Succesfully sent config get msg
2026-09-28T18:33:37Z 2026-09-28T18:33:38.929Z [BRIDGE_CFG] [INFO] Node ID: 0000000000000000 Partition: system Value: 1
2026-09-28T18:33:43Z SPOT-31593C > bridge cfg set 0e582dd12c1e1480 s u bridgePowerControllerEnabled 0
2026-09-28T18:33:44Z bridge cfg set 0e582dd12c1e1480 s u bridgePowerControllerEnabled 0
2026-09-28T18:33:44Z Succesfully sent config set msg
2026-09-28T18:33:44Z 2026-09-28T18:33:45.164Z [BRIDGE_CFG] [INFO] Node ID: 0000000000000000 Partition: system Value: 0
2026-09-28T18:33:49Z SPOT-31593C > bridge cfg commit 0e582dd12c1e1480 s
2026-09-28T18:33:50Z bridge cfg commit 0e582dd12c1e1480 s
2026-09-28T18:33:50Z Succesfull config commit send
2026-09-28T18:33:51Z 2026-09-28T18:33:52.746Z [BRIDGE] [ERROR] Bridge RX Processing Packet Failure: -7
2026-09-28T18:33:51Z 2026-09-28T18:33:52.750Z [BRIDGE] [INFO] Setting negotiated baud rate to 1000000 from 1000000
2026-09-28T18:33:51Z 2026-09-28T18:33:52.753Z [BRIDGE_SYS] [INFO] Bridge State Init
2026-09-28T18:33:51Z 2026-09-28T18:33:52.753Z [BRIDGE] [INFO] Reboot info received from 0e582dd12c1e1480 - Reason: 5 gitSHA: 1595f804 Reboot cnt: 0 PC: 0x0 LR: 0x0
2026-09-28T18:33:51Z 2026-09-28T18:33:52.761Z [BRIDGE_SYS] [INFO] Bridge bus power: 1
2026-09-28T18:33:51Z 2026-09-28T18:33:52.812Z [BRIDGE_CFG] [INFO] Response msg -- Node Id: 0000000000000000, Partition: system, Commit Status: 0
2026-09-28T18:33:51Z 2026-09-28T18:33:52.812Z [BRIDGE_CFG] [INFO] Num Keys: 16
2026-09-28T18:33:51Z 2026-09-28T18:33:52.812Z [BRIDGE_CFG] [INFO] Key 0: sampleIntervalMs
2026-09-28T18:33:51Z 2026-09-28T18:33:52.812Z [BRIDGE_CFG] [INFO] Key 1: sampleDurationMs
2026-09-28T18:33:51Z 2026-09-28T18:33:52.812Z [BRIDGE_CFG] [INFO] Key 2: subsampleIntervalMs
2026-09-28T18:33:51Z 2026-09-28T18:33:52.812Z [BRIDGE_CFG] [INFO] Key 3: subsampleDurationMs
2026-09-28T18:33:51Z 2026-09-28T18:33:52.812Z [BRIDGE_CFG] [INFO] Key 4: subsampleEnabled
2026-09-28T18:33:51Z 2026-09-28T18:33:52.812Z [BRIDGE_CFG] [INFO] Key 5: bridgePowerControllerEnabled
2026-09-28T18:33:51Z 2026-09-28T18:33:52.812Z [BRIDGE_CFG] [INFO] Key 6: alignmentInterval5Min
2026-09-28T18:33:51Z 2026-09-28T18:33:52.812Z [BRIDGE_CFG] [INFO] Key 7: ticksSamplingEnabled
2026-09-28T18:33:51Z 2026-09-28T18:33:52.816Z [BRIDGE_CFG] [INFO] Key 8: samplesPerReport
2026-09-28T18:33:51Z 2026-09-28T18:33:52.816Z [BRIDGE_CFG] [INFO] Key 9: transmitAggregations
2026-09-28T18:33:51Z 2026-09-28T18:33:52.816Z [BRIDGE_CFG] [INFO] Key 10: currentReadingPeriodMs
2026-09-28T18:33:51Z 2026-09-28T18:33:52.816Z [BRIDGE_CFG] [INFO] Key 11: softReadingPeriodMs
2026-09-28T18:33:51Z 2026-09-28T18:33:52.816Z [BRIDGE_CFG] [INFO] Key 12: rbrCodaReadingPeriodMs
2026-09-28T18:33:51Z 2026-09-28T18:33:52.816Z [BRIDGE_CFG] [INFO] Key 13: turbidityReadingPeriodMs
2026-09-28T18:33:51Z 2026-09-28T18:33:52.816Z [BRIDGE_CFG] [INFO] Key 14: disableUnusedPortsTimeMs
2026-09-28T18:33:51Z 2026-09-28T18:33:52.816Z [BRIDGE_CFG] [INFO] Key 15: salinityReadingPeriodMs
2026-09-28T18:33:51Z 2026-09-28T18:33:52.816Z [BRIDGE_CFG] [INFO] Response msg -- Node Id: 0000000000000000, Partition: user, Commit Status: 0
2026-09-28T18:33:51Z 2026-09-28T18:33:52.816Z [BRIDGE_CFG] [INFO] Num Keys: 0
2026-09-28T18:33:51Z 2026-09-28T18:33:52.816Z [BRIDGE_CFG] [INFO] Response msg -- Node Id: 0000000000000000, Partition: hardware, Commit Status: 0
2026-09-28T18:33:51Z 2026-09-28T18:33:52.816Z [BRIDGE_CFG] [INFO] Num Keys: 1
2026-09-28T18:33:51Z 2026-09-28T18:33:52.816Z [BRIDGE_CFG] [INFO] Key 0: smConfigurationCrc
2026-09-28T18:33:51Z 2026-09-28T18:33:52.816Z [BRIDGE] [INFO] handle_power_states, power on for: 4294967295
2026-09-28T18:33:51Z 2026-09-28T18:33:52.824Z [BRIDGE_CFG] [INFO] Node ID: 0000000000000000 Partition: system Value: 3600000
2026-09-28T18:33:51Z 2026-09-28T18:33:52.828Z [BRIDGE_CFG] [INFO] Node ID: 0000000000000000 Partition: system Value: 600000
2026-09-28T18:33:51Z 2026-09-28T18:33:52.832Z [BRIDGE_CFG] [INFO] Node ID: 0000000000000000 Partition: system Value: 300000
2026-09-28T18:33:51Z 2026-09-28T18:33:52.835Z [BRIDGE_CFG] [INFO] Node ID: 0000000000000000 Partition: system Value: 60000
2026-09-28T18:33:51Z 2026-09-28T18:33:52.839Z [BRIDGE_CFG] [INFO] Node ID: 0000000000000000 Partition: system Value: 0
2026-09-28T18:33:51Z 2026-09-28T18:33:52.843Z [BRIDGE_CFG] [INFO] Node ID: 0000000000000000 Partition: system Value: 0
2026-09-28T18:33:51Z 2026-09-28T18:33:52.847Z [BRIDGE_CFG] [INFO] Node ID: 0000000000000000 Partition: system Value: 1
2026-09-28T18:33:51Z 2026-09-28T18:33:52.851Z [BRIDGE_CFG] [INFO] Node ID: 0000000000000000 Partition: system Value: 0
2026-09-28T18:33:51Z 2026-09-28T18:33:52.855Z [BRIDGE_CFG] [INFO] Node ID: 0000000000000000 Partition: system Value: 1
2026-09-28T18:33:51Z 2026-09-28T18:33:52.859Z [BRIDGE_CFG] [INFO] Node ID: 0000000000000000 Partition: system Value: 1
2026-09-28T18:33:51Z 2026-09-28T18:33:52.867Z [BRIDGE_CFG] [INFO] Node ID: 0000000000000000 Partition: system Value: 60000
2026-09-28T18:33:51Z 2026-09-28T18:33:52.871Z [BRIDGE_CFG] [INFO] Node ID: 0000000000000000 Partition: system Value: 500
2026-09-28T18:33:51Z 2026-09-28T18:33:52.875Z [BRIDGE_CFG] [INFO] Node ID: 0000000000000000 Partition: system Value: 500
2026-09-28T18:33:51Z 2026-09-28T18:33:52.878Z [BRIDGE_CFG] [INFO] Node ID: 0000000000000000 Partition: system Value: 1000
2026-09-28T18:33:51Z 2026-09-28T18:33:52.882Z [BRIDGE_CFG] [INFO] Node ID: 0000000000000000 Partition: system Value: 0
2026-09-28T18:33:51Z 2026-09-28T18:33:52.886Z [BRIDGE_CFG] [INFO] Node ID: 0000000000000000 Partition: system Value: 30000
2026-09-28T18:33:51Z 2026-09-28T18:33:52.890Z [BRIDGE_CFG] [INFO] Node ID: 0000000000000000 Partition: hardware - Failed to decode value
2026-09-28T18:33:52Z 2026-09-28T18:33:53.789Z [BRIDGE_SYS] [INFO] Neighbor e6fe83ea6b4a2b7f added
2026-09-28T18:33:55Z SPOT-31593C > bridge cfg get 0e582dd12c1e1480 s bridgePowerControllerEnabled
2026-09-28T18:33:56Z bridge cfg get 0e582dd12c1e1480 s bridgePowerControllerEnabled
2026-09-28T18:33:56Z Succesfully sent config get msg
2026-09-28T18:33:56Z 2026-09-28T18:33:57.617Z [BRIDGE_CFG] [INFO] Node ID: 0000000000000000 Partition: system Value: 0
2026-09-28T18:33:56Z 2026-09-28T18:33:57.761Z [BRIDGE_CFG] [INFO] Bridge topology in topology sampler:
2026-09-28T18:33:56Z 2026-09-28T18:33:57.769Z [BRIDGE_CFG] [INFO] 0e582dd12c1e1480
2026-09-28T18:33:56Z 2026-09-28T18:33:57.769Z [BRIDGE_CFG] [INFO] e6fe83ea6b4a2b7f
2026-09-28T18:33:56Z 2026-09-28T18:33:57.773Z [BRIDGE_CFG] [INFO] Network configuration change detected! crc: 0xf3b914aa at UTC:1790620437
2026-09-28T18:33:56Z 2026-09-28T18:33:57.777Z [BRIDGE_CFG] [INFO] Stored CRCs:
2026-09-28T18:33:56Z 0x91675891
2026-09-28T18:33:56Z 0x25574c90
2026-09-28T18:33:56Z 0x89083f93
2026-09-28T18:33:56Z 0x5fe667a9
2026-09-28T18:33:56Z 0xf3b914aa
2026-09-28T18:33:56Z 0xdc3239cb
2026-09-28T18:33:56Z 0x21b2e16e
2026-09-28T18:33:56Z 0x42de2ff3
2026-09-28T18:33:56Z 0xc51897cf
2026-09-28T18:33:56Z 2026-09-28T18:33:57.796Z [BRIDGE_CFG] [INFO] Bridge network config: [[1033626490893112448, "bridge", 362149892, 1727291585, {"sampleIntervalMs": 3600000, "sampleDurationMs": 600000, "subsampleInterva
2026-09-28T18:33:56Z 2026-09-28T18:33:57.812Z [BRIDGE_CFG] [INFO] Bridge network info CRC: f3b914aa
2026-09-28T18:33:56Z 2026-09-28T18:33:57.812Z [BRIDGE_CFG] [INFO] Bridge FW Version: Major: 0 Minor: 13 Revision: 11
2026-09-28T18:33:56Z 2026-09-28T18:33:57.812Z [BRIDGE_CFG] [INFO] Bridge sys config partition CRC: 66f460c1
2026-09-28T18:33:56Z 2026-09-28T18:33:57.812Z [BRIDGE_CFG] [INFO] Bridge toplogy: 0e582dd12c1e1480 | e6fe83ea6b4a2b7f
2026-09-28T18:33:56Z 2026-09-28T18:33:57.816Z [BRIDGE_SYS] [INFO] Checking CRC in report builder!
2026-09-28T18:33:56Z No update available for e6fe83ea6b4a2b7f
2026-09-28T18:33:56Z No update available for 0e582dd12c1e1480
2026-09-28T18:33:56Z 2026-09-28T18:33:57.816Z [BRIDGE_SYS] [INFO] Got CRC f3b914aa OLD CRC 0
2026-09-28T18:33:56Z Current bit offset: 196
2026-09-28T18:33:56Z Rounded bit offset: 200
2026-09-28T18:33:56Z New bit offset: 2720
2026-09-28T18:33:56Z 2026-09-28T18:33:57.820Z [MS] [INFO] Added message(id: 90 len: 340) to queue MS_Q_LEGACY: (1)!
2026-09-28T18:33:56Z Message: Current bit offset: 20
2026-09-28T18:33:56Z Rounded bit offset: 24
2026-09-28T18:33:56Z New bit offset: 1280
2026-09-28T18:33:56Z 2026-09-28T18:33:57.820Z [BRIDGE_SYS] [INFO] Getting topology in report builder!
2026-09-28T18:33:56Z 2026-09-28T18:33:57.820Z [MS] [INFO] Added message(id: 91 len: 160) to queue MS_Q_LEGACY: (2)!
2026-09-28T18:33:56Z 2026-09-28T18:33:57.820Z [CFG] [INFO] Saving sysCfg
2026-09-28T18:33:56Z 2026-09-28T18:33:57.820Z [BRIDGE_SYS] [INFO] Got topology in report builder!
2026-09-28T18:33:56Z 2026-09-28T18:33:57.824Z [BRIDGE_SYS] [INFO] Updating CRC and topology in report builder!
2026-09-28T18:33:56Z 2026-09-28T18:33:57.828Z [BRIDGE_SYS] [INFO] Updated reportBuilders max network configuration CBOR map
2026-09-28T18:33:56Z 2026-09-28T18:33:57.832Z [BRIDGE_SYS] [INFO] Updated reportBuilders max network sensor type list
2026-09-28T18:33:56Z 2026-09-28T18:33:57.832Z [CFG] [INFO] Saving sysCfg
2026-09-28T18:33:56Z 2026-09-28T18:33:57.832Z [MS] [DEBUG] Has message 90 expired? queuedTime: 255113905, now64: 255113919, remaining: 86399986
2026-09-28T18:33:56Z 2026-09-28T18:33:57.832Z [MS] [DEBUG] Sending legacy messages to Notecard.
2026-09-28T18:33:56Z 2026-09-28T18:33:57.875Z [MS] [DEBUG] Notecard is 3.000000 pct full.
2026-09-28T18:33:56Z 2026-09-28T18:33:57.875Z [MS] [INFO] Queuing message 90 2002B570
2026-09-28T18:33:57Z 2026-09-28T18:33:58.480Z [MS] [DEBUG] Has message 91 expired? queuedTime: 255113906, now64: 255114568, remaining: 86399338
2026-09-28T18:33:57Z 2026-09-28T18:33:58.484Z [MS] [INFO] Queuing message 91 2002B5A0
2026-09-28T18:33:57Z 2026-09-28T18:33:58.613Z [ERR] [INFO] BusVErrorState changed from OVERVOLT to OK
2026-09-28T18:33:57Z 2026-09-28T18:33:58.777Z [MS] [INFO] Setting GPS coordinates lat:37.758198, lon: -122.431061
2026-09-28T18:33:57Z 2026-09-28T18:33:58.871Z [MS] [DEBUG] Attempting to Sync.
2026-09-28T18:33:57Z 2026-09-28T18:33:58.906Z [MS] [DEBUG] Waiting for TX
2026-09-28T18:44:35Z SPOT-31593C > bridge cfg commit 0e582dd12c1e1480 s
2026-09-28T18:44:37Z bridge cfg commit 0e582dd12c1e1480 s
2026-09-28T18:44:37Z Succesfull config commit send
2026-09-28T18:44:38Z 2026-09-28T18:44:39.734Z [BRIDGE] [ERROR] Bridge RX Processing Packet Failure: -7
2026-09-28T18:44:38Z 2026-09-28T18:44:39.738Z [BRIDGE] [INFO] Setting negotiated baud rate to 1000000 from 1000000
2026-09-28T18:44:38Z 2026-09-28T18:44:39.742Z [BRIDGE_SYS] [INFO] Bridge State Init
2026-09-28T18:44:38Z 2026-09-28T18:44:39.742Z [BRIDGE] [INFO] Reboot info received from 0e582dd12c1e1480 - Reason: 5 gitSHA: 1595f804 Reboot cnt: 0 PC: 0x0 LR: 0x0
2026-09-28T18:44:38Z 2026-09-28T18:44:39.750Z [BRIDGE_SYS] [INFO] Bridge bus power: 1
2026-09-28T18:44:38Z 2026-09-28T18:44:39.800Z [BRIDGE_CFG] [INFO] Response msg -- Node Id: 0000000000000000, Partition: system, Commit Status: 0
2026-09-28T18:44:38Z 2026-09-28T18:44:39.800Z [BRIDGE_CFG] [INFO] Num Keys: 16
2026-09-28T18:44:38Z 2026-09-28T18:44:39.800Z [BRIDGE_CFG] [INFO] Key 0: sampleIntervalMs
2026-09-28T18:44:38Z 2026-09-28T18:44:39.800Z [BRIDGE_CFG] [INFO] Key 1: sampleDurationMs
2026-09-28T18:44:38Z 2026-09-28T18:44:39.800Z [BRIDGE_CFG] [INFO] Key 2: subsampleIntervalMs
2026-09-28T18:44:38Z 2026-09-28T18:44:39.800Z [BRIDGE_CFG] [INFO] Key 3: subsampleDurationMs
2026-09-28T18:44:38Z 2026-09-28T18:44:39.800Z [BRIDGE_CFG] [INFO] Key 4: subsampleEnabled
2026-09-28T18:44:38Z 2026-09-28T18:44:39.800Z [BRIDGE_CFG] [INFO] Key 5: bridgePowerControllerEnabled
2026-09-28T18:44:38Z 2026-09-28T18:44:39.800Z [BRIDGE_CFG] [INFO] Key 6: alignmentInterval5Min
2026-09-28T18:44:38Z 2026-09-28T18:44:39.800Z [BRIDGE_CFG] [INFO] Key 7: ticksSamplingEnabled
2026-09-28T18:44:38Z 2026-09-28T18:44:39.800Z [BRIDGE_CFG] [INFO] Key 8: samplesPerReport
2026-09-28T18:44:38Z 2026-09-28T18:44:39.804Z [BRIDGE_CFG] [INFO] Key 9: transmitAggregations
2026-09-28T18:44:38Z 2026-09-28T18:44:39.804Z [BRIDGE_CFG] [INFO] Key 10: currentReadingPeriodMs
2026-09-28T18:44:38Z 2026-09-28T18:44:39.804Z [BRIDGE_CFG] [INFO] Key 11: softReadingPeriodMs
2026-09-28T18:44:38Z 2026-09-28T18:44:39.804Z [BRIDGE_CFG] [INFO] Key 12: rbrCodaReadingPeriodMs
2026-09-28T18:44:38Z 2026-09-28T18:44:39.804Z [BRIDGE_CFG] [INFO] Key 13: turbidityReadingPeriodMs
2026-09-28T18:44:38Z 2026-09-28T18:44:39.804Z [BRIDGE_CFG] [INFO] Key 14: disableUnusedPortsTimeMs
2026-09-28T18:44:38Z 2026-09-28T18:44:39.804Z [BRIDGE_CFG] [INFO] Key 15: salinityReadingPeriodMs
2026-09-28T18:44:38Z 2026-09-28T18:44:39.804Z [BRIDGE_CFG] [INFO] Response msg -- Node Id: 0000000000000000, Partition: user, Commit Status: 0
2026-09-28T18:44:38Z 2026-09-28T18:44:39.804Z [BRIDGE_CFG] [INFO] Num Keys: 0
2026-09-28T18:44:38Z 2026-09-28T18:44:39.804Z [BRIDGE_CFG] [INFO] Response msg -- Node Id: 0000000000000000, Partition: hardware, Commit Status: 0
2026-09-28T18:44:38Z 2026-09-28T18:44:39.804Z [BRIDGE_CFG] [INFO] Num Keys: 1
2026-09-28T18:44:38Z 2026-09-28T18:44:39.804Z [BRIDGE_CFG] [INFO] Key 0: smConfigurationCrc
2026-09-28T18:44:38Z 2026-09-28T18:44:39.804Z [BRIDGE] [INFO] handle_power_states, power on for: 4294967295
2026-09-28T18:44:38Z 2026-09-28T18:44:39.812Z [BRIDGE_CFG] [INFO] Node ID: 0000000000000000 Partition: system Value: 3600000
2026-09-28T18:44:38Z 2026-09-28T18:44:39.816Z [BRIDGE_CFG] [INFO] Node ID: 0000000000000000 Partition: system Value: 600000
2026-09-28T18:44:38Z 2026-09-28T18:44:39.820Z [BRIDGE_CFG] [INFO] Node ID: 0000000000000000 Partition: system Value: 300000
2026-09-28T18:44:38Z 2026-09-28T18:44:39.824Z [BRIDGE_CFG] [INFO] Node ID: 0000000000000000 Partition: system Value: 60000
2026-09-28T18:44:38Z 2026-09-28T18:44:39.828Z [BRIDGE_CFG] [INFO] Node ID: 0000000000000000 Partition: system Value: 0
2026-09-28T18:44:38Z 2026-09-28T18:44:39.832Z [BRIDGE_CFG] [INFO] Node ID: 0000000000000000 Partition: system Value: 0
2026-09-28T18:44:38Z 2026-09-28T18:44:39.835Z [BRIDGE_CFG] [INFO] Node ID: 0000000000000000 Partition: system Value: 1
2026-09-28T18:44:38Z 2026-09-28T18:44:39.839Z [BRIDGE_CFG] [INFO] Node ID: 0000000000000000 Partition: system Value: 0
2026-09-28T18:44:38Z 2026-09-28T18:44:39.843Z [BRIDGE_CFG] [INFO] Node ID: 0000000000000000 Partition: system Value: 1
2026-09-28T18:44:38Z 2026-09-28T18:44:39.847Z [BRIDGE_CFG] [INFO] Node ID: 0000000000000000 Partition: system Value: 1
2026-09-28T18:44:38Z 2026-09-28T18:44:39.851Z [BRIDGE_CFG] [INFO] Node ID: 0000000000000000 Partition: system Value: 60000
2026-09-28T18:44:38Z 2026-09-28T18:44:39.855Z [BRIDGE_CFG] [INFO] Node ID: 0000000000000000 Partition: system Value: 500
2026-09-28T18:44:38Z 2026-09-28T18:44:39.859Z [BRIDGE_CFG] [INFO] Node ID: 0000000000000000 Partition: system Value: 500
2026-09-28T18:44:38Z 2026-09-28T18:44:39.863Z [BRIDGE_CFG] [INFO] Node ID: 0000000000000000 Partition: system Value: 1000
2026-09-28T18:44:38Z 2026-09-28T18:44:39.867Z [BRIDGE_CFG] [INFO] Node ID: 0000000000000000 Partition: system Value: 0
2026-09-28T18:44:38Z 2026-09-28T18:44:39.871Z [BRIDGE_CFG] [INFO] Node ID: 0000000000000000 Partition: system Value: 30000
2026-09-28T18:44:38Z 2026-09-28T18:44:39.875Z [BRIDGE_CFG] [INFO] Node ID: 0000000000000000 Partition: hardware - Failed to decode value
2026-09-28T18:44:39Z 2026-09-28T18:44:40.785Z [BRIDGE_SYS] [INFO] Neighbor e6fe83ea6b4a2b7f added
2026-09-28T18:45:08Z SPOT-31593C > bm pub bmcam/cmd {"id":61010,"c":"set","kv":{"schedule.window.start":"03:00","schedule.window.end":"04:00"}} 1 1
2026-09-28T18:45:11Z bm pub bmcam/cmd {"id":61010,"c":"set","kv":{"schedule.window.start":"03:00","schedule.window.end":"04:00"}} 1 1
2026-09-28T18:45:22Z SPOT-31593C > bm pub bmcam/cmd {"id":61010,"c":"set","kv":{"schedule.window.start":"03:00","schedule.window.end":"04:00"}} 1 1
2026-09-28T18:45:23Z bm pub bmcam/cmd {"id":61010,"c":"set","kv":{"schedule.window.start":"03:00","schedule.window.end":"04:00"}} 1 1
2026-09-28T18:49:55Z SPOT-31593C > bm pub bmcam/cmd {"id":61010,"c":"set","kv":{"schedule.window.start":"03:00","schedule.window.end":"04:00"}} 1 1
2026-09-28T18:49:57Z 2026-09-28T18:49:58.648Z [MS] [INFO] Added message(id: 20834 len: 524) to queue MS_Q_CELLULAR_ONLY: (1)!
2026-09-28T18:49:57Z 2026-09-28T18:49:58.648Z [BM_TX] [INFO] Submitted spotter/transmit-data message to cell-only queue, Len: 397
2026-09-28T18:49:57Z 2026-09-28T18:49:58.648Z [BM_TX] [DEBUG] Message:
2026-09-28T18:49:57Z  3c 49 30 64 78 67 33 61
2026-09-28T18:49:57Z  2e 33 3e 2b 77 30 55 2f
2026-09-28T18:49:57Z  4f 54 48 79 30 68 43 52
2026-09-28T18:49:57Z  35 47 41 57 47 4f 4d 74
2026-09-28T18:49:57Z  69 42 33 30 6f 38 52 76
2026-09-28T18:49:57Z  75 6b 67 76 39 6f 4d 6a
2026-09-28T18:49:57Z  38 35 6a 65 32 74 67 36
2026-09-28T18:49:57Z  31 6a 37 64 41 58 42 78
2026-09-28T18:49:57Z  4f 37 59 42 62 30 38 45
2026-09-28T18:49:57Z  51 64 73 79 6d 4e 7a 70
2026-09-28T18:49:57Z  62 4a 36 50 77 77 68 54
2026-09-28T18:49:57Z  4f 36 35 63 44 4c 49 6c
2026-09-28T18:49:57Z  73 70 75 56 2b 49 41 7a
2026-09-28T18:49:57Z  74 49 55 7a 6b 49 65 48
2026-09-28T18:49:57Z  74 30 74 33 57 65 6c 37
2026-09-28T18:49:57Z  41 72 59 2f 4b 45 5a 4f
2026-09-28T18:49:57Z  7a 7a 79 51 34 7a 70 45
2026-09-28T18:49:57Z  4d 51 31 6b 2f 37 4d 76
2026-09-28T18:49:57Z  4f 6f 72 64 48 75 6c 50
2026-09-28T18:49:57Z  6a 70 50 66 50 65 6b 69
2026-09-28T18:49:57Z  32 47 33 32 7a 6a 6d 36
2026-09-28T18:49:57Z  45 32 36 4e 32 4b 54 44
2026-09-28T18:49:57Z  50 66 66 53 37 56 54 2b
2026-09-28T18:49:57Z  43 64 74 74 52 6c 53 73
2026-09-28T18:49:57Z  31 59 47 79 4d 39 4e 75
2026-09-28T18:49:57Z  63 7a 5a 66 4a 6a 57 6c
2026-09-28T18:49:57Z  41 72 54 4b 54 74 4d 53
2026-09-28T18:49:57Z  53 70 32 57 63 64 44 58
2026-09-28T18:49:57Z  77 66 78 30 75 32 55 67
2026-09-28T18:49:57Z  6a 31 36 4c 6b 50 65 44
2026-09-28T18:49:57Z  47 31 35 6b 64 72 68 58
2026-09-28T18:49:57Z  6b 59 51 33 49 5a 47 66
2026-09-28T18:49:57Z  77 78 4c 75 79 32 58 41
2026-09-28T18:49:57Z  2f 58 42 78 49 61 72 69
2026-09-28T18:49:57Z  68 4a 69 38 76 43 58 73
2026-09-28T18:49:57Z  77 59 72 4a 51 51 6e 48
2026-09-28T18:49:57Z  6c 41 38 54 51 4d 48 6b
2026-09-28T18:49:57Z  6a 4a 48 56 74 52 4a 35
2026-09-28T18:49:57Z  44 63 78 73 4d 42 42 6a
2026-09-28T18:49:57Z  33 6b 62 6d 4c 34 2b 69
2026-09-28T18:49:57Z  56 65 43 68 51 44 48 35
2026-09-28T18:49:57Z  4b 39 61 6c 63 7a 5a 39
2026-09-28T18:49:57Z  64 76 58 34 57 67 37 6b
2026-09-28T18:49:57Z  31 46 4c 51 79 4b 59 77
2026-09-28T18:49:57Z  4f 52 34 35 47 7a 70 68
2026-09-28T18:49:57Z  58 44 71 6a 30 38 41 6f
2026-09-28T18:49:57Z  58 78 4d 33 42 53 78 4f
2026-09-28T18:49:57Z  33 67 75 2f 54 31 48 54
2026-09-28T18:49:57Z  45 54 52 50 79 71 44 74
2026-09-28T18:49:57Z  6a 4d 32 0a
2026-09-28T18:49:57Z 2026-09-28T18:49:58.722Z [MS] [DEBUG] Notecard is 17.000000 pct full.
2026-09-28T18:49:57Z 2026-09-28T18:49:58.722Z [MS] [DEBUG] Has message 20834 expired? queuedTime: 256074909, now64: 256074983, remaining: 86399926
2026-09-28T18:49:57Z 2026-09-28T18:49:58.722Z [MS] [INFO] Sending Cellular message to Notecard.
2026-09-28T18:49:57Z 2026-09-28T18:49:58.722Z [MS] [INFO] Queuing message 20834 20028FA8
2026-09-28T18:49:57Z bm pub bmcam/cmd {"id":61010,"c":"set","kv":{"schedule.window.start":"03:00","schedule.window.end":"04:00"}} 1 1
2026-09-28T18:49:58Z 2026-09-28T18:49:59.968Z [MS] [INFO] Added message(id: 20835 len: 524) to queue MS_Q_CELLULAR_ONLY: (1)!
2026-09-28T18:49:58Z 2026-09-28T18:49:59.968Z [BM_TX] [INFO] Submitted spotter/transmit-data message to cell-only queue, Len: 397
2026-09-28T18:49:58Z 2026-09-28T18:49:59.968Z [BM_TX] [DEBUG] Message:
2026-09-28T18:49:58Z  3c 49 30 64 78 67 33 61
2026-09-28T18:49:58Z  2e 34 3e 78 64 62 2f 31
2026-09-28T18:49:58Z  32 6a 79 78 4c 67 50 71
2026-09-28T18:49:58Z  76 41 75 6b 76 36 35 73
2026-09-28T18:49:58Z  78 55 4d 68 34 74 55 48
2026-09-28T18:49:58Z  47 61 53 4d 7a 4e 2f 6a
2026-09-28T18:49:58Z  6b 2f 72 77 67 74 47 58
2026-09-28T18:49:58Z  56 6a 57 36 52 58 4f 37
2026-09-28T18:49:58Z  62 72 68 37 5a 33 7a 52
2026-09-28T18:49:58Z  73 52 4c 45 33 46 32 66
2026-09-28T18:49:58Z  56 2f 6d 6c 48 55 4e 46
2026-09-28T18:49:58Z  5a 52 79 76 56 45 6d 46
2026-09-28T18:49:58Z  50 72 46 44 6a 78 73 36
2026-09-28T18:49:58Z  47 34 49 76 68 4a 4a 70
2026-09-28T18:49:58Z  78 4a 54 51 47 6b 51 62
2026-09-28T18:49:58Z  4c 62 56 38 61 73 41 30
2026-09-28T18:49:58Z  46 65 6d 68 49 6c 32 34
2026-09-28T18:49:58Z  47 6d 43 38 70 77 39 5a
2026-09-28T18:49:58Z  65 66 70 69 78 39 79 64
2026-09-28T18:49:58Z  78 78 64 6f 46 35 41 45
2026-09-28T18:49:58Z  6b 50 4d 4f 48 39 59 4f
2026-09-28T18:49:58Z  77 66 6b 6d 39 56 78 32
2026-09-28T18:49:58Z  69 52 46 52 6a 41 55 6d
2026-09-28T18:49:58Z  62 64 4c 2b 43 4e 48 41
2026-09-28T18:49:58Z  74 6c 33 66 6f 50 50 31
2026-09-28T18:49:58Z  5a 48 76 39 59 66 50 4e
2026-09-28T18:49:58Z  43 34 41 4b 66 72 63 58
2026-09-28T18:49:58Z  2b 68 37 4b 7a 44 6c 6c
2026-09-28T18:49:58Z  68 46 52 4e 35 51 2b 66
2026-09-28T18:49:58Z  56 79 6b 42 2b 76 37 7a
2026-09-28T18:49:58Z  31 54 6b 52 57 68 50 79
2026-09-28T18:49:58Z  6d 77 6a 51 78 43 2f 50
2026-09-28T18:49:58Z  54 32 4d 4e 66 51 74 41
2026-09-28T18:49:58Z  70 59 6d 35 6f 44 35 71
2026-09-28T18:49:58Z  37 35 6d 73 58 32 38 62
2026-09-28T18:49:58Z  34 78 59 49 39 43 74 5a
2026-09-28T18:49:58Z  43 34 4b 39 69 72 45 77
2026-09-28T18:49:58Z  7a 57 66 35 68 6d 49 56
2026-09-28T18:49:58Z  61 4c 6d 42 57 48 4e 30
2026-09-28T18:49:58Z  78 63 76 38 55 50 53 6d
2026-09-28T18:49:58Z  77 38 32 55 39 69 6c 56
2026-09-28T18:49:58Z  43 42 55 51 42 46 67 76
2026-09-28T18:49:58Z  74 30 59 54 45 6d 72 69
2026-09-28T18:49:58Z  2b 75 32 78 6d 54 41 4e
2026-09-28T18:49:58Z  71 49 62 62 6a 4e 64 66
2026-09-28T18:49:58Z  45 4c 70 47 50 7a 2b 6d
2026-09-28T18:49:58Z  46 37 6c 68 59 2f 59 54
2026-09-28T18:49:58Z  4f 71 59 61 43 66 64 48
2026-09-28T18:49:58Z  49 36 2b 33 39 39 4e 33
2026-09-28T18:49:58Z  73 4e 50 0a
2026-09-28T18:49:58Z 2026-09-28T18:50:00.039Z [MS] [DEBUG] Notecard is 18.000000 pct full.
2026-09-28T18:49:58Z 2026-09-28T18:50:00.042Z [MS] [DEBUG] Has message 20835 expired? queuedTime: 256076229, now64: 256076302, remaining: 86399927
2026-09-28T18:49:58Z 2026-09-28T18:50:00.042Z [MS] [INFO] Sending Cellular message to Notecard.
2026-09-28T18:49:58Z 2026-09-28T18:50:00.042Z [MS] [INFO] Queuing message 20835 20028FA8
2026-09-28T18:50:00Z 2026-09-28T18:50:01.285Z [MS] [INFO] Added message(id: 20836 len: 524) to queue MS_Q_CELLULAR_ONLY: (1)!
2026-09-28T18:50:00Z 2026-09-28T18:50:01.285Z [BM_TX] [INFO] Submitted spotter/transmit-data message to cell-only queue, Len: 397
2026-09-28T18:50:00Z 2026-09-28T18:50:01.285Z [BM_TX] [DEBUG] Message:
2026-09-28T18:50:00Z  3c 49 30 64 78 67 33 61
2026-09-28T18:50:00Z  2e 35 3e 36 34 47 46 47
2026-09-28T18:50:00Z  39 51 41 78 79 61 48 73
2026-09-28T18:50:00Z  45 75 37 62 34 75 67 4c
2026-09-28T18:50:00Z  38 43 65 6d 43 65 59 6e
2026-09-28T18:50:00Z  6a 56 2b 6d 43 65 64 4d
2026-09-28T18:50:00Z  4d 32 6c 56 64 61 2f 45
2026-09-28T18:50:00Z  2f 30 35 68 52 35 41 38
2026-09-28T18:50:00Z  78 43 4a 46 4d 34 66 73
2026-09-28T18:50:00Z  78 55 57 32 56 63 6b 4f
2026-09-28T18:50:00Z  43 30 4e 74 33 72 71 49
2026-09-28T18:50:00Z  35 6c 66 4d 48 5a 7a 43
2026-09-28T18:50:00Z  6e 6f 30 69 71 68 65 33
2026-09-28T18:50:00Z  63 47 33 63 70 61 4d 4b
2026-09-28T18:50:00Z  52 4e 70 63 65 30 31 6b
2026-09-28T18:50:00Z  4e 38 56 62 50 6a 34 6f
2026-09-28T18:50:00Z  48 61 7a 45 73 50 46 78
2026-09-28T18:50:00Z  64 57 63 72 7a 54 54 66
2026-09-28T18:50:00Z  36 4f 62 69 38 2b 37 4a
2026-09-28T18:50:00Z  79 69 66 4f 62 39 34 69
2026-09-28T18:50:00Z  33 50 34 51 6b 2f 36 67
2026-09-28T18:50:00Z  30 34 4f 36 2f 61 72 65
2026-09-28T18:50:00Z  39 6d 48 57 53 71 4d 55
2026-09-28T18:50:00Z  6f 67 72 77 4a 5a 35 66
2026-09-28T18:50:00Z  2f 59 65 59 46 50 44 47
2026-09-28T18:50:00Z  41 38 44 69 51 49 6d 51
2026-09-28T18:50:00Z  6d 4b 71 45 75 4f 50 49
2026-09-28T18:50:00Z  46 50 53 46 69 2b 64 7a
2026-09-28T18:50:00Z  32 5a 69 66 57 47 7a 4c
2026-09-28T18:50:00Z  45 30 61 70 45 61 51 75
2026-09-28T18:50:00Z  4f 63 53 75 4a 67 65 56
2026-09-28T18:50:00Z  53 54 2f 69 77 66 69 54
2026-09-28T18:50:00Z  36 58 4e 77 58 66 4e 41
2026-09-28T18:50:00Z  33 71 6f 43 47 5a 4c 62
2026-09-28T18:50:00Z  4e 72 2f 50 62 50 6a 5a
2026-09-28T18:50:00Z  33 33 39 67 63 63 4b 53
2026-09-28T18:50:00Z  6d 4b 38 50 64 2b 73 6c
2026-09-28T18:50:00Z  33 51 55 76 77 31 2f 2b
2026-09-28T18:50:00Z  53 66 76 39 46 4b 2f 63
2026-09-28T18:50:00Z  45 46 78 31 70 48 62 57
2026-09-28T18:50:00Z  34 36 37 74 56 47 38 39
2026-09-28T18:50:00Z  78 53 76 36 6a 36 2f 51
2026-09-28T18:50:00Z  2f 45 61 2b 70 78 31 5a
2026-09-28T18:50:00Z  61 78 43 74 75 48 77 41
2026-09-28T18:50:00Z  79 57 37 75 6e 6a 6c 66
2026-09-28T18:50:00Z  48 54 58 75 46 77 44 37
2026-09-28T18:50:00Z  70 76 4e 6b 35 76 72 30
2026-09-28T18:50:00Z  71 2f 61 73 63 42 51 57
2026-09-28T18:50:00Z  5a 6e 6e 62 62 63 72 69
2026-09-28T18:50:00Z  36 58 4a 0a
2026-09-28T18:50:00Z 2026-09-28T18:50:01.355Z [MS] [DEBUG] Notecard is 18.000000 pct full.
2026-09-28T18:50:00Z 2026-09-28T18:50:01.355Z [MS] [DEBUG] Has message 20836 expired? queuedTime: 256077548, now64: 256077619, remaining: 86399929
2026-09-28T18:50:00Z 2026-09-28T18:50:01.359Z [MS] [INFO] Sending Cellular message to Notecard.
2026-09-28T18:50:00Z 2026-09-28T18:50:01.359Z [MS] [INFO] Queuing message 20836 20028FA8
2026-09-28T18:50:01Z 2026-09-28T18:50:02.605Z [MS] [INFO] Added message(id: 20837 len: 524) to queue MS_Q_CELLULAR_ONLY: (1)!
2026-09-28T18:50:01Z 2026-09-28T18:50:02.605Z [BM_TX] [INFO] Submitted spotter/transmit-data message to cell-only queue, Len: 397
2026-09-28T18:50:01Z 2026-09-28T18:50:02.605Z [BM_TX] [DEBUG] Message:
2026-09-28T18:50:01Z  3c 49 30 64 78 67 33 61
2026-09-28T18:50:01Z  2e 36 3e 7a 4d 7a 55 49
2026-09-28T18:50:01Z  6a 46 51 33 6b 47 4c 66
2026-09-28T18:50:01Z  47 61 38 72 6a 6a 30 42
2026-09-28T18:50:01Z  64 74 57 58 4c 36 63 6b
2026-09-28T18:50:01Z  78 63 58 79 64 50 6b 5a
2026-09-28T18:50:01Z  67 59 44 53 53 4a 67 79
2026-09-28T18:50:01Z  75 75 61 6c 36 34 4b 46
2026-09-28T18:50:01Z  6e 55 58 4c 64 2b 33 70
2026-09-28T18:50:01Z  78 5a 4c 62 2b 52 57 4f
2026-09-28T18:50:01Z  61 36 4f 37 74 72 65 75
2026-09-28T18:50:01Z  49 6c 69 56 71 37 52 52
2026-09-28T18:50:01Z  6b 4a 72 69 74 51 42 50
2026-09-28T18:50:01Z  58 68 30 6e 6d 56 76 31
2026-09-28T18:50:01Z  6d 47 50 45 68 64 6b 41
2026-09-28T18:50:01Z  2b 73 77 55 2b 64 74 72
2026-09-28T18:50:01Z  51 6d 37 44 6a 35 4d 61
2026-09-28T18:50:01Z  37 69 48 50 76 59 72 49
2026-09-28T18:50:01Z  46 6b 32 56 72 58 32 6b
2026-09-28T18:50:01Z  53 63 32 46 75 55 30 33
2026-09-28T18:50:01Z  56 6b 4d 4d 49 6c 51 34
2026-09-28T18:50:01Z  73 70 76 47 57 50 73 34
2026-09-28T18:50:01Z  48 4f 34 6d 59 7a 61 39
2026-09-28T18:50:01Z  33 50 53 4b 4e 4f 44 43
2026-09-28T18:50:01Z  2f 2b 70 4b 2b 70 58 52
2026-09-28T18:50:01Z  76 50 37 31 67 73 30 6f
2026-09-28T18:50:01Z  65 63 63 30 6a 71 4d 37
2026-09-28T18:50:01Z  47 42 63 62 36 33 59 68
2026-09-28T18:50:01Z  72 32 4b 59 6a 36 58 6b
2026-09-28T18:50:01Z  7a 33 63 62 4f 46 6f 2b
2026-09-28T18:50:01Z  4e 67 30 48 53 30 59 71
2026-09-28T18:50:01Z  6b 55 48 47 56 32 61 36
2026-09-28T18:50:01Z  43 78 56 55 32 64 6e 7a
2026-09-28T18:50:01Z  61 6b 4f 75 64 52 53 68
2026-09-28T18:50:01Z  6b 33 77 44 58 6f 55 56
2026-09-28T18:50:01Z  6e 37 62 35 75 4f 68 33
2026-09-28T18:50:01Z  45 69 36 77 6f 51 7a 2f
2026-09-28T18:50:01Z  31 79 5a 6a 6f 4f 58 38
2026-09-28T18:50:01Z  33 71 50 4e 56 6e 50 50
2026-09-28T18:50:01Z  59 48 46 41 6e 61 71 71
2026-09-28T18:50:01Z  79 62 64 32 48 75 4f 72
2026-09-28T18:50:01Z  6a 41 5a 31 46 61 31 69
2026-09-28T18:50:01Z  75 51 43 32 52 4e 71 48
2026-09-28T18:50:01Z  4c 4a 77 39 68 71 77 36
2026-09-28T18:50:01Z  68 68 63 58 53 4b 33 41
2026-09-28T18:50:01Z  63 76 4f 54 73 51 4f 33
2026-09-28T18:50:01Z  64 38 79 58 55 54 45 47
2026-09-28T18:50:01Z  74 57 65 36 76 39 49 4d
2026-09-28T18:50:01Z  39 61 56 74 4e 64 6e 4e
2026-09-28T18:50:01Z  6b 57 4f 0a
2026-09-28T18:50:01Z 2026-09-28T18:50:02.675Z [MS] [DEBUG] Notecard is 18.000000 pct full.
2026-09-28T18:50:01Z 2026-09-28T18:50:02.675Z [MS] [DEBUG] Has message 20837 expired? queuedTime: 256078868, now64: 256078937, remaining: 86399931
2026-09-28T18:50:01Z 2026-09-28T18:50:02.675Z [MS] [INFO] Sending Cellular message to Notecard.
2026-09-28T18:50:01Z 2026-09-28T18:50:02.675Z [MS] [INFO] Queuing message 20837 20028FA8
2026-09-28T18:50:02Z 2026-09-28T18:50:03.925Z [MS] [INFO] Added message(id: 20838 len: 524) to queue MS_Q_CELLULAR_ONLY: (1)!
2026-09-28T18:50:02Z 2026-09-28T18:50:03.925Z [BM_TX] [INFO] Submitted spotter/transmit-data message to cell-only queue, Len: 397
2026-09-28T18:50:02Z 2026-09-28T18:50:03.925Z [BM_TX] [DEBUG] Message:
2026-09-28T18:50:02Z  3c 49 30 64 78 67 33 61
2026-09-28T18:50:02Z  2e 37 3e 50 39 33 33 68
2026-09-28T18:50:02Z  4a 61 33 2f 65 67 44 45
2026-09-28T18:50:02Z  68 75 39 52 63 79 61 36
2026-09-28T18:50:02Z  55 56 6b 39 74 76 42 68
2026-09-28T18:50:02Z  32 6b 69 54 62 4b 41 34
2026-09-28T18:50:02Z  7a 62 66 6e 46 7a 4d 59
2026-09-28T18:50:02Z  53 67 42 55 47 46 41 74
2026-09-28T18:50:02Z  64 51 61 69 78 49 33 56
2026-09-28T18:50:02Z  33 71 75 67 45 7a 35 50
2026-09-28T18:50:02Z  6b 48 6f 46 62 44 49 51
2026-09-28T18:50:02Z  45 54 65 7a 2f 43 30 68
2026-09-28T18:50:02Z  30 33 44 71 72 35 4e 58
2026-09-28T18:50:02Z  48 42 70 32 6b 75 49 52
2026-09-28T18:50:02Z  59 31 2f 67 48 43 45 47
2026-09-28T18:50:02Z  49 47 79 57 74 72 2b 32
2026-09-28T18:50:02Z  68 6c 55 45 49 38 6f 38
2026-09-28T18:50:02Z  4e 7a 5a 49 52 63 76 34
2026-09-28T18:50:02Z  31 77 42 32 6b 69 79 33
2026-09-28T18:50:02Z  42 58 6f 78 6a 59 68 52
2026-09-28T18:50:02Z  68 59 6f 61 71 61 30 7a
2026-09-28T18:50:02Z  30 32 69 2b 4e 50 2b 4d
2026-09-28T18:50:02Z  4a 64 56 47 65 6b 34 36
2026-09-28T18:50:02Z  4e 61 4c 49 57 7a 75 4c
2026-09-28T18:50:02Z  74 33 42 5a 39 68 4c 62
2026-09-28T18:50:02Z  48 4b 62 54 59 6e 61 56
2026-09-28T18:50:02Z  63 79 68 47 38 73 4b 65
2026-09-28T18:50:02Z  4f 49 72 49 37 49 57 35
2026-09-28T18:50:02Z  4f 45 77 52 4d 48 49 76
2026-09-28T18:50:02Z  50 58 75 6f 65 6f 4b 75
2026-09-28T18:50:02Z  6c 47 51 43 47 6a 56 6e
2026-09-28T18:50:02Z  5a 34 46 64 7a 37 63 45
2026-09-28T18:50:02Z  53 75 54 49 73 5a 33 2b
2026-09-28T18:50:02Z  39 61 73 30 4b 4c 39 44
2026-09-28T18:50:02Z  78 77 62 59 4d 55 7a 56
2026-09-28T18:50:02Z  6c 32 57 79 4b 68 36 53
2026-09-28T18:50:02Z  42 56 70 39 4c 42 4c 79
2026-09-28T18:50:02Z  50 4e 47 6a 61 66 48 7a
2026-09-28T18:50:02Z  71 43 38 6e 66 56 4f 4e
2026-09-28T18:50:02Z  69 2b 48 4e 38 6b 6c 58
2026-09-28T18:50:02Z  7a 42 4a 67 70 32 57 4e
2026-09-28T18:50:02Z  7a 61 49 4a 66 56 63 38
2026-09-28T18:50:02Z  47 6f 6a 38 32 66 6c 4d
2026-09-28T18:50:02Z  30 4c 32 73 57 61 34 6e
2026-09-28T18:50:02Z  2b 4b 79 6a 6e 69 74 78
2026-09-28T18:50:02Z  7a 79 2b 64 54 30 66 52
2026-09-28T18:50:02Z  64 46 64 54 61 67 2b 6d
2026-09-28T18:50:02Z  55 36 4c 59 45 35 78 61
2026-09-28T18:50:02Z  54 49 73 44 31 6a 38 35
2026-09-28T18:50:02Z  6f 2b 2b 0a
2026-09-28T18:50:02Z 2026-09-28T18:50:04.007Z [MS] [DEBUG] Notecard is 18.000000 pct full.
2026-09-28T18:50:02Z 2026-09-28T18:50:04.007Z [MS] [DEBUG] Has message 20838 expired? queuedTime: 256080188, now64: 256080268, remaining: 86399920
2026-09-28T18:50:02Z 2026-09-28T18:50:04.007Z [MS] [INFO] Sending Cellular message to Notecard.
2026-09-28T18:50:02Z 2026-09-28T18:50:04.007Z [MS] [INFO] Queuing message 20838 20028FA8
2026-09-28T18:50:09Z SPOT-31593C > bm pub bmcam/cmd {"id":61010,"c":"set","kv":{"schedule.window.start":"03:00","schedule.window.end":"04:00"}} 1 1
2026-09-28T18:50:10Z bm pub bmcam/cmd {"id":61010,"c":"set","kv":{"schedule.window.start":"03:00","schedule.window.end":"04:00"}} 1 1
2026-09-28T18:50:10Z 2026-09-28T18:50:11.832Z [MS] [INFO] Added message(id: 20844 len: 525) to queue MS_Q_CELLULAR_ONLY: (1)!
2026-09-28T18:50:10Z 2026-09-28T18:50:11.832Z [BM_TX] [INFO] Submitted spotter/transmit-data message to cell-only queue, Len: 398
2026-09-28T18:50:10Z 2026-09-28T18:50:11.832Z [BM_TX] [DEBUG] Message:
2026-09-28T18:50:10Z  3c 49 30 64 78 67 33 61
2026-09-28T18:50:10Z  2e 31 33 3e 30 64 36 50
2026-09-28T18:50:10Z  70 4e 44 55 4c 69 35 35
2026-09-28T18:50:10Z  4a 33 77 75 59 79 49 50
2026-09-28T18:50:10Z  4e 51 51 2b 37 6e 54 62
2026-09-28T18:50:10Z  6c 73 6c 46 41 58 4b 75
2026-09-28T18:50:10Z  74 37 34 48 78 35 30 69
2026-09-28T18:50:10Z  31 73 69 2f 49 4b 31 41
2026-09-28T18:50:10Z  35 59 75 61 32 68 46 4a
2026-09-28T18:50:10Z  75 6c 4f 58 62 39 56 30
2026-09-28T18:50:10Z  36 73 6e 45 49 78 46 77
2026-09-28T18:50:10Z  7a 7a 2f 30 59 42 44 68
2026-09-28T18:50:10Z  43 43 65 4e 4e 6a 78 67
2026-09-28T18:50:10Z  2f 45 35 43 53 6e 6e 36
2026-09-28T18:50:10Z  5a 66 63 74 6e 6a 6f 4c
2026-09-28T18:50:10Z  4e 4a 7a 6f 6c 43 30 47
2026-09-28T18:50:10Z  41 73 4e 55 44 63 79 54
2026-09-28T18:50:10Z  32 53 44 57 67 4c 31 70
2026-09-28T18:50:10Z  4b 58 68 71 56 31 67 63
2026-09-28T18:50:10Z  66 66 62 6f 46 49 6d 39
2026-09-28T18:50:10Z  44 66 46 2b 73 58 38 4d
2026-09-28T18:50:10Z  42 34 56 77 70 47 6f 67
2026-09-28T18:50:10Z  72 35 4d 33 4f 68 5a 37
2026-09-28T18:50:10Z  32 64 48 53 4c 75 56 64
2026-09-28T18:50:10Z  4f 6c 64 52 64 42 4f 78
2026-09-28T18:50:10Z  49 4b 64 4d 76 63 64 6e
2026-09-28T18:50:10Z  43 73 77 59 34 6d 57 75
2026-09-28T18:50:10Z  74 62 54 63 6b 65 67 57
2026-09-28T18:50:10Z  55 73 58 72 66 44 7a 5a
2026-09-28T18:50:10Z  78 72 66 6b 78 6f 38 6f
2026-09-28T18:50:10Z  30 58 4a 75 31 50 70 59
2026-09-28T18:50:10Z  6d 62 57 47 72 74 47 54
2026-09-28T18:50:10Z  56 66 4a 6f 45 35 79 30
2026-09-28T18:50:10Z  46 53 78 58 50 47 4a 76
2026-09-28T18:50:10Z  73 6d 63 38 6d 7a 4e 39
2026-09-28T18:50:10Z  34 64 79 33 34 50 4c 64
2026-09-28T18:50:10Z  77 41 63 6f 45 4a 50 69
2026-09-28T18:50:10Z  2f 52 6a 4e 62 62 72 79
2026-09-28T18:50:10Z  62 31 70 61 71 59 45 76
2026-09-28T18:50:10Z  5a 36 36 4f 6d 69 30 79
2026-09-28T18:50:10Z  38 6e 73 69 53 73 73 65
2026-09-28T18:50:10Z  48 48 51 74 5a 30 4c 6d
2026-09-28T18:50:10Z  62 75 4d 4f 6e 35 33 51
2026-09-28T18:50:10Z  45 30 41 6d 7a 38 65 72
2026-09-28T18:50:10Z  71 38 2f 57 59 52 61 5a
2026-09-28T18:50:10Z  48 6f 43 37 31 44 71 41
2026-09-28T18:50:10Z  32 6f 72 62 6f 32 72 50
2026-09-28T18:50:10Z  49 41 31 63 38 6e 65 34
2026-09-28T18:50:10Z  48 43 44 2b 68 69 38 4c
2026-09-28T18:50:10Z  2f 73 64 69 0a
2026-09-28T18:50:10Z 2026-09-28T18:50:11.902Z [MS] [DEBUG] Notecard is 18.000000 pct full.
2026-09-28T18:50:10Z 2026-09-28T18:50:11.902Z [MS] [DEBUG] Has message 20844 expired? queuedTime: 256088097, now64: 256088168, remaining: 86399929
2026-09-28T18:50:10Z 2026-09-28T18:50:11.906Z [MS] [INFO] Sending Cellular message to Notecard.
2026-09-28T18:50:10Z 2026-09-28T18:50:11.906Z [MS] [INFO] Queuing message 20844 20028FA8
2026-09-28T18:50:12Z 2026-09-28T18:50:13.152Z [MS] [INFO] Added message(id: 20845 len: 525) to queue MS_Q_CELLULAR_ONLY: (1)!
2026-09-28T18:50:12Z 2026-09-28T18:50:13.152Z [BM_TX] [INFO] Submitted spotter/transmit-data message to cell-only queue, Len: 398
2026-09-28T18:50:12Z 2026-09-28T18:50:13.152Z [BM_TX] [DEBUG] Message:
2026-09-28T18:50:12Z  3c 49 30 64 78 67 33 61
2026-09-28T18:50:12Z  2e 31 34 3e 4f 37 38 71
2026-09-28T18:50:12Z  7a 42 49 70 32 45 38 30
2026-09-28T18:50:12Z  37 67 34 56 72 61 54 78
2026-09-28T18:50:12Z  2b 4b 69 46 2f 42 77 36
2026-09-28T18:50:12Z  58 4c 4d 59 67 65 55 76
2026-09-28T18:50:12Z  68 5a 77 36 56 57 4c 49
2026-09-28T18:50:12Z  68 37 5a 53 4e 49 6f 7a
2026-09-28T18:50:12Z  77 43 32 4d 33 41 4c 52
2026-09-28T18:50:12Z  57 71 62 47 67 63 47 34
2026-09-28T18:50:12Z  63 2f 37 7a 41 30 2f 4f
2026-09-28T18:50:12Z  34 43 41 7a 51 55 77 39
2026-09-28T18:50:12Z  57 36 59 4b 46 36 56 4f
2026-09-28T18:50:12Z  73 75 59 59 37 51 74 35
2026-09-28T18:50:12Z  32 4f 6c 63 70 32 59 6a
2026-09-28T18:50:12Z  58 34 75 65 6e 30 37 2b
2026-09-28T18:50:12Z  57 2b 71 51 41 39 4b 31
2026-09-28T18:50:12Z  51 7a 2f 4e 79 73 75 57
2026-09-28T18:50:12Z  76 43 50 4d 36 4d 37 4b
2026-09-28T18:50:12Z  48 41 49 41 2b 2f 2f 6a
2026-09-28T18:50:12Z  34 35 4b 69 66 66 6e 5a
2026-09-28T18:50:12Z  58 65 2b 74 37 59 54 4e
2026-09-28T18:50:12Z  77 77 52 31 2f 6e 65 62
2026-09-28T18:50:12Z  4c 35 30 5a 56 6b 6b 56
2026-09-28T18:50:12Z  6b 64 77 6e 6f 75 75 2b
2026-09-28T18:50:12Z  70 34 51 56 4d 7a 34 62
2026-09-28T18:50:12Z  2f 67 57 4d 37 6b 62 42
2026-09-28T18:50:12Z  59 76 31 4f 63 41 43 70
2026-09-28T18:50:12Z  6b 53 64 54 76 4f 45 69
2026-09-28T18:50:12Z  48 56 46 68 71 79 66 48
2026-09-28T18:50:12Z  47 46 57 6b 4a 6c 65 45
2026-09-28T18:50:12Z  2b 4d 4e 51 2f 59 67 44
2026-09-28T18:50:12Z  54 37 2b 6f 6d 46 38 73
2026-09-28T18:50:12Z  45 68 30 54 52 78 42 75
2026-09-28T18:50:12Z  75 33 48 43 70 43 34 4e
2026-09-28T18:50:12Z  30 45 4e 75 70 72 61 6f
2026-09-28T18:50:12Z  63 33 44 67 53 67 32 34
2026-09-28T18:50:12Z  33 42 64 59 38 51 51 73
2026-09-28T18:50:12Z  34 58 31 55 48 50 57 64
2026-09-28T18:50:12Z  34 45 53 2f 6a 37 73 4e
2026-09-28T18:50:12Z  6b 47 4e 50 36 30 67 6d
2026-09-28T18:50:12Z  42 4f 77 2f 6c 57 4a 43
2026-09-28T18:50:12Z  6b 38 30 38 6d 33 76 57
2026-09-28T18:50:12Z  55 78 68 69 6a 58 50 57
2026-09-28T18:50:12Z  63 52 53 32 6d 54 2f 6f
2026-09-28T18:50:12Z  4d 39 44 75 55 32 58 6a
2026-09-28T18:50:12Z  48 4b 62 51 75 67 32 73
2026-09-28T18:50:12Z  54 62 4d 63 32 38 63 31
2026-09-28T18:50:12Z  30 4c 2b 50 31 4d 4b 74
2026-09-28T18:50:12Z  56 66 74 4e 0a
2026-09-28T18:50:12Z 2026-09-28T18:50:13.222Z [MS] [DEBUG] Notecard is 18.000000 pct full.
2026-09-28T18:50:12Z 2026-09-28T18:50:13.222Z [MS] [DEBUG] Has message 20845 expired? queuedTime: 256089417, now64: 256089486, remaining: 86399931
2026-09-28T18:50:12Z 2026-09-28T18:50:13.222Z [MS] [INFO] Sending Cellular message to Notecard.
2026-09-28T18:50:12Z 2026-09-28T18:50:13.222Z [MS] [INFO] Queuing message 20845 20028FA8
2026-09-28T18:50:13Z 2026-09-28T18:50:14.472Z [MS] [INFO] Added message(id: 20846 len: 525) to queue MS_Q_CELLULAR_ONLY: (1)!
2026-09-28T18:50:13Z 2026-09-28T18:50:14.472Z [BM_TX] [INFO] Submitted spotter/transmit-data message to cell-only queue, Len: 398
2026-09-28T18:50:13Z 2026-09-28T18:50:14.472Z [BM_TX] [DEBUG] Message:
2026-09-28T18:50:13Z  3c 49 30 64 78 67 33 61
2026-09-28T18:50:13Z  2e 31 35 3e 38 49 4d 36
2026-09-28T18:50:13Z  76 55 70 79 4e 6d 44 4e
2026-09-28T18:50:13Z  6d 6e 31 34 74 6c 67 45
2026-09-28T18:50:13Z  64 4c 73 6a 74 47 75 64
2026-09-28T18:50:13Z  2b 51 5a 75 75 4c 58 6f
2026-09-28T18:50:13Z  32 67 6f 65 6d 79 66 6f
2026-09-28T18:50:13Z  73 30 36 65 7a 56 31 59
2026-09-28T18:50:13Z  47 38 35 52 57 68 50 53
2026-09-28T18:50:13Z  49 51 6d 6b 65 53 6f 4a
2026-09-28T18:50:13Z  63 4d 64 59 38 44 6d 77
2026-09-28T18:50:13Z  75 76 59 46 35 59 34 63
2026-09-28T18:50:13Z  75 41 32 6b 78 6d 4a 30
2026-09-28T18:50:13Z  6d 4f 79 36 49 31 56 76
2026-09-28T18:50:13Z  59 2b 65 34 6a 53 74 5a
2026-09-28T18:50:13Z  73 79 31 62 48 38 64 6d
2026-09-28T18:50:13Z  2b 77 45 41 6d 4f 2f 6b
2026-09-28T18:50:13Z  7a 33 39 75 50 5a 74 61
2026-09-28T18:50:13Z  4a 79 58 75 49 39 78 36
2026-09-28T18:50:13Z  49 64 70 74 49 6e 63 47
2026-09-28T18:50:13Z  54 31 79 45 6c 47 71 73
2026-09-28T18:50:13Z  77 49 52 6c 43 58 68 36
2026-09-28T18:50:13Z  32 53 65 75 71 50 65 6c
2026-09-28T18:50:13Z  4d 4b 4c 33 45 53 75 54
2026-09-28T18:50:13Z  64 4d 4d 6a 47 7a 30 2f
2026-09-28T18:50:13Z  6e 37 41 78 55 56 6e 5a
2026-09-28T18:50:13Z  61 47 43 39 43 4e 61 61
2026-09-28T18:50:13Z  49 53 71 4e 64 68 6b 58
2026-09-28T18:50:13Z  7a 33 51 34 49 77 75 67
2026-09-28T18:50:13Z  4b 66 4b 4b 64 58 7a 30
2026-09-28T18:50:13Z  68 42 43 34 73 4d 58 69
2026-09-28T18:50:13Z  70 35 44 54 66 61 59 78
2026-09-28T18:50:13Z  45 44 4e 2f 4a 63 39 2b
2026-09-28T18:50:13Z  74 79 56 32 36 49 54 55
2026-09-28T18:50:13Z  4a 37 4a 51 48 4d 35 78
2026-09-28T18:50:13Z  41 70 57 68 77 62 58 2b
2026-09-28T18:50:13Z  4e 68 31 7a 49 66 37 62
2026-09-28T18:50:13Z  4c 39 52 45 6a 6c 48 68
2026-09-28T18:50:13Z  44 31 4f 44 74 49 69 62
2026-09-28T18:50:13Z  67 4d 67 48 64 45 35 5a
2026-09-28T18:50:13Z  66 4c 43 51 69 53 65 50
2026-09-28T18:50:13Z  37 49 36 62 69 47 63 57
2026-09-28T18:50:13Z  65 4e 78 4c 66 65 2b 55
2026-09-28T18:50:13Z  50 5a 74 51 66 56 61 50
2026-09-28T18:50:13Z  56 6b 43 31 72 73 77 2f
2026-09-28T18:50:13Z  76 4b 32 74 34 43 6c 6e
2026-09-28T18:50:13Z  62 31 46 41 4a 44 31 7a
2026-09-28T18:50:13Z  64 72 56 56 48 78 67 56
2026-09-28T18:50:13Z  6b 56 72 32 34 50 62 72
2026-09-28T18:50:13Z  52 37 69 6f 0a
2026-09-28T18:50:13Z 2026-09-28T18:50:14.515Z [GPS] [WARNING] Dropped gps sentence (1)
2026-09-28T18:50:13Z 2026-09-28T18:50:14.550Z [MS] [DEBUG] Notecard is 19.000000 pct full.
2026-09-28T18:50:13Z 2026-09-28T18:50:14.550Z [MS] [DEBUG] Has message 20846 expired? queuedTime: 256090737, now64: 256090813, remaining: 86399924
2026-09-28T18:50:13Z 2026-09-28T18:50:14.550Z [MS] [INFO] Sending Cellular message to Notecard.
2026-09-28T18:50:13Z 2026-09-28T18:50:14.550Z [MS] [INFO] Queuing message 20846 20028FA8
2026-09-28T18:50:14Z 2026-09-28T18:50:15.792Z [MS] [INFO] Added message(id: 20847 len: 525) to queue MS_Q_CELLULAR_ONLY: (1)!
2026-09-28T18:50:14Z 2026-09-28T18:50:15.792Z [BM_TX] [INFO] Submitted spotter/transmit-data message to cell-only queue, Len: 398
2026-09-28T18:50:14Z 2026-09-28T18:50:15.792Z [BM_TX] [DEBUG] Message:
2026-09-28T18:50:14Z  3c 49 30 64 78 67 33 61
2026-09-28T18:50:14Z  2e 31 36 3e 66 50 6a 4b
2026-09-28T18:50:14Z  63 46 49 5a 64 78 38 38
2026-09-28T18:50:14Z  56 5a 49 34 36 38 52 6f
2026-09-28T18:50:14Z  4a 58 76 2b 58 41 53 4d
2026-09-28T18:50:14Z  71 42 70 39 4a 44 4e 44
2026-09-28T18:50:14Z  50 39 57 78 6a 41 69 2b
2026-09-28T18:50:14Z  5a 5a 57 30 6b 77 50 38
2026-09-28T18:50:14Z  6e 68 77 4b 4f 41 50 30
2026-09-28T18:50:14Z  6a 62 42 62 43 48 62 71
2026-09-28T18:50:14Z  31 71 32 37 68 32 57 7a
2026-09-28T18:50:14Z  36 32 50 58 65 76 44 51
2026-09-28T18:50:14Z  66 76 69 6b 56 61 78 50
2026-09-28T18:50:14Z  39 71 64 6e 41 5a 70 51
2026-09-28T18:50:14Z  68 63 6b 55 64 34 52 4f
2026-09-28T18:50:14Z  52 4b 7a 77 52 70 43 53
2026-09-28T18:50:14Z  4f 4c 33 4d 6c 58 74 33
2026-09-28T18:50:14Z  64 76 2f 69 35 69 6b 6f
2026-09-28T18:50:14Z  37 4f 63 51 58 49 6c 4a
2026-09-28T18:50:14Z  38 4d 75 37 46 7a 39 4a
2026-09-28T18:50:14Z  75 6d 70 64 4c 52 65 6f
2026-09-28T18:50:14Z  65 33 65 49 55 70 62 38
2026-09-28T18:50:14Z  6d 37 37 5a 67 56 70 39
2026-09-28T18:50:14Z  6a 32 4e 59 30 6c 67 4f
2026-09-28T18:50:14Z  57 5a 6b 4f 6e 49 67 77
2026-09-28T18:50:14Z  4c 6c 58 78 34 34 42 30
2026-09-28T18:50:14Z  57 47 65 6a 70 39 4a 72
2026-09-28T18:50:14Z  31 46 4e 75 68 37 70 41
2026-09-28T18:50:14Z  56 73 4d 4a 66 76 48 6c
2026-09-28T18:50:14Z  56 36 48 34 31 6e 36 45
2026-09-28T18:50:14Z  71 56 47 77 66 4c 48 41
2026-09-28T18:50:14Z  4f 4d 65 6e 7a 4d 4e 52
2026-09-28T18:50:14Z  66 5a 79 77 34 37 2b 42
2026-09-28T18:50:14Z  2b 52 42 67 6e 46 5a 72
2026-09-28T18:50:14Z  33 6d 61 79 51 66 67 66
2026-09-28T18:50:14Z  44 52 62 70 4f 45 64 6a
2026-09-28T18:50:14Z  62 6a 63 35 6e 44 68 39
2026-09-28T18:50:14Z  36 46 52 6a 46 44 69 64
2026-09-28T18:50:14Z  68 67 36 4b 78 67 53 65
2026-09-28T18:50:14Z  2b 39 66 39 70 53 4e 2b
2026-09-28T18:50:14Z  50 77 53 69 36 79 6d 65
2026-09-28T18:50:14Z  38 68 68 61 6c 62 55 65
2026-09-28T18:50:14Z  55 71 6f 77 6d 34 54 57
2026-09-28T18:50:14Z  58 68 55 72 74 6b 72 4e
2026-09-28T18:50:14Z  53 31 66 68 78 73 30 75
2026-09-28T18:50:14Z  48 61 7a 48 65 7a 6c 44
2026-09-28T18:50:14Z  58 59 4d 30 53 73 4a 70
2026-09-28T18:50:14Z  50 58 72 7a 6c 6c 37 43
2026-09-28T18:50:14Z  44 43 79 4b 37 4e 36 52
2026-09-28T18:50:14Z  72 52 46 58 0a
2026-09-28T18:50:14Z 2026-09-28T18:50:15.871Z [MS] [DEBUG] Notecard is 19.000000 pct full.
2026-09-28T18:50:14Z 2026-09-28T18:50:15.875Z [MS] [DEBUG] Has message 20847 expired? queuedTime: 256092057, now64: 256092137, remaining: 86399920
2026-09-28T18:50:14Z 2026-09-28T18:50:15.875Z [MS] [INFO] Sending Cellular message to Notecard.
2026-09-28T18:50:14Z 2026-09-28T18:50:15.875Z [MS] [INFO] Queuing message 20847 20028FA8
2026-09-28T18:50:38Z SPOT-31593C > bm pub bmcam/cmd {"id":61020,"c":"hld","v":30} 1 1
2026-09-28T18:50:40Z bm pub bmcam/cmd {"id":61020,"c":"hld","v":30} 1 1
2026-09-28T18:50:40Z 1790621441.914 e6fe83ea6b4a2b7f, [bmcam004] OK id=61020 hold awake 2 min (asked 30: clamped by hold_max_min / the bus-power budget) cfg=49eccde5
2026-09-28T18:50:43Z 2026-09-28T18:50:44.753Z [BRIDGE_CFG] [INFO] Bridge topology in topology sampler:
2026-09-28T18:50:43Z 2026-09-28T18:50:44.757Z [BRIDGE_CFG] [INFO] 0e582dd12c1e1480
2026-09-28T18:50:43Z 2026-09-28T18:50:44.761Z [BRIDGE_CFG] [INFO] e6fe83ea6b4a2b7f
2026-09-28T18:50:43Z 2026-09-28T18:50:44.761Z [BRIDGE_SYS] [INFO] Checking CRC in report builder!
2026-09-28T18:50:43Z 2026-09-28T18:50:44.765Z [BRIDGE_SYS] [INFO] Got CRC f3b914aa OLD CRC f3b914aa
2026-09-28T18:50:43Z 2026-09-28T18:50:44.765Z [BRIDGE_SYS] [INFO] CRCs match, not updating
2026-09-28T18:50:46Z SPOT-31593C > bm pub bmcam/cmd {"id":61021,"c":"set","kv":{"power.bus_always_on":true}} 1 1
2026-09-28T18:50:47Z bm pub bmcam/cmd {"id":61021,"c":"set","kv":{"power.bus_always_on":true}} 1 1
2026-09-28T18:50:47Z 1790621448.953 e6fe83ea6b4a2b7f, [bmcam004] OK id=61021 power.bus_always_on: STAGED true (awaiting cfm 61021) (next action) cfg=49eccde5
2026-09-28T18:50:53Z SPOT-31593C > bm pub bmcam/cmd {"id":61022,"c":"cfm","ref":61021} 1 1
2026-09-28T18:50:54Z bm pub bmcam/cmd {"id":61022,"c":"cfm","ref":61021} 1 1
2026-09-28T18:50:54Z 1790621455.980 e6fe83ea6b4a2b7f, [bmcam004] OK id=61022 cfm 61021: power.bus_always_on applied cfg=55e424b4
2026-09-28T18:51:00Z SPOT-31593C > bm pub bmcam/cmd {"id":61001,"c":"ping"} 1 1
2026-09-28T18:51:01Z bm pub bmcam/cmd {"id":61001,"c":"ping"} 1 1
2026-09-28T18:51:01Z 1790621462.210 e6fe83ea6b4a2b7f, [bmcam004] OK id=61001 ping cfg=55e424b4
2026-09-28T18:51:06Z SPOT-31593C > bm pub bmcam/cmd {"id":61002,"c":"help"} 1 1
2026-09-28T18:51:07Z bm pub bmcam/cmd {"id":61002,"c":"help"} 1 1
2026-09-28T18:51:07Z 1790621468.648 e6fe83ea6b4a2b7f, [bmcam004] OK id=61002 help (reference follows) cfg=55e424b4
2026-09-28T18:51:07Z 1790621468.699 e6fe83ea6b4a2b7f, v9 commands: bm pub bmcam/cmd <json> 1 1   (json <= 248 B)
2026-09-28T18:51:07Z 1790621468.750 e6fe83ea6b4a2b7f, ping   {"id":N,"c":"ping"}   help {"id":N,"c":"help"}
2026-09-28T18:51:07Z 1790621468.800 e6fe83ea6b4a2b7f, get    {"id":N,"c":"get","k":["<key, short or group>",...]}  "journal" = last changes
2026-09-28T18:51:07Z 1790621468.851 e6fe83ea6b4a2b7f, set    {"id":N,"c":"set","kv":{"<key or short>":value,...}}  all-or-none
2026-09-28T18:51:07Z 1790621468.898 e6fe83ea6b4a2b7f, reset  {"id":N,"c":"reset","k":["<key or group>"]}  or  {"all":1}
2026-09-28T18:51:07Z 1790621468.949 e6fe83ea6b4a2b7f, cfm    {"id":N,"c":"cfm","ref":<set id>}  confirms a guarded set
2026-09-28T18:51:07Z 1790621469.000 e6fe83ea6b4a2b7f, trg    {"id":N,"c":"trg","v":0-4}  0 cancel, 1 capture+save, 2 capture + output per mode, 3/4 reference
2026-09-28T18:51:07Z 1790621469.050 e6fe83ea6b4a2b7f, hld    {"id":N,"c":"hld","v":<min>}  stay awake (0 releases)
2026-09-28T18:51:07Z 1790621469.101 e6fe83ea6b4a2b7f, rsd    heals (unchanged)   wap {"v":0-2} WiFi (unchanged)
2026-09-28T18:51:08Z 1790621469.160 e6fe83ea6b4a2b7f, short: b=camera.white_balance.mode d=video.send.duration_s e=camera.exposure.ev f=camera.focus.mode med=mode.media o=mode.output r=still.crop m=message cap of the med
2026-09-28T18:51:08Z 1790621469.210 e6fe83ea6b4a2b7f, ids: 1-99999 console | 1e5- heals | 1e6-99999999 remote (+cellular ack) | 1e8- signed service | 2e9- conductor
2026-09-28T18:51:15Z SPOT-31593C > bm pub bmcam/cmd {"id":61003,"c":"get","k":["mode","r"]} 1 1
2026-09-28T18:51:16Z bm pub bmcam/cmd {"id":61003,"c":"get","k":["mode","r"]} 1 1
2026-09-28T18:51:16Z 1790621478.046 e6fe83ea6b4a2b7f, [bmcam004] OK id=61003 get mode, r: 6 key(s) cfg=55e424b4
2026-09-28T18:51:16Z 1790621478.097 e6fe83ea6b4a2b7f,   mode.media = video (yaml)
2026-09-28T18:51:16Z 1790621478.148 e6fe83ea6b4a2b7f,   mode.run = per_boot (yaml)
2026-09-28T18:51:17Z 1790621478.195 e6fe83ea6b4a2b7f,   mode.interval_s = 0 (yaml)
2026-09-28T18:51:17Z 1790621478.246 e6fe83ea6b4a2b7f,   mode.heartbeat_s = 300 (yaml)
2026-09-28T18:51:17Z 1790621478.296 e6fe83ea6b4a2b7f,   mode.output = transmit (yaml)
2026-09-28T18:51:17Z 1790621478.347 e6fe83ea6b4a2b7f,   still.crop = 1504,846,1600,900 (yaml)
2026-09-28T18:51:22Z SPOT-31593C > bm pub bmcam/cmd {"id":61005,"c":"get","k":["journal"]} 1 1
2026-09-28T18:51:23Z bm pub bmcam/cmd {"id":61005,"c":"get","k":["journal"]} 1 1
2026-09-28T18:51:23Z 1790621485.183 e6fe83ea6b4a2b7f, [bmcam004] OK id=61005 get journal: last 5 change(s) cfg=55e424b4
2026-09-28T18:51:24Z 1790621485.234 e6fe83ea6b4a2b7f,   2026-09-28T18:35:41Z deploy id=None *: none -> 7d30fea5e6b8
2026-09-28T18:51:24Z 1790621485.296 e6fe83ea6b4a2b7f,   2026-09-28T18:36:04Z deploy id=None camera_config.yaml: none -> registry v5 spelling
2026-09-28T18:51:24Z 1790621485.343 e6fe83ea6b4a2b7f,   2026-09-28T18:50:32Z console id=61010 schedule.window.start: none -> 03:00
2026-09-28T18:51:24Z 1790621485.394 e6fe83ea6b4a2b7f,   2026-09-28T18:50:32Z console id=61010 schedule.window.end: none -> 04:00
2026-09-28T18:51:24Z 1790621485.445 e6fe83ea6b4a2b7f,   2026-09-28T18:50:54Z console id=61022 power.bus_always_on: none -> true
2026-09-28T18:51:32Z SPOT-31593C > bm pub bmcam/cmd {"id":61003,"c":"get","k":["mode","r"]} 1 1
2026-09-28T18:51:33Z bm pub bmcam/cmd {"id":61003,"c":"get","k":["mode","r"]} 1 1
2026-09-28T18:51:33Z 1790621494.464 e6fe83ea6b4a2b7f, [bmcam004] OK id=61003 get mode, r: 6 key(s) (duplicate: original answer) cfg=55e424b4
2026-09-28T18:51:38Z SPOT-31593C > bm pub bmcam/cmd {"id":61010,"c":"set","kv":{"schedule.window.start":"03:00","schedule.window.end":"04:00"}} 1 1
2026-09-28T18:51:39Z bm pub bmcam/cmd {"id":61010,"c":"set","kv":{"schedule.window.start":"03:00","schedule.window.end":"04:00"}} 1 1
2026-09-28T18:51:39Z 1790621500.695 e6fe83ea6b4a2b7f, [bmcam004] OK id=61010 schedule.window.start: 00:00 -> 03:00, schedule.window.end: 00:00 -> 04:00 (next action) (duplicate: original answer) cfg=55e424b4
2026-09-28T18:51:43Z 2026-09-28T18:51:44.750Z [BRIDGE_CFG] [INFO] Bridge topology in topology sampler:
2026-09-28T18:51:43Z 2026-09-28T18:51:44.757Z [BRIDGE_CFG] [INFO] 0e582dd12c1e1480
2026-09-28T18:51:43Z 2026-09-28T18:51:44.757Z [BRIDGE_CFG] [INFO] e6fe83ea6b4a2b7f
2026-09-28T18:51:43Z 2026-09-28T18:51:44.761Z [BRIDGE_SYS] [INFO] Checking CRC in report builder!
2026-09-28T18:51:43Z 2026-09-28T18:51:44.761Z [BRIDGE_SYS] [INFO] Got CRC f3b914aa OLD CRC f3b914aa
2026-09-28T18:51:43Z 2026-09-28T18:51:44.765Z [BRIDGE_SYS] [INFO] CRCs match, not updating
2026-09-28T18:51:47Z SPOT-31593C > bm pub bmcam/cmd {"id":61040,"c":"set","kv":{"e":NaN}} 1 1
2026-09-28T18:51:48Z bm pub bmcam/cmd {"id":61040,"c":"set","kv":{"e":NaN}} 1 1
2026-09-28T18:51:48Z 1790621509.703 e6fe83ea6b4a2b7f, [bmcam004] DROPPED (no ack): not strict JSON: NaN is not allowed
2026-09-28T18:51:53Z SPOT-31593C > bm pub bmcam/cmd {"id":61043,"c":"set","kv":{"b":"manual"}} 1 1
2026-09-28T18:51:54Z bm pub bmcam/cmd {"id":61043,"c":"set","kv":{"b":"manual"}} 1 1
2026-09-28T18:51:55Z 1790621516.152 e6fe83ea6b4a2b7f, [bmcam004] REJECTED id=61043 manual white balance needs camera.white_balance.gains [red, blue] e=xk k=camera.white_balance.mode cfg=55e424b4
2026-09-28T18:52:00Z SPOT-31593C > bm pub bmcam/cmd {"id":61044,"c":"set","kv":{"nope.key":1}} 1 1
2026-09-28T18:52:01Z bm pub bmcam/cmd {"id":61044,"c":"set","kv":{"nope.key":1}} 1 1
2026-09-28T18:52:01Z 1790621522.378 e6fe83ea6b4a2b7f, [bmcam004] REJECTED id=61044 'nope.key' is not a setting e=key k=nope.key cfg=55e424b4
2026-09-28T18:52:06Z SPOT-31593C > bm pub bmcam/cmd {"id":61045,"c":"set","kv":{"commands.runtime":"legacy"}} 1 1
2026-09-28T18:52:07Z bm pub bmcam/cmd {"id":61045,"c":"set","kv":{"commands.runtime":"legacy"}} 1 1
2026-09-28T18:52:07Z 1790621528.609 e6fe83ea6b4a2b7f, [bmcam004] REJECTED id=61045 commands.runtime is locked (deploy only) e=lock k=commands.runtime cfg=55e424b4
2026-09-28T18:52:12Z SPOT-31593C > bm pub bmcam/cmd {"id":61046,"c":"set","kv":{"uplink.chunk_chars":320}} 1 1
2026-09-28T18:52:13Z bm pub bmcam/cmd {"id":61046,"c":"set","kv":{"uplink.chunk_chars":320}} 1 1
2026-09-28T18:52:13Z 1790621534.855 e6fe83ea6b4a2b7f, [bmcam004] REJECTED id=61046 uplink.chunk_chars needs a signed service-range command e=auth k=uplink.chunk_chars cfg=55e424b4
2026-09-28T18:52:18Z SPOT-31593C > bm pub bmcam/cmd {"id":61047,"c":"roi","v":2} 1 1
2026-09-28T18:52:19Z bm pub bmcam/cmd {"id":61047,"c":"roi","v":2} 1 1
2026-09-28T18:52:19Z 1790621541.085 e6fe83ea6b4a2b7f, [bmcam004] REJECTED id=61047 unknown command 'roi' e=cmd cfg=55e424b4
2026-09-28T18:52:25Z SPOT-31593C > bm pub bmcam/cmd {"id":61048,"c":"set","kv":{"e":9.5}} 1 1
2026-09-28T18:52:25Z bm pub bmcam/cmd {"id":61048,"c":"set","kv":{"e":9.5}} 1 1
2026-09-28T18:52:26Z 1790621547.324 e6fe83ea6b4a2b7f, [bmcam004] REJECTED id=61048 must be in -8.0..8.0 e=val k=camera.exposure.ev cfg=55e424b4
2026-09-28T18:52:31Z SPOT-31593C > bm pub bmcam/cmd {"id":61049,"c":"set","kv":{"video.send.message_cap":40}} 1 1
2026-09-28T18:52:32Z bm pub bmcam/cmd {"id":61049,"c":"set","kv":{"video.send.message_cap":40}} 1 1
2026-09-28T18:52:32Z 1790621553.773 e6fe83ea6b4a2b7f, [bmcam004] REJECTED id=61049 40 is below 80: the x264 fit cannot encode a clip that small (S3b bench F1) e=xk k=video.send.message_cap cfg=55e424b4
2026-09-28T18:52:37Z SPOT-31593C > bm pub bmcam/cmd {"id":61059,"c":"set","kv":{"power.halt.dry_run":1}} 1 1
2026-09-28T18:52:38Z bm pub bmcam/cmd {"id":61059,"c":"set","kv":{"power.halt.dry_run":1}} 1 1
2026-09-28T18:52:38Z 1790621560.003 e6fe83ea6b4a2b7f, [bmcam004] REJECTED id=61059 must be true or false e=val k=power.halt.dry_run cfg=55e424b4
2026-09-28T18:52:43Z 2026-09-28T18:52:44.750Z [BRIDGE_CFG] [INFO] Bridge topology in topology sampler:
2026-09-28T18:52:43Z 2026-09-28T18:52:44.753Z [BRIDGE_CFG] [INFO] 0e582dd12c1e1480
2026-09-28T18:52:43Z 2026-09-28T18:52:44.757Z [BRIDGE_CFG] [INFO] e6fe83ea6b4a2b7f
2026-09-28T18:52:43Z 2026-09-28T18:52:44.757Z [BRIDGE_SYS] [INFO] Checking CRC in report builder!
2026-09-28T18:52:43Z 2026-09-28T18:52:44.761Z [BRIDGE_SYS] [INFO] Got CRC f3b914aa OLD CRC f3b914aa
2026-09-28T18:52:43Z 2026-09-28T18:52:44.761Z [BRIDGE_SYS] [INFO] CRCs match, not updating
2026-09-28T18:52:43Z SPOT-31593C > bm pub bmcam/cmd {"id":61060,"c":"set","kv":{"e":1.0,"e":-1.0}} 1 1
2026-09-28T18:52:44Z bm pub bmcam/cmd {"id":61060,"c":"set","kv":{"e":1.0,"e":-1.0}} 1 1
2026-09-28T18:52:45Z 1790621566.210 e6fe83ea6b4a2b7f, [bmcam004] DROPPED (no ack): not strict JSON: duplicate key 'e'
2026-09-28T18:52:50Z SPOT-31593C > bm pub bmcam/cmd "id":61061 1 1
sleep: invalid time interval ‘c:set’
Try 'sleep --help' for more information.
2026-09-28T18:52:51Z bm pub bmcam/cmd "id":61061 1 1
2026-09-28T18:52:53Z SPOT-31593C > bm pub bmcam/cmd {"id":61053,"c":"set","kv":{"zzayyyyyyyyyyyyyyyyyyyyyyyyyyyyyyyyyyyyyyyyyyyyy":1,"zzbyyyyyyyyyyyyyyyyyyyyyyyyyyyyyyyyyyyyyyyyyyyyy":1,"zzcyyyyyyyyyyyyyyyyyyyyyyyyyyyyyyyyyyyyyyyyyyyyy":1,"zqyyyyyyyyyyyyyyyyyyyyyyyyyyy":1.00000000000}} 1 1
2026-09-28T18:52:54Z bm pub bmcam/cmd {"id":61053,"c":"set","kv":{"zzayyyyyyyyyyyyyyyyyyyyyyyyyyyyyyyyyyyyyyyyyyyyy":1,"zzbyyyyyyyyyyyyyyyyyyyyyyyyyyyyyyyyyyyyyyyyyyyyy":1,"zzcyyyyyyyyyyyyyyyyyyyyyyyyyyyyyyyyyyyyyyyyyyyy
2026-09-28T18:52:59Z SPOT-31593C > bm pub bmcam/cmd {"id":61054,"c":"set","kv":{"zzayyyyyyyyyyyyyyyyyyyyyyyyyyyyyyyyyyyyyyyyyyyyy":1,"zzbyyyyyyyyyyyyyyyyyyyyyyyyyyyyyyyyyyyyyyyyyyyyy":1,"zzcyyyyyyyyyyyyyyyyyyyyyyyyyyyyyyyyyyyyyyyyyyyyy":1,"zqyyyyyyyyyyyyyyyyyyyyyyyyyyyy":1.00000000000}} 1 1
2026-09-28T18:53:00Z bm pub bmcam/cmd {"id":61054,"c":"set","kv":{"zzayyyyyyyyyyyyyyyyyyyyyyyyyyyyyyyyyyyyyyyyyyyyy":1,"zzbyyyyyyyyyyyyyyyyyyyyyyyyyyyyyyyyyyyyyyyyyyyyy":1,"zzcyyyyyyyyyyyyyyyyyyyyyyyyyyyyyyyyyyyyyyyyyyyy
2026-09-28T18:53:00Z RX overflow - clearing buffer!
2026-09-28T18:53:00Z 
2026-09-28T18:53:00Z Command not recognised.  Enter 'help' to view a list of available commands.
2026-09-28T18:53:00Z 
2026-09-28T18:53:05Z SPOT-31593C > bm pub bmcam/cmd {"id":61070,"c":"set","kv":{"e":-1.0}} 1 1
2026-09-28T18:53:06Z bm pub bmcam/cmd {"id":61070,"c":"set","kv":{"e":-1.0}} 1 1
2026-09-28T18:53:12Z SPOT-31593C > bm pub bmcam/cmd {"id":61071,"c":"reset","k":["e"]} 1 1
2026-09-28T18:53:13Z bm pub bmcam/cmd {"id":61071,"c":"reset","k":["e"]} 1 1
2026-09-28T18:53:18Z SPOT-31593C > bm pub bmcam/cmd {"id":61070,"c":"set","kv":{"e":-1.0}} 1 1
2026-09-28T18:53:19Z bm pub bmcam/cmd {"id":61070,"c":"set","kv":{"e":-1.0}} 1 1
2026-09-28T18:53:24Z SPOT-31593C > bm pub bmcam/cmd {"id":61072,"c":"set","kv":{"e":0.5},"b":"deadbeef"} 1 1
2026-09-28T18:53:25Z bm pub bmcam/cmd {"id":61072,"c":"set","kv":{"e":0.5},"b":"deadbeef"} 1 1
2026-09-28T18:55:03Z SPOT-31593C > bridge cfg commit 0e582dd12c1e1480 s
2026-09-28T18:55:05Z bridge cfg commit 0e582dd12c1e1480 s
2026-09-28T18:55:05Z Succesfull config commit send
2026-09-28T18:55:06Z 2026-09-28T18:55:07.835Z [GPS] [INFO] Max CNO changed from 30 to 35
2026-09-28T18:55:06Z 2026-09-28T18:55:07.960Z [BRIDGE] [ERROR] Bridge RX Processing Packet Failure: -7
2026-09-28T18:55:06Z 2026-09-28T18:55:07.960Z [BRIDGE] [INFO] Setting negotiated baud rate to 1000000 from 1000000
2026-09-28T18:55:06Z 2026-09-28T18:55:07.964Z [BRIDGE_SYS] [INFO] Bridge State Init
2026-09-28T18:55:06Z 2026-09-28T18:55:07.968Z [BRIDGE] [INFO] Reboot info received from 0e582dd12c1e1480 - Reason: 5 gitSHA: 1595f804 Reboot cnt: 0 PC: 0x0 LR: 0x0
2026-09-28T18:55:06Z 2026-09-28T18:55:07.976Z [BRIDGE_SYS] [INFO] Bridge bus power: 1
2026-09-28T18:55:06Z 2026-09-28T18:55:08.027Z [BRIDGE_CFG] [INFO] Response msg -- Node Id: 0000000000000000, Partition: system, Commit Status: 0
2026-09-28T18:55:06Z 2026-09-28T18:55:08.027Z [BRIDGE_CFG] [INFO] Num Keys: 16
2026-09-28T18:55:06Z 2026-09-28T18:55:08.027Z [BRIDGE_CFG] [INFO] Key 0: sampleIntervalMs
2026-09-28T18:55:06Z 2026-09-28T18:55:08.027Z [BRIDGE_CFG] [INFO] Key 1: sampleDurationMs
2026-09-28T18:55:06Z 2026-09-28T18:55:08.027Z [BRIDGE_CFG] [INFO] Key 2: subsampleIntervalMs
2026-09-28T18:55:06Z 2026-09-28T18:55:08.027Z [BRIDGE_CFG] [INFO] Key 3: subsampleDurationMs
2026-09-28T18:55:06Z 2026-09-28T18:55:08.027Z [BRIDGE_CFG] [INFO] Key 4: subsampleEnabled
2026-09-28T18:55:06Z 2026-09-28T18:55:08.027Z [BRIDGE_CFG] [INFO] Key 5: bridgePowerControllerEnabled
2026-09-28T18:55:06Z 2026-09-28T18:55:08.027Z [BRIDGE_CFG] [INFO] Key 6: alignmentInterval5Min
2026-09-28T18:55:06Z 2026-09-28T18:55:08.027Z [BRIDGE_CFG] [INFO] Key 7: ticksSamplingEnabled
2026-09-28T18:55:06Z 2026-09-28T18:55:08.027Z [BRIDGE_CFG] [INFO] Key 8: samplesPerReport
2026-09-28T18:55:06Z 2026-09-28T18:55:08.027Z [BRIDGE_CFG] [INFO] Key 9: transmitAggregations
2026-09-28T18:55:06Z 2026-09-28T18:55:08.027Z [BRIDGE_CFG] [INFO] Key 10: currentReadingPeriodMs
2026-09-28T18:55:06Z 2026-09-28T18:55:08.031Z [BRIDGE_CFG] [INFO] Key 11: softReadingPeriodMs
2026-09-28T18:55:06Z 2026-09-28T18:55:08.031Z [BRIDGE_CFG] [INFO] Key 12: rbrCodaReadingPeriodMs
2026-09-28T18:55:06Z 2026-09-28T18:55:08.031Z [BRIDGE_CFG] [INFO] Key 13: turbidityReadingPeriodMs
2026-09-28T18:55:06Z 2026-09-28T18:55:08.031Z [BRIDGE_CFG] [INFO] Key 14: disableUnusedPortsTimeMs
2026-09-28T18:55:06Z 2026-09-28T18:55:08.031Z [BRIDGE_CFG] [INFO] Key 15: salinityReadingPeriodMs
2026-09-28T18:55:06Z 2026-09-28T18:55:08.031Z [BRIDGE_CFG] [INFO] Response msg -- Node Id: 0000000000000000, Partition: user, Commit Status: 0
2026-09-28T18:55:06Z 2026-09-28T18:55:08.031Z [BRIDGE_CFG] [INFO] Num Keys: 0
2026-09-28T18:55:06Z 2026-09-28T18:55:08.031Z [BRIDGE_CFG] [INFO] Response msg -- Node Id: 0000000000000000, Partition: hardware, Commit Status: 0
2026-09-28T18:55:06Z 2026-09-28T18:55:08.031Z [BRIDGE_CFG] [INFO] Num Keys: 1
2026-09-28T18:55:06Z 2026-09-28T18:55:08.031Z [BRIDGE_CFG] [INFO] Key 0: smConfigurationCrc
2026-09-28T18:55:06Z 2026-09-28T18:55:08.031Z [BRIDGE] [INFO] handle_power_states, power on for: 4294967295
2026-09-28T18:55:06Z 2026-09-28T18:55:08.039Z [BRIDGE_CFG] [INFO] Node ID: 0000000000000000 Partition: system Value: 3600000
2026-09-28T18:55:06Z 2026-09-28T18:55:08.042Z [BRIDGE_CFG] [INFO] Node ID: 0000000000000000 Partition: system Value: 600000
2026-09-28T18:55:06Z 2026-09-28T18:55:08.046Z [BRIDGE_CFG] [INFO] Node ID: 0000000000000000 Partition: system Value: 300000
2026-09-28T18:55:06Z 2026-09-28T18:55:08.050Z [BRIDGE_CFG] [INFO] Node ID: 0000000000000000 Partition: system Value: 60000
2026-09-28T18:55:06Z 2026-09-28T18:55:08.058Z [BRIDGE_CFG] [INFO] Node ID: 0000000000000000 Partition: system Value: 0
2026-09-28T18:55:06Z 2026-09-28T18:55:08.062Z [BRIDGE_CFG] [INFO] Node ID: 0000000000000000 Partition: system Value: 0
2026-09-28T18:55:06Z 2026-09-28T18:55:08.066Z [BRIDGE_CFG] [INFO] Node ID: 0000000000000000 Partition: system Value: 1
2026-09-28T18:55:06Z 2026-09-28T18:55:08.070Z [BRIDGE_CFG] [INFO] Node ID: 0000000000000000 Partition: system Value: 0
2026-09-28T18:55:06Z 2026-09-28T18:55:08.078Z [BRIDGE_CFG] [INFO] Node ID: 0000000000000000 Partition: system Value: 1
2026-09-28T18:55:06Z 2026-09-28T18:55:08.082Z [BRIDGE_CFG] [INFO] Node ID: 0000000000000000 Partition: system Value: 1
2026-09-28T18:55:06Z 2026-09-28T18:55:08.085Z [BRIDGE_CFG] [INFO] Node ID: 0000000000000000 Partition: system Value: 60000
2026-09-28T18:55:06Z 2026-09-28T18:55:08.093Z [BRIDGE_CFG] [INFO] Node ID: 0000000000000000 Partition: system Value: 500
2026-09-28T18:55:06Z 2026-09-28T18:55:08.097Z [BRIDGE_CFG] [INFO] Node ID: 0000000000000000 Partition: system Value: 500
2026-09-28T18:55:06Z 2026-09-28T18:55:08.101Z [BRIDGE_CFG] [INFO] Node ID: 0000000000000000 Partition: system Value: 1000
2026-09-28T18:55:06Z 2026-09-28T18:55:08.105Z [BRIDGE_CFG] [INFO] Node ID: 0000000000000000 Partition: system Value: 0
2026-09-28T18:55:06Z 2026-09-28T18:55:08.113Z [BRIDGE_CFG] [INFO] Node ID: 0000000000000000 Partition: system Value: 30000
2026-09-28T18:55:06Z 2026-09-28T18:55:08.117Z [BRIDGE_CFG] [INFO] Node ID: 0000000000000000 Partition: hardware - Failed to decode value
2026-09-28T18:55:07Z 2026-09-28T18:55:08.996Z [BRIDGE_SYS] [INFO] Neighbor e6fe83ea6b4a2b7f added
2026-09-28T18:55:54Z SPOT-31593C > bm pub bmcam/cmd {"id":61090,"c":"hld","v":120} 1 1
2026-09-28T18:55:57Z bm pub bmcam/cmd {"id":61090,"c":"hld","v":120} 1 1
2026-09-28T18:55:57Z 1790621758.464 e6fe83ea6b4a2b7f, [bmcam004] OK id=61090 hold awake 120 min cfg=55e424b4
2026-09-28T18:56:00Z Starting cross coherence correction check.
2026-09-28T18:56:00Z Composite coherence i_gMax: 14
2026-09-28T18:56:00Z Cross coherence correction complete.
2026-09-28T18:56:00Z Stats Waves Basic analysis start
2026-09-28T18:56:00Z Analyzing wind data
2026-09-28T18:56:00Z Wind data analysis complete
2026-09-28T18:56:00Z stat comp end
2026-09-28T18:56:00Z stats Waves Full analysis start
2026-09-28T18:56:00Z Analyzing wind data
2026-09-28T18:56:00Z Wind data analysis complete
2026-09-28T18:56:00Z Full stat peak Szz: 1438848.500000
2026-09-28T18:56:00Z Full stat norm factor: 1440000.000000
2026-09-28T18:56:00Z nbits: 395 nbytes: 50
2026-09-28T18:56:00Z 2026-09-28T18:56:01.476Z [MS] [INFO] Added message(id: 93 len: 50) to queue MS_Q_LEGACY: (1)!
2026-09-28T18:56:00Z 2026-09-28T18:56:01.476Z [MS] [DEBUG] Has message 93 expired? queuedTime: 256437804, now64: 256437805, remaining: 86399999
2026-09-28T18:56:00Z 2026-09-28T18:56:01.476Z [MS] [DEBUG] Sending legacy messages to Notecard.
2026-09-28T18:56:00Z 2026-09-28T18:56:01.523Z [MS] [DEBUG] Notecard is 20.000000 pct full.
2026-09-28T18:56:00Z 2026-09-28T18:56:01.523Z [MS] [INFO] Queuing message 93 2002B5A0
2026-09-28T18:56:00Z 2026-09-28T18:56:01.628Z [MS] [INFO] Setting GPS coordinates lat:37.758095, lon: -122.430847
2026-09-28T18:56:00Z 2026-09-28T18:56:02.238Z [MS] [DEBUG] Attempting to Sync.
2026-09-28T18:56:01Z 2026-09-28T18:56:02.390Z [MS] [DEBUG] Waiting for TX
2026-09-28T18:56:22Z SPOT-31593C > bm pub bmcam/cmd {"id":61090,"c":"hld","v":120} 1 1
2026-09-28T18:56:24Z bm pub bmcam/cmd {"id":61090,"c":"hld","v":120} 1 1
2026-09-28T18:56:24Z 1790621786.031 e6fe83ea6b4a2b7f, [bmcam004] OK id=61090 hold awake 120 min (duplicate: original answer) cfg=55e424b4
2026-09-28T18:56:26Z 2026-09-28T18:56:27.781Z [ORC] [INFO] Message 93 transmitted successfully!
2026-09-28T18:56:26Z 2026-09-28T18:56:27.800Z [MS] [DEBUG] Notecard is 20.000000 pct full.
2026-09-28T18:56:26Z 2026-09-28T18:56:27.800Z [MS] [INFO] All messages sent successfully!
2026-09-28T18:56:26Z 2026-09-28T18:56:27.800Z [MS] [DEBUG] Checking for Rx Messages
2026-09-28T18:56:26Z 2026-09-28T18:56:27.847Z [MS] [DEBUG] Messages sent/received successfully.
2026-09-28T18:56:26Z 2026-09-28T18:56:27.863Z [SYS] [INFO] Returning 0 from sdMsgQueue::size, queue 0
2026-09-28T18:56:26Z 2026-09-28T18:56:27.863Z [MS] [DEBUG] Have 0 messages on the SD card queue that we will try to send
2026-09-28T18:56:26Z 2026-09-28T18:56:27.863Z [MS] [INFO] Number of SD messages we attempted to send: 0
2026-09-28T18:56:28Z Interpolated sample at: 1790621788.00
2026-09-28T18:56:28Z Interpolated sample at: 1790621788.40
2026-09-28T18:56:30Z SPOT-31593C > bm pub bmcam/cmd {"id":61080,"c":"set","kv":{"b":"manual","camera.white_balance.gains":[1.62,1.91],"camera.white_balance.enabled":true,"camera.controls_enabled":true}} 1 1
2026-09-28T18:56:30Z Interpolated sample at: 1790621790.40
2026-09-28T18:56:30Z Interpolated sample at: 1790621790.80
2026-09-28T18:56:31Z bm pub bmcam/cmd {"id":61080,"c":"set","kv":{"b":"manual","camera.white_balance.gains":[1.62,1.91],"camera.white_balance.enabled":true,"camera.controls_enabled":true}} 1 1
2026-09-28T18:56:31Z 1790621792.511 e6fe83ea6b4a2b7f, [bmcam004] OK id=61080 camera.white_balance.mode: none -> manual, camera.white_balance.gains: none -> 1.62,1.91, camera.white_balance.enabled: false -> true (next act
2026-09-28T18:56:32Z 2026-09-28T18:56:33.734Z [ERR] [INFO] GpsErrorState changed from OK to NO_SIGNAL
2026-09-28T18:56:36Z SPOT-31593C > bm pub bmcam/cmd {"id":61081,"c":"trg","v":2,"kv":{"med":"still","m":30}} 1 1
2026-09-28T18:56:37Z bm pub bmcam/cmd {"id":61081,"c":"trg","v":2,"kv":{"med":"still","m":30}} 1 1
2026-09-28T18:56:37Z 1790621798.941 e6fe83ea6b4a2b7f, [bmcam004] OK id=61081 trg 2 armed: capture + output per mode (next decision point); one action only: mode.media=still, still.message_cap=30 cfg=d9e81104
2026-09-28T18:56:39Z 2026-09-28T18:56:40.519Z [ERR] [INFO] GpsErrorState changed from NO_SIGNAL to OK
2026-09-28T18:56:39Z 2026-09-28T18:56:40.539Z [MS] [INFO] Added message(id: 20864 len: 261) to queue MS_Q_CELLULAR_ONLY: (1)!
2026-09-28T18:56:39Z 2026-09-28T18:56:40.539Z [BM_TX] [INFO] Submitted spotter/transmit-data message to cell-only queue, Len: 134
2026-09-28T18:56:39Z 2026-09-28T18:56:40.539Z [BM_TX] [DEBUG] Message:
2026-09-28T18:56:39Z  3c 57 53 20 76 3d 31 20
2026-09-28T18:56:39Z  61 3d 63 61 70 20 63 66
2026-09-28T18:56:39Z  67 3d 64 39 65 38 31 31
2026-09-28T18:56:39Z  30 34 20 75 70 3d 36 33
2026-09-28T18:56:39Z  20 74 7a 3d 41 6d 65 72
2026-09-28T18:56:39Z  69 63 61 2f 4c 6f 73 5f
2026-09-28T18:56:39Z  41 6e 67 65 6c 65 73 20
2026-09-28T18:56:39Z  6c 74 3d 6e 61 20 77 73
2026-09-28T18:56:39Z  3d 30 33 30 30 20 77 65
2026-09-28T18:56:39Z  3d 30 34 30 30 20 72 6b
2026-09-28T18:56:39Z  3d 31 30 30 30 78 35 36
2026-09-28T18:56:39Z  32 20 71 3d 39 30 20 63
2026-09-28T18:56:39Z  74 3d 33 32 2e 32 20 73
2026-09-28T18:56:39Z  68 61 3d 37 64 33 30 66
2026-09-28T18:56:39Z  65 61 35 65 36 62 38 20
2026-09-28T18:56:39Z  68 6e 3d 62 6d 63 61 6d
2026-09-28T18:56:39Z  30 30 34 3e 0a
2026-09-28T18:56:39Z 2026-09-28T18:56:40.582Z [MS] [DEBUG] Notecard is 19.000000 pct full.
2026-09-28T18:56:39Z 2026-09-28T18:56:40.582Z [MS] [DEBUG] Has message 20864 expired? queuedTime: 256476873, now64: 256476916, remaining: 86399957
2026-09-28T18:56:39Z 2026-09-28T18:56:40.582Z [MS] [INFO] Sending Cellular message to Notecard.
2026-09-28T18:56:39Z 2026-09-28T18:56:40.582Z [MS] [INFO] Queuing message 20864 20004FC0
2026-09-28T19:00:20Z SPOT-31593C > bm pub bmcam/cmd {"id":61092,"c":"trg","v":2,"kv":{"d":3,"m":80}} 1 1
2026-09-28T19:00:22Z bm pub bmcam/cmd {"id":61092,"c":"trg","v":2,"kv":{"d":3,"m":80}} 1 1
2026-09-28T19:00:22Z 1790622024.000 e6fe83ea6b4a2b7f, [bmcam004] OK id=61092 trg 2 armed: capture + output per mode (next decision point); one action only: video.send.duration_s=3, video.send.message_cap=80 (d=3! only 5 
2026-09-28T19:00:45Z SPOT-33507C > bm pub bmcam/cmd {"id":51220,"c":"hld","v":120} 1 1
2026-09-28T19:00:47Z bm pub bmcam/cmd {"id":51220,"c":"hld","v":120} 1 1
2026-09-28T19:00:49Z bm pub bmcam/cmd {"id":100057,"c":"rsd","h":[["0dxewa","148-155"]]} 1 1
2026-09-28T19:01:34Z SPOT-33507C > bm pub bmcam/cmd {"id":51220,"c":"hld","v":120} 1 1
2026-09-28T19:01:36Z bm pub bmcam/cmd {"id":51220,"c":"hld","v":120} 1 1
2026-09-28T19:01:36Z 2026-09-28T19:01:38.429Z [MS] [INFO] Added message(id: 23149 len: 524) to queue MS_Q_CELLULAR_ONLY: (1)!
2026-09-28T19:01:36Z 2026-09-28T19:01:38.429Z [BM_TX] [INFO] Submitted spotter/transmit-data message to cell-only queue, Len: 398
2026-09-28T19:01:36Z 2026-09-28T19:01:38.429Z [BM_TX] [DEBUG] Message:
2026-09-28T19:01:36Z  3c 49 30 64 78 67 73 77
2026-09-28T19:01:36Z  2e 32 31 3e 67 55 74 36
2026-09-28T19:01:36Z  50 4f 44 75 76 56 59 47
2026-09-28T19:01:36Z  35 58 73 44 4d 35 61 4b
2026-09-28T19:01:36Z  48 45 69 78 72 4a 65 76
2026-09-28T19:01:36Z  56 6e 6a 62 4c 4a 69 54
2026-09-28T19:01:36Z  43 71 53 70 32 72 78 54
2026-09-28T19:01:36Z  71 36 63 44 6a 30 45 53
2026-09-28T19:01:36Z  4a 7a 45 49 68 58 50 48
2026-09-28T19:01:36Z  79 71 58 4b 73 69 6b 65
2026-09-28T19:01:36Z  35 43 64 46 2b 36 58 5a
2026-09-28T19:01:36Z  43 50 4c 2f 67 41 35 38
2026-09-28T19:01:36Z  56 58 6f 77 34 2b 38 46
2026-09-28T19:01:36Z  31 58 42 6d 76 69 35 76
2026-09-28T19:01:36Z  6d 59 77 6f 65 6f 74 41
2026-09-28T19:01:36Z  37 49 45 49 6e 63 30 31
2026-09-28T19:01:36Z  2f 61 51 6e 4e 64 77 7a
2026-09-28T19:01:36Z  39 57 54 2b 4d 6f 4b 75
2026-09-28T19:01:36Z  39 74 63 73 5a 4a 69 78
2026-09-28T19:01:36Z  44 59 46 39 31 75 44 30
2026-09-28T19:01:36Z  44 55 59 71 4d 48 38 5a
2026-09-28T19:01:36Z  53 72 48 44 74 6e 72 4d
2026-09-28T19:01:36Z  31 75 67 6b 31 51 39 7a
2026-09-28T19:01:36Z  69 33 30 77 4d 42 7a 37
2026-09-28T19:01:36Z  57 77 64 4d 4a 57 78 57
2026-09-28T19:01:36Z  75 6f 32 67 4f 39 6d 41
2026-09-28T19:01:36Z  68 44 39 6a 57 62 69 37
2026-09-28T19:01:36Z  58 6a 46 42 51 79 6c 4a
2026-09-28T19:01:36Z  43 32 68 6c 53 35 7a 4a
2026-09-28T19:01:36Z  54 2f 2b 4a 51 47 6a 49
2026-09-28T19:01:36Z  43 58 32 37 4d 44 56 41
2026-09-28T19:01:36Z  4b 55 55 45 53 36 65 4e
2026-09-28T19:01:36Z  59 47 67 73 75 31 6f 53
2026-09-28T19:01:36Z  52 5a 78 47 76 50 2b 67
2026-09-28T19:01:36Z  43 64 2f 72 70 4a 6d 36
2026-09-28T19:01:36Z  4b 32 44 72 61 37 74 33
2026-09-28T19:01:36Z  4d 74 46 70 7a 77 31 31
2026-09-28T19:01:36Z  64 67 48 6d 71 4e 6d 5a
2026-09-28T19:01:36Z  33 48 6f 34 76 52 71 46
2026-09-28T19:01:36Z  63 67 6d 43 30 64 57 4e
2026-09-28T19:01:36Z  46 67 63 50 33 62 36 6d
2026-09-28T19:01:36Z  4d 52 47 75 4e 32 6e 45
2026-09-28T19:01:36Z  42 68 54 32 35 71 42 66
2026-09-28T19:01:36Z  65 58 71 5a 44 31 4e 6f
2026-09-28T19:01:36Z  2f 36 46 53 44 4d 77 33
2026-09-28T19:01:36Z  41 42 44 64 54 62 67 72
2026-09-28T19:01:36Z  38 69 4d 38 50 32 7a 41
2026-09-28T19:01:36Z  77 42 6d 48 48 4e 75 31
2026-09-28T19:01:36Z  39 42 7a 6d 36 44 65 73
2026-09-28T19:01:36Z  77 2b 30 57 0a
2026-09-28T19:01:36Z 2026-09-28T19:01:38.503Z [MS] [DEBUG] Notecard is 6.000000 pct full.
2026-09-28T19:01:36Z 2026-09-28T19:01:38.503Z [MS] [DEBUG] Has message 23149 expired? queuedTime: 256712599, now64: 256712676, remaining: 86399923
2026-09-28T19:01:36Z 2026-09-28T19:01:38.503Z [MS] [INFO] Sending Cellular message to Notecard.
2026-09-28T19:01:36Z 2026-09-28T19:01:38.507Z [MS] [INFO] Queuing message 23149 20026FE0
2026-09-28T19:01:38Z 2026-09-28T19:01:39.738Z [MS] [INFO] Added message(id: 23150 len: 524) to queue MS_Q_CELLULAR_ONLY: (1)!
2026-09-28T19:01:38Z 2026-09-28T19:01:39.738Z [BM_TX] [INFO] Submitted spotter/transmit-data message to cell-only queue, Len: 398
2026-09-28T19:01:38Z 2026-09-28T19:01:39.738Z [BM_TX] [DEBUG] Message:
2026-09-28T19:01:38Z  3c 49 30 64 78 67 73 77
2026-09-28T19:01:38Z  2e 32 32 3e 63 44 41 74
2026-09-28T19:01:38Z  37 4f 47 76 42 69 32 6c
2026-09-28T19:01:38Z  74 5a 59 36 4e 42 79 45
2026-09-28T19:01:38Z  73 79 30 7a 35 76 57 32
2026-09-28T19:01:38Z  74 58 39 57 58 62 45 38
2026-09-28T19:01:38Z  4c 74 77 31 6c 33 6c 31
2026-09-28T19:01:38Z  54 33 66 4b 34 72 61 53
2026-09-28T19:01:38Z  6c 39 2b 34 31 52 34 37
2026-09-28T19:01:38Z  69 54 4a 67 47 6a 67 45
2026-09-28T19:01:38Z  36 4a 6d 34 45 6e 61 71
2026-09-28T19:01:38Z  4f 4d 31 78 31 6a 4d 68
2026-09-28T19:01:38Z  46 6d 4d 43 4f 34 62 68
2026-09-28T19:01:38Z  69 4b 43 43 5a 69 56 59
2026-09-28T19:01:38Z  4e 74 33 2b 6d 39 76 4d
2026-09-28T19:01:38Z  41 78 37 4d 69 33 34 72
2026-09-28T19:01:38Z  49 6a 75 30 35 4e 57 76
2026-09-28T19:01:38Z  46 7a 79 57 6c 75 49 50
2026-09-28T19:01:38Z  78 77 66 52 6a 58 35 73
2026-09-28T19:01:38Z  47 73 30 44 70 78 51 69
2026-09-28T19:01:38Z  4d 30 32 39 41 54 50 58
2026-09-28T19:01:38Z  44 66 39 34 36 51 38 4c
2026-09-28T19:01:38Z  33 6a 49 74 67 34 6f 58
2026-09-28T19:01:38Z  75 52 6a 39 5a 74 36 67
2026-09-28T19:01:38Z  59 6c 63 65 76 6d 49 78
2026-09-28T19:01:38Z  37 59 4d 39 47 34 62 64
2026-09-28T19:01:38Z  46 68 4b 73 30 2f 57 45
2026-09-28T19:01:38Z  6f 78 6e 34 43 64 4f 6e
2026-09-28T19:01:38Z  6c 6e 35 4d 72 48 62 6e
2026-09-28T19:01:38Z  45 73 55 53 6b 31 6c 37
2026-09-28T19:01:38Z  66 6d 75 39 76 30 6c 4d
2026-09-28T19:01:38Z  6d 65 56 4d 7a 30 67 55
2026-09-28T19:01:38Z  74 61 53 4e 73 49 74 7a
2026-09-28T19:01:38Z  6d 37 4d 78 78 63 62 74
2026-09-28T19:01:38Z  31 77 69 57 6d 74 48 32
2026-09-28T19:01:38Z  36 31 33 74 63 68 78 44
2026-09-28T19:01:38Z  4a 34 50 65 73 49 41 4a
2026-09-28T19:01:38Z  6e 6c 30 46 72 4e 66 76
2026-09-28T19:01:38Z  4a 34 6d 74 31 4e 68 58
2026-09-28T19:01:38Z  36 73 34 5a 54 49 7a 4f
2026-09-28T19:01:38Z  34 31 55 55 72 67 53 30
2026-09-28T19:01:38Z  6f 58 30 47 54 37 5a 57
2026-09-28T19:01:38Z  52 79 49 4a 2f 72 34 52
2026-09-28T19:01:38Z  69 36 32 64 79 37 6e 36
2026-09-28T19:01:38Z  47 59 6c 76 56 30 6e 73
2026-09-28T19:01:38Z  53 4d 79 6e 51 69 2b 6e
2026-09-28T19:01:38Z  65 57 48 5a 58 6e 4b 46
2026-09-28T19:01:38Z  31 78 38 66 34 52 4b 38
2026-09-28T19:01:38Z  68 33 4e 78 73 63 45 65
2026-09-28T19:01:38Z  68 46 45 62 0a
2026-09-28T19:01:38Z 2026-09-28T19:01:39.816Z [MS] [DEBUG] Notecard is 6.000000 pct full.
2026-09-28T19:01:38Z 2026-09-28T19:01:39.816Z [MS] [DEBUG] Has message 23150 expired? queuedTime: 256713909, now64: 256713987, remaining: 86399922
2026-09-28T19:01:38Z 2026-09-28T19:01:39.816Z [MS] [INFO] Sending Cellular message to Notecard.
2026-09-28T19:01:38Z 2026-09-28T19:01:39.816Z [MS] [INFO] Queuing message 23150 20026FE0
2026-09-28T19:01:39Z 2026-09-28T19:01:41.058Z [MS] [INFO] Added message(id: 23151 len: 524) to queue MS_Q_CELLULAR_ONLY: (1)!
2026-09-28T19:01:39Z 2026-09-28T19:01:41.058Z [BM_TX] [INFO] Submitted spotter/transmit-data message to cell-only queue, Len: 398
2026-09-28T19:01:39Z 2026-09-28T19:01:41.058Z [BM_TX] [DEBUG] Message:
2026-09-28T19:01:39Z  3c 49 30 64 78 67 73 77
2026-09-28T19:01:39Z  2e 32 33 3e 37 2f 34 41
2026-09-28T19:01:39Z  7a 6f 4e 6e 64 33 4c 2f
2026-09-28T19:01:39Z  79 45 66 38 77 62 47 44
2026-09-28T19:01:39Z  72 34 30 45 76 32 79 62
2026-09-28T19:01:39Z  76 75 59 34 48 6a 41 57
2026-09-28T19:01:39Z  6d 41 62 73 66 6a 4b 73
2026-09-28T19:01:39Z  2b 58 6d 4b 53 53 45 67
2026-09-28T19:01:39Z  6f 44 75 66 39 44 74 2b
2026-09-28T19:01:39Z  75 6a 73 33 49 59 51 66
2026-09-28T19:01:39Z  70 6a 4f 77 66 78 51 49
2026-09-28T19:01:39Z  44 2f 44 4c 54 52 61 4a
2026-09-28T19:01:39Z  39 4b 34 71 32 42 48 78
2026-09-28T19:01:39Z  36 54 74 68 44 66 52 57
2026-09-28T19:01:39Z  6d 75 44 62 50 62 50 6c
2026-09-28T19:01:39Z  61 6b 6a 2b 64 48 48 71
2026-09-28T19:01:39Z  67 39 38 6d 55 4a 68 58
2026-09-28T19:01:39Z  4c 32 2f 34 6f 6d 43 61
2026-09-28T19:01:39Z  4b 63 52 50 77 79 42 2b
2026-09-28T19:01:39Z  4a 70 2b 75 4a 32 33 4c
2026-09-28T19:01:39Z  63 6a 65 31 49 2b 41 61
2026-09-28T19:01:39Z  30 34 36 30 49 6f 2f 57
2026-09-28T19:01:39Z  50 45 76 5a 49 6e 6a 45
2026-09-28T19:01:39Z  34 6f 4a 70 68 4e 64 4f
2026-09-28T19:01:39Z  7a 33 33 2b 73 44 58 6f
2026-09-28T19:01:39Z  35 46 5a 30 71 4f 38 6e
2026-09-28T19:01:39Z  5a 48 53 37 5a 54 6c 43
2026-09-28T19:01:39Z  36 53 79 54 50 58 61 46
2026-09-28T19:01:39Z  5a 56 79 4a 48 4a 4a 73
2026-09-28T19:01:39Z  50 54 70 62 31 6c 34 4f
2026-09-28T19:01:39Z  6b 56 36 55 47 2b 61 4d
2026-09-28T19:01:39Z  53 76 53 49 70 49 39 71
2026-09-28T19:01:39Z  79 63 47 6b 35 65 6f 62
2026-09-28T19:01:39Z  6d 37 79 4e 66 79 56 79
2026-09-28T19:01:39Z  7a 72 5a 46 2b 71 68 69
2026-09-28T19:01:39Z  56 6c 70 68 49 76 36 2b
2026-09-28T19:01:39Z  6a 65 50 70 6d 6f 74 4c
2026-09-28T19:01:39Z  6a 72 4d 4e 71 44 6f 67
2026-09-28T19:01:39Z  41 54 34 6d 4c 47 6b 59
2026-09-28T19:01:39Z  35 79 73 47 35 69 2f 67
2026-09-28T19:01:39Z  48 2f 70 52 4a 41 50 4d
2026-09-28T19:01:39Z  6f 57 68 74 54 44 4f 76
2026-09-28T19:01:39Z  75 64 35 71 44 55 45 4c
2026-09-28T19:01:39Z  62 62 51 43 77 72 69 47
2026-09-28T19:01:39Z  38 62 75 38 57 49 79 77
2026-09-28T19:01:39Z  47 48 72 2b 61 76 61 5a
2026-09-28T19:01:39Z  69 53 71 63 30 56 72 5a
2026-09-28T19:01:39Z  65 59 45 70 36 49 35 55
2026-09-28T19:01:39Z  73 46 53 39 61 51 68 4a
2026-09-28T19:01:39Z  4b 56 4a 76 0a
2026-09-28T19:01:39Z 2026-09-28T19:01:41.132Z [MS] [DEBUG] Notecard is 6.000000 pct full.
2026-09-28T19:01:39Z 2026-09-28T19:01:41.132Z [MS] [DEBUG] Has message 23151 expired? queuedTime: 256715230, now64: 256715304, remaining: 86399926
2026-09-28T19:01:39Z 2026-09-28T19:01:41.132Z [MS] [INFO] Sending Cellular message to Notecard.
2026-09-28T19:01:39Z 2026-09-28T19:01:41.132Z [MS] [INFO] Queuing message 23151 20026FE0
2026-09-28T19:01:41Z 2026-09-28T19:01:42.375Z [MS] [INFO] Added message(id: 23152 len: 524) to queue MS_Q_CELLULAR_ONLY: (1)!
2026-09-28T19:01:41Z 2026-09-28T19:01:42.375Z [BM_TX] [INFO] Submitted spotter/transmit-data message to cell-only queue, Len: 398
2026-09-28T19:01:41Z 2026-09-28T19:01:42.378Z [BM_TX] [DEBUG] Message:
2026-09-28T19:01:41Z  3c 49 30 64 78 67 73 77
2026-09-28T19:01:41Z  2e 32 34 3e 62 46 72 6e
2026-09-28T19:01:41Z  51 50 4a 6d 71 70 52 66
2026-09-28T19:01:41Z  47 4a 70 44 30 55 35 45
2026-09-28T19:01:41Z  2f 55 54 47 35 70 4f 46
2026-09-28T19:01:41Z  44 34 46 52 6c 2b 47 4b
2026-09-28T19:01:41Z  4e 4e 56 6e 45 68 4a 68
2026-09-28T19:01:41Z  73 33 73 64 70 41 63 4b
2026-09-28T19:01:41Z  36 7a 79 42 65 74 50 72
2026-09-28T19:01:41Z  32 54 30 77 42 77 45 50
2026-09-28T19:01:41Z  41 54 70 67 73 44 54 77
2026-09-28T19:01:41Z  6f 78 43 61 43 33 66 68
2026-09-28T19:01:41Z  6b 2f 4e 58 4b 47 56 75
2026-09-28T19:01:41Z  4c 42 34 32 42 51 73 78
2026-09-28T19:01:41Z  74 6d 54 43 59 63 61 51
2026-09-28T19:01:41Z  33 77 65 4f 2b 71 71 46
2026-09-28T19:01:41Z  4a 58 33 4d 4c 6a 4a 56
2026-09-28T19:01:41Z  41 71 51 4c 6b 59 39 55
2026-09-28T19:01:41Z  2f 75 5a 6c 6b 5a 34 7a
2026-09-28T19:01:41Z  6f 32 31 37 48 71 54 4e
2026-09-28T19:01:41Z  74 33 4c 58 78 7a 45 7a
2026-09-28T19:01:41Z  2f 4c 43 2b 39 64 31 4a
2026-09-28T19:01:41Z  53 58 75 66 33 48 4b 51
2026-09-28T19:01:41Z  31 5a 52 30 2b 34 75 4d
2026-09-28T19:01:41Z  4b 32 4d 65 66 51 7a 2f
2026-09-28T19:01:41Z  77 59 6a 58 4f 4e 73 55
2026-09-28T19:01:41Z  38 7a 49 6d 37 46 43 77
2026-09-28T19:01:41Z  51 76 6e 48 79 56 63 58
2026-09-28T19:01:41Z  6e 57 32 53 57 77 31 68
2026-09-28T19:01:41Z  58 48 50 6f 78 38 51 41
2026-09-28T19:01:41Z  72 62 66 49 47 55 58 6a
2026-09-28T19:01:41Z  2b 57 44 51 48 7a 58 78
2026-09-28T19:01:41Z  2b 61 42 65 58 41 31 6d
2026-09-28T19:01:41Z  68 5a 30 6e 65 61 72 46
2026-09-28T19:01:41Z  4e 76 74 64 7a 55 39 77
2026-09-28T19:01:41Z  42 5a 59 46 51 72 35 6b
2026-09-28T19:01:41Z  75 4d 64 30 63 76 61 52
2026-09-28T19:01:41Z  70 32 6f 77 64 47 6d 68
2026-09-28T19:01:41Z  59 63 35 6d 33 47 7a 68
2026-09-28T19:01:41Z  6a 72 54 4e 6c 69 59 44
2026-09-28T19:01:41Z  68 64 58 71 49 58 39 55
2026-09-28T19:01:41Z  6a 41 69 59 31 59 44 38
2026-09-28T19:01:41Z  2f 79 58 54 5a 4e 2b 74
2026-09-28T19:01:41Z  56 49 55 36 42 7a 51 43
2026-09-28T19:01:41Z  4c 74 30 6d 50 37 62 4e
2026-09-28T19:01:41Z  72 6f 63 6d 79 6a 78 49
2026-09-28T19:01:41Z  2b 43 39 31 62 54 2b 6c
2026-09-28T19:01:41Z  71 50 71 36 62 31 56 59
2026-09-28T19:01:41Z  56 63 75 69 56 77 39 75
2026-09-28T19:01:41Z  4e 70 4d 77 0a
2026-09-28T19:01:41Z 2026-09-28T19:01:42.449Z [MS] [DEBUG] Notecard is 6.000000 pct full.
2026-09-28T19:01:41Z 2026-09-28T19:01:42.453Z [MS] [DEBUG] Has message 23152 expired? queuedTime: 256716549, now64: 256716624, remaining: 86399925
2026-09-28T19:01:41Z 2026-09-28T19:01:42.453Z [MS] [INFO] Sending Cellular message to Notecard.
2026-09-28T19:01:41Z 2026-09-28T19:01:42.453Z [MS] [INFO] Queuing message 23152 20026FE0
2026-09-28T19:01:42Z 2026-09-28T19:01:43.695Z [MS] [INFO] Added message(id: 23153 len: 524) to queue MS_Q_CELLULAR_ONLY: (1)!
2026-09-28T19:01:42Z 2026-09-28T19:01:43.695Z [BM_TX] [INFO] Submitted spotter/transmit-data message to cell-only queue, Len: 398
2026-09-28T19:01:42Z 2026-09-28T19:01:43.695Z [BM_TX] [DEBUG] Message:
2026-09-28T19:01:42Z  3c 49 30 64 78 67 73 77
2026-09-28T19:01:42Z  2e 32 35 3e 72 38 64 68
2026-09-28T19:01:42Z  48 64 55 73 49 6d 6c 49
2026-09-28T19:01:42Z  6f 73 69 4e 6e 75 7a 4e
2026-09-28T19:01:42Z  6e 4f 44 69 47 2b 4a 56
2026-09-28T19:01:42Z  57 6c 39 6f 6d 48 7a 42
2026-09-28T19:01:42Z  52 57 56 2f 63 32 45 4e
2026-09-28T19:01:42Z  4b 34 7a 6b 46 43 56 37
2026-09-28T19:01:42Z  61 4e 64 6e 4b 4e 33 46
2026-09-28T19:01:42Z  65 41 66 55 51 69 5a 51
2026-09-28T19:01:42Z  65 77 62 75 56 44 6e 6c
2026-09-28T19:01:42Z  71 76 36 50 36 47 46 6d
2026-09-28T19:01:42Z  4f 51 4d 51 67 6b 43 2f
2026-09-28T19:01:42Z  4a 4b 79 35 64 43 39 57
2026-09-28T19:01:42Z  63 7a 69 67 72 54 47 36
2026-09-28T19:01:42Z  4e 6e 48 6b 63 64 37 78
2026-09-28T19:01:42Z  55 75 62 33 7a 68 48 36
2026-09-28T19:01:42Z  2f 30 57 4a 68 4b 5a 6b
2026-09-28T19:01:42Z  4e 73 2f 30 6c 2b 69 32
2026-09-28T19:01:42Z  4d 51 65 4d 6d 53 6d 43
2026-09-28T19:01:42Z  45 63 42 77 78 6d 4b 34
2026-09-28T19:01:42Z  58 41 34 2f 41 69 35 4d
2026-09-28T19:01:42Z  49 39 44 6f 79 66 65 63
2026-09-28T19:01:42Z  47 6a 61 47 79 36 77 5a
2026-09-28T19:01:42Z  32 49 42 56 32 72 66 34
2026-09-28T19:01:42Z  52 66 55 38 74 6d 67 37
2026-09-28T19:01:42Z  48 6c 54 47 4c 48 75 4e
2026-09-28T19:01:42Z  77 49 63 4f 65 6f 2f 59
2026-09-28T19:01:42Z  2f 49 54 2f 2b 61 53 72
2026-09-28T19:01:42Z  2b 32 2f 73 58 36 7a 4b
2026-09-28T19:01:42Z  56 50 63 7a 6e 48 47 6d
2026-09-28T19:01:42Z  6d 69 6e 67 6e 2b 63 35
2026-09-28T19:01:42Z  51 77 64 50 46 73 61 79
2026-09-28T19:01:42Z  67 33 54 63 4b 78 67 74
2026-09-28T19:01:42Z  57 66 77 74 56 77 44 2b
2026-09-28T19:01:42Z  31 2b 64 4e 59 59 4a 69
2026-09-28T19:01:42Z  6c 33 33 32 51 36 78 6f
2026-09-28T19:01:42Z  62 41 69 6c 34 75 73 49
2026-09-28T19:01:42Z  54 45 30 5a 4c 78 62 4b
2026-09-28T19:01:42Z  64 57 6c 36 6d 59 52 4a
2026-09-28T19:01:42Z  4f 54 39 6a 6e 64 6f 6f
2026-09-28T19:01:42Z  69 75 4a 6e 2b 52 34 58
2026-09-28T19:01:42Z  52 30 2b 50 71 4a 42 6d
2026-09-28T19:01:42Z  76 64 44 6e 30 33 6b 34
2026-09-28T19:01:42Z  6c 38 69 38 2f 4c 35 57
2026-09-28T19:01:42Z  32 77 6f 37 48 61 77 32
2026-09-28T19:01:42Z  49 37 50 30 41 6c 41 4f
2026-09-28T19:01:42Z  79 69 47 63 30 43 41 63
2026-09-28T19:01:42Z  4f 58 69 4c 4d 2f 73 4d
2026-09-28T19:01:42Z  68 35 2f 4b 0a
2026-09-28T19:01:42Z 2026-09-28T19:01:43.769Z [MS] [DEBUG] Notecard is 6.000000 pct full.
2026-09-28T19:01:42Z 2026-09-28T19:01:43.769Z [MS] [DEBUG] Has message 23153 expired? queuedTime: 256717869, now64: 256717943, remaining: 86399926
2026-09-28T19:01:42Z 2026-09-28T19:01:43.773Z [MS] [INFO] Sending Cellular message to Notecard.
2026-09-28T19:01:42Z 2026-09-28T19:01:43.773Z [MS] [INFO] Queuing message 23153 20026FE0
2026-09-28T19:05:52Z SPOT-31593C > bm pub bmcam/cmd {"id":61100,"c":"trg","v":2,"kv":{"o":"save_local","d":3}} 1 1
2026-09-28T19:05:54Z bm pub bmcam/cmd {"id":61100,"c":"trg","v":2,"kv":{"o":"save_local","d":3}} 1 1
2026-09-28T19:05:55Z 1790622356.351 e6fe83ea6b4a2b7f, [bmcam004] OK id=61100 trg 2 armed: capture + output per mode (next decision point); one action only: mode.output=save_local, video.send.duration_s=3 (d=3! only 5 s i
2026-09-28T19:08:42Z SPOT-31593C > bm pub bmcam/cmd {"id":61101,"c":"trg","v":2,"kv":{"med":"still","o":"save_local"}} 1 1
2026-09-28T19:08:45Z bm pub bmcam/cmd {"id":61101,"c":"trg","v":2,"kv":{"med":"still","o":"save_local"}} 1 1
2026-09-28T19:08:45Z 1790622526.289 e6fe83ea6b4a2b7f, [bmcam004] OK id=61101 trg 2 armed: capture + output per mode (next decision point); one action only: mode.media=still, mode.output=save_local cfg=d9e81104
2026-09-28T19:08:49Z 2026-09-28T19:08:50.449Z [MS] [INFO] Added message(id: 21024 len: 262) to queue MS_Q_CELLULAR_ONLY: (1)!
2026-09-28T19:08:49Z 2026-09-28T19:08:50.449Z [BM_TX] [INFO] Submitted spotter/transmit-data message to cell-only queue, Len: 135
2026-09-28T19:08:49Z 2026-09-28T19:08:50.449Z [BM_TX] [DEBUG] Message:
2026-09-28T19:08:49Z  3c 57 53 20 76 3d 31 20
2026-09-28T19:08:49Z  61 3d 63 61 70 20 63 66
2026-09-28T19:08:49Z  67 3d 64 39 65 38 31 31
2026-09-28T19:08:49Z  30 34 20 75 70 3d 37 39
2026-09-28T19:08:49Z  33 20 74 7a 3d 41 6d 65
2026-09-28T19:08:49Z  72 69 63 61 2f 4c 6f 73
2026-09-28T19:08:49Z  5f 41 6e 67 65 6c 65 73
2026-09-28T19:08:49Z  20 6c 74 3d 6e 61 20 77
2026-09-28T19:08:49Z  73 3d 30 33 30 30 20 77
2026-09-28T19:08:49Z  65 3d 30 34 30 30 20 72
2026-09-28T19:08:49Z  6b 3d 31 30 30 30 78 35
2026-09-28T19:08:49Z  36 32 20 71 3d 39 30 20
2026-09-28T19:08:49Z  63 74 3d 33 33 2e 38 20
2026-09-28T19:08:49Z  73 68 61 3d 37 64 33 30
2026-09-28T19:08:49Z  66 65 61 35 65 36 62 38
2026-09-28T19:08:49Z  20 68 6e 3d 62 6d 63 61
2026-09-28T19:08:49Z  6d 30 30 34 3e 0a
2026-09-28T19:08:49Z 2026-09-28T19:08:50.503Z [MS] [DEBUG] Notecard is 14.000000 pct full.
2026-09-28T19:08:49Z 2026-09-28T19:08:50.503Z [MS] [DEBUG] Has message 21024 expired? queuedTime: 257206916, now64: 257206972, remaining: 86399944
2026-09-28T19:08:49Z 2026-09-28T19:08:50.507Z [MS] [INFO] Sending Cellular message to Notecard.
2026-09-28T19:08:49Z 2026-09-28T19:08:50.507Z [MS] [INFO] Queuing message 21024 20028F70
2026-09-28T19:11:26Z SPOT-31593C > bm pub bmcam/cmd {"id":100000030,"c":"set","kv":{"uplink.chunk_chars":360},"sig":"8c0d47a462b45150"} 1 1
2026-09-28T19:11:28Z bm pub bmcam/cmd {"id":100000030,"c":"set","kv":{"uplink.chunk_chars":360},"sig":"8c0d47a462b45150"} 1 1
2026-09-28T19:11:28Z 2026-09-28T19:11:30.039Z [MS] [INFO] Added message(id: 21025 len: 165) to queue MS_Q_CELLULAR_ONLY: (1)!
2026-09-28T19:11:28Z 2026-09-28T19:11:30.039Z [BM_TX] [INFO] Submitted spotter/transmit-data message to cell-only queue, Len: 39
2026-09-28T19:11:28Z 2026-09-28T19:11:30.039Z [BM_TX] [DEBUG] Message:
2026-09-28T19:11:28Z  7b 22 69 64 22 3a 31 30
2026-09-28T19:11:28Z  30 30 30 30 30 33 30 2c
2026-09-28T19:11:28Z  22 6f 6b 22 3a 31 2c 22
2026-09-28T19:11:28Z  68 22 3a 22 63 35 37 65
2026-09-28T19:11:28Z  36 32 65 61 22 7d
2026-09-28T19:11:28Z Message: 1790622690.050 e6fe83ea6b4a2b7f, [bmcam004] OK id=100000030 uplink.chunk_chars: 384 -> 360, uplink.chunk_chars guarded: cfm 100000030 within 2 sends or 3 boots (next action) cfg=c57e62ea
2026-09-28T19:11:28Z 2026-09-28T19:11:30.085Z [MS] [DEBUG] Notecard is 14.000000 pct full.
2026-09-28T19:11:28Z 2026-09-28T19:11:30.085Z [MS] [DEBUG] Has message 21025 expired? queuedTime: 257366536, now64: 257366582, remaining: 86399954
2026-09-28T19:11:28Z 2026-09-28T19:11:30.085Z [MS] [INFO] Sending Cellular message to Notecard.
2026-09-28T19:11:28Z 2026-09-28T19:11:30.085Z [MS] [INFO] Queuing message 21025 20028F70
2026-09-28T19:11:29Z 2026-09-28T19:11:31.039Z [MS] [INFO] Added message(id: 21026 len: 180) to queue MS_Q_CELLULAR_ONLY: (1)!
2026-09-28T19:11:29Z 2026-09-28T19:11:31.039Z [BM_TX] [INFO] Submitted spotter/transmit-data message to cell-only queue, Len: 54
2026-09-28T19:11:29Z 2026-09-28T19:11:31.039Z [BM_TX] [DEBUG] Message:
2026-09-28T19:11:29Z  3c 43 46 20 76 3d 31 20
2026-09-28T19:11:29Z  68 3d 63 35 37 65 36 32
2026-09-28T19:11:29Z  65 61 20 75 70 6c 69 6e
2026-09-28T19:11:29Z  6b 2e 63 68 75 6e 6b 5f
2026-09-28T19:11:29Z  63 68 61 72 73 3d 33 36
2026-09-28T19:11:29Z  30 40 63 31 30 30 30 30
2026-09-28T19:11:29Z  30 30 33 30 3e
2026-09-28T19:11:29Z 2026-09-28T19:11:31.062Z [MS] [DEBUG] Notecard is 14.000000 pct full.
2026-09-28T19:11:29Z 2026-09-28T19:11:31.062Z [MS] [DEBUG] Has message 21026 expired? queuedTime: 257367535, now64: 257367560, remaining: 86399975
2026-09-28T19:11:29Z 2026-09-28T19:11:31.062Z [MS] [INFO] Sending Cellular message to Notecard.
2026-09-28T19:11:29Z 2026-09-28T19:11:31.062Z [MS] [INFO] Queuing message 21026 20028F70
2026-09-28T19:11:37Z SPOT-31593C > bm pub bmcam/cmd {"id":100000030,"c":"set","kv":{"uplink.chunk_chars":360},"sig":"8c0d47a462b45150"} 1 1
2026-09-28T19:11:37Z bm pub bmcam/cmd {"id":100000030,"c":"set","kv":{"uplink.chunk_chars":360},"sig":"8c0d47a462b45150"} 1 1
2026-09-28T19:11:38Z 1790622699.277 e6fe83ea6b4a2b7f, [bmcam004] OK id=100000030 uplink.chunk_chars: 384 -> 360, uplink.chunk_chars guarded: cfm 100000030 within 2 sends or 3 boots (next action) (duplicate: original answ
2026-09-28T19:11:44Z SPOT-31593C > bm pub bmcam/cmd {"id":100000031,"c":"set","kv":{"uplink.chunk_chars":320},"sig":"0d1377e0f92958c9"} 1 1
2026-09-28T19:11:45Z bm pub bmcam/cmd {"id":100000031,"c":"set","kv":{"uplink.chunk_chars":320},"sig":"0d1377e0f92958c9"} 1 1
2026-09-28T19:11:45Z 2026-09-28T19:11:46.687Z [MS] [INFO] Added message(id: 21027 len: 186) to queue MS_Q_CELLULAR_ONLY: (1)!
2026-09-28T19:11:45Z 2026-09-28T19:11:46.687Z [BM_TX] [INFO] Submitted spotter/transmit-data message to cell-only queue, Len: 60
2026-09-28T19:11:45Z 2026-09-28T19:11:46.687Z [BM_TX] [DEBUG] Message:
2026-09-28T19:11:45Z  7b 22 69 64 22 3a 31 30
2026-09-28T19:11:45Z  30 30 30 30 30 33 31 2c
2026-09-28T19:11:45Z  22 6f 6b 22 3a 30 2c 22
2026-09-28T19:11:45Z  68 22 3a 22 63 35 37 65
2026-09-28T19:11:45Z  36 32 65 61 22 2c 22 65
2026-09-28T19:11:45Z  22 3a 22 61 75 74 68 22
2026-09-28T19:11:45Z  2c 22 6b 22 3a 22 73 69
2026-09-28T19:11:45Z  67 22 7d
2026-09-28T19:11:45Z Message: 1790622706.695 e6fe83ea6b4a2b7f, [bmcam004] REJECTED id=100000031 service-range ids need a valid service signature e=auth k=sig cfg=c57e62ea
2026-09-28T19:11:45Z 2026-09-28T19:11:46.730Z [MS] [DEBUG] Notecard is 14.000000 pct full.
2026-09-28T19:11:45Z 2026-09-28T19:11:46.730Z [MS] [DEBUG] Has message 21027 expired? queuedTime: 257383185, now64: 257383230, remaining: 86399955
2026-09-28T19:11:45Z 2026-09-28T19:11:46.734Z [MS] [INFO] Sending Cellular message to Notecard.
2026-09-28T19:11:45Z 2026-09-28T19:11:46.734Z [MS] [INFO] Queuing message 21027 20028F70
2026-09-28T19:11:51Z SPOT-31593C > bm pub bmcam/cmd {"id":100000025,"c":"ping","sig":"f01f7034ab79d6a2"} 1 1
2026-09-28T19:11:52Z bm pub bmcam/cmd {"id":100000025,"c":"ping","sig":"f01f7034ab79d6a2"} 1 1
2026-09-28T19:11:52Z 2026-09-28T19:11:53.925Z [MS] [INFO] Added message(id: 21028 len: 175) to queue MS_Q_CELLULAR_ONLY: (1)!
2026-09-28T19:11:52Z 2026-09-28T19:11:53.925Z [BM_TX] [INFO] Submitted spotter/transmit-data message to cell-only queue, Len: 49
2026-09-28T19:11:52Z 2026-09-28T19:11:53.925Z [BM_TX] [DEBUG] Message:
2026-09-28T19:11:52Z  7b 22 69 64 22 3a 31 30
2026-09-28T19:11:52Z  30 30 30 30 30 32 35 2c
2026-09-28T19:11:52Z  22 6f 6b 22 3a 30 2c 22
2026-09-28T19:11:52Z  68 22 3a 22 63 35 37 65
2026-09-28T19:11:52Z  36 32 65 61 22 2c 22 65
2026-09-28T19:11:52Z  22 3a 22 6f 6c 64 22 7d
2026-09-28T19:11:52Z 
2026-09-28T19:11:52Z Message: 1790622713.933 e6fe83ea6b4a2b7f, [bmcam004] REJECTED id=100000025 below this sender's newest id e=old cfg=c57e62ea
2026-09-28T19:11:52Z 2026-09-28T19:11:53.968Z [MS] [DEBUG] Notecard is 14.000000 pct full.
2026-09-28T19:11:52Z 2026-09-28T19:11:53.968Z [MS] [DEBUG] Has message 21028 expired? queuedTime: 257390425, now64: 257390470, remaining: 86399955
2026-09-28T19:11:52Z 2026-09-28T19:11:53.968Z [MS] [INFO] Sending Cellular message to Notecard.
2026-09-28T19:11:52Z 2026-09-28T19:11:53.968Z [MS] [INFO] Queuing message 21028 20028F70
2026-09-28T19:11:58Z SPOT-31593C > bm pub bmcam/cmd {"id":100000032,"c":"reset","k":["uplink.chunk_chars"],"sig":"2fb510b2c2c5b357"} 1 1
2026-09-28T19:11:59Z bm pub bmcam/cmd {"id":100000032,"c":"reset","k":["uplink.chunk_chars"],"sig":"2fb510b2c2c5b357"} 1 1
2026-09-28T19:12:00Z 2026-09-28T19:12:01.183Z [MS] [INFO] Added message(id: 21029 len: 165) to queue MS_Q_CELLULAR_ONLY: (1)!
2026-09-28T19:12:00Z 2026-09-28T19:12:01.183Z [BM_TX] [INFO] Submitted spotter/transmit-data message to cell-only queue, Len: 39
2026-09-28T19:12:00Z 2026-09-28T19:12:01.183Z [BM_TX] [DEBUG] Message:
2026-09-28T19:12:00Z  7b 22 69 64 22 3a 31 30
2026-09-28T19:12:00Z  30 30 30 30 30 33 32 2c
2026-09-28T19:12:00Z  22 6f 6b 22 3a 31 2c 22
2026-09-28T19:12:00Z  68 22 3a 22 64 39 65 38
2026-09-28T19:12:00Z  31 31 30 34 22 7d
2026-09-28T19:12:00Z Message: 1790622721.203 e6fe83ea6b4a2b7f, [bmcam004] OK id=100000032 reset uplink.chunk_chars -> YAML cfg=d9e81104
2026-09-28T19:12:00Z 2026-09-28T19:12:01.230Z [MS] [DEBUG] Notecard is 14.000000 pct full.
2026-09-28T19:12:00Z 2026-09-28T19:12:01.230Z [MS] [DEBUG] Has message 21029 expired? queuedTime: 257397684, now64: 257397731, remaining: 86399953
2026-09-28T19:12:00Z 2026-09-28T19:12:01.230Z [MS] [INFO] Sending Cellular message to Notecard.
2026-09-28T19:12:00Z 2026-09-28T19:12:01.230Z [MS] [INFO] Queuing message 21029 20028F70
2026-09-28T19:12:01Z 2026-09-28T19:12:02.191Z [MS] [INFO] Added message(id: 21030 len: 169) to queue MS_Q_CELLULAR_ONLY: (1)!
2026-09-28T19:12:01Z 2026-09-28T19:12:02.191Z [BM_TX] [INFO] Submitted spotter/transmit-data message to cell-only queue, Len: 43
2026-09-28T19:12:01Z 2026-09-28T19:12:02.191Z [BM_TX] [DEBUG] Message:
2026-09-28T19:12:01Z  3c 43 46 20 76 3d 31 20
2026-09-28T19:12:01Z  68 3d 64 39 65 38 31 31
2026-09-28T19:12:01Z  30 34 20 75 70 6c 69 6e
2026-09-28T19:12:01Z  6b 2e 63 68 75 6e 6b 5f
2026-09-28T19:12:01Z  63 68 61 72 73 3d 33 38
2026-09-28T19:12:01Z  34 3e
2026-09-28T19:12:01Z 2026-09-28T19:12:02.214Z [MS] [DEBUG] Notecard is 14.000000 pct full.
2026-09-28T19:12:01Z 2026-09-28T19:12:02.218Z [MS] [DEBUG] Has message 21030 expired? queuedTime: 257398694, now64: 257398719, remaining: 86399975
2026-09-28T19:12:01Z 2026-09-28T19:12:02.218Z [MS] [INFO] Sending Cellular message to Notecard.
2026-09-28T19:12:01Z 2026-09-28T19:12:02.218Z [MS] [INFO] Queuing message 21030 20028F70
2026-09-28T19:12:10Z SPOT-31593C > bm pub bmcam/cmd {"id":61150,"c":"wap","v":2} 1 1
2026-09-28T19:12:11Z bm pub bmcam/cmd {"id":61150,"c":"wap","v":2} 1 1
2026-09-28T19:12:11Z 2026-09-28T19:12:12.960Z [BRIDGE_CFG] [INFO] Bridge topology in topology sampler:
2026-09-28T19:12:11Z 2026-09-28T19:12:12.964Z [BRIDGE_CFG] [INFO] 0e582dd12c1e1480
2026-09-28T19:12:11Z 2026-09-28T19:12:12.968Z [BRIDGE_CFG] [INFO] e6fe83ea6b4a2b7f
2026-09-28T19:12:11Z 2026-09-28T19:12:12.968Z [BRIDGE_SYS] [INFO] Checking CRC in report builder!
2026-09-28T19:12:11Z 2026-09-28T19:12:12.972Z [BRIDGE_SYS] [INFO] Got CRC f3b914aa OLD CRC f3b914aa
2026-09-28T19:12:11Z 2026-09-28T19:12:12.972Z [BRIDGE_SYS] [INFO] CRCs match, not updating
2026-09-28T19:12:11Z 1790622733.039 e6fe83ea6b4a2b7f, [bmcam004] OK id=61150 wap 2: network change dispatched cfg=d9e81104
2026-09-28T19:12:19Z SPOT-31593C > bm pub bmcam/cmd {"id":61150,"c":"wap","v":2} 1 1
2026-09-28T19:12:20Z bm pub bmcam/cmd {"id":61150,"c":"wap","v":2} 1 1
2026-09-28T19:12:21Z 1790622742.269 e6fe83ea6b4a2b7f, [bmcam004] OK id=61150 wap 2: network change dispatched (duplicate: original answer) cfg=d9e81104
2026-09-28T19:12:26Z SPOT-31593C > bm pub bmcam/cmd {"id":61151,"c":"wap","v":1} 1 1
2026-09-28T19:12:27Z bm pub bmcam/cmd {"id":61151,"c":"wap","v":1} 1 1
2026-09-28T19:12:27Z 1790622748.507 e6fe83ea6b4a2b7f, [bmcam004] OK id=61151 wap 1: network change dispatched cfg=d9e81104
2026-09-28T19:13:21Z SPOT-31593C > bm pub bmcam/cmd {"id":61152,"c":"wap","v":0} 1 1
2026-09-28T19:13:24Z bm pub bmcam/cmd {"id":61152,"c":"wap","v":0} 1 1
2026-09-28T19:13:24Z 1790622805.476 e6fe83ea6b4a2b7f, [bmcam004] OK id=61152 wap 0: network change dispatched cfg=d9e81104
2026-09-28T19:13:32Z SPOT-31593C > bm pub bmcam/cmd {"id":61102,"c":"set","kv":{"mode.run":"stay_on"}} 1 1
2026-09-28T19:13:33Z bm pub bmcam/cmd {"id":61102,"c":"set","kv":{"mode.run":"stay_on"}} 1 1
2026-09-28T19:13:33Z 1790622814.523 e6fe83ea6b4a2b7f, [bmcam004] OK id=61102 mode.run: per_boot -> stay_on (next boot) cfg=dbac92bb
2026-09-28T19:14:04Z SPOT-31593C > bridge cfg commit 0e582dd12c1e1480 s
2026-09-28T19:14:06Z bridge cfg commit 0e582dd12c1e1480 s
2026-09-28T19:14:06Z Succesfull config commit send
2026-09-28T19:14:07Z 2026-09-28T19:14:08.933Z [BRIDGE] [ERROR] Bridge RX Processing Packet Failure: -7
2026-09-28T19:14:07Z 2026-09-28T19:14:08.933Z [BRIDGE] [INFO] Setting negotiated baud rate to 1000000 from 1000000
2026-09-28T19:14:07Z 2026-09-28T19:14:08.937Z [BRIDGE_SYS] [INFO] Bridge State Init
2026-09-28T19:14:07Z 2026-09-28T19:14:08.941Z [BRIDGE] [INFO] Reboot info received from 0e582dd12c1e1480 - Reason: 5 gitSHA: 1595f804 Reboot cnt: 0 PC: 0x0 LR: 0x0
2026-09-28T19:14:07Z 2026-09-28T19:14:08.949Z [BRIDGE_SYS] [INFO] Bridge bus power: 1
2026-09-28T19:14:07Z 2026-09-28T19:14:09.000Z [BRIDGE_CFG] [INFO] Response msg -- Node Id: 0000000000000000, Partition: system, Commit Status: 0
2026-09-28T19:14:07Z 2026-09-28T19:14:09.000Z [BRIDGE_CFG] [INFO] Num Keys: 16
2026-09-28T19:14:07Z 2026-09-28T19:14:09.000Z [BRIDGE_CFG] [INFO] Key 0: sampleIntervalMs
2026-09-28T19:14:07Z 2026-09-28T19:14:09.000Z [BRIDGE_CFG] [INFO] Key 1: sampleDurationMs
2026-09-28T19:14:07Z 2026-09-28T19:14:09.000Z [BRIDGE_CFG] [INFO] Key 2: subsampleIntervalMs
2026-09-28T19:14:07Z 2026-09-28T19:14:09.000Z [BRIDGE_CFG] [INFO] Key 3: subsampleDurationMs
2026-09-28T19:14:07Z 2026-09-28T19:14:09.000Z [BRIDGE_CFG] [INFO] Key 4: subsampleEnabled
2026-09-28T19:14:07Z 2026-09-28T19:14:09.000Z [BRIDGE_CFG] [INFO] Key 5: bridgePowerControllerEnabled
2026-09-28T19:14:07Z 2026-09-28T19:14:09.000Z [BRIDGE_CFG] [INFO] Key 6: alignmentInterval5Min
2026-09-28T19:14:07Z 2026-09-28T19:14:09.000Z [BRIDGE_CFG] [INFO] Key 7: ticksSamplingEnabled
2026-09-28T19:14:07Z 2026-09-28T19:14:09.000Z [BRIDGE_CFG] [INFO] Key 8: samplesPerReport
2026-09-28T19:14:07Z 2026-09-28T19:14:09.000Z [BRIDGE_CFG] [INFO] Key 9: transmitAggregations
2026-09-28T19:14:07Z 2026-09-28T19:14:09.000Z [BRIDGE_CFG] [INFO] Key 10: currentReadingPeriodMs
2026-09-28T19:14:07Z 2026-09-28T19:14:09.000Z [BRIDGE_CFG] [INFO] Key 11: softReadingPeriodMs
2026-09-28T19:14:07Z 2026-09-28T19:14:09.003Z [BRIDGE_CFG] [INFO] Key 12: rbrCodaReadingPeriodMs
2026-09-28T19:14:07Z 2026-09-28T19:14:09.003Z [BRIDGE_CFG] [INFO] Key 13: turbidityReadingPeriodMs
2026-09-28T19:14:07Z 2026-09-28T19:14:09.003Z [BRIDGE_CFG] [INFO] Key 14: disableUnusedPortsTimeMs
2026-09-28T19:14:07Z 2026-09-28T19:14:09.003Z [BRIDGE_CFG] [INFO] Key 15: salinityReadingPeriodMs
2026-09-28T19:14:07Z 2026-09-28T19:14:09.003Z [BRIDGE_CFG] [INFO] Response msg -- Node Id: 0000000000000000, Partition: user, Commit Status: 0
2026-09-28T19:14:07Z 2026-09-28T19:14:09.003Z [BRIDGE_CFG] [INFO] Num Keys: 0
2026-09-28T19:14:07Z 2026-09-28T19:14:09.003Z [BRIDGE_CFG] [INFO] Response msg -- Node Id: 0000000000000000, Partition: hardware, Commit Status: 0
2026-09-28T19:14:07Z 2026-09-28T19:14:09.003Z [BRIDGE_CFG] [INFO] Num Keys: 1
2026-09-28T19:14:07Z 2026-09-28T19:14:09.003Z [BRIDGE_CFG] [INFO] Key 0: smConfigurationCrc
2026-09-28T19:14:07Z 2026-09-28T19:14:09.003Z [BRIDGE] [INFO] handle_power_states, power on for: 4294967295
2026-09-28T19:14:07Z 2026-09-28T19:14:09.007Z [BRIDGE_CFG] [INFO] Node ID: 0000000000000000 Partition: system Value: 3600000
2026-09-28T19:14:07Z 2026-09-28T19:14:09.015Z [BRIDGE_CFG] [INFO] Node ID: 0000000000000000 Partition: system Value: 600000
2026-09-28T19:14:07Z 2026-09-28T19:14:09.019Z [BRIDGE_CFG] [INFO] Node ID: 0000000000000000 Partition: system Value: 300000
2026-09-28T19:14:07Z 2026-09-28T19:14:09.023Z [BRIDGE_CFG] [INFO] Node ID: 0000000000000000 Partition: system Value: 60000
2026-09-28T19:14:07Z 2026-09-28T19:14:09.031Z [BRIDGE_CFG] [INFO] Node ID: 0000000000000000 Partition: system Value: 0
2026-09-28T19:14:07Z 2026-09-28T19:14:09.035Z [BRIDGE_CFG] [INFO] Node ID: 0000000000000000 Partition: system Value: 0
2026-09-28T19:14:07Z 2026-09-28T19:14:09.039Z [BRIDGE_CFG] [INFO] Node ID: 0000000000000000 Partition: system Value: 1
2026-09-28T19:14:07Z 2026-09-28T19:14:09.042Z [BRIDGE_CFG] [INFO] Node ID: 0000000000000000 Partition: system Value: 0
2026-09-28T19:14:07Z 2026-09-28T19:14:09.050Z [BRIDGE_CFG] [INFO] Node ID: 0000000000000000 Partition: system Value: 1
2026-09-28T19:14:07Z 2026-09-28T19:14:09.054Z [BRIDGE_CFG] [INFO] Node ID: 0000000000000000 Partition: system Value: 1
2026-09-28T19:14:07Z 2026-09-28T19:14:09.058Z [BRIDGE_CFG] [INFO] Node ID: 0000000000000000 Partition: system Value: 60000
2026-09-28T19:14:07Z 2026-09-28T19:14:09.066Z [BRIDGE_CFG] [INFO] Node ID: 0000000000000000 Partition: system Value: 500
2026-09-28T19:14:07Z 2026-09-28T19:14:09.070Z [BRIDGE_CFG] [INFO] Node ID: 0000000000000000 Partition: system Value: 500
2026-09-28T19:14:07Z 2026-09-28T19:14:09.074Z [BRIDGE_CFG] [INFO] Node ID: 0000000000000000 Partition: system Value: 1000
2026-09-28T19:14:07Z 2026-09-28T19:14:09.078Z [BRIDGE_CFG] [INFO] Node ID: 0000000000000000 Partition: system Value: 0
2026-09-28T19:14:07Z 2026-09-28T19:14:09.085Z [BRIDGE_CFG] [INFO] Node ID: 0000000000000000 Partition: system Value: 30000
2026-09-28T19:14:07Z 2026-09-28T19:14:09.089Z [BRIDGE_CFG] [INFO] Node ID: 0000000000000000 Partition: hardware - Failed to decode value
2026-09-28T19:14:08Z 2026-09-28T19:14:09.976Z [BRIDGE_SYS] [INFO] Neighbor e6fe83ea6b4a2b7f added
2026-09-28T19:14:47Z SPOT-31593C > bm pub bmcam/cmd {"id":61110,"c":"trg","v":2,"kv":{"d":3,"m":80}} 1 1
2026-09-28T19:14:50Z bm pub bmcam/cmd {"id":61110,"c":"trg","v":2,"kv":{"d":3,"m":80}} 1 1
2026-09-28T19:14:50Z 1790622891.480 e6fe83ea6b4a2b7f, [bmcam004] OK id=61110 trg 2 armed: capture + output per mode (next decision point); one action only: video.send.duration_s=3, video.send.message_cap=80 (d=3! only 5 
2026-09-28T19:18:38Z SPOT-31593C > bm pub bmcam/cmd {"id":61111,"c":"set","kv":{"o":"save_local"}} 1 1
2026-09-28T19:18:41Z bm pub bmcam/cmd {"id":61111,"c":"set","kv":{"o":"save_local"}} 1 1
2026-09-28T19:18:41Z 1790623122.550 e6fe83ea6b4a2b7f, [bmcam004] OK id=61111 mode.output: transmit -> save_local, mode.output guarded: cfm 61111 within 3 boots or 2 h (next boot) cfg=8b322ee0
2026-09-28T19:18:54Z SPOT-31593C > bm pub bmcam/cmd {"id":61112,"c":"trg","v":2,"kv":{"d":3}} 1 1
2026-09-28T19:18:55Z bm pub bmcam/cmd {"id":61112,"c":"trg","v":2,"kv":{"d":3}} 1 1
2026-09-28T19:18:55Z 1790623136.687 e6fe83ea6b4a2b7f, [bmcam004] OK id=61112 trg 2 armed: capture + output per mode (next decision point); one action only: video.send.duration_s=3 (d=3! only 5 s is ladder-validated) cfg=
2026-09-28T19:18:55Z 1790623136.738 e6fe83ea6b4a2b7f, [bmcam004] OK id=61112 trg 2 armed: capture + output per mode (next decision point); one action only: video.send.duration_s=3 (d=3! only 5 s is (duplicate: original a
2026-09-28T19:19:15Z SPOT-31593C > bm pub bmcam/cmd {"id":61113,"c":"set","kv":{"med":"still"}} 1 1
2026-09-28T19:19:18Z bm pub bmcam/cmd {"id":61113,"c":"set","kv":{"med":"still"}} 1 1
2026-09-28T19:19:18Z 1790623159.695 e6fe83ea6b4a2b7f, [bmcam004] OK id=61113 mode.media: video -> still (next boot) cfg=e55d1e04
2026-09-28T19:19:18Z 1790623159.742 e6fe83ea6b4a2b7f, [bmcam004] OK id=61113 mode.media: video -> still (next boot) (duplicate: original answer) cfg=e55d1e04
2026-09-28T19:19:31Z SPOT-31593C > bm pub bmcam/cmd {"id":61114,"c":"trg","v":2} 1 1
2026-09-28T19:19:32Z bm pub bmcam/cmd {"id":61114,"c":"trg","v":2} 1 1
2026-09-28T19:19:33Z 1790623174.242 e6fe83ea6b4a2b7f, [bmcam004] OK id=61114 trg 2 armed: capture + output per mode (next decision point) cfg=e55d1e04
2026-09-28T19:19:33Z 1790623174.292 e6fe83ea6b4a2b7f, [bmcam004] OK id=61114 trg 2 armed: capture + output per mode (next decision point) (duplicate: original answer) cfg=e55d1e04
2026-09-28T19:19:33Z 1790623174.351 e6fe83ea6b4a2b7f, [bmcam004] OK id=61114 trg 2 armed: capture + output per mode (next decision point) (duplicate: original answer) cfg=e55d1e04
2026-09-28T19:20:14Z SPOT-31593C > bridge cfg commit 0e582dd12c1e1480 s
2026-09-28T19:20:16Z bridge cfg commit 0e582dd12c1e1480 s
2026-09-28T19:20:16Z Succesfull config commit send
2026-09-28T19:20:18Z 2026-09-28T19:20:19.375Z [BRIDGE] [ERROR] Bridge RX Processing Packet Failure: -7
2026-09-28T19:20:18Z 2026-09-28T19:20:19.375Z [BRIDGE] [INFO] Setting negotiated baud rate to 1000000 from 1000000
2026-09-28T19:20:18Z 2026-09-28T19:20:19.378Z [BRIDGE_SYS] [INFO] Bridge State Init
2026-09-28T19:20:18Z 2026-09-28T19:20:19.382Z [BRIDGE] [INFO] Reboot info received from 0e582dd12c1e1480 - Reason: 5 gitSHA: 1595f804 Reboot cnt: 0 PC: 0x0 LR: 0x0
2026-09-28T19:20:18Z 2026-09-28T19:20:19.390Z [BRIDGE_SYS] [INFO] Bridge bus power: 1
2026-09-28T19:20:18Z 2026-09-28T19:20:19.441Z [BRIDGE_CFG] [INFO] Response msg -- Node Id: 0000000000000000, Partition: system, Commit Status: 0
2026-09-28T19:20:18Z 2026-09-28T19:20:19.441Z [BRIDGE_CFG] [INFO] Num Keys: 16
2026-09-28T19:20:18Z 2026-09-28T19:20:19.441Z [BRIDGE_CFG] [INFO] Key 0: sampleIntervalMs
2026-09-28T19:20:18Z 2026-09-28T19:20:19.441Z [BRIDGE_CFG] [INFO] Key 1: sampleDurationMs
2026-09-28T19:20:18Z 2026-09-28T19:20:19.441Z [BRIDGE_CFG] [INFO] Key 2: subsampleIntervalMs
2026-09-28T19:20:18Z 2026-09-28T19:20:19.441Z [BRIDGE_CFG] [INFO] Key 3: subsampleDurationMs
2026-09-28T19:20:18Z 2026-09-28T19:20:19.441Z [BRIDGE_CFG] [INFO] Key 4: subsampleEnabled
2026-09-28T19:20:18Z 2026-09-28T19:20:19.441Z [BRIDGE_CFG] [INFO] Key 5: bridgePowerControllerEnabled
2026-09-28T19:20:18Z 2026-09-28T19:20:19.441Z [BRIDGE_CFG] [INFO] Key 6: alignmentInterval5Min
2026-09-28T19:20:18Z 2026-09-28T19:20:19.441Z [BRIDGE_CFG] [INFO] Key 7: ticksSamplingEnabled
2026-09-28T19:20:18Z 2026-09-28T19:20:19.441Z [BRIDGE_CFG] [INFO] Key 8: samplesPerReport
2026-09-28T19:20:18Z 2026-09-28T19:20:19.441Z [BRIDGE_CFG] [INFO] Key 9: transmitAggregations
2026-09-28T19:20:18Z 2026-09-28T19:20:19.441Z [BRIDGE_CFG] [INFO] Key 10: currentReadingPeriodMs
2026-09-28T19:20:18Z 2026-09-28T19:20:19.441Z [BRIDGE_CFG] [INFO] Key 11: softReadingPeriodMs
2026-09-28T19:20:18Z 2026-09-28T19:20:19.445Z [BRIDGE_CFG] [INFO] Key 12: rbrCodaReadingPeriodMs
2026-09-28T19:20:18Z 2026-09-28T19:20:19.445Z [BRIDGE_CFG] [INFO] Key 13: turbidityReadingPeriodMs
2026-09-28T19:20:18Z 2026-09-28T19:20:19.445Z [BRIDGE_CFG] [INFO] Key 14: disableUnusedPortsTimeMs
2026-09-28T19:20:18Z 2026-09-28T19:20:19.445Z [BRIDGE_CFG] [INFO] Key 15: salinityReadingPeriodMs
2026-09-28T19:20:18Z 2026-09-28T19:20:19.445Z [BRIDGE_CFG] [INFO] Response msg -- Node Id: 0000000000000000, Partition: user, Commit Status: 0
2026-09-28T19:20:18Z 2026-09-28T19:20:19.445Z [BRIDGE_CFG] [INFO] Num Keys: 0
2026-09-28T19:20:18Z 2026-09-28T19:20:19.445Z [BRIDGE_CFG] [INFO] Response msg -- Node Id: 0000000000000000, Partition: hardware, Commit Status: 0
2026-09-28T19:20:18Z 2026-09-28T19:20:19.445Z [BRIDGE_CFG] [INFO] Num Keys: 1
2026-09-28T19:20:18Z 2026-09-28T19:20:19.445Z [BRIDGE_CFG] [INFO] Key 0: smConfigurationCrc
2026-09-28T19:20:18Z 2026-09-28T19:20:19.445Z [BRIDGE] [INFO] handle_power_states, power on for: 4294967295
2026-09-28T19:20:18Z 2026-09-28T19:20:19.449Z [BRIDGE_CFG] [INFO] Node ID: 0000000000000000 Partition: system Value: 3600000
2026-09-28T19:20:18Z 2026-09-28T19:20:19.457Z [BRIDGE_CFG] [INFO] Node ID: 0000000000000000 Partition: system Value: 600000
2026-09-28T19:20:18Z 2026-09-28T19:20:19.460Z [BRIDGE_CFG] [INFO] Node ID: 0000000000000000 Partition: system Value: 300000
2026-09-28T19:20:18Z 2026-09-28T19:20:19.464Z [BRIDGE_CFG] [INFO] Node ID: 0000000000000000 Partition: system Value: 60000
2026-09-28T19:20:18Z 2026-09-28T19:20:19.472Z [BRIDGE_CFG] [INFO] Node ID: 0000000000000000 Partition: system Value: 0
2026-09-28T19:20:18Z 2026-09-28T19:20:19.476Z [BRIDGE_CFG] [INFO] Node ID: 0000000000000000 Partition: system Value: 0
2026-09-28T19:20:18Z 2026-09-28T19:20:19.480Z [BRIDGE_CFG] [INFO] Node ID: 0000000000000000 Partition: system Value: 1
2026-09-28T19:20:18Z 2026-09-28T19:20:19.484Z [BRIDGE_CFG] [INFO] Node ID: 0000000000000000 Partition: system Value: 0
2026-09-28T19:20:18Z 2026-09-28T19:20:19.492Z [BRIDGE_CFG] [INFO] Node ID: 0000000000000000 Partition: system Value: 1
2026-09-28T19:20:18Z 2026-09-28T19:20:19.496Z [BRIDGE_CFG] [INFO] Node ID: 0000000000000000 Partition: system Value: 1
2026-09-28T19:20:18Z 2026-09-28T19:20:19.500Z [BRIDGE_CFG] [INFO] Node ID: 0000000000000000 Partition: system Value: 60000
2026-09-28T19:20:18Z 2026-09-28T19:20:19.507Z [BRIDGE_CFG] [INFO] Node ID: 0000000000000000 Partition: system Value: 500
2026-09-28T19:20:18Z 2026-09-28T19:20:19.511Z [BRIDGE_CFG] [INFO] Node ID: 0000000000000000 Partition: system Value: 500
2026-09-28T19:20:18Z 2026-09-28T19:20:19.515Z [BRIDGE_CFG] [INFO] Node ID: 0000000000000000 Partition: system Value: 1000
2026-09-28T19:20:18Z 2026-09-28T19:20:19.519Z [BRIDGE_CFG] [INFO] Node ID: 0000000000000000 Partition: system Value: 0
2026-09-28T19:20:18Z 2026-09-28T19:20:19.527Z [BRIDGE_CFG] [INFO] Node ID: 0000000000000000 Partition: system Value: 30000
2026-09-28T19:20:18Z 2026-09-28T19:20:19.531Z [BRIDGE_CFG] [INFO] Node ID: 0000000000000000 Partition: hardware - Failed to decode value
2026-09-28T19:20:19Z 2026-09-28T19:20:20.421Z [BRIDGE_SYS] [INFO] Neighbor e6fe83ea6b4a2b7f added
2026-09-28T19:21:25Z SPOT-31593C > bridge cfg commit 0e582dd12c1e1480 s
2026-09-28T19:21:27Z bridge cfg commit 0e582dd12c1e1480 s
2026-09-28T19:21:27Z Succesfull config commit send
2026-09-28T19:21:29Z 2026-09-28T19:21:30.343Z [BRIDGE] [ERROR] Bridge RX Processing Packet Failure: -7
2026-09-28T19:21:29Z 2026-09-28T19:21:30.343Z [BRIDGE] [INFO] Setting negotiated baud rate to 1000000 from 1000000
2026-09-28T19:21:29Z 2026-09-28T19:21:30.347Z [BRIDGE_SYS] [INFO] Bridge State Init
2026-09-28T19:21:29Z 2026-09-28T19:21:30.351Z [BRIDGE] [INFO] Reboot info received from 0e582dd12c1e1480 - Reason: 5 gitSHA: 1595f804 Reboot cnt: 0 PC: 0x0 LR: 0x0
2026-09-28T19:21:29Z 2026-09-28T19:21:30.359Z [BRIDGE_SYS] [INFO] Bridge bus power: 1
2026-09-28T19:21:29Z 2026-09-28T19:21:30.410Z [BRIDGE_CFG] [INFO] Response msg -- Node Id: 0000000000000000, Partition: system, Commit Status: 0
2026-09-28T19:21:29Z 2026-09-28T19:21:30.410Z [BRIDGE_CFG] [INFO] Num Keys: 16
2026-09-28T19:21:29Z 2026-09-28T19:21:30.410Z [BRIDGE_CFG] [INFO] Key 0: sampleIntervalMs
2026-09-28T19:21:29Z 2026-09-28T19:21:30.410Z [BRIDGE_CFG] [INFO] Key 1: sampleDurationMs
2026-09-28T19:21:29Z 2026-09-28T19:21:30.410Z [BRIDGE_CFG] [INFO] Key 2: subsampleIntervalMs
2026-09-28T19:21:29Z 2026-09-28T19:21:30.410Z [BRIDGE_CFG] [INFO] Key 3: subsampleDurationMs
2026-09-28T19:21:29Z 2026-09-28T19:21:30.410Z [BRIDGE_CFG] [INFO] Key 4: subsampleEnabled
2026-09-28T19:21:29Z 2026-09-28T19:21:30.410Z [BRIDGE_CFG] [INFO] Key 5: bridgePowerControllerEnabled
2026-09-28T19:21:29Z 2026-09-28T19:21:30.410Z [BRIDGE_CFG] [INFO] Key 6: alignmentInterval5Min
2026-09-28T19:21:29Z 2026-09-28T19:21:30.410Z [BRIDGE_CFG] [INFO] Key 7: ticksSamplingEnabled
2026-09-28T19:21:29Z 2026-09-28T19:21:30.410Z [BRIDGE_CFG] [INFO] Key 8: samplesPerReport
2026-09-28T19:21:29Z 2026-09-28T19:21:30.410Z [BRIDGE_CFG] [INFO] Key 9: transmitAggregations
2026-09-28T19:21:29Z 2026-09-28T19:21:30.410Z [BRIDGE_CFG] [INFO] Key 10: currentReadingPeriodMs
2026-09-28T19:21:29Z 2026-09-28T19:21:30.414Z [BRIDGE_CFG] [INFO] Key 11: softReadingPeriodMs
2026-09-28T19:21:29Z 2026-09-28T19:21:30.414Z [BRIDGE_CFG] [INFO] Key 12: rbrCodaReadingPeriodMs
2026-09-28T19:21:29Z 2026-09-28T19:21:30.414Z [BRIDGE_CFG] [INFO] Key 13: turbidityReadingPeriodMs
2026-09-28T19:21:29Z 2026-09-28T19:21:30.414Z [BRIDGE_CFG] [INFO] Key 14: disableUnusedPortsTimeMs
2026-09-28T19:21:29Z 2026-09-28T19:21:30.414Z [BRIDGE_CFG] [INFO] Key 15: salinityReadingPeriodMs
2026-09-28T19:21:29Z 2026-09-28T19:21:30.414Z [BRIDGE_CFG] [INFO] Response msg -- Node Id: 0000000000000000, Partition: user, Commit Status: 0
2026-09-28T19:21:29Z 2026-09-28T19:21:30.414Z [BRIDGE_CFG] [INFO] Num Keys: 0
2026-09-28T19:21:29Z 2026-09-28T19:21:30.414Z [BRIDGE_CFG] [INFO] Response msg -- Node Id: 0000000000000000, Partition: hardware, Commit Status: 0
2026-09-28T19:21:29Z 2026-09-28T19:21:30.414Z [BRIDGE_CFG] [INFO] Num Keys: 1
2026-09-28T19:21:29Z 2026-09-28T19:21:30.414Z [BRIDGE_CFG] [INFO] Key 0: smConfigurationCrc
2026-09-28T19:21:29Z 2026-09-28T19:21:30.414Z [BRIDGE] [INFO] handle_power_states, power on for: 4294967295
2026-09-28T19:21:29Z 2026-09-28T19:21:30.421Z [BRIDGE_CFG] [INFO] Node ID: 0000000000000000 Partition: system Value: 3600000
2026-09-28T19:21:29Z 2026-09-28T19:21:30.425Z [BRIDGE_CFG] [INFO] Node ID: 0000000000000000 Partition: system Value: 600000
2026-09-28T19:21:29Z 2026-09-28T19:21:30.429Z [BRIDGE_CFG] [INFO] Node ID: 0000000000000000 Partition: system Value: 300000
2026-09-28T19:21:29Z 2026-09-28T19:21:30.433Z [BRIDGE_CFG] [INFO] Node ID: 0000000000000000 Partition: system Value: 60000
2026-09-28T19:21:29Z 2026-09-28T19:21:30.441Z [BRIDGE_CFG] [INFO] Node ID: 0000000000000000 Partition: system Value: 0
2026-09-28T19:21:29Z 2026-09-28T19:21:30.445Z [BRIDGE_CFG] [INFO] Node ID: 0000000000000000 Partition: system Value: 0
2026-09-28T19:21:29Z 2026-09-28T19:21:30.449Z [BRIDGE_CFG] [INFO] Node ID: 0000000000000000 Partition: system Value: 1
2026-09-28T19:21:29Z 2026-09-28T19:21:30.453Z [BRIDGE_CFG] [INFO] Node ID: 0000000000000000 Partition: system Value: 0
2026-09-28T19:21:29Z 2026-09-28T19:21:30.460Z [BRIDGE_CFG] [INFO] Node ID: 0000000000000000 Partition: system Value: 1
2026-09-28T19:21:29Z 2026-09-28T19:21:30.464Z [BRIDGE_CFG] [INFO] Node ID: 0000000000000000 Partition: system Value: 1
2026-09-28T19:21:29Z 2026-09-28T19:21:30.468Z [BRIDGE_CFG] [INFO] Node ID: 0000000000000000 Partition: system Value: 60000
2026-09-28T19:21:29Z 2026-09-28T19:21:30.476Z [BRIDGE_CFG] [INFO] Node ID: 0000000000000000 Partition: system Value: 500
2026-09-28T19:21:29Z 2026-09-28T19:21:30.480Z [BRIDGE_CFG] [INFO] Node ID: 0000000000000000 Partition: system Value: 500
2026-09-28T19:21:29Z 2026-09-28T19:21:30.484Z [BRIDGE_CFG] [INFO] Node ID: 0000000000000000 Partition: system Value: 1000
2026-09-28T19:21:29Z 2026-09-28T19:21:30.488Z [BRIDGE_CFG] [INFO] Node ID: 0000000000000000 Partition: system Value: 0
2026-09-28T19:21:29Z 2026-09-28T19:21:30.496Z [BRIDGE_CFG] [INFO] Node ID: 0000000000000000 Partition: system Value: 30000
2026-09-28T19:21:29Z 2026-09-28T19:21:30.500Z [BRIDGE_CFG] [INFO] Node ID: 0000000000000000 Partition: hardware - Failed to decode value
2026-09-28T19:21:30Z 2026-09-28T19:21:31.390Z [BRIDGE_SYS] [INFO] Neighbor e6fe83ea6b4a2b7f added
2026-09-28T19:22:10Z SPOT-31593C > bm pub bmcam/cmd {"id":61120,"c":"trg","v":2,"kv":{"m":30}} 1 1
2026-09-28T19:22:13Z bm pub bmcam/cmd {"id":61120,"c":"trg","v":2,"kv":{"m":30}} 1 1
2026-09-28T19:22:13Z 1790623334.242 e6fe83ea6b4a2b7f, [bmcam004] OK id=61120 trg 2 armed: capture + output per mode (next decision point); one action only: still.message_cap=30 cfg=0209090f
2026-09-28T19:23:26Z SPOT-31593C > bm pub bmcam/cmd {"id":61130,"c":"set","kv":{"power.halt.enabled":false}} 1 1
2026-09-28T19:23:28Z bm pub bmcam/cmd {"id":61130,"c":"set","kv":{"power.halt.enabled":false}} 1 1
2026-09-28T19:23:29Z 1790623410.347 e6fe83ea6b4a2b7f, [bmcam004] OK id=61130 power.halt.enabled: true -> false (next action) cfg=342ddb79
2026-09-28T19:23:29Z 2026-09-28T19:23:30.355Z [BRIDGE_SYS] [INFO] Sample enabled 0
2026-09-28T19:23:29Z Sample Duration: 600 s
2026-09-28T19:23:29Z Sample Interval: 3600 s
2026-09-28T19:23:29Z Subsample enabled: 0
2026-09-28T19:23:29Z Subsample Duration: 60 s
2026-09-28T19:23:29Z Subsample Interval: 300 s
2026-09-28T19:23:29Z Alignment Interval: 300 s
2026-09-28T19:23:29Z 2026-09-28T19:23:30.359Z [BRIDGE_SYS] [INFO] Using RTC timebase
2026-09-28T19:23:29Z 2026-09-28T19:23:30.359Z [BRIDGE_SYS] [INFO] Bridge State Init Complete
2026-09-28T19:23:29Z 2026-09-28T19:23:30.363Z [BRIDGE_SYS] [INFO] Controller task will wait 2190000 ms
2026-09-28T19:23:34Z 2026-09-28T19:23:35.367Z [BRIDGE_CFG] [INFO] Bridge topology in topology sampler:
2026-09-28T19:23:34Z 2026-09-28T19:23:35.371Z [BRIDGE_CFG] [INFO] 0e582dd12c1e1480
2026-09-28T19:23:34Z 2026-09-28T19:23:35.375Z [BRIDGE_CFG] [INFO] e6fe83ea6b4a2b7f
2026-09-28T19:23:34Z 2026-09-28T19:23:35.375Z [BRIDGE_SYS] [INFO] Checking CRC in report builder!
2026-09-28T19:23:34Z 2026-09-28T19:23:35.378Z [BRIDGE_SYS] [INFO] Got CRC f3b914aa OLD CRC f3b914aa
2026-09-28T19:23:34Z 2026-09-28T19:23:35.378Z [BRIDGE_SYS] [INFO] CRCs match, not updating
2026-09-28T19:23:34Z SPOT-31593C > bm pub bmcam/cmd {"id":61131,"c":"set","kv":{"power.halt.enabled":true}} 1 1
2026-09-28T19:23:35Z bm pub bmcam/cmd {"id":61131,"c":"set","kv":{"power.halt.enabled":true}} 1 1
2026-09-28T19:23:35Z 1790623416.585 e6fe83ea6b4a2b7f, [bmcam004] OK id=61131 power.halt.enabled: STAGED true (awaiting cfm 61131) (next action) cfg=342ddb79
2026-09-28T19:24:02Z SPOT-31593C > bridge cfg commit 0e582dd12c1e1480 s
2026-09-28T19:24:04Z bridge cfg commit 0e582dd12c1e1480 s
2026-09-28T19:24:04Z Succesfull config commit send
2026-09-28T19:24:06Z 2026-09-28T19:24:07.386Z [BRIDGE] [ERROR] Bridge RX Processing Packet Failure: -7
2026-09-28T19:24:06Z 2026-09-28T19:24:07.390Z [BRIDGE] [INFO] Setting negotiated baud rate to 1000000 from 1000000
2026-09-28T19:24:06Z 2026-09-28T19:24:07.394Z [BRIDGE_SYS] [INFO] Bridge State Init
2026-09-28T19:24:06Z 2026-09-28T19:24:07.394Z [BRIDGE] [INFO] Reboot info received from 0e582dd12c1e1480 - Reason: 5 gitSHA: 1595f804 Reboot cnt: 0 PC: 0x0 LR: 0x0
2026-09-28T19:24:06Z 2026-09-28T19:24:07.402Z [BRIDGE_SYS] [INFO] Bridge bus power: 1
2026-09-28T19:24:06Z 2026-09-28T19:24:07.453Z [BRIDGE_CFG] [INFO] Response msg -- Node Id: 0000000000000000, Partition: system, Commit Status: 0
2026-09-28T19:24:06Z 2026-09-28T19:24:07.453Z [BRIDGE_CFG] [INFO] Num Keys: 16
2026-09-28T19:24:06Z 2026-09-28T19:24:07.453Z [BRIDGE_CFG] [INFO] Key 0: sampleIntervalMs
2026-09-28T19:24:06Z 2026-09-28T19:24:07.453Z [BRIDGE_CFG] [INFO] Key 1: sampleDurationMs
2026-09-28T19:24:06Z 2026-09-28T19:24:07.453Z [BRIDGE_CFG] [INFO] Key 2: subsampleIntervalMs
2026-09-28T19:24:06Z 2026-09-28T19:24:07.453Z [BRIDGE_CFG] [INFO] Key 3: subsampleDurationMs
2026-09-28T19:24:06Z 2026-09-28T19:24:07.453Z [BRIDGE_CFG] [INFO] Key 4: subsampleEnabled
2026-09-28T19:24:06Z 2026-09-28T19:24:07.453Z [BRIDGE_CFG] [INFO] Key 5: bridgePowerControllerEnabled
2026-09-28T19:24:06Z 2026-09-28T19:24:07.453Z [BRIDGE_CFG] [INFO] Key 6: alignmentInterval5Min
2026-09-28T19:24:06Z 2026-09-28T19:24:07.453Z [BRIDGE_CFG] [INFO] Key 7: ticksSamplingEnabled
2026-09-28T19:24:06Z 2026-09-28T19:24:07.457Z [BRIDGE_CFG] [INFO] Key 8: samplesPerReport
2026-09-28T19:24:06Z 2026-09-28T19:24:07.457Z [BRIDGE_CFG] [INFO] Key 9: transmitAggregations
2026-09-28T19:24:06Z 2026-09-28T19:24:07.457Z [BRIDGE_CFG] [INFO] Key 10: currentReadingPeriodMs
2026-09-28T19:24:06Z 2026-09-28T19:24:07.457Z [BRIDGE_CFG] [INFO] Key 11: softReadingPeriodMs
2026-09-28T19:24:06Z 2026-09-28T19:24:07.457Z [BRIDGE_CFG] [INFO] Key 12: rbrCodaReadingPeriodMs
2026-09-28T19:24:06Z 2026-09-28T19:24:07.457Z [BRIDGE_CFG] [INFO] Key 13: turbidityReadingPeriodMs
2026-09-28T19:24:06Z 2026-09-28T19:24:07.457Z [BRIDGE_CFG] [INFO] Key 14: disableUnusedPortsTimeMs
2026-09-28T19:24:06Z 2026-09-28T19:24:07.457Z [BRIDGE_CFG] [INFO] Key 15: salinityReadingPeriodMs
2026-09-28T19:24:06Z 2026-09-28T19:24:07.457Z [BRIDGE_CFG] [INFO] Response msg -- Node Id: 0000000000000000, Partition: user, Commit Status: 0
2026-09-28T19:24:06Z 2026-09-28T19:24:07.457Z [BRIDGE_CFG] [INFO] Num Keys: 0
2026-09-28T19:24:06Z 2026-09-28T19:24:07.457Z [BRIDGE_CFG] [INFO] Response msg -- Node Id: 0000000000000000, Partition: hardware, Commit Status: 0
2026-09-28T19:24:06Z 2026-09-28T19:24:07.457Z [BRIDGE_CFG] [INFO] Num Keys: 1
2026-09-28T19:24:06Z 2026-09-28T19:24:07.457Z [BRIDGE_CFG] [INFO] Key 0: smConfigurationCrc
2026-09-28T19:24:06Z 2026-09-28T19:24:07.457Z [BRIDGE] [INFO] handle_power_states, power on for: 4294967295
2026-09-28T19:24:06Z 2026-09-28T19:24:07.460Z [BRIDGE_CFG] [INFO] Node ID: 0000000000000000 Partition: system Value: 3600000
2026-09-28T19:24:06Z 2026-09-28T19:24:07.464Z [BRIDGE_CFG] [INFO] Node ID: 0000000000000000 Partition: system Value: 600000
2026-09-28T19:24:06Z 2026-09-28T19:24:07.472Z [BRIDGE_CFG] [INFO] Node ID: 0000000000000000 Partition: system Value: 300000
2026-09-28T19:24:06Z 2026-09-28T19:24:07.476Z [BRIDGE_CFG] [INFO] Node ID: 0000000000000000 Partition: system Value: 60000
2026-09-28T19:24:06Z 2026-09-28T19:24:07.480Z [BRIDGE_CFG] [INFO] Node ID: 0000000000000000 Partition: system Value: 0
2026-09-28T19:24:06Z 2026-09-28T19:24:07.484Z [BRIDGE_CFG] [INFO] Node ID: 0000000000000000 Partition: system Value: 0
2026-09-28T19:24:06Z 2026-09-28T19:24:07.488Z [BRIDGE_CFG] [INFO] Node ID: 0000000000000000 Partition: system Value: 1
2026-09-28T19:24:06Z 2026-09-28T19:24:07.492Z [BRIDGE_CFG] [INFO] Node ID: 0000000000000000 Partition: system Value: 0
2026-09-28T19:24:06Z 2026-09-28T19:24:07.496Z [BRIDGE_CFG] [INFO] Node ID: 0000000000000000 Partition: system Value: 1
2026-09-28T19:24:06Z 2026-09-28T19:24:07.500Z [BRIDGE_CFG] [INFO] Node ID: 0000000000000000 Partition: system Value: 1
2026-09-28T19:24:06Z 2026-09-28T19:24:07.503Z [BRIDGE_CFG] [INFO] Node ID: 0000000000000000 Partition: system Value: 60000
2026-09-28T19:24:06Z 2026-09-28T19:24:07.507Z [BRIDGE_CFG] [INFO] Node ID: 0000000000000000 Partition: system Value: 500
2026-09-28T19:24:06Z 2026-09-28T19:24:07.511Z [BRIDGE_CFG] [INFO] Node ID: 0000000000000000 Partition: system Value: 500
2026-09-28T19:24:06Z 2026-09-28T19:24:07.519Z [BRIDGE_CFG] [INFO] Node ID: 0000000000000000 Partition: system Value: 1000
2026-09-28T19:24:06Z 2026-09-28T19:24:07.523Z [BRIDGE_CFG] [INFO] Node ID: 0000000000000000 Partition: system Value: 0
2026-09-28T19:24:06Z 2026-09-28T19:24:07.527Z [BRIDGE_CFG] [INFO] Node ID: 0000000000000000 Partition: system Value: 30000
2026-09-28T19:24:06Z 2026-09-28T19:24:07.531Z [BRIDGE_CFG] [INFO] Node ID: 0000000000000000 Partition: hardware - Failed to decode value
2026-09-28T19:24:07Z 2026-09-28T19:24:08.441Z [BRIDGE_SYS] [INFO] Neighbor e6fe83ea6b4a2b7f added
2026-09-28T19:24:56Z SPOT-31593C > bm pub bmcam/cmd {"id":61132,"c":"cfm","ref":61131} 1 1
2026-09-28T19:24:59Z bm pub bmcam/cmd {"id":61132,"c":"cfm","ref":61131} 1 1
2026-09-28T19:24:59Z 1790623500.371 e6fe83ea6b4a2b7f, [bmcam004] OK id=61132 cfm 61131: power.halt.enabled applied cfg=0209090f
2026-09-28T19:25:05Z SPOT-31593C > bm pub bmcam/cmd {"id":61210,"c":"reset","all":1} 1 1
2026-09-28T19:25:06Z bm pub bmcam/cmd {"id":61210,"c":"reset","all":1} 1 1
2026-09-28T19:25:06Z 1790623507.875 e6fe83ea6b4a2b7f, [bmcam004] OK id=61210 reset camera.controls_enabled, camera.white_balance.enabled, camera.white_balance.gains, camera.white_balance.mode, mode.media, mode.run, power
2026-09-28T19:33:30Z SPOT-31593C > bridge cfg commit 0e582dd12c1e1480 s
2026-09-28T19:33:33Z bridge cfg commit 0e582dd12c1e1480 s
2026-09-28T19:33:33Z Succesfull config commit send
2026-09-28T19:33:34Z 2026-09-28T19:33:35.734Z [BRIDGE] [ERROR] Bridge RX Processing Packet Failure: -7
2026-09-28T19:33:34Z 2026-09-28T19:33:35.734Z [BRIDGE] [INFO] Setting negotiated baud rate to 1000000 from 1000000
2026-09-28T19:33:34Z 2026-09-28T19:33:35.742Z [BRIDGE_SYS] [INFO] Bridge State Init
2026-09-28T19:33:34Z 2026-09-28T19:33:35.742Z [BRIDGE] [INFO] Reboot info received from 0e582dd12c1e1480 - Reason: 5 gitSHA: 1595f804 Reboot cnt: 0 PC: 0x0 LR: 0x0
2026-09-28T19:33:34Z 2026-09-28T19:33:35.750Z [BRIDGE_SYS] [INFO] Bridge bus power: 1
2026-09-28T19:33:34Z 2026-09-28T19:33:35.800Z [BRIDGE_CFG] [INFO] Response msg -- Node Id: 0000000000000000, Partition: system, Commit Status: 0
2026-09-28T19:33:34Z 2026-09-28T19:33:35.800Z [BRIDGE_CFG] [INFO] Num Keys: 16
2026-09-28T19:33:34Z 2026-09-28T19:33:35.800Z [BRIDGE_CFG] [INFO] Key 0: sampleIntervalMs
2026-09-28T19:33:34Z 2026-09-28T19:33:35.800Z [BRIDGE_CFG] [INFO] Key 1: sampleDurationMs
2026-09-28T19:33:34Z 2026-09-28T19:33:35.800Z [BRIDGE_CFG] [INFO] Key 2: subsampleIntervalMs
2026-09-28T19:33:34Z 2026-09-28T19:33:35.800Z [BRIDGE_CFG] [INFO] Key 3: subsampleDurationMs
2026-09-28T19:33:34Z 2026-09-28T19:33:35.800Z [BRIDGE_CFG] [INFO] Key 4: subsampleEnabled
2026-09-28T19:33:34Z 2026-09-28T19:33:35.800Z [BRIDGE_CFG] [INFO] Key 5: bridgePowerControllerEnabled
2026-09-28T19:33:34Z 2026-09-28T19:33:35.800Z [BRIDGE_CFG] [INFO] Key 6: alignmentInterval5Min
2026-09-28T19:33:34Z 2026-09-28T19:33:35.800Z [BRIDGE_CFG] [INFO] Key 7: ticksSamplingEnabled
2026-09-28T19:33:34Z 2026-09-28T19:33:35.800Z [BRIDGE_CFG] [INFO] Key 8: samplesPerReport
2026-09-28T19:33:34Z 2026-09-28T19:33:35.804Z [BRIDGE_CFG] [INFO] Key 9: transmitAggregations
2026-09-28T19:33:34Z 2026-09-28T19:33:35.804Z [BRIDGE_CFG] [INFO] Key 10: currentReadingPeriodMs
2026-09-28T19:33:34Z 2026-09-28T19:33:35.804Z [BRIDGE_CFG] [INFO] Key 11: softReadingPeriodMs
2026-09-28T19:33:34Z 2026-09-28T19:33:35.804Z [BRIDGE_CFG] [INFO] Key 12: rbrCodaReadingPeriodMs
2026-09-28T19:33:34Z 2026-09-28T19:33:35.804Z [BRIDGE_CFG] [INFO] Key 13: turbidityReadingPeriodMs
2026-09-28T19:33:34Z 2026-09-28T19:33:35.804Z [BRIDGE_CFG] [INFO] Key 14: disableUnusedPortsTimeMs
2026-09-28T19:33:34Z 2026-09-28T19:33:35.804Z [BRIDGE_CFG] [INFO] Key 15: salinityReadingPeriodMs
2026-09-28T19:33:34Z 2026-09-28T19:33:35.804Z [BRIDGE_CFG] [INFO] Response msg -- Node Id: 0000000000000000, Partition: user, Commit Status: 0
2026-09-28T19:33:34Z 2026-09-28T19:33:35.804Z [BRIDGE_CFG] [INFO] Num Keys: 0
2026-09-28T19:33:34Z 2026-09-28T19:33:35.804Z [BRIDGE_CFG] [INFO] Response msg -- Node Id: 0000000000000000, Partition: hardware, Commit Status: 0
2026-09-28T19:33:34Z 2026-09-28T19:33:35.804Z [BRIDGE_CFG] [INFO] Num Keys: 1
2026-09-28T19:33:34Z 2026-09-28T19:33:35.804Z [BRIDGE_CFG] [INFO] Key 0: smConfigurationCrc
2026-09-28T19:33:34Z 2026-09-28T19:33:35.804Z [BRIDGE] [INFO] handle_power_states, power on for: 4294967295
2026-09-28T19:33:34Z 2026-09-28T19:33:35.812Z [BRIDGE_CFG] [INFO] Node ID: 0000000000000000 Partition: system Value: 3600000
2026-09-28T19:33:34Z 2026-09-28T19:33:35.816Z [BRIDGE_CFG] [INFO] Node ID: 0000000000000000 Partition: system Value: 600000
2026-09-28T19:33:34Z 2026-09-28T19:33:35.820Z [BRIDGE_CFG] [INFO] Node ID: 0000000000000000 Partition: system Value: 300000
2026-09-28T19:33:34Z 2026-09-28T19:33:35.824Z [BRIDGE_CFG] [INFO] Node ID: 0000000000000000 Partition: system Value: 60000
2026-09-28T19:33:34Z 2026-09-28T19:33:35.832Z [BRIDGE_CFG] [INFO] Node ID: 0000000000000000 Partition: system Value: 0
2026-09-28T19:33:34Z 2026-09-28T19:33:35.835Z [BRIDGE_CFG] [INFO] Node ID: 0000000000000000 Partition: system Value: 0
2026-09-28T19:33:34Z 2026-09-28T19:33:35.839Z [BRIDGE_CFG] [INFO] Node ID: 0000000000000000 Partition: system Value: 1
2026-09-28T19:33:34Z 2026-09-28T19:33:35.847Z [BRIDGE_CFG] [INFO] Node ID: 0000000000000000 Partition: system Value: 0
2026-09-28T19:33:34Z 2026-09-28T19:33:35.851Z [BRIDGE_CFG] [INFO] Node ID: 0000000000000000 Partition: system Value: 1
2026-09-28T19:33:34Z 2026-09-28T19:33:35.855Z [BRIDGE_CFG] [INFO] Node ID: 0000000000000000 Partition: system Value: 1
2026-09-28T19:33:34Z 2026-09-28T19:33:35.859Z [BRIDGE_CFG] [INFO] Node ID: 0000000000000000 Partition: system Value: 60000
2026-09-28T19:33:34Z 2026-09-28T19:33:35.867Z [BRIDGE_CFG] [INFO] Node ID: 0000000000000000 Partition: system Value: 500
2026-09-28T19:33:34Z 2026-09-28T19:33:35.871Z [BRIDGE_CFG] [INFO] Node ID: 0000000000000000 Partition: system Value: 500
2026-09-28T19:33:34Z 2026-09-28T19:33:35.875Z [BRIDGE_CFG] [INFO] Node ID: 0000000000000000 Partition: system Value: 1000
2026-09-28T19:33:34Z 2026-09-28T19:33:35.882Z [BRIDGE_CFG] [INFO] Node ID: 0000000000000000 Partition: system Value: 0
2026-09-28T19:33:34Z 2026-09-28T19:33:35.886Z [BRIDGE_CFG] [INFO] Node ID: 0000000000000000 Partition: system Value: 30000
2026-09-28T19:33:34Z 2026-09-28T19:33:35.890Z [BRIDGE_CFG] [INFO] Node ID: 0000000000000000 Partition: hardware - Failed to decode value
2026-09-28T19:33:35Z 2026-09-28T19:33:36.777Z [BRIDGE_SYS] [INFO] Neighbor e6fe83ea6b4a2b7f added
2026-09-28T19:39:21Z SPOT-31593C > bm pub bmcam/cmd {"id":61170,"c":"set","kv":{"e":-1.0}} 1 1
2026-09-28T19:39:24Z bm pub bmcam/cmd {"id":61170,"c":"set","kv":{"e":-1.0}} 1 1
2026-09-28T19:39:24Z 1790624365.625 e6fe83ea6b4a2b7f, [bmcam004] OK id=61170 camera.exposure.ev: none -> -1.0 (next action) cfg=e7026562
2026-09-28T19:39:28Z SPOT-31593C > bm pub bmcam/cmd {"id":61171,"c":"reset","k":["e"]} 1 1
2026-09-28T19:39:29Z bm pub bmcam/cmd {"id":61171,"c":"reset","k":["e"]} 1 1
2026-09-28T19:39:29Z 1790624370.875 e6fe83ea6b4a2b7f, [bmcam004] OK id=61171 reset camera.exposure.ev -> YAML cfg=580ce986
2026-09-28T19:39:33Z SPOT-31593C > bm pub bmcam/cmd {"id":61170,"c":"set","kv":{"e":-1.0}} 1 1
2026-09-28T19:39:34Z bm pub bmcam/cmd {"id":61170,"c":"set","kv":{"e":-1.0}} 1 1
2026-09-28T19:39:34Z 1790624376.097 e6fe83ea6b4a2b7f, [bmcam004] OK id=61170 camera.exposure.ev: none -> -1.0 (next action) (duplicate: original answer) cfg=580ce986
2026-09-28T19:39:38Z SPOT-31593C > bm pub bmcam/cmd {"id":61172,"c":"set","kv":{"e":0.5},"b":"deadbeef"} 1 1
2026-09-28T19:39:39Z bm pub bmcam/cmd {"id":61172,"c":"set","kv":{"e":0.5},"b":"deadbeef"} 1 1
2026-09-28T19:39:40Z 1790624381.332 e6fe83ea6b4a2b7f, [bmcam004] REJECTED id=61172 config is 580ce986, not deadbeef e=cas cfg=580ce986
2026-09-28T19:39:44Z SPOT-31593C > bm pub bmcam/cmd {"id":61173,"c":"set","kv":{"e":0.5},"b":"580ce986"} 1 1
2026-09-28T19:39:45Z bm pub bmcam/cmd {"id":61173,"c":"set","kv":{"e":0.5},"b":"580ce986"} 1 1
2026-09-28T19:39:45Z 1790624386.585 e6fe83ea6b4a2b7f, [bmcam004] OK id=61173 camera.exposure.ev: none -> 0.5 (next action) cfg=d93c20f7
2026-09-28T19:39:49Z SPOT-31593C > bm pub bmcam/cmd {"id":61174,"c":"reset","k":["e"]} 1 1
2026-09-28T19:39:50Z bm pub bmcam/cmd {"id":61174,"c":"reset","k":["e"]} 1 1
2026-09-28T19:39:50Z 1790624391.832 e6fe83ea6b4a2b7f, [bmcam004] OK id=61174 reset camera.exposure.ev -> YAML cfg=580ce986
2026-09-28T19:39:54Z SPOT-31593C > bm pub bmcam/cmd {"id":61175,"c":"set","kv":{"schedule.timezone":"America/New\u0020York"}} 1 1
2026-09-28T19:39:55Z bm pub bmcam/cmd {"id":61175,"c":"set","kv":{"schedule.timezone":"America/New\u0020York"}} 1 1
2026-09-28T19:39:55Z 1790624397.074 e6fe83ea6b4a2b7f, [bmcam004] REJECTED id=61175 strings are [A-Za-z0-9_:./+-]{1,48} e=val k=schedule.timezone cfg=580ce986
2026-09-28T19:40:00Z SPOT-31593C > bm pub bmcam/cmd {"id":61176,"c":"set","kv":{"zzayyyyyyyyyyyyyyyyyyyyyyyyyyyyyyyyyyyyyyyyyyyyy":1,"zzbyyyyyyyyyyyyyyyyyyyyyyyyyyyyyyyyyyyyyyyyyyyyy":1,"zzcyyyyyyyyyyyyyyyyyyyyyyyyyyyyyyyyyyyyyyyyyyyyy":1,"zqyyyyyyyyyyyyyyyyyyyyyyyyyyy":1.00000000000}} 1 1
2026-09-28T19:40:01Z bm pub bmcam/cmd {"id":61176,"c":"set","kv":{"zzayyyyyyyyyyyyyyyyyyyyyyyyyyyyyyyyyyyyyyyyyyyyy":1,"zzbyyyyyyyyyyyyyyyyyyyyyyyyyyyyyyyyyyyyyyyyyyyyy":1,"zzcyyyyyyyyyyyyyyyyyyyyyyyyyyyyyyyyyyyyyyyyyyyy
2026-09-28T19:40:01Z 1790624402.722 e6fe83ea6b4a2b7f, [bmcam004] REJECTED id=61176 'zzayyyyyyyyyyyyyyyyyyyyyyyyyyyyyyyyyyyyyyyyyyyyy' is not a setting e=key k=zzayyyyyyyyyyyyyyyyyyyyyyyyyyyyyyyyyyyyyyyyyyyyy cfg=580ce986
2026-09-28T19:40:05Z SPOT-31593C > bm pub bmcam/cmd {"id":61177,"c":"set","kv":{"zzayyyyyyyyyyyyyyyyyyyyyyyyyyyyyyyyyyyyyyyyyyyyy":1,"zzbyyyyyyyyyyyyyyyyyyyyyyyyyyyyyyyyyyyyyyyyyyyyy":1,"zzcyyyyyyyyyyyyyyyyyyyyyyyyyyyyyyyyyyyyyyyyyyyyy":1,"zqyyyyyyyyyyyyyyyyyyyyyyyyyyyy":1.00000000000}} 1 1
2026-09-28T19:40:06Z bm pub bmcam/cmd {"id":61177,"c":"set","kv":{"zzayyyyyyyyyyyyyyyyyyyyyyyyyyyyyyyyyyyyyyyyyyyyy":1,"zzbyyyyyyyyyyyyyyyyyyyyyyyyyyyyyyyyyyyyyyyyyyyyy":1,"zzcyyyyyyyyyyyyyyyyyyyyyyyyyyyyyyyyyyyyyyyyyyyy
2026-09-28T19:40:06Z RX overflow - clearing buffer!
2026-09-28T19:40:06Z 
2026-09-28T19:40:06Z Command not recognised.  Enter 'help' to view a list of available commands.
2026-09-28T19:40:06Z 
2026-09-28T19:42:14Z SPOT-31593C > bridge cfg set 0e582dd12c1e1480 s u bridgePowerControllerEnabled 1
2026-09-28T19:42:17Z bridge cfg set 0e582dd12c1e1480 s u bridgePowerControllerEnabled 1
2026-09-28T19:42:17Z Succesfully sent config set msg
2026-09-28T19:42:17Z 2026-09-28T19:42:18.281Z [BRIDGE_CFG] [INFO] Node ID: 0000000000000000 Partition: system Value: 1
2026-09-28T19:42:21Z SPOT-31593C > bridge cfg commit 0e582dd12c1e1480 s
2026-09-28T19:42:22Z bridge cfg commit 0e582dd12c1e1480 s
2026-09-28T19:42:22Z Succesfull config commit send
2026-09-28T19:42:23Z 2026-09-28T19:42:24.859Z [BRIDGE] [ERROR] Bridge RX Processing Packet Failure: -7
2026-09-28T19:42:23Z 2026-09-28T19:42:24.859Z [BRIDGE] [INFO] Setting negotiated baud rate to 1000000 from 1000000
2026-09-28T19:42:23Z 2026-09-28T19:42:24.867Z [BRIDGE_SYS] [INFO] Bridge State Init
2026-09-28T19:42:23Z 2026-09-28T19:42:24.867Z [BRIDGE] [INFO] Reboot info received from 0e582dd12c1e1480 - Reason: 5 gitSHA: 1595f804 Reboot cnt: 0 PC: 0x0 LR: 0x0
2026-09-28T19:42:23Z 2026-09-28T19:42:24.875Z [BRIDGE_SYS] [INFO] Bridge bus power: 1
2026-09-28T19:42:23Z 2026-09-28T19:42:24.925Z [BRIDGE_CFG] [INFO] Response msg -- Node Id: 0000000000000000, Partition: system, Commit Status: 0
2026-09-28T19:42:23Z 2026-09-28T19:42:24.925Z [BRIDGE_CFG] [INFO] Num Keys: 16
2026-09-28T19:42:23Z 2026-09-28T19:42:24.925Z [BRIDGE_CFG] [INFO] Key 0: sampleIntervalMs
2026-09-28T19:42:23Z 2026-09-28T19:42:24.925Z [BRIDGE_CFG] [INFO] Key 1: sampleDurationMs
2026-09-28T19:42:23Z 2026-09-28T19:42:24.925Z [BRIDGE_CFG] [INFO] Key 2: subsampleIntervalMs
2026-09-28T19:42:23Z 2026-09-28T19:42:24.925Z [BRIDGE_CFG] [INFO] Key 3: subsampleDurationMs
2026-09-28T19:42:23Z 2026-09-28T19:42:24.925Z [BRIDGE_CFG] [INFO] Key 4: subsampleEnabled
2026-09-28T19:42:23Z 2026-09-28T19:42:24.925Z [BRIDGE_CFG] [INFO] Key 5: bridgePowerControllerEnabled
2026-09-28T19:42:23Z 2026-09-28T19:42:24.925Z [BRIDGE_CFG] [INFO] Key 6: alignmentInterval5Min
2026-09-28T19:42:23Z 2026-09-28T19:42:24.925Z [BRIDGE_CFG] [INFO] Key 7: ticksSamplingEnabled
2026-09-28T19:42:23Z 2026-09-28T19:42:24.925Z [BRIDGE_CFG] [INFO] Key 8: samplesPerReport
2026-09-28T19:42:23Z 2026-09-28T19:42:24.925Z [BRIDGE_CFG] [INFO] Key 9: transmitAggregations
2026-09-28T19:42:23Z 2026-09-28T19:42:24.929Z [BRIDGE_CFG] [INFO] Key 10: currentReadingPeriodMs
2026-09-28T19:42:23Z 2026-09-28T19:42:24.929Z [BRIDGE_CFG] [INFO] Key 11: softReadingPeriodMs
2026-09-28T19:42:23Z 2026-09-28T19:42:24.929Z [BRIDGE_CFG] [INFO] Key 12: rbrCodaReadingPeriodMs
2026-09-28T19:42:23Z 2026-09-28T19:42:24.929Z [BRIDGE_CFG] [INFO] Key 13: turbidityReadingPeriodMs
2026-09-28T19:42:23Z 2026-09-28T19:42:24.929Z [BRIDGE_CFG] [INFO] Key 14: disableUnusedPortsTimeMs
2026-09-28T19:42:23Z 2026-09-28T19:42:24.929Z [BRIDGE_CFG] [INFO] Key 15: salinityReadingPeriodMs
2026-09-28T19:42:23Z 2026-09-28T19:42:24.929Z [BRIDGE_CFG] [INFO] Response msg -- Node Id: 0000000000000000, Partition: user, Commit Status: 0
2026-09-28T19:42:23Z 2026-09-28T19:42:24.929Z [BRIDGE_CFG] [INFO] Num Keys: 0
2026-09-28T19:42:23Z 2026-09-28T19:42:24.929Z [BRIDGE_CFG] [INFO] Response msg -- Node Id: 0000000000000000, Partition: hardware, Commit Status: 0
2026-09-28T19:42:23Z 2026-09-28T19:42:24.929Z [BRIDGE_CFG] [INFO] Num Keys: 1
2026-09-28T19:42:23Z 2026-09-28T19:42:24.929Z [BRIDGE_CFG] [INFO] Key 0: smConfigurationCrc
2026-09-28T19:42:23Z 2026-09-28T19:42:24.929Z [BRIDGE] [INFO] handle_power_states, power on for: 120000
2026-09-28T19:42:23Z 2026-09-28T19:42:24.937Z [BRIDGE_CFG] [INFO] Node ID: 0000000000000000 Partition: system Value: 3600000
2026-09-28T19:42:23Z 2026-09-28T19:42:24.941Z [BRIDGE_CFG] [INFO] Node ID: 0000000000000000 Partition: system Value: 600000
2026-09-28T19:42:23Z 2026-09-28T19:42:24.945Z [BRIDGE_CFG] [INFO] Node ID: 0000000000000000 Partition: system Value: 300000
2026-09-28T19:42:23Z 2026-09-28T19:42:24.949Z [BRIDGE_CFG] [INFO] Node ID: 0000000000000000 Partition: system Value: 60000
2026-09-28T19:42:23Z 2026-09-28T19:42:24.957Z [BRIDGE_CFG] [INFO] Node ID: 0000000000000000 Partition: system Value: 0
2026-09-28T19:42:23Z 2026-09-28T19:42:24.960Z [BRIDGE_CFG] [INFO] Node ID: 0000000000000000 Partition: system Value: 1
2026-09-28T19:42:23Z 2026-09-28T19:42:24.964Z [BRIDGE_CFG] [INFO] Node ID: 0000000000000000 Partition: system Value: 1
2026-09-28T19:42:23Z 2026-09-28T19:42:24.972Z [BRIDGE_CFG] [INFO] Node ID: 0000000000000000 Partition: system Value: 0
2026-09-28T19:42:23Z 2026-09-28T19:42:24.976Z [BRIDGE_CFG] [INFO] Node ID: 0000000000000000 Partition: system Value: 1
2026-09-28T19:42:23Z 2026-09-28T19:42:24.980Z [BRIDGE_CFG] [INFO] Node ID: 0000000000000000 Partition: system Value: 1
2026-09-28T19:42:23Z 2026-09-28T19:42:24.984Z [BRIDGE_CFG] [INFO] Node ID: 0000000000000000 Partition: system Value: 60000
2026-09-28T19:42:23Z 2026-09-28T19:42:24.992Z [BRIDGE_CFG] [INFO] Node ID: 0000000000000000 Partition: system Value: 500
2026-09-28T19:42:23Z 2026-09-28T19:42:24.996Z [BRIDGE_CFG] [INFO] Node ID: 0000000000000000 Partition: system Value: 500
2026-09-28T19:42:23Z 2026-09-28T19:42:25.000Z [BRIDGE_CFG] [INFO] Node ID: 0000000000000000 Partition: system Value: 1000
2026-09-28T19:42:23Z 2026-09-28T19:42:25.003Z [BRIDGE_CFG] [INFO] Node ID: 0000000000000000 Partition: system Value: 0
2026-09-28T19:42:23Z 2026-09-28T19:42:25.011Z [BRIDGE_CFG] [INFO] Node ID: 0000000000000000 Partition: system Value: 30000
2026-09-28T19:42:23Z 2026-09-28T19:42:25.015Z [BRIDGE_CFG] [INFO] Node ID: 0000000000000000 Partition: hardware - Failed to decode value
2026-09-28T19:42:24Z 2026-09-28T19:42:25.898Z [BRIDGE_SYS] [INFO] Neighbor e6fe83ea6b4a2b7f added
2026-09-28T19:43:28Z SPOT-31593C > bridge cfg get 0e582dd12c1e1480 s bridgePowerControllerEnabled
2026-09-28T19:43:31Z bridge cfg get 0e582dd12c1e1480 s bridgePowerControllerEnabled
2026-09-28T19:43:31Z Succesfully sent config get msg
2026-09-28T19:43:31Z 2026-09-28T19:43:32.410Z [BRIDGE_CFG] [INFO] Node ID: 0000000000000000 Partition: system Value: 1
2026-09-28T19:43:34Z SPOT-31593C > bridge cfg get 0e582dd12c1e1480 s sampleIntervalMs
2026-09-28T19:43:35Z bridge cfg get 0e582dd12c1e1480 s sampleIntervalMs
2026-09-28T19:43:35Z Succesfully sent config get msg
2026-09-28T19:43:35Z 2026-09-28T19:43:36.625Z [BRIDGE_CFG] [INFO] Node ID: 0000000000000000 Partition: system Value: 3600000
2026-09-28T19:43:38Z SPOT-31593C > bridge cfg get 0e582dd12c1e1480 s sampleDurationMs
2026-09-28T19:43:39Z bridge cfg get 0e582dd12c1e1480 s sampleDurationMs
2026-09-28T19:43:39Z Succesfully sent config get msg
2026-09-28T19:43:39Z 2026-09-28T19:43:40.441Z [BRIDGE_CFG] [INFO] Node ID: 0000000000000000 Partition: system Value: 600000
2026-09-28T20:00:49Z SPOT-33507C > bm pub bmcam/cmd {"id":51090,"c":"hld","v":120} 1 1
2026-09-28T20:00:52Z bm pub bmcam/cmd {"id":51090,"c":"hld","v":120} 1 1
