scene,band_m,depth_m,shutter,iso,category,row,width,height,distance,bytes,msgs,ssimulacra2,butteraugli_3norm,jpeg_q,jpeg_bytes,jpeg_msgs,jpeg_ssimulacra2,jpeg_butteraugli_3norm,d_s2,b3_ratio,pass,sig,prod_distance
tg7_P9160597,2-5,4.2,1/100,100,1_reference_A_iso100,bayer,1600,900,2.618,54253,189,68.409,1.552,80,52856,184,57.122,1.914,11.287,0.811,True,True,2.579
tg7_P9160597,2-5,4.2,1/100,100,1_reference_A_iso100,rgbv,1600,900,1.74,54473,190,73.139,1.066,80,52856,184,57.122,1.914,16.017,0.557,True,True,
tg7_P9160597,2-5,4.2,1/100,100,1_reference_A_iso100,rgbv,1440,810,1.401,54281,189,73.268,1.055,80,52856,184,57.122,1.914,16.146,0.551,True,True,
tg7_P9160597,2-5,4.2,1/100,100,1_reference_A_iso100,rgbv,1360,764,1.28,54090,188,73.629,1.038,80,52856,184,57.122,1.914,16.507,0.542,True,True,
tg7_P9160597,2-5,4.2,1/100,100,1_reference_A_iso100,rgbv,1280,720,1.17,53906,188,73.71,1.055,80,52856,184,57.122,1.914,16.588,0.551,True,True,
tg7_P9160597,2-5,4.2,1/100,100,1_reference_A_iso100,rgbv,1200,674,1.036,53959,188,74.128,1.042,80,52856,184,57.122,1.914,17.006,0.544,True,True,
tg7_P9160597,2-5,4.2,1/100,100,1_reference_A_iso100,rgbv,1120,630,0.903,54083,188,74.119,1.035,80,52856,184,57.122,1.914,16.997,0.541,True,True,
tg7_P9160597,2-5,4.2,1/100,100,1_reference_A_iso100,rgbv,1000,562,0.744,53805,187,74.269,1.071,80,52856,184,57.122,1.914,17.147,0.56,True,True,
tg7_P9160597,2-5,4.2,1/100,100,1_reference_A_iso100,rgbw,1600,900,1.813,54120,188,74.355,1.051,80,52856,184,57.122,1.914,17.233,0.549,True,True,
tg7_P9160597,2-5,4.2,1/100,100,1_reference_A_iso100,rgbw,1440,810,1.462,54137,188,74.215,1.037,80,52856,184,57.122,1.914,17.093,0.542,True,True,
tg7_P9160597,2-5,4.2,1/100,100,1_reference_A_iso100,rgbw,1360,764,1.329,54288,189,74.623,1.032,80,52856,184,57.122,1.914,17.501,0.539,True,True,
tg7_P9160597,2-5,4.2,1/100,100,1_reference_A_iso100,rgbw,1280,720,1.206,54377,189,74.983,1.03,80,52856,184,57.122,1.914,17.861,0.538,True,True,
tg7_P9160597,2-5,4.2,1/100,100,1_reference_A_iso100,rgbw,1200,674,1.073,54247,189,75.062,1.029,80,52856,184,57.122,1.914,17.94,0.538,True,True,
tg7_P9160597,2-5,4.2,1/100,100,1_reference_A_iso100,rgbw,1120,630,0.94,54208,189,75.281,1.025,80,52856,184,57.122,1.914,18.159,0.536,True,True,
tg7_P9160597,2-5,4.2,1/100,100,1_reference_A_iso100,rgbw,1000,562,0.768,54116,188,75.292,1.051,80,52856,184,57.122,1.914,18.17,0.549,True,True,
tg7_P9160597,2-5,4.2,1/100,100,1_reference_A_iso100,rgbwi,1600,900,1.389,54329,189,73.862,1.064,80,52856,184,57.122,1.914,16.74,0.556,True,True,
tg7_P9160597,2-5,4.2,1/100,100,1_reference_A_iso100,rgbwi,1440,810,1.109,54290,189,74.18,1.049,80,52856,184,57.122,1.914,17.058,0.548,True,True,
tg7_P9160597,2-5,4.2,1/100,100,1_reference_A_iso100,rgbwi,1360,764,1.0,54288,189,74.224,1.046,80,52856,184,57.122,1.914,17.102,0.546,True,True,
tg7_P9160597,2-5,4.2,1/100,100,1_reference_A_iso100,rgbwi,1280,720,0.915,54002,188,74.563,1.044,80,52856,184,57.122,1.914,17.441,0.545,True,True,
tg7_P9160597,2-5,4.2,1/100,100,1_reference_A_iso100,rgbwi,1200,674,0.817,54397,189,74.889,1.033,80,52856,184,57.122,1.914,17.767,0.54,True,True,
tg7_P9160597,2-5,4.2,1/100,100,1_reference_A_iso100,rgbwi,1120,630,0.72,53892,188,74.702,1.041,80,52856,184,57.122,1.914,17.58,0.544,True,True,
tg7_P9160597,2-5,4.2,1/100,100,1_reference_A_iso100,rgbwi,1000,562,0.599,53742,187,75.017,1.059,80,52856,184,57.122,1.914,17.895,0.553,True,True,
tg7_P9160597,2-5,4.2,1/100,100,1_reference_A_iso100,rgbwa,1600,900,1.813,54120,188,74.347,1.051,80,52856,184,57.122,1.914,17.225,0.549,True,True,
tg7_P9160597,2-5,4.2,1/100,100,1_reference_A_iso100,rgbwa,1440,810,1.462,54137,188,74.232,1.037,80,52856,184,57.122,1.914,17.11,0.542,True,True,
tg7_P9160597,2-5,4.2,1/100,100,1_reference_A_iso100,rgbwa,1360,764,1.329,54288,189,74.63,1.032,80,52856,184,57.122,1.914,17.508,0.539,True,True,
tg7_P9160597,2-5,4.2,1/100,100,1_reference_A_iso100,rgbwa,1280,720,1.206,54377,189,75.004,1.03,80,52856,184,57.122,1.914,17.882,0.538,True,True,
tg7_P9160597,2-5,4.2,1/100,100,1_reference_A_iso100,rgbwa,1200,674,1.073,54247,189,75.062,1.029,80,52856,184,57.122,1.914,17.94,0.538,True,True,
tg7_P9160597,2-5,4.2,1/100,100,1_reference_A_iso100,rgbwa,1120,630,0.94,54208,189,75.266,1.025,80,52856,184,57.122,1.914,18.144,0.536,True,True,
tg7_P9160597,2-5,4.2,1/100,100,1_reference_A_iso100,rgbwa,1000,562,0.768,54116,188,75.287,1.051,80,52856,184,57.122,1.914,18.165,0.549,True,True,
tg7_P9150419,2-5,4.3,1/60,100,2_underwater_preset,bayer,1600,900,2.938,54314,189,60.396,2.004,70,47799,166,48.28,2.359,12.116,0.85,True,True,2.976
tg7_P9150419,2-5,4.3,1/60,100,2_underwater_preset,rgbv,1600,900,1.825,54382,189,64.5,1.556,70,47799,166,48.28,2.359,16.22,0.66,True,True,
tg7_P9150419,2-5,4.3,1/60,100,2_underwater_preset,rgbv,1440,810,1.474,54228,189,65.08,1.481,70,47799,166,48.28,2.359,16.8,0.628,True,True,
tg7_P9150419,2-5,4.3,1/60,100,2_underwater_preset,rgbv,1360,764,1.353,53998,188,65.481,1.486,70,47799,166,48.28,2.359,17.201,0.63,True,True,
tg7_P9150419,2-5,4.3,1/60,100,2_underwater_preset,rgbv,1280,720,1.23,54435,190,66.189,1.495,70,47799,166,48.28,2.359,17.909,0.634,True,True,
tg7_P9150419,2-5,4.3,1/60,100,2_underwater_preset,rgbv,1200,674,1.121,54134,188,66.241,1.543,70,47799,166,48.28,2.359,17.961,0.654,True,True,
tg7_P9150419,2-5,4.3,1/60,100,2_underwater_preset,rgbv,1120,630,0.976,54104,188,66.367,1.511,70,47799,166,48.28,2.359,18.087,0.641,True,True,
tg7_P9150419,2-5,4.3,1/60,100,2_underwater_preset,rgbv,1000,562,0.792,54350,189,67.03,1.499,70,47799,166,48.28,2.359,18.75,0.635,True,True,
tg7_P9150419,2-5,4.3,1/60,100,2_underwater_preset,rgbw,1600,900,1.96,54331,189,69.18,1.278,70,47799,166,48.28,2.359,20.9,0.542,True,True,
tg7_P9150419,2-5,4.3,1/60,100,2_underwater_preset,rgbw,1440,810,1.595,54310,189,69.752,1.243,70,47799,166,48.28,2.359,21.472,0.527,True,True,
tg7_P9150419,2-5,4.3,1/60,100,2_underwater_preset,rgbw,1360,764,1.45,54417,189,69.718,1.264,70,47799,166,48.28,2.359,21.438,0.536,True,True,
tg7_P9150419,2-5,4.3,1/60,100,2_underwater_preset,rgbw,1280,720,1.329,54271,189,70.001,1.341,70,47799,166,48.28,2.359,21.721,0.568,True,True,
tg7_P9150419,2-5,4.3,1/60,100,2_underwater_preset,rgbw,1200,674,1.194,54392,189,70.259,1.32,70,47799,166,48.28,2.359,21.979,0.56,True,True,
tg7_P9150419,2-5,4.3,1/60,100,2_underwater_preset,rgbw,1120,630,1.036,54110,188,70.347,1.326,70,47799,166,48.28,2.359,22.067,0.562,True,True,
tg7_P9150419,2-5,4.3,1/60,100,2_underwater_preset,rgbw,1000,562,0.841,54252,189,70.756,1.308,70,47799,166,48.28,2.359,22.476,0.554,True,True,
tg7_P9150419,2-5,4.3,1/60,100,2_underwater_preset,rgbwi,1600,900,1.28,53930,188,67.961,1.312,70,47799,166,48.28,2.359,19.681,0.556,True,True,
tg7_P9150419,2-5,4.3,1/60,100,2_underwater_preset,rgbwi,1440,810,1.012,54110,188,68.68,1.291,70,47799,166,48.28,2.359,20.4,0.547,True,True,
tg7_P9150419,2-5,4.3,1/60,100,2_underwater_preset,rgbwi,1360,764,0.927,54311,189,69.122,1.299,70,47799,166,48.28,2.359,20.842,0.551,True,True,
tg7_P9150419,2-5,4.3,1/60,100,2_underwater_preset,rgbwi,1280,720,0.853,53936,188,69.189,1.308,70,47799,166,48.28,2.359,20.909,0.554,True,True,
tg7_P9150419,2-5,4.3,1/60,100,2_underwater_preset,rgbwi,1200,674,0.768,54083,188,69.339,1.332,70,47799,166,48.28,2.359,21.059,0.565,True,True,
tg7_P9150419,2-5,4.3,1/60,100,2_underwater_preset,rgbwi,1120,630,0.671,54182,189,69.597,1.349,70,47799,166,48.28,2.359,21.317,0.572,True,True,
tg7_P9150419,2-5,4.3,1/60,100,2_underwater_preset,rgbwi,1000,562,0.549,54374,189,70.025,1.326,70,47799,166,48.28,2.359,21.745,0.562,True,True,
tg7_P9150419,2-5,4.3,1/60,100,2_underwater_preset,rgbwa,1600,900,1.96,54331,189,69.155,1.278,70,47799,166,48.28,2.359,20.875,0.542,True,True,
tg7_P9150419,2-5,4.3,1/60,100,2_underwater_preset,rgbwa,1440,810,1.595,54310,189,69.752,1.243,70,47799,166,48.28,2.359,21.472,0.527,True,True,
tg7_P9150419,2-5,4.3,1/60,100,2_underwater_preset,rgbwa,1360,764,1.45,54417,189,69.713,1.264,70,47799,166,48.28,2.359,21.433,0.536,True,True,
tg7_P9150419,2-5,4.3,1/60,100,2_underwater_preset,rgbwa,1280,720,1.329,54271,189,70.002,1.341,70,47799,166,48.28,2.359,21.722,0.568,True,True,
tg7_P9150419,2-5,4.3,1/60,100,2_underwater_preset,rgbwa,1200,674,1.194,54392,189,70.252,1.32,70,47799,166,48.28,2.359,21.972,0.56,True,True,
tg7_P9150419,2-5,4.3,1/60,100,2_underwater_preset,rgbwa,1120,630,1.036,54110,188,70.347,1.326,70,47799,166,48.28,2.359,22.067,0.562,True,True,
tg7_P9150419,2-5,4.3,1/60,100,2_underwater_preset,rgbwa,1000,562,0.841,54252,189,70.753,1.308,70,47799,166,48.28,2.359,22.473,0.554,True,True,
tg7_P9150415,2-5,4.6,1/40,200,2_underwater_preset,bayer,1600,900,6.604,54375,189,39.349,2.799,60,47824,167,50.138,2.201,-10.789,1.272,False,False,6.484
tg7_P9150415,2-5,4.6,1/40,200,2_underwater_preset,rgbv,1600,900,3.504,53959,188,59.059,1.596,60,47824,167,50.138,2.201,8.921,0.725,True,True,
tg7_P9150415,2-5,4.6,1/40,200,2_underwater_preset,rgbv,1440,810,3.006,54314,189,59.192,1.544,60,47824,167,50.138,2.201,9.054,0.701,True,True,
tg7_P9150415,2-5,4.6,1/40,200,2_underwater_preset,rgbv,1360,764,2.75,54433,190,59.245,1.532,60,47824,167,50.138,2.201,9.107,0.696,True,True,
tg7_P9150415,2-5,4.6,1/40,200,2_underwater_preset,rgbv,1280,720,2.47,54427,189,59.332,1.539,60,47824,167,50.138,2.201,9.194,0.699,True,True,
tg7_P9150415,2-5,4.6,1/40,200,2_underwater_preset,rgbv,1200,674,2.24,54294,189,58.974,1.549,60,47824,167,50.138,2.201,8.836,0.704,True,True,
tg7_P9150415,2-5,4.6,1/40,200,2_underwater_preset,rgbv,1120,630,1.972,54278,189,58.812,1.541,60,47824,167,50.138,2.201,8.674,0.7,True,True,
tg7_P9150415,2-5,4.6,1/40,200,2_underwater_preset,rgbv,1000,562,1.595,54463,190,58.774,1.55,60,47824,167,50.138,2.201,8.636,0.704,True,True,
tg7_P9150415,2-5,4.6,1/40,200,2_underwater_preset,rgbw,1600,900,3.553,54459,190,67.055,1.314,60,47824,167,50.138,2.201,16.917,0.597,True,True,
tg7_P9150415,2-5,4.6,1/40,200,2_underwater_preset,rgbw,1440,810,3.042,54421,189,66.914,1.293,60,47824,167,50.138,2.201,16.776,0.587,True,True,
tg7_P9150415,2-5,4.6,1/40,200,2_underwater_preset,rgbw,1360,764,2.811,54208,189,67.317,1.281,60,47824,167,50.138,2.201,17.179,0.582,True,True,
tg7_P9150415,2-5,4.6,1/40,200,2_underwater_preset,rgbw,1280,720,2.518,54296,189,68.209,1.257,60,47824,167,50.138,2.201,18.071,0.571,True,True,
tg7_P9150415,2-5,4.6,1/40,200,2_underwater_preset,rgbw,1200,674,2.276,54231,189,68.312,1.259,60,47824,167,50.138,2.201,18.174,0.572,True,True,
tg7_P9150415,2-5,4.6,1/40,200,2_underwater_preset,rgbw,1120,630,2.008,54220,189,68.072,1.265,60,47824,167,50.138,2.201,17.934,0.575,True,True,
tg7_P9150415,2-5,4.6,1/40,200,2_underwater_preset,rgbw,1000,562,1.631,54339,189,68.478,1.251,60,47824,167,50.138,2.201,18.34,0.568,True,True,
tg7_P9150415,2-5,4.6,1/40,200,2_underwater_preset,rgbwi,1600,900,2.506,53921,188,64.949,1.334,60,47824,167,50.138,2.201,14.811,0.606,True,True,
tg7_P9150415,2-5,4.6,1/40,200,2_underwater_preset,rgbwi,1440,810,2.107,54393,189,65.813,1.283,60,47824,167,50.138,2.201,15.675,0.583,True,True,
tg7_P9150415,2-5,4.6,1/40,200,2_underwater_preset,rgbwi,1360,764,1.911,54462,190,66.334,1.261,60,47824,167,50.138,2.201,16.196,0.573,True,True,
tg7_P9150415,2-5,4.6,1/40,200,2_underwater_preset,rgbwi,1280,720,1.716,54409,189,67.046,1.239,60,47824,167,50.138,2.201,16.908,0.563,True,True,
tg7_P9150415,2-5,4.6,1/40,200,2_underwater_preset,rgbwi,1200,674,1.546,54308,189,67.474,1.237,60,47824,167,50.138,2.201,17.336,0.562,True,True,
tg7_P9150415,2-5,4.6,1/40,200,2_underwater_preset,rgbwi,1120,630,1.341,54257,189,67.512,1.24,60,47824,167,50.138,2.201,17.374,0.563,True,True,
tg7_P9150415,2-5,4.6,1/40,200,2_underwater_preset,rgbwi,1000,562,1.073,54122,188,67.676,1.221,60,47824,167,50.138,2.201,17.538,0.555,True,True,
tg7_P9150415,2-5,4.6,1/40,200,2_underwater_preset,rgbwa,1600,900,2.957,54323,189,66.307,1.311,60,47824,167,50.138,2.201,16.169,0.596,True,True,
tg7_P9150415,2-5,4.6,1/40,200,2_underwater_preset,rgbwa,1440,810,2.518,54402,189,66.301,1.266,60,47824,167,50.138,2.201,16.163,0.575,True,True,
tg7_P9150415,2-5,4.6,1/40,200,2_underwater_preset,rgbwa,1360,764,2.3,54261,189,67.061,1.245,60,47824,167,50.138,2.201,16.923,0.566,True,True,
tg7_P9150415,2-5,4.6,1/40,200,2_underwater_preset,rgbwa,1280,720,2.082,54309,189,67.656,1.237,60,47824,167,50.138,2.201,17.518,0.562,True,True,
tg7_P9150415,2-5,4.6,1/40,200,2_underwater_preset,rgbwa,1200,674,1.85,54389,189,67.959,1.218,60,47824,167,50.138,2.201,17.821,0.553,True,True,
tg7_P9150415,2-5,4.6,1/40,200,2_underwater_preset,rgbwa,1120,630,1.631,54263,189,68.004,1.213,60,47824,167,50.138,2.201,17.866,0.551,True,True,
tg7_P9150415,2-5,4.6,1/40,200,2_underwater_preset,rgbwa,1000,562,1.304,54188,189,68.31,1.216,60,47824,167,50.138,2.201,18.172,0.552,True,True,
tg7_P9160558,2-5,4.6,1/160,100,1_reference_A_iso100,bayer,1600,900,6.109,54398,189,44.005,2.944,60,47616,166,38.286,2.689,5.719,1.095,False,False,5.916
tg7_P9160558,2-5,4.6,1/160,100,1_reference_A_iso100,rgbv,1600,900,3.333,54404,189,60.901,1.505,60,47616,166,38.286,2.689,22.615,0.56,True,True,
tg7_P9160558,2-5,4.6,1/160,100,1_reference_A_iso100,rgbv,1440,810,2.835,54376,189,60.733,1.486,60,47616,166,38.286,2.689,22.447,0.553,True,True,
tg7_P9160558,2-5,4.6,1/160,100,1_reference_A_iso100,rgbv,1360,764,2.592,54415,189,60.89,1.489,60,47616,166,38.286,2.689,22.604,0.554,True,True,
tg7_P9160558,2-5,4.6,1/160,100,1_reference_A_iso100,rgbv,1280,720,2.349,54323,189,61.1,1.531,60,47616,166,38.286,2.689,22.814,0.569,True,True,
tg7_P9160558,2-5,4.6,1/160,100,1_reference_A_iso100,rgbv,1200,674,2.131,54168,189,61.188,1.472,60,47616,166,38.286,2.689,22.902,0.547,True,True,
tg7_P9160558,2-5,4.6,1/160,100,1_reference_A_iso100,rgbv,1120,630,1.875,54231,189,61.285,1.542,60,47616,166,38.286,2.689,22.999,0.573,True,True,
tg7_P9160558,2-5,4.6,1/160,100,1_reference_A_iso100,rgbv,1000,562,1.534,54235,189,61.597,1.456,60,47616,166,38.286,2.689,23.311,0.541,True,True,
tg7_P9160558,2-5,4.6,1/160,100,1_reference_A_iso100,rgbw,1600,900,3.346,54383,189,65.472,1.406,60,47616,166,38.286,2.689,27.186,0.523,True,True,
tg7_P9160558,2-5,4.6,1/160,100,1_reference_A_iso100,rgbw,1440,810,2.848,54193,189,65.169,1.425,60,47616,166,38.286,2.689,26.883,0.53,True,True,
tg7_P9160558,2-5,4.6,1/160,100,1_reference_A_iso100,rgbw,1360,764,2.604,54379,189,65.159,1.379,60,47616,166,38.286,2.689,26.873,0.513,True,True,
tg7_P9160558,2-5,4.6,1/160,100,1_reference_A_iso100,rgbw,1280,720,2.362,54214,189,65.725,1.417,60,47616,166,38.286,2.689,27.439,0.527,True,True,
tg7_P9160558,2-5,4.6,1/160,100,1_reference_A_iso100,rgbw,1200,674,2.143,54290,189,66.018,1.426,60,47616,166,38.286,2.689,27.732,0.53,True,True,
tg7_P9160558,2-5,4.6,1/160,100,1_reference_A_iso100,rgbw,1120,630,1.887,54310,189,65.993,1.389,60,47616,166,38.286,2.689,27.707,0.517,True,True,
tg7_P9160558,2-5,4.6,1/160,100,1_reference_A_iso100,rgbw,1000,562,1.546,54255,189,66.035,1.424,60,47616,166,38.286,2.689,27.749,0.53,True,True,
tg7_P9160558,2-5,4.6,1/160,100,1_reference_A_iso100,rgbwi,1600,900,2.738,54247,189,63.975,1.408,60,47616,166,38.286,2.689,25.689,0.524,True,True,
tg7_P9160558,2-5,4.6,1/160,100,1_reference_A_iso100,rgbwi,1440,810,2.3,54472,190,64.003,1.397,60,47616,166,38.286,2.689,25.717,0.52,True,True,
tg7_P9160558,2-5,4.6,1/160,100,1_reference_A_iso100,rgbwi,1360,764,2.131,54102,188,64.111,1.401,60,47616,166,38.286,2.689,25.825,0.521,True,True,
tg7_P9160558,2-5,4.6,1/160,100,1_reference_A_iso100,rgbwi,1280,720,1.899,54330,189,64.852,1.432,60,47616,166,38.286,2.689,26.566,0.533,True,True,
tg7_P9160558,2-5,4.6,1/160,100,1_reference_A_iso100,rgbwi,1200,674,1.716,54171,189,65.179,1.388,60,47616,166,38.286,2.689,26.893,0.516,True,True,
tg7_P9160558,2-5,4.6,1/160,100,1_reference_A_iso100,rgbwi,1120,630,1.486,54359,189,65.419,1.371,60,47616,166,38.286,2.689,27.133,0.51,True,True,
tg7_P9160558,2-5,4.6,1/160,100,1_reference_A_iso100,rgbwi,1000,562,1.218,54290,189,65.657,1.384,60,47616,166,38.286,2.689,27.371,0.515,True,True,
tg7_P9160558,2-5,4.6,1/160,100,1_reference_A_iso100,rgbwa,1600,900,2.884,54245,189,64.658,1.404,60,47616,166,38.286,2.689,26.372,0.522,True,True,
tg7_P9160558,2-5,4.6,1/160,100,1_reference_A_iso100,rgbwa,1440,810,2.41,54225,189,64.107,1.418,60,47616,166,38.286,2.689,25.821,0.527,True,True,
tg7_P9160558,2-5,4.6,1/160,100,1_reference_A_iso100,rgbwa,1360,764,2.216,54309,189,64.494,1.406,60,47616,166,38.286,2.689,26.208,0.523,True,True,
tg7_P9160558,2-5,4.6,1/160,100,1_reference_A_iso100,rgbwa,1280,720,1.996,54306,189,65.048,1.426,60,47616,166,38.286,2.689,26.762,0.53,True,True,
tg7_P9160558,2-5,4.6,1/160,100,1_reference_A_iso100,rgbwa,1200,674,1.789,54345,189,65.55,1.417,60,47616,166,38.286,2.689,27.264,0.527,True,True,
tg7_P9160558,2-5,4.6,1/160,100,1_reference_A_iso100,rgbwa,1120,630,1.583,54109,188,65.508,1.364,60,47616,166,38.286,2.689,27.222,0.507,True,True,
tg7_P9160558,2-5,4.6,1/160,100,1_reference_A_iso100,rgbwa,1000,562,1.28,54214,189,65.58,1.395,60,47616,166,38.286,2.689,27.294,0.519,True,True,
tg7_P9160561,2-5,4.8,1/250,100,3_scene_card_offcenter,bayer,1600,900,3.259,54175,189,57.995,2.029,70,47136,164,41.704,2.596,16.291,0.782,True,True,3.264
tg7_P9160561,2-5,4.8,1/250,100,3_scene_card_offcenter,rgbv,1600,900,2.312,54385,189,67.226,1.285,70,47136,164,41.704,2.596,25.522,0.495,True,True,
tg7_P9160561,2-5,4.8,1/250,100,3_scene_card_offcenter,rgbv,1440,810,1.935,54218,189,66.921,1.377,70,47136,164,41.704,2.596,25.217,0.53,True,True,
tg7_P9160561,2-5,4.8,1/250,100,3_scene_card_offcenter,rgbv,1360,764,1.765,54207,189,67.404,1.384,70,47136,164,41.704,2.596,25.7,0.533,True,True,
tg7_P9160561,2-5,4.8,1/250,100,3_scene_card_offcenter,rgbv,1280,720,1.595,54337,189,67.819,1.313,70,47136,164,41.704,2.596,26.115,0.506,True,True,
tg7_P9160561,2-5,4.8,1/250,100,3_scene_card_offcenter,rgbv,1200,674,1.425,54187,189,68.093,1.414,70,47136,164,41.704,2.596,26.389,0.545,True,True,
tg7_P9160561,2-5,4.8,1/250,100,3_scene_card_offcenter,rgbv,1120,630,1.242,54286,189,68.262,1.338,70,47136,164,41.704,2.596,26.558,0.515,True,True,
tg7_P9160561,2-5,4.8,1/250,100,3_scene_card_offcenter,rgbv,1000,562,1.0,54126,188,68.488,1.17,70,47136,164,41.704,2.596,26.784,0.451,True,True,
tg7_P9160561,2-5,4.8,1/250,100,3_scene_card_offcenter,rgbw,1600,900,2.337,54392,189,69.624,1.181,70,47136,164,41.704,2.596,27.92,0.455,True,True,
tg7_P9160561,2-5,4.8,1/250,100,3_scene_card_offcenter,rgbw,1440,810,1.96,54264,189,69.457,1.158,70,47136,164,41.704,2.596,27.753,0.446,True,True,
tg7_P9160561,2-5,4.8,1/250,100,3_scene_card_offcenter,rgbw,1360,764,1.789,54234,189,69.812,1.148,70,47136,164,41.704,2.596,28.108,0.442,True,True,
tg7_P9160561,2-5,4.8,1/250,100,3_scene_card_offcenter,rgbw,1280,720,1.619,54400,189,70.235,1.133,70,47136,164,41.704,2.596,28.531,0.436,True,True,
tg7_P9160561,2-5,4.8,1/250,100,3_scene_card_offcenter,rgbw,1200,674,1.438,54473,190,70.721,1.121,70,47136,164,41.704,2.596,29.017,0.432,True,True,
tg7_P9160561,2-5,4.8,1/250,100,3_scene_card_offcenter,rgbw,1120,630,1.267,54256,189,70.673,1.165,70,47136,164,41.704,2.596,28.969,0.449,True,True,
tg7_P9160561,2-5,4.8,1/250,100,3_scene_card_offcenter,rgbw,1000,562,1.012,54297,189,70.851,1.191,70,47136,164,41.704,2.596,29.147,0.459,True,True,
tg7_P9160561,2-5,4.8,1/250,100,3_scene_card_offcenter,rgbwi,1600,900,1.863,54407,189,68.271,1.205,70,47136,164,41.704,2.596,26.567,0.464,True,True,
tg7_P9160561,2-5,4.8,1/250,100,3_scene_card_offcenter,rgbwi,1440,810,1.498,54166,189,68.786,1.179,70,47136,164,41.704,2.596,27.082,0.454,True,True,
tg7_P9160561,2-5,4.8,1/250,100,3_scene_card_offcenter,rgbwi,1360,764,1.353,54419,189,69.507,1.153,70,47136,164,41.704,2.596,27.803,0.444,True,True,
tg7_P9160561,2-5,4.8,1/250,100,3_scene_card_offcenter,rgbwi,1280,720,1.23,54300,189,69.819,1.158,70,47136,164,41.704,2.596,28.115,0.446,True,True,
tg7_P9160561,2-5,4.8,1/250,100,3_scene_card_offcenter,rgbwi,1200,674,1.109,54033,188,70.272,1.132,70,47136,164,41.704,2.596,28.568,0.436,True,True,
tg7_P9160561,2-5,4.8,1/250,100,3_scene_card_offcenter,rgbwi,1120,630,0.964,54334,189,70.189,1.139,70,47136,164,41.704,2.596,28.485,0.439,True,True,
tg7_P9160561,2-5,4.8,1/250,100,3_scene_card_offcenter,rgbwi,1000,562,0.792,54056,188,70.404,1.145,70,47136,164,41.704,2.596,28.7,0.441,True,True,
tg7_P9160561,2-5,4.8,1/250,100,3_scene_card_offcenter,rgbwa,1600,900,2.312,54234,189,69.409,1.187,70,47136,164,41.704,2.596,27.705,0.457,True,True,
tg7_P9160561,2-5,4.8,1/250,100,3_scene_card_offcenter,rgbwa,1440,810,1.935,54441,190,69.49,1.16,70,47136,164,41.704,2.596,27.786,0.447,True,True,
tg7_P9160561,2-5,4.8,1/250,100,3_scene_card_offcenter,rgbwa,1360,764,1.789,54234,189,69.811,1.148,70,47136,164,41.704,2.596,28.107,0.442,True,True,
tg7_P9160561,2-5,4.8,1/250,100,3_scene_card_offcenter,rgbwa,1280,720,1.619,54400,189,70.232,1.133,70,47136,164,41.704,2.596,28.528,0.436,True,True,
tg7_P9160561,2-5,4.8,1/250,100,3_scene_card_offcenter,rgbwa,1200,674,1.45,54131,188,70.718,1.123,70,47136,164,41.704,2.596,29.014,0.433,True,True,
tg7_P9160561,2-5,4.8,1/250,100,3_scene_card_offcenter,rgbwa,1120,630,1.267,54256,189,70.675,1.165,70,47136,164,41.704,2.596,28.971,0.449,True,True,
tg7_P9160561,2-5,4.8,1/250,100,3_scene_card_offcenter,rgbwa,1000,562,1.012,54297,189,70.849,1.191,70,47136,164,41.704,2.596,29.145,0.459,True,True,
tg7_P9160564,2-5,4.8,1/100,100,3_scene_card_offcenter,bayer,1600,900,5.688,54440,190,43.968,2.591,60,48268,168,38.251,2.627,5.717,0.986,True,False,5.565
tg7_P9160564,2-5,4.8,1/100,100,3_scene_card_offcenter,rgbv,1600,900,3.237,54475,190,62.45,1.417,60,48268,168,38.251,2.627,24.199,0.539,True,True,
tg7_P9160564,2-5,4.8,1/100,100,3_scene_card_offcenter,rgbv,1440,810,2.738,54439,190,62.728,1.347,60,48268,168,38.251,2.627,24.477,0.513,True,True,
tg7_P9160564,2-5,4.8,1/100,100,3_scene_card_offcenter,rgbv,1360,764,2.494,54379,189,62.708,1.466,60,48268,168,38.251,2.627,24.457,0.558,True,True,
tg7_P9160564,2-5,4.8,1/100,100,3_scene_card_offcenter,rgbv,1280,720,2.276,54311,189,63.443,1.395,60,48268,168,38.251,2.627,25.192,0.531,True,True,
tg7_P9160564,2-5,4.8,1/100,100,3_scene_card_offcenter,rgbv,1200,674,2.057,54126,188,63.577,1.381,60,48268,168,38.251,2.627,25.326,0.526,True,True,
tg7_P9160564,2-5,4.8,1/100,100,3_scene_card_offcenter,rgbv,1120,630,1.813,54214,189,64.077,1.369,60,48268,168,38.251,2.627,25.826,0.521,True,True,
tg7_P9160564,2-5,4.8,1/100,100,3_scene_card_offcenter,rgbv,1000,562,1.462,54284,189,64.24,1.382,60,48268,168,38.251,2.627,25.989,0.526,True,True,
tg7_P9160564,2-5,4.8,1/100,100,3_scene_card_offcenter,rgbw,1600,900,3.237,54257,189,67.287,1.252,60,48268,168,38.251,2.627,29.036,0.477,True,True,
tg7_P9160564,2-5,4.8,1/100,100,3_scene_card_offcenter,rgbw,1440,810,2.726,54353,189,67.208,1.222,60,48268,168,38.251,2.627,28.957,0.465,True,True,
tg7_P9160564,2-5,4.8,1/100,100,3_scene_card_offcenter,rgbw,1360,764,2.494,54230,189,67.766,1.261,60,48268,168,38.251,2.627,29.515,0.48,True,True,
tg7_P9160564,2-5,4.8,1/100,100,3_scene_card_offcenter,rgbw,1280,720,2.276,54344,189,68.512,1.218,60,48268,168,38.251,2.627,30.261,0.464,True,True,
tg7_P9160564,2-5,4.8,1/100,100,3_scene_card_offcenter,rgbw,1200,674,2.045,54387,189,68.73,1.201,60,48268,168,38.251,2.627,30.479,0.457,True,True,
tg7_P9160564,2-5,4.8,1/100,100,3_scene_card_offcenter,rgbw,1120,630,1.813,54177,189,68.833,1.222,60,48268,168,38.251,2.627,30.582,0.465,True,True,
tg7_P9160564,2-5,4.8,1/100,100,3_scene_card_offcenter,rgbw,1000,562,1.462,54381,189,69.1,1.21,60,48268,168,38.251,2.627,30.849,0.461,True,True,
tg7_P9160564,2-5,4.8,1/100,100,3_scene_card_offcenter,rgbwi,1600,900,2.628,54415,189,65.604,1.272,60,48268,168,38.251,2.627,27.353,0.484,True,True,
tg7_P9160564,2-5,4.8,1/100,100,3_scene_card_offcenter,rgbwi,1440,810,2.216,54452,190,66.219,1.229,60,48268,168,38.251,2.627,27.968,0.468,True,True,
tg7_P9160564,2-5,4.8,1/100,100,3_scene_card_offcenter,rgbwi,1360,764,2.021,54260,189,66.501,1.231,60,48268,168,38.251,2.627,28.25,0.469,True,True,
tg7_P9160564,2-5,4.8,1/100,100,3_scene_card_offcenter,rgbwi,1280,720,1.825,54377,189,67.623,1.201,60,48268,168,38.251,2.627,29.372,0.457,True,True,
tg7_P9160564,2-5,4.8,1/100,100,3_scene_card_offcenter,rgbwi,1200,674,1.643,54248,189,67.92,1.196,60,48268,168,38.251,2.627,29.669,0.455,True,True,
tg7_P9160564,2-5,4.8,1/100,100,3_scene_card_offcenter,rgbwi,1120,630,1.425,54372,189,68.356,1.199,60,48268,168,38.251,2.627,30.105,0.456,True,True,
tg7_P9160564,2-5,4.8,1/100,100,3_scene_card_offcenter,rgbwi,1000,562,1.157,54125,188,68.648,1.216,60,48268,168,38.251,2.627,30.397,0.463,True,True,
tg7_P9160564,2-5,4.8,1/100,100,3_scene_card_offcenter,rgbwa,1600,900,2.786,54269,189,66.194,1.264,60,48268,168,38.251,2.627,27.943,0.481,True,True,
tg7_P9160564,2-5,4.8,1/100,100,3_scene_card_offcenter,rgbwa,1440,810,2.337,54383,189,66.549,1.231,60,48268,168,38.251,2.627,28.298,0.469,True,True,
tg7_P9160564,2-5,4.8,1/100,100,3_scene_card_offcenter,rgbwa,1360,764,2.167,54171,189,67.08,1.215,60,48268,168,38.251,2.627,28.829,0.463,True,True,
tg7_P9160564,2-5,4.8,1/100,100,3_scene_card_offcenter,rgbwa,1280,720,1.96,54436,190,67.576,1.209,60,48268,168,38.251,2.627,29.325,0.46,True,True,
tg7_P9160564,2-5,4.8,1/100,100,3_scene_card_offcenter,rgbwa,1200,674,1.753,54342,189,68.135,1.188,60,48268,168,38.251,2.627,29.884,0.452,True,True,
tg7_P9160564,2-5,4.8,1/100,100,3_scene_card_offcenter,rgbwa,1120,630,1.534,54437,190,68.447,1.222,60,48268,168,38.251,2.627,30.196,0.465,True,True,
tg7_P9160564,2-5,4.8,1/100,100,3_scene_card_offcenter,rgbwa,1000,562,1.23,54432,189,68.803,1.203,60,48268,168,38.251,2.627,30.552,0.458,True,True,
tg7_P9160509,5-8,5.1,1/40,100,1_reference_A_iso100,bayer,1600,900,6.415,54462,190,53.26,2.606,70,52927,184,51.337,2.733,1.923,0.954,True,False,6.392
tg7_P9160509,5-8,5.1,1/40,100,1_reference_A_iso100,rgbv,1600,900,3.103,54259,189,70.273,1.208,70,52927,184,51.337,2.733,18.936,0.442,True,True,
tg7_P9160509,5-8,5.1,1/40,100,1_reference_A_iso100,rgbv,1440,810,2.604,54419,189,69.807,1.201,70,52927,184,51.337,2.733,18.47,0.439,True,True,
tg7_P9160509,5-8,5.1,1/40,100,1_reference_A_iso100,rgbv,1360,764,2.374,54334,189,69.223,1.236,70,52927,184,51.337,2.733,17.886,0.452,True,True,
tg7_P9160509,5-8,5.1,1/40,100,1_reference_A_iso100,rgbv,1280,720,2.143,54345,189,69.666,1.27,70,52927,184,51.337,2.733,18.329,0.465,True,True,
tg7_P9160509,5-8,5.1,1/40,100,1_reference_A_iso100,rgbv,1200,674,1.972,54256,189,69.301,1.249,70,52927,184,51.337,2.733,17.964,0.457,True,True,
tg7_P9160509,5-8,5.1,1/40,100,1_reference_A_iso100,rgbv,1120,630,1.728,54214,189,69.539,1.214,70,52927,184,51.337,2.733,18.202,0.444,True,True,
tg7_P9160509,5-8,5.1,1/40,100,1_reference_A_iso100,rgbv,1000,562,1.413,54161,189,69.521,1.243,70,52927,184,51.337,2.733,18.184,0.455,True,True,
tg7_P9160509,5-8,5.1,1/40,100,1_reference_A_iso100,rgbw,1600,900,3.151,54335,189,73.327,1.215,70,52927,184,51.337,2.733,21.99,0.445,True,True,
tg7_P9160509,5-8,5.1,1/40,100,1_reference_A_iso100,rgbw,1440,810,2.628,54417,189,72.952,1.158,70,52927,184,51.337,2.733,21.615,0.424,True,True,
tg7_P9160509,5-8,5.1,1/40,100,1_reference_A_iso100,rgbw,1360,764,2.41,54294,189,72.99,1.16,70,52927,184,51.337,2.733,21.653,0.424,True,True,
tg7_P9160509,5-8,5.1,1/40,100,1_reference_A_iso100,rgbw,1280,720,2.167,54473,190,73.563,1.17,70,52927,184,51.337,2.733,22.226,0.428,True,True,
tg7_P9160509,5-8,5.1,1/40,100,1_reference_A_iso100,rgbw,1200,674,1.996,54291,189,73.119,1.186,70,52927,184,51.337,2.733,21.782,0.434,True,True,
tg7_P9160509,5-8,5.1,1/40,100,1_reference_A_iso100,rgbw,1120,630,1.74,54366,189,73.231,1.185,70,52927,184,51.337,2.733,21.894,0.434,True,True,
tg7_P9160509,5-8,5.1,1/40,100,1_reference_A_iso100,rgbw,1000,562,1.425,54244,189,73.181,1.175,70,52927,184,51.337,2.733,21.844,0.43,True,True,
tg7_P9160509,5-8,5.1,1/40,100,1_reference_A_iso100,rgbwi,1600,900,2.604,54430,189,72.617,1.136,70,52927,184,51.337,2.733,21.28,0.416,True,True,
tg7_P9160509,5-8,5.1,1/40,100,1_reference_A_iso100,rgbwi,1440,810,2.179,54333,189,72.226,1.166,70,52927,184,51.337,2.733,20.889,0.427,True,True,
tg7_P9160509,5-8,5.1,1/40,100,1_reference_A_iso100,rgbwi,1360,764,1.972,54276,189,72.09,1.145,70,52927,184,51.337,2.733,20.753,0.419,True,True,
tg7_P9160509,5-8,5.1,1/40,100,1_reference_A_iso100,rgbwi,1280,720,1.765,54247,189,72.696,1.153,70,52927,184,51.337,2.733,21.359,0.422,True,True,
tg7_P9160509,5-8,5.1,1/40,100,1_reference_A_iso100,rgbwi,1200,674,1.619,54449,190,72.678,1.148,70,52927,184,51.337,2.733,21.341,0.42,True,True,
tg7_P9160509,5-8,5.1,1/40,100,1_reference_A_iso100,rgbwi,1120,630,1.401,54133,188,72.527,1.144,70,52927,184,51.337,2.733,21.19,0.419,True,True,
tg7_P9160509,5-8,5.1,1/40,100,1_reference_A_iso100,rgbwi,1000,562,1.145,54380,189,72.831,1.165,70,52927,184,51.337,2.733,21.494,0.426,True,True,
tg7_P9160509,5-8,5.1,1/40,100,1_reference_A_iso100,rgbwa,1600,900,2.726,54375,189,72.205,1.146,70,52927,184,51.337,2.733,20.868,0.419,True,True,
tg7_P9160509,5-8,5.1,1/40,100,1_reference_A_iso100,rgbwa,1440,810,2.264,54193,189,72.31,1.166,70,52927,184,51.337,2.733,20.973,0.427,True,True,
tg7_P9160509,5-8,5.1,1/40,100,1_reference_A_iso100,rgbwa,1360,764,2.045,54370,189,72.126,1.139,70,52927,184,51.337,2.733,20.789,0.417,True,True,
tg7_P9160509,5-8,5.1,1/40,100,1_reference_A_iso100,rgbwa,1280,720,1.837,54316,189,72.764,1.151,70,52927,184,51.337,2.733,21.427,0.421,True,True,
tg7_P9160509,5-8,5.1,1/40,100,1_reference_A_iso100,rgbwa,1200,674,1.68,54463,190,72.851,1.165,70,52927,184,51.337,2.733,21.514,0.426,True,True,
tg7_P9160509,5-8,5.1,1/40,100,1_reference_A_iso100,rgbwa,1120,630,1.462,54239,189,72.688,1.161,70,52927,184,51.337,2.733,21.351,0.425,True,True,
tg7_P9160509,5-8,5.1,1/40,100,1_reference_A_iso100,rgbwa,1000,562,1.194,54403,189,72.941,1.173,70,52927,184,51.337,2.733,21.604,0.429,True,True,
tg7_P9160634,5-8,5.9,1/40,100,1_reference_A_iso100,bayer,1600,900,4.479,54392,189,53.02,2.143,70,49510,172,45.966,2.2,7.054,0.974,True,False,4.442
tg7_P9160634,5-8,5.9,1/40,100,1_reference_A_iso100,rgbv,1600,900,2.835,54319,189,68.883,1.155,70,49510,172,45.966,2.2,22.917,0.525,True,True,
tg7_P9160634,5-8,5.9,1/40,100,1_reference_A_iso100,rgbv,1440,810,2.362,54384,189,68.909,1.153,70,49510,172,45.966,2.2,22.943,0.524,True,True,
tg7_P9160634,5-8,5.9,1/40,100,1_reference_A_iso100,rgbv,1360,764,2.179,54349,189,69.094,1.165,70,49510,172,45.966,2.2,23.128,0.53,True,True,
tg7_P9160634,5-8,5.9,1/40,100,1_reference_A_iso100,rgbv,1280,720,1.972,54314,189,69.643,1.143,70,49510,172,45.966,2.2,23.677,0.52,True,True,
tg7_P9160634,5-8,5.9,1/40,100,1_reference_A_iso100,rgbv,1200,674,1.765,54469,190,69.888,1.139,70,49510,172,45.966,2.2,23.922,0.518,True,True,
tg7_P9160634,5-8,5.9,1/40,100,1_reference_A_iso100,rgbv,1120,630,1.559,54186,189,70.265,1.128,70,49510,172,45.966,2.2,24.299,0.513,True,True,
tg7_P9160634,5-8,5.9,1/40,100,1_reference_A_iso100,rgbv,1000,562,1.242,54230,189,70.322,1.139,70,49510,172,45.966,2.2,24.356,0.518,True,True,
tg7_P9160634,5-8,5.9,1/40,100,1_reference_A_iso100,rgbw,1600,900,2.848,54473,190,71.794,1.111,70,49510,172,45.966,2.2,25.828,0.505,True,True,
tg7_P9160634,5-8,5.9,1/40,100,1_reference_A_iso100,rgbw,1440,810,2.386,54473,190,71.474,1.104,70,49510,172,45.966,2.2,25.508,0.502,True,True,
tg7_P9160634,5-8,5.9,1/40,100,1_reference_A_iso100,rgbw,1360,764,2.204,54368,189,71.955,1.111,70,49510,172,45.966,2.2,25.989,0.505,True,True,
tg7_P9160634,5-8,5.9,1/40,100,1_reference_A_iso100,rgbw,1280,720,1.996,54364,189,72.241,1.097,70,49510,172,45.966,2.2,26.275,0.499,True,True,
tg7_P9160634,5-8,5.9,1/40,100,1_reference_A_iso100,rgbw,1200,674,1.801,54243,189,72.579,1.095,70,49510,172,45.966,2.2,26.613,0.498,True,True,
tg7_P9160634,5-8,5.9,1/40,100,1_reference_A_iso100,rgbw,1120,630,1.571,54401,189,72.766,1.087,70,49510,172,45.966,2.2,26.8,0.494,True,True,
tg7_P9160634,5-8,5.9,1/40,100,1_reference_A_iso100,rgbw,1000,562,1.267,54117,188,73.083,1.107,70,49510,172,45.966,2.2,27.117,0.503,True,True,
tg7_P9160634,5-8,5.9,1/40,100,1_reference_A_iso100,rgbwi,1600,900,2.288,54361,189,70.626,1.132,70,49510,172,45.966,2.2,24.66,0.515,True,True,
tg7_P9160634,5-8,5.9,1/40,100,1_reference_A_iso100,rgbwi,1440,810,1.911,54290,189,70.596,1.122,70,49510,172,45.966,2.2,24.63,0.51,True,True,
tg7_P9160634,5-8,5.9,1/40,100,1_reference_A_iso100,rgbwi,1360,764,1.74,54231,189,71.138,1.101,70,49510,172,45.966,2.2,25.172,0.5,True,True,
tg7_P9160634,5-8,5.9,1/40,100,1_reference_A_iso100,rgbwi,1280,720,1.571,54149,189,71.87,1.114,70,49510,172,45.966,2.2,25.904,0.506,True,True,
tg7_P9160634,5-8,5.9,1/40,100,1_reference_A_iso100,rgbwi,1200,674,1.401,54187,189,72.191,1.084,70,49510,172,45.966,2.2,26.225,0.493,True,True,
tg7_P9160634,5-8,5.9,1/40,100,1_reference_A_iso100,rgbwi,1120,630,1.218,54307,189,72.492,1.076,70,49510,172,45.966,2.2,26.526,0.489,True,True,
tg7_P9160634,5-8,5.9,1/40,100,1_reference_A_iso100,rgbwi,1000,562,0.976,54389,189,72.747,1.087,70,49510,172,45.966,2.2,26.781,0.494,True,True,
tg7_P9160634,5-8,5.9,1/40,100,1_reference_A_iso100,rgbwa,1600,900,2.458,54417,189,70.924,1.117,70,49510,172,45.966,2.2,24.958,0.508,True,True,
tg7_P9160634,5-8,5.9,1/40,100,1_reference_A_iso100,rgbwa,1440,810,2.119,54229,189,71.133,1.123,70,49510,172,45.966,2.2,25.167,0.51,True,True,
tg7_P9160634,5-8,5.9,1/40,100,1_reference_A_iso100,rgbwa,1360,764,1.911,54399,189,71.367,1.1,70,49510,172,45.966,2.2,25.401,0.5,True,True,
tg7_P9160634,5-8,5.9,1/40,100,1_reference_A_iso100,rgbwa,1280,720,1.74,54210,189,72.082,1.097,70,49510,172,45.966,2.2,26.116,0.499,True,True,
tg7_P9160634,5-8,5.9,1/40,100,1_reference_A_iso100,rgbwa,1200,674,1.583,54240,189,72.443,1.08,70,49510,172,45.966,2.2,26.477,0.491,True,True,
tg7_P9160634,5-8,5.9,1/40,100,1_reference_A_iso100,rgbwa,1120,630,1.353,54270,189,72.814,1.073,70,49510,172,45.966,2.2,26.848,0.488,True,True,
tg7_P9160634,5-8,5.9,1/40,100,1_reference_A_iso100,rgbwa,1000,562,1.097,54294,189,72.95,1.076,70,49510,172,45.966,2.2,26.984,0.489,True,True,
tg7_P9160565,5-8,6.0,1/400,100,1_reference_A_iso100,bayer,1600,900,3.288,54389,189,53.662,2.282,70,43661,152,45.908,2.455,7.754,0.93,True,False,3.295
tg7_P9160565,5-8,6.0,1/400,100,1_reference_A_iso100,rgbv,1600,900,2.204,54432,189,64.449,1.458,70,43661,152,45.908,2.455,18.541,0.594,True,True,
tg7_P9160565,5-8,6.0,1/400,100,1_reference_A_iso100,rgbv,1440,810,1.837,54281,189,64.349,1.42,70,43661,152,45.908,2.455,18.441,0.578,True,True,
tg7_P9160565,5-8,6.0,1/400,100,1_reference_A_iso100,rgbv,1360,764,1.68,54044,188,64.635,1.397,70,43661,152,45.908,2.455,18.727,0.569,True,True,
tg7_P9160565,5-8,6.0,1/400,100,1_reference_A_iso100,rgbv,1280,720,1.51,54245,189,65.03,1.399,70,43661,152,45.908,2.455,19.122,0.57,True,True,
tg7_P9160565,5-8,6.0,1/400,100,1_reference_A_iso100,rgbv,1200,674,1.341,54445,190,65.931,1.4,70,43661,152,45.908,2.455,20.023,0.57,True,True,
tg7_P9160565,5-8,6.0,1/400,100,1_reference_A_iso100,rgbv,1120,630,1.17,54448,190,65.886,1.371,70,43661,152,45.908,2.455,19.978,0.558,True,True,
tg7_P9160565,5-8,6.0,1/400,100,1_reference_A_iso100,rgbv,1000,562,0.964,53915,188,66.359,1.388,70,43661,152,45.908,2.455,20.451,0.565,True,True,
tg7_P9160565,5-8,6.0,1/400,100,1_reference_A_iso100,rgbw,1600,900,2.24,54309,189,65.441,1.344,70,43661,152,45.908,2.455,19.533,0.547,True,True,
tg7_P9160565,5-8,6.0,1/400,100,1_reference_A_iso100,rgbw,1440,810,1.875,54428,189,65.142,1.362,70,43661,152,45.908,2.455,19.234,0.555,True,True,
tg7_P9160565,5-8,6.0,1/400,100,1_reference_A_iso100,rgbw,1360,764,1.716,54252,189,65.553,1.357,70,43661,152,45.908,2.455,19.645,0.553,True,True,
tg7_P9160565,5-8,6.0,1/400,100,1_reference_A_iso100,rgbw,1280,720,1.559,54065,188,65.959,1.355,70,43661,152,45.908,2.455,20.051,0.552,True,True,
tg7_P9160565,5-8,6.0,1/400,100,1_reference_A_iso100,rgbw,1200,674,1.377,54362,189,66.716,1.379,70,43661,152,45.908,2.455,20.808,0.562,True,True,
tg7_P9160565,5-8,6.0,1/400,100,1_reference_A_iso100,rgbw,1120,630,1.206,54121,188,66.704,1.337,70,43661,152,45.908,2.455,20.796,0.545,True,True,
tg7_P9160565,5-8,6.0,1/400,100,1_reference_A_iso100,rgbw,1000,562,0.988,53864,188,66.925,1.345,70,43661,152,45.908,2.455,21.017,0.548,True,True,
tg7_P9160565,5-8,6.0,1/400,100,1_reference_A_iso100,rgbwi,1600,900,1.777,54330,189,63.972,1.36,70,43661,152,45.908,2.455,18.064,0.554,True,True,
tg7_P9160565,5-8,6.0,1/400,100,1_reference_A_iso100,rgbwi,1440,810,1.438,54416,189,64.478,1.364,70,43661,152,45.908,2.455,18.57,0.556,True,True,
tg7_P9160565,5-8,6.0,1/400,100,1_reference_A_iso100,rgbwi,1360,764,1.304,54247,189,65.0,1.356,70,43661,152,45.908,2.455,19.092,0.552,True,True,
tg7_P9160565,5-8,6.0,1/400,100,1_reference_A_iso100,rgbwi,1280,720,1.182,54111,188,65.607,1.366,70,43661,152,45.908,2.455,19.699,0.556,True,True,
tg7_P9160565,5-8,6.0,1/400,100,1_reference_A_iso100,rgbwi,1200,674,1.048,54427,189,66.192,1.357,70,43661,152,45.908,2.455,20.284,0.553,True,True,
tg7_P9160565,5-8,6.0,1/400,100,1_reference_A_iso100,rgbwi,1120,630,0.915,54432,189,66.532,1.342,70,43661,152,45.908,2.455,20.624,0.547,True,True,
tg7_P9160565,5-8,6.0,1/400,100,1_reference_A_iso100,rgbwi,1000,562,0.756,54206,189,66.39,1.365,70,43661,152,45.908,2.455,20.482,0.556,True,True,
tg7_P9160565,5-8,6.0,1/400,100,1_reference_A_iso100,rgbwa,1600,900,2.24,54309,189,65.446,1.344,70,43661,152,45.908,2.455,19.538,0.547,True,True,
tg7_P9160565,5-8,6.0,1/400,100,1_reference_A_iso100,rgbwa,1440,810,1.875,54428,189,65.137,1.362,70,43661,152,45.908,2.455,19.229,0.555,True,True,
tg7_P9160565,5-8,6.0,1/400,100,1_reference_A_iso100,rgbwa,1360,764,1.716,54252,189,65.558,1.357,70,43661,152,45.908,2.455,19.65,0.553,True,True,
tg7_P9160565,5-8,6.0,1/400,100,1_reference_A_iso100,rgbwa,1280,720,1.559,54065,188,65.96,1.355,70,43661,152,45.908,2.455,20.052,0.552,True,True,
tg7_P9160565,5-8,6.0,1/400,100,1_reference_A_iso100,rgbwa,1200,674,1.377,54362,189,66.711,1.379,70,43661,152,45.908,2.455,20.803,0.562,True,True,
tg7_P9160565,5-8,6.0,1/400,100,1_reference_A_iso100,rgbwa,1120,630,1.206,54121,188,66.707,1.337,70,43661,152,45.908,2.455,20.799,0.545,True,True,
tg7_P9160565,5-8,6.0,1/400,100,1_reference_A_iso100,rgbwa,1000,562,0.988,53864,188,66.912,1.345,70,43661,152,45.908,2.455,21.004,0.548,True,True,
tg7_P9150405,5-8,6.3,1/40,200,2_underwater_preset,bayer,1600,900,5.032,54474,190,50.475,2.364,60,45699,159,49.815,2.383,0.66,0.992,True,False,4.939
tg7_P9150405,5-8,6.3,1/40,200,2_underwater_preset,rgbv,1600,900,2.531,54377,189,62.791,1.544,60,45699,159,49.815,2.383,12.976,0.648,True,True,
tg7_P9150405,5-8,6.3,1/40,200,2_underwater_preset,rgbv,1440,810,2.155,54210,189,62.539,1.603,60,45699,159,49.815,2.383,12.724,0.673,True,True,
tg7_P9150405,5-8,6.3,1/40,200,2_underwater_preset,rgbv,1360,764,1.972,54398,189,62.436,1.508,60,45699,159,49.815,2.383,12.621,0.633,True,True,
tg7_P9150405,5-8,6.3,1/40,200,2_underwater_preset,rgbv,1280,720,1.789,54244,189,62.697,1.506,60,45699,159,49.815,2.383,12.882,0.632,True,True,
tg7_P9150405,5-8,6.3,1/40,200,2_underwater_preset,rgbv,1200,674,1.619,54350,189,62.591,1.52,60,45699,159,49.815,2.383,12.776,0.638,True,True,
tg7_P9150405,5-8,6.3,1/40,200,2_underwater_preset,rgbv,1120,630,1.401,54425,189,62.204,1.512,60,45699,159,49.815,2.383,12.389,0.634,True,True,
tg7_P9150405,5-8,6.3,1/40,200,2_underwater_preset,rgbv,1000,562,1.133,54338,189,62.102,1.517,60,45699,159,49.815,2.383,12.287,0.637,True,True,
tg7_P9150405,5-8,6.3,1/40,200,2_underwater_preset,rgbw,1600,900,2.665,54330,189,70.615,1.285,60,45699,159,49.815,2.383,20.8,0.539,True,True,
tg7_P9150405,5-8,6.3,1/40,200,2_underwater_preset,rgbw,1440,810,2.264,54451,190,70.521,1.253,60,45699,159,49.815,2.383,20.706,0.526,True,True,
tg7_P9150405,5-8,6.3,1/40,200,2_underwater_preset,rgbw,1360,764,2.094,54406,189,70.909,1.235,60,45699,159,49.815,2.383,21.094,0.518,True,True,
tg7_P9150405,5-8,6.3,1/40,200,2_underwater_preset,rgbw,1280,720,1.887,54377,189,71.346,1.213,60,45699,159,49.815,2.383,21.531,0.509,True,True,
tg7_P9150405,5-8,6.3,1/40,200,2_underwater_preset,rgbw,1200,674,1.704,54454,190,71.604,1.216,60,45699,159,49.815,2.383,21.789,0.51,True,True,
tg7_P9150405,5-8,6.3,1/40,200,2_underwater_preset,rgbw,1120,630,1.486,54297,189,71.515,1.238,60,45699,159,49.815,2.383,21.7,0.52,True,True,
tg7_P9150405,5-8,6.3,1/40,200,2_underwater_preset,rgbw,1000,562,1.194,54292,189,71.944,1.21,60,45699,159,49.815,2.383,22.129,0.508,True,True,
tg7_P9150405,5-8,6.3,1/40,200,2_underwater_preset,rgbwi,1600,900,1.728,54321,189,69.008,1.275,60,45699,159,49.815,2.383,19.193,0.535,True,True,
tg7_P9150405,5-8,6.3,1/40,200,2_underwater_preset,rgbwi,1440,810,1.413,54085,188,69.452,1.24,60,45699,159,49.815,2.383,19.637,0.52,True,True,
tg7_P9150405,5-8,6.3,1/40,200,2_underwater_preset,rgbwi,1360,764,1.292,54203,189,69.873,1.211,60,45699,159,49.815,2.383,20.058,0.508,True,True,
tg7_P9150405,5-8,6.3,1/40,200,2_underwater_preset,rgbwi,1280,720,1.17,54206,189,70.56,1.19,60,45699,159,49.815,2.383,20.745,0.499,True,True,
tg7_P9150405,5-8,6.3,1/40,200,2_underwater_preset,rgbwi,1200,674,1.048,54233,189,70.729,1.188,60,45699,159,49.815,2.383,20.914,0.499,True,True,
tg7_P9150405,5-8,6.3,1/40,200,2_underwater_preset,rgbwi,1120,630,0.915,54294,189,71.11,1.171,60,45699,159,49.815,2.383,21.295,0.491,True,True,
tg7_P9150405,5-8,6.3,1/40,200,2_underwater_preset,rgbwi,1000,562,0.744,53990,188,71.17,1.181,60,45699,159,49.815,2.383,21.355,0.496,True,True,
tg7_P9150405,5-8,6.3,1/40,200,2_underwater_preset,rgbwa,1600,900,2.312,54261,189,70.183,1.244,60,45699,159,49.815,2.383,20.368,0.522,True,True,
tg7_P9150405,5-8,6.3,1/40,200,2_underwater_preset,rgbwa,1440,810,1.96,54395,189,70.316,1.213,60,45699,159,49.815,2.383,20.501,0.509,True,True,
tg7_P9150405,5-8,6.3,1/40,200,2_underwater_preset,rgbwa,1360,764,1.801,54235,189,70.704,1.196,60,45699,159,49.815,2.383,20.889,0.502,True,True,
tg7_P9150405,5-8,6.3,1/40,200,2_underwater_preset,rgbwa,1280,720,1.631,54226,189,71.346,1.174,60,45699,159,49.815,2.383,21.531,0.493,True,True,
tg7_P9150405,5-8,6.3,1/40,200,2_underwater_preset,rgbwa,1200,674,1.462,54304,189,71.455,1.175,60,45699,159,49.815,2.383,21.64,0.493,True,True,
tg7_P9150405,5-8,6.3,1/40,200,2_underwater_preset,rgbwa,1120,630,1.267,54416,189,71.674,1.15,60,45699,159,49.815,2.383,21.859,0.483,True,True,
tg7_P9150405,5-8,6.3,1/40,200,2_underwater_preset,rgbwa,1000,562,1.024,54034,188,71.726,1.184,60,45699,159,49.815,2.383,21.911,0.497,True,True,
tg7_P9160496,5-8,7.8,1/60,100,1_reference_A_iso100,bayer,1600,900,6.881,54407,189,43.3,2.652,70,54545,190,50.531,2.186,-7.231,1.213,False,False,6.596
tg7_P9160496,5-8,7.8,1/60,100,1_reference_A_iso100,rgbv,1600,900,3.65,54415,189,63.738,1.352,70,54545,190,50.531,2.186,13.207,0.618,True,True,
tg7_P9160496,5-8,7.8,1/60,100,1_reference_A_iso100,rgbv,1440,810,3.079,54309,189,63.804,1.382,70,54545,190,50.531,2.186,13.273,0.632,True,True,
tg7_P9160496,5-8,7.8,1/60,100,1_reference_A_iso100,rgbv,1360,764,2.798,54319,189,63.842,1.32,70,54545,190,50.531,2.186,13.311,0.604,True,True,
tg7_P9160496,5-8,7.8,1/60,100,1_reference_A_iso100,rgbv,1280,720,2.531,54083,188,64.299,1.317,70,54545,190,50.531,2.186,13.768,0.602,True,True,
tg7_P9160496,5-8,7.8,1/60,100,1_reference_A_iso100,rgbv,1200,674,2.276,54374,189,63.69,1.359,70,54545,190,50.531,2.186,13.159,0.622,True,True,
tg7_P9160496,5-8,7.8,1/60,100,1_reference_A_iso100,rgbv,1120,630,2.008,54343,189,63.643,1.358,70,54545,190,50.531,2.186,13.112,0.621,True,True,
tg7_P9160496,5-8,7.8,1/60,100,1_reference_A_iso100,rgbv,1000,562,1.643,54399,189,63.553,1.362,70,54545,190,50.531,2.186,13.022,0.623,True,True,
tg7_P9160496,5-8,7.8,1/60,100,1_reference_A_iso100,rgbw,1600,900,3.723,54386,189,67.725,1.326,70,54545,190,50.531,2.186,17.194,0.607,True,True,
tg7_P9160496,5-8,7.8,1/60,100,1_reference_A_iso100,rgbw,1440,810,3.079,54457,190,67.318,1.281,70,54545,190,50.531,2.186,16.787,0.586,True,True,
tg7_P9160496,5-8,7.8,1/60,100,1_reference_A_iso100,rgbw,1360,764,2.811,54310,189,67.665,1.269,70,54545,190,50.531,2.186,17.134,0.581,True,True,
tg7_P9160496,5-8,7.8,1/60,100,1_reference_A_iso100,rgbw,1280,720,2.531,54459,190,68.259,1.246,70,54545,190,50.531,2.186,17.728,0.57,True,True,
tg7_P9160496,5-8,7.8,1/60,100,1_reference_A_iso100,rgbw,1200,674,2.288,54436,190,68.097,1.28,70,54545,190,50.531,2.186,17.566,0.586,True,True,
tg7_P9160496,5-8,7.8,1/60,100,1_reference_A_iso100,rgbw,1120,630,2.021,54392,189,67.935,1.26,70,54545,190,50.531,2.186,17.404,0.576,True,True,
tg7_P9160496,5-8,7.8,1/60,100,1_reference_A_iso100,rgbw,1000,562,1.656,54373,189,67.764,1.288,70,54545,190,50.531,2.186,17.233,0.589,True,True,
tg7_P9160496,5-8,7.8,1/60,100,1_reference_A_iso100,rgbwi,1600,900,3.006,54263,189,66.368,1.294,70,54545,190,50.531,2.186,15.837,0.592,True,True,
tg7_P9160496,5-8,7.8,1/60,100,1_reference_A_iso100,rgbwi,1440,810,2.518,54376,189,66.137,1.276,70,54545,190,50.531,2.186,15.606,0.584,True,True,
tg7_P9160496,5-8,7.8,1/60,100,1_reference_A_iso100,rgbwi,1360,764,2.3,54228,189,66.563,1.262,70,54545,190,50.531,2.186,16.032,0.577,True,True,
tg7_P9160496,5-8,7.8,1/60,100,1_reference_A_iso100,rgbwi,1280,720,2.057,54381,189,67.124,1.261,70,54545,190,50.531,2.186,16.593,0.577,True,True,
tg7_P9160496,5-8,7.8,1/60,100,1_reference_A_iso100,rgbwi,1200,674,1.85,54345,189,67.282,1.279,70,54545,190,50.531,2.186,16.751,0.585,True,True,
tg7_P9160496,5-8,7.8,1/60,100,1_reference_A_iso100,rgbwi,1120,630,1.631,54387,189,67.181,1.272,70,54545,190,50.531,2.186,16.65,0.582,True,True,
tg7_P9160496,5-8,7.8,1/60,100,1_reference_A_iso100,rgbwi,1000,562,1.316,54331,189,67.149,1.325,70,54545,190,50.531,2.186,16.618,0.606,True,True,
tg7_P9160496,5-8,7.8,1/60,100,1_reference_A_iso100,rgbwa,1600,900,3.115,54341,189,66.739,1.285,70,54545,190,50.531,2.186,16.208,0.588,True,True,
tg7_P9160496,5-8,7.8,1/60,100,1_reference_A_iso100,rgbwa,1440,810,2.616,54352,189,66.268,1.285,70,54545,190,50.531,2.186,15.737,0.588,True,True,
tg7_P9160496,5-8,7.8,1/60,100,1_reference_A_iso100,rgbwa,1360,764,2.374,54397,189,66.73,1.254,70,54545,190,50.531,2.186,16.199,0.574,True,True,
tg7_P9160496,5-8,7.8,1/60,100,1_reference_A_iso100,rgbwa,1280,720,2.143,54356,189,67.427,1.26,70,54545,190,50.531,2.186,16.896,0.576,True,True,
tg7_P9160496,5-8,7.8,1/60,100,1_reference_A_iso100,rgbwa,1200,674,1.935,54266,189,67.283,1.278,70,54545,190,50.531,2.186,16.752,0.585,True,True,
tg7_P9160496,5-8,7.8,1/60,100,1_reference_A_iso100,rgbwa,1120,630,1.704,54318,189,67.372,1.267,70,54545,190,50.531,2.186,16.841,0.58,True,True,
tg7_P9160496,5-8,7.8,1/60,100,1_reference_A_iso100,rgbwa,1000,562,1.377,54295,189,67.227,1.338,70,54545,190,50.531,2.186,16.696,0.612,True,True,
tg7_P9160601,5-8,7.8,1/15,100,3_scene_card_offcenter,bayer,1600,900,5.965,54470,190,47.589,2.405,70,51652,180,50.962,2.062,-3.373,1.166,False,False,5.744
tg7_P9160601,5-8,7.8,1/15,100,3_scene_card_offcenter,rgbv,1600,900,3.115,54305,189,69.591,1.154,70,51652,180,50.962,2.062,18.629,0.56,True,True,
tg7_P9160601,5-8,7.8,1/15,100,3_scene_card_offcenter,rgbv,1440,810,2.628,54280,189,69.283,1.11,70,51652,180,50.962,2.062,18.321,0.538,True,True,
tg7_P9160601,5-8,7.8,1/15,100,3_scene_card_offcenter,rgbv,1360,764,2.398,54296,189,69.47,1.115,70,51652,180,50.962,2.062,18.508,0.541,True,True,
tg7_P9160601,5-8,7.8,1/15,100,3_scene_card_offcenter,rgbv,1280,720,2.179,53984,188,69.944,1.131,70,51652,180,50.962,2.062,18.982,0.548,True,True,
tg7_P9160601,5-8,7.8,1/15,100,3_scene_card_offcenter,rgbv,1200,674,1.948,54232,189,69.649,1.088,70,51652,180,50.962,2.062,18.687,0.528,True,True,
tg7_P9160601,5-8,7.8,1/15,100,3_scene_card_offcenter,rgbv,1120,630,1.704,54360,189,69.794,1.085,70,51652,180,50.962,2.062,18.832,0.526,True,True,
tg7_P9160601,5-8,7.8,1/15,100,3_scene_card_offcenter,rgbv,1000,562,1.377,54377,189,70.021,1.081,70,51652,180,50.962,2.062,19.059,0.524,True,True,
tg7_P9160601,5-8,7.8,1/15,100,3_scene_card_offcenter,rgbw,1600,900,3.115,54402,189,73.04,1.067,70,51652,180,50.962,2.062,22.078,0.517,True,True,
tg7_P9160601,5-8,7.8,1/15,100,3_scene_card_offcenter,rgbw,1440,810,2.64,54382,189,72.548,1.051,70,51652,180,50.962,2.062,21.586,0.51,True,True,
tg7_P9160601,5-8,7.8,1/15,100,3_scene_card_offcenter,rgbw,1360,764,2.398,54395,189,72.913,1.023,70,51652,180,50.962,2.062,21.951,0.496,True,True,
tg7_P9160601,5-8,7.8,1/15,100,3_scene_card_offcenter,rgbw,1280,720,2.167,54407,189,73.51,1.025,70,51652,180,50.962,2.062,22.548,0.497,True,True,
tg7_P9160601,5-8,7.8,1/15,100,3_scene_card_offcenter,rgbw,1200,674,1.948,54400,189,73.463,1.016,70,51652,180,50.962,2.062,22.501,0.493,True,True,
tg7_P9160601,5-8,7.8,1/15,100,3_scene_card_offcenter,rgbw,1120,630,1.716,54319,189,73.575,1.009,70,51652,180,50.962,2.062,22.613,0.489,True,True,
tg7_P9160601,5-8,7.8,1/15,100,3_scene_card_offcenter,rgbw,1000,562,1.389,54253,189,73.753,1.034,70,51652,180,50.962,2.062,22.791,0.501,True,True,
tg7_P9160601,5-8,7.8,1/15,100,3_scene_card_offcenter,rgbwi,1600,900,2.494,54421,189,71.687,1.066,70,51652,180,50.962,2.062,20.725,0.517,True,True,
tg7_P9160601,5-8,7.8,1/15,100,3_scene_card_offcenter,rgbwi,1440,810,2.119,54211,189,71.795,1.048,70,51652,180,50.962,2.062,20.833,0.508,True,True,
tg7_P9160601,5-8,7.8,1/15,100,3_scene_card_offcenter,rgbwi,1360,764,1.899,54442,190,72.04,1.027,70,51652,180,50.962,2.062,21.078,0.498,True,True,
tg7_P9160601,5-8,7.8,1/15,100,3_scene_card_offcenter,rgbwi,1280,720,1.704,54396,189,72.722,1.021,70,51652,180,50.962,2.062,21.76,0.495,True,True,
tg7_P9160601,5-8,7.8,1/15,100,3_scene_card_offcenter,rgbwi,1200,674,1.534,54460,190,73.117,1.008,70,51652,180,50.962,2.062,22.155,0.489,True,True,
tg7_P9160601,5-8,7.8,1/15,100,3_scene_card_offcenter,rgbwi,1120,630,1.341,54291,189,72.961,0.994,70,51652,180,50.962,2.062,21.999,0.482,True,True,
tg7_P9160601,5-8,7.8,1/15,100,3_scene_card_offcenter,rgbwi,1000,562,1.085,54071,188,73.096,1.017,70,51652,180,50.962,2.062,22.134,0.493,True,True,
tg7_P9160601,5-8,7.8,1/15,100,3_scene_card_offcenter,rgbwa,1600,900,2.689,54403,189,71.991,1.063,70,51652,180,50.962,2.062,21.029,0.516,True,True,
tg7_P9160601,5-8,7.8,1/15,100,3_scene_card_offcenter,rgbwa,1440,810,2.276,54366,189,71.981,1.06,70,51652,180,50.962,2.062,21.019,0.514,True,True,
tg7_P9160601,5-8,7.8,1/15,100,3_scene_card_offcenter,rgbwa,1360,764,2.082,54344,189,72.305,1.031,70,51652,180,50.962,2.062,21.343,0.5,True,True,
tg7_P9160601,5-8,7.8,1/15,100,3_scene_card_offcenter,rgbwa,1280,720,1.85,54250,189,73.038,1.029,70,51652,180,50.962,2.062,22.076,0.499,True,True,
tg7_P9160601,5-8,7.8,1/15,100,3_scene_card_offcenter,rgbwa,1200,674,1.68,54035,188,73.084,1.009,70,51652,180,50.962,2.062,22.122,0.489,True,True,
tg7_P9160601,5-8,7.8,1/15,100,3_scene_card_offcenter,rgbwa,1120,630,1.45,54302,189,73.142,0.995,70,51652,180,50.962,2.062,22.18,0.483,True,True,
tg7_P9160601,5-8,7.8,1/15,100,3_scene_card_offcenter,rgbwa,1000,562,1.17,54436,190,73.463,1.006,70,51652,180,50.962,2.062,22.501,0.488,True,True,
tg7_P9160516,8-11,9.5,1/40,100,1_reference_A_iso100,bayer,1600,900,8.262,54369,189,37.957,3.288,60,49600,173,41.712,2.867,-3.755,1.147,False,False,8.296
tg7_P9160516,8-11,9.5,1/40,100,1_reference_A_iso100,rgbv,1600,900,4.282,54200,189,59.908,1.594,60,49600,173,41.712,2.867,18.196,0.556,True,True,
tg7_P9160516,8-11,9.5,1/40,100,1_reference_A_iso100,rgbv,1440,810,3.529,54198,189,60.345,1.573,60,49600,173,41.712,2.867,18.633,0.549,True,True,
tg7_P9160516,8-11,9.5,1/40,100,1_reference_A_iso100,rgbv,1360,764,3.188,54309,189,60.68,1.563,60,49600,173,41.712,2.867,18.968,0.545,True,True,
tg7_P9160516,8-11,9.5,1/40,100,1_reference_A_iso100,rgbv,1280,720,2.884,54387,189,61.582,1.548,60,49600,173,41.712,2.867,19.87,0.54,True,True,
tg7_P9160516,8-11,9.5,1/40,100,1_reference_A_iso100,rgbv,1200,674,2.628,54460,190,60.876,1.566,60,49600,173,41.712,2.867,19.164,0.546,True,True,
tg7_P9160516,8-11,9.5,1/40,100,1_reference_A_iso100,rgbv,1120,630,2.312,54321,189,60.056,1.581,60,49600,173,41.712,2.867,18.344,0.551,True,True,
tg7_P9160516,8-11,9.5,1/40,100,1_reference_A_iso100,rgbv,1000,562,1.911,54133,188,59.754,1.592,60,49600,173,41.712,2.867,18.042,0.555,True,True,
tg7_P9160516,8-11,9.5,1/40,100,1_reference_A_iso100,rgbw,1600,900,4.306,54265,189,62.382,1.57,60,49600,173,41.712,2.867,20.67,0.548,True,True,
tg7_P9160516,8-11,9.5,1/40,100,1_reference_A_iso100,rgbw,1440,810,3.516,54460,190,63.286,1.532,60,49600,173,41.712,2.867,21.574,0.534,True,True,
tg7_P9160516,8-11,9.5,1/40,100,1_reference_A_iso100,rgbw,1360,764,3.224,54226,189,63.444,1.515,60,49600,173,41.712,2.867,21.732,0.528,True,True,
tg7_P9160516,8-11,9.5,1/40,100,1_reference_A_iso100,rgbw,1280,720,2.896,54334,189,64.416,1.52,60,49600,173,41.712,2.867,22.704,0.53,True,True,
tg7_P9160516,8-11,9.5,1/40,100,1_reference_A_iso100,rgbw,1200,674,2.628,54371,189,64.054,1.501,60,49600,173,41.712,2.867,22.342,0.524,True,True,
tg7_P9160516,8-11,9.5,1/40,100,1_reference_A_iso100,rgbw,1120,630,2.325,54250,189,63.452,1.508,60,49600,173,41.712,2.867,21.74,0.526,True,True,
tg7_P9160516,8-11,9.5,1/40,100,1_reference_A_iso100,rgbw,1000,562,1.911,54263,189,63.147,1.526,60,49600,173,41.712,2.867,21.435,0.532,True,True,
tg7_P9160516,8-11,9.5,1/40,100,1_reference_A_iso100,rgbwi,1600,900,3.589,54415,189,63.456,1.525,60,49600,173,41.712,2.867,21.744,0.532,True,True,
tg7_P9160516,8-11,9.5,1/40,100,1_reference_A_iso100,rgbwi,1440,810,2.994,54388,189,62.438,1.52,60,49600,173,41.712,2.867,20.726,0.53,True,True,
tg7_P9160516,8-11,9.5,1/40,100,1_reference_A_iso100,rgbwi,1360,764,2.726,54228,189,62.335,1.525,60,49600,173,41.712,2.867,20.623,0.532,True,True,
tg7_P9160516,8-11,9.5,1/40,100,1_reference_A_iso100,rgbwi,1280,720,2.446,54394,189,62.966,1.512,60,49600,173,41.712,2.867,21.254,0.527,True,True,
tg7_P9160516,8-11,9.5,1/40,100,1_reference_A_iso100,rgbwi,1200,674,2.24,54259,189,62.847,1.518,60,49600,173,41.712,2.867,21.135,0.529,True,True,
tg7_P9160516,8-11,9.5,1/40,100,1_reference_A_iso100,rgbwi,1120,630,1.972,54390,189,62.348,1.519,60,49600,173,41.712,2.867,20.636,0.53,True,True,
tg7_P9160516,8-11,9.5,1/40,100,1_reference_A_iso100,rgbwi,1000,562,1.607,54341,189,62.342,1.543,60,49600,173,41.712,2.867,20.63,0.538,True,True,
tg7_P9160516,8-11,9.5,1/40,100,1_reference_A_iso100,rgbwa,1600,900,3.711,54445,190,63.905,1.525,60,49600,173,41.712,2.867,22.193,0.532,True,True,
tg7_P9160516,8-11,9.5,1/40,100,1_reference_A_iso100,rgbwa,1440,810,3.067,54397,189,62.547,1.518,60,49600,173,41.712,2.867,20.835,0.529,True,True,
tg7_P9160516,8-11,9.5,1/40,100,1_reference_A_iso100,rgbwa,1360,764,2.811,54432,189,62.62,1.525,60,49600,173,41.712,2.867,20.908,0.532,True,True,
tg7_P9160516,8-11,9.5,1/40,100,1_reference_A_iso100,rgbwa,1280,720,2.531,54342,189,63.277,1.495,60,49600,173,41.712,2.867,21.565,0.521,True,True,
tg7_P9160516,8-11,9.5,1/40,100,1_reference_A_iso100,rgbwa,1200,674,2.3,54299,189,62.809,1.511,60,49600,173,41.712,2.867,21.097,0.527,True,True,
tg7_P9160516,8-11,9.5,1/40,100,1_reference_A_iso100,rgbwa,1120,630,2.033,54247,189,62.29,1.524,60,49600,173,41.712,2.867,20.578,0.532,True,True,
tg7_P9160516,8-11,9.5,1/40,100,1_reference_A_iso100,rgbwa,1000,562,1.656,54421,189,62.239,1.532,60,49600,173,41.712,2.867,20.527,0.534,True,True,
tg7_P9150382,8-11,9.6,1/60,200,2_underwater_preset,bayer,1600,900,6.066,54469,190,31.843,3.292,50,52530,183,35.016,2.972,-3.173,1.108,False,False,6.12
tg7_P9150382,8-11,9.6,1/60,200,2_underwater_preset,rgbv,1600,900,3.249,54297,189,44.313,2.746,50,52530,183,35.016,2.972,9.297,0.924,True,False,
tg7_P9150382,8-11,9.6,1/60,200,2_underwater_preset,rgbv,1440,810,2.75,54464,190,44.002,2.73,50,52530,183,35.016,2.972,8.986,0.919,True,False,
tg7_P9150382,8-11,9.6,1/60,200,2_underwater_preset,rgbv,1360,764,2.518,54244,189,44.212,2.72,50,52530,183,35.016,2.972,9.196,0.915,True,False,
tg7_P9150382,8-11,9.6,1/60,200,2_underwater_preset,rgbv,1280,720,2.264,54336,189,43.753,3.039,50,52530,183,35.016,2.972,8.737,1.023,False,False,
tg7_P9150382,8-11,9.6,1/60,200,2_underwater_preset,rgbv,1200,674,2.045,54185,189,42.673,2.928,50,52530,183,35.016,2.972,7.657,0.985,True,False,
tg7_P9150382,8-11,9.6,1/60,200,2_underwater_preset,rgbv,1120,630,1.801,54455,190,42.794,2.792,50,52530,183,35.016,2.972,7.778,0.939,True,False,
tg7_P9150382,8-11,9.6,1/60,200,2_underwater_preset,rgbv,1000,562,1.462,54241,189,42.108,2.926,50,52530,183,35.016,2.972,7.092,0.985,True,False,
tg7_P9150382,8-11,9.6,1/60,200,2_underwater_preset,rgbw,1600,900,3.358,54315,189,58.716,1.714,50,52530,183,35.016,2.972,23.7,0.577,True,True,
tg7_P9150382,8-11,9.6,1/60,200,2_underwater_preset,rgbw,1440,810,2.86,54305,189,59.06,1.682,50,52530,183,35.016,2.972,24.044,0.566,True,True,
tg7_P9150382,8-11,9.6,1/60,200,2_underwater_preset,rgbw,1360,764,2.592,54431,189,59.239,1.675,50,52530,183,35.016,2.972,24.223,0.564,True,True,
tg7_P9150382,8-11,9.6,1/60,200,2_underwater_preset,rgbw,1280,720,2.337,54430,189,60.351,1.637,50,52530,183,35.016,2.972,25.335,0.551,True,True,
tg7_P9150382,8-11,9.6,1/60,200,2_underwater_preset,rgbw,1200,674,2.107,54316,189,60.348,1.614,50,52530,183,35.016,2.972,25.332,0.543,True,True,
tg7_P9150382,8-11,9.6,1/60,200,2_underwater_preset,rgbw,1120,630,1.863,54266,189,60.159,1.624,50,52530,183,35.016,2.972,25.143,0.546,True,True,
tg7_P9150382,8-11,9.6,1/60,200,2_underwater_preset,rgbw,1000,562,1.498,54225,189,60.484,1.592,50,52530,183,35.016,2.972,25.468,0.536,True,True,
tg7_P9150382,8-11,9.6,1/60,200,2_underwater_preset,rgbwi,1600,900,2.192,54471,190,56.021,1.766,50,52530,183,35.016,2.972,21.005,0.594,True,True,
tg7_P9150382,8-11,9.6,1/60,200,2_underwater_preset,rgbwi,1440,810,1.813,54222,189,56.6,1.733,50,52530,183,35.016,2.972,21.584,0.583,True,True,
tg7_P9150382,8-11,9.6,1/60,200,2_underwater_preset,rgbwi,1360,764,1.643,54331,189,57.284,1.69,50,52530,183,35.016,2.972,22.268,0.569,True,True,
tg7_P9150382,8-11,9.6,1/60,200,2_underwater_preset,rgbwi,1280,720,1.45,54464,190,58.295,1.639,50,52530,183,35.016,2.972,23.279,0.551,True,True,
tg7_P9150382,8-11,9.6,1/60,200,2_underwater_preset,rgbwi,1200,674,1.292,54279,189,58.743,1.674,50,52530,183,35.016,2.972,23.727,0.563,True,True,
tg7_P9150382,8-11,9.6,1/60,200,2_underwater_preset,rgbwi,1120,630,1.145,54176,189,58.789,1.644,50,52530,183,35.016,2.972,23.773,0.553,True,True,
tg7_P9150382,8-11,9.6,1/60,200,2_underwater_preset,rgbwi,1000,562,0.927,54044,188,58.874,1.708,50,52530,183,35.016,2.972,23.858,0.575,True,True,
tg7_P9150382,8-11,9.6,1/60,200,2_underwater_preset,rgbwa,1600,900,3.297,54263,189,58.876,1.734,50,52530,183,35.016,2.972,23.86,0.583,True,True,
tg7_P9150382,8-11,9.6,1/60,200,2_underwater_preset,rgbwa,1440,810,2.823,54403,189,58.88,1.703,50,52530,183,35.016,2.972,23.864,0.573,True,True,
tg7_P9150382,8-11,9.6,1/60,200,2_underwater_preset,rgbwa,1360,764,2.58,54188,189,59.085,1.665,50,52530,183,35.016,2.972,24.069,0.56,True,True,
tg7_P9150382,8-11,9.6,1/60,200,2_underwater_preset,rgbwa,1280,720,2.325,54243,189,60.088,1.632,50,52530,183,35.016,2.972,25.072,0.549,True,True,
tg7_P9150382,8-11,9.6,1/60,200,2_underwater_preset,rgbwa,1200,674,2.082,54443,190,60.309,1.623,50,52530,183,35.016,2.972,25.293,0.546,True,True,
tg7_P9150382,8-11,9.6,1/60,200,2_underwater_preset,rgbwa,1120,630,1.85,54228,189,60.207,1.63,50,52530,183,35.016,2.972,25.191,0.548,True,True,
tg7_P9150382,8-11,9.6,1/60,200,2_underwater_preset,rgbwa,1000,562,1.486,54177,189,60.5,1.594,50,52530,183,35.016,2.972,25.484,0.536,True,True,
tg7_P9160544,8-11,10.2,1/200,100,1_reference_A_iso100,bayer,1600,900,11.159,54419,189,16.178,4.102,50,52103,181,26.455,2.651,-10.277,1.547,False,False,11.259
tg7_P9160544,8-11,10.2,1/200,100,1_reference_A_iso100,rgbv,1600,900,5.924,54403,189,37.183,2.263,50,52103,181,26.455,2.651,10.728,0.854,True,True,
tg7_P9160544,8-11,10.2,1/200,100,1_reference_A_iso100,rgbv,1440,810,4.841,54454,190,35.02,2.266,50,52103,181,26.455,2.651,8.565,0.855,True,True,
tg7_P9160544,8-11,10.2,1/200,100,1_reference_A_iso100,rgbv,1360,764,4.294,54222,189,35.644,2.24,50,52103,181,26.455,2.651,9.189,0.845,True,True,
tg7_P9160544,8-11,10.2,1/200,100,1_reference_A_iso100,rgbv,1280,720,3.821,54471,190,41.998,2.097,50,52103,181,26.455,2.651,15.543,0.791,True,True,
tg7_P9160544,8-11,10.2,1/200,100,1_reference_A_iso100,rgbv,1200,674,3.37,54457,190,41.497,2.104,50,52103,181,26.455,2.651,15.042,0.794,True,True,
tg7_P9160544,8-11,10.2,1/200,100,1_reference_A_iso100,rgbv,1120,630,3.018,54304,189,41.114,2.092,50,52103,181,26.455,2.651,14.659,0.789,True,True,
tg7_P9160544,8-11,10.2,1/200,100,1_reference_A_iso100,rgbv,1000,562,2.47,54327,189,40.425,2.099,50,52103,181,26.455,2.651,13.97,0.792,True,True,
tg7_P9160544,8-11,10.2,1/200,100,1_reference_A_iso100,rgbw,1600,900,5.948,54243,189,41.175,2.195,50,52103,181,26.455,2.651,14.72,0.828,True,True,
tg7_P9160544,8-11,10.2,1/200,100,1_reference_A_iso100,rgbw,1440,810,4.866,54355,189,39.275,2.195,50,52103,181,26.455,2.651,12.82,0.828,True,True,
tg7_P9160544,8-11,10.2,1/200,100,1_reference_A_iso100,rgbw,1360,764,4.319,54241,189,39.883,2.173,50,52103,181,26.455,2.651,13.428,0.82,True,True,
tg7_P9160544,8-11,10.2,1/200,100,1_reference_A_iso100,rgbw,1280,720,3.845,54426,189,45.546,2.044,50,52103,181,26.455,2.651,19.091,0.771,True,True,
tg7_P9160544,8-11,10.2,1/200,100,1_reference_A_iso100,rgbw,1200,674,3.395,54302,189,45.432,2.033,50,52103,181,26.455,2.651,18.977,0.767,True,True,
tg7_P9160544,8-11,10.2,1/200,100,1_reference_A_iso100,rgbw,1120,630,3.03,54475,190,45.124,2.019,50,52103,181,26.455,2.651,18.669,0.762,True,True,
tg7_P9160544,8-11,10.2,1/200,100,1_reference_A_iso100,rgbw,1000,562,2.482,54385,189,44.562,2.034,50,52103,181,26.455,2.651,18.107,0.767,True,True,
tg7_P9160544,8-11,10.2,1/200,100,1_reference_A_iso100,rgbwi,1600,900,4.963,54214,189,40.577,2.169,50,52103,181,26.455,2.651,14.122,0.818,True,True,
tg7_P9160544,8-11,10.2,1/200,100,1_reference_A_iso100,rgbwi,1440,810,4.014,54381,189,38.934,2.182,50,52103,181,26.455,2.651,12.479,0.823,True,True,
tg7_P9160544,8-11,10.2,1/200,100,1_reference_A_iso100,rgbwi,1360,764,3.577,54367,189,43.649,2.042,50,52103,181,26.455,2.651,17.194,0.77,True,True,
tg7_P9160544,8-11,10.2,1/200,100,1_reference_A_iso100,rgbwi,1280,720,3.224,54280,189,44.967,2.033,50,52103,181,26.455,2.651,18.512,0.767,True,True,
tg7_P9160544,8-11,10.2,1/200,100,1_reference_A_iso100,rgbwi,1200,674,2.932,54284,189,44.778,2.027,50,52103,181,26.455,2.651,18.323,0.765,True,True,
tg7_P9160544,8-11,10.2,1/200,100,1_reference_A_iso100,rgbwi,1120,630,2.604,54381,189,44.446,2.028,50,52103,181,26.455,2.651,17.991,0.765,True,True,
tg7_P9160544,8-11,10.2,1/200,100,1_reference_A_iso100,rgbwi,1000,562,2.131,54198,189,43.723,2.054,50,52103,181,26.455,2.651,17.268,0.775,True,True,
tg7_P9160544,8-11,10.2,1/200,100,1_reference_A_iso100,rgbwa,1600,900,5.098,54428,189,41.051,2.168,50,52103,181,26.455,2.651,14.596,0.818,True,True,
tg7_P9160544,8-11,10.2,1/200,100,1_reference_A_iso100,rgbwa,1440,810,4.16,54457,190,38.873,2.191,50,52103,181,26.455,2.651,12.418,0.826,True,True,
tg7_P9160544,8-11,10.2,1/200,100,1_reference_A_iso100,rgbwa,1360,764,3.723,54346,189,43.705,2.056,50,52103,181,26.455,2.651,17.25,0.776,True,True,
tg7_P9160544,8-11,10.2,1/200,100,1_reference_A_iso100,rgbwa,1280,720,3.297,54428,189,45.081,2.038,50,52103,181,26.455,2.651,18.626,0.769,True,True,
tg7_P9160544,8-11,10.2,1/200,100,1_reference_A_iso100,rgbwa,1200,674,3.006,54418,189,45.059,2.017,50,52103,181,26.455,2.651,18.604,0.761,True,True,
tg7_P9160544,8-11,10.2,1/200,100,1_reference_A_iso100,rgbwa,1120,630,2.665,54472,190,44.731,2.018,50,52103,181,26.455,2.651,18.276,0.761,True,True,
tg7_P9160544,8-11,10.2,1/200,100,1_reference_A_iso100,rgbwa,1000,562,2.192,54454,190,44.069,2.047,50,52103,181,26.455,2.651,17.614,0.772,True,True,
tg7_P9160650,8-11,10.4,1/60,400,2_underwater_preset,bayer,1600,900,4.523,54317,189,26.2,2.862,50,48603,169,13.608,3.431,12.592,0.834,True,True,4.516
tg7_P9160650,8-11,10.4,1/60,400,2_underwater_preset,rgbv,1600,900,2.969,54315,189,34.158,2.508,50,48603,169,13.608,3.431,20.55,0.731,True,True,
tg7_P9160650,8-11,10.4,1/60,400,2_underwater_preset,rgbv,1440,810,2.531,54432,189,35.562,2.338,50,48603,169,13.608,3.431,21.954,0.681,True,True,
tg7_P9160650,8-11,10.4,1/60,400,2_underwater_preset,rgbv,1360,764,2.312,54393,189,35.969,2.487,50,48603,169,13.608,3.431,22.361,0.725,True,True,
tg7_P9160650,8-11,10.4,1/60,400,2_underwater_preset,rgbv,1280,720,2.107,54269,189,37.013,2.586,50,48603,169,13.608,3.431,23.405,0.754,True,True,
tg7_P9160650,8-11,10.4,1/60,400,2_underwater_preset,rgbv,1200,674,1.875,54275,189,36.224,2.446,50,48603,169,13.608,3.431,22.616,0.713,True,True,
tg7_P9160650,8-11,10.4,1/60,400,2_underwater_preset,rgbv,1120,630,1.631,54365,189,36.803,2.407,50,48603,169,13.608,3.431,23.195,0.702,True,True,
tg7_P9160650,8-11,10.4,1/60,400,2_underwater_preset,rgbv,1000,562,1.304,54338,189,36.766,2.359,50,48603,169,13.608,3.431,23.158,0.688,True,True,
tg7_P9160650,8-11,10.4,1/60,400,2_underwater_preset,rgbw,1600,900,3.2,54421,189,45.203,1.943,50,48603,169,13.608,3.431,31.595,0.566,True,True,
tg7_P9160650,8-11,10.4,1/60,400,2_underwater_preset,rgbw,1440,810,2.726,54436,190,45.856,1.916,50,48603,169,13.608,3.431,32.248,0.558,True,True,
tg7_P9160650,8-11,10.4,1/60,400,2_underwater_preset,rgbw,1360,764,2.494,54378,189,46.929,1.846,50,48603,169,13.608,3.431,33.321,0.538,True,True,
tg7_P9160650,8-11,10.4,1/60,400,2_underwater_preset,rgbw,1280,720,2.276,54371,189,48.159,1.883,50,48603,169,13.608,3.431,34.551,0.549,True,True,
tg7_P9160650,8-11,10.4,1/60,400,2_underwater_preset,rgbw,1200,674,2.033,54398,189,48.376,1.841,50,48603,169,13.608,3.431,34.768,0.537,True,True,
tg7_P9160650,8-11,10.4,1/60,400,2_underwater_preset,rgbw,1120,630,1.789,54176,189,48.277,2.001,50,48603,169,13.608,3.431,34.669,0.583,True,True,
tg7_P9160650,8-11,10.4,1/60,400,2_underwater_preset,rgbw,1000,562,1.425,54472,190,49.195,1.847,50,48603,169,13.608,3.431,35.587,0.538,True,True,
tg7_P9160650,8-11,10.4,1/60,400,2_underwater_preset,rgbwi,1600,900,1.911,54202,189,41.305,1.934,50,48603,169,13.608,3.431,27.697,0.564,True,True,
tg7_P9160650,8-11,10.4,1/60,400,2_underwater_preset,rgbwi,1440,810,1.571,54253,189,43.411,1.864,50,48603,169,13.608,3.431,29.803,0.543,True,True,
tg7_P9160650,8-11,10.4,1/60,400,2_underwater_preset,rgbwi,1360,764,1.401,54437,190,44.77,1.842,50,48603,169,13.608,3.431,31.162,0.537,True,True,
tg7_P9160650,8-11,10.4,1/60,400,2_underwater_preset,rgbwi,1280,720,1.254,54384,189,46.3,1.809,50,48603,169,13.608,3.431,32.692,0.527,True,True,
tg7_P9160650,8-11,10.4,1/60,400,2_underwater_preset,rgbwi,1200,674,1.121,54011,188,46.973,1.826,50,48603,169,13.608,3.431,33.365,0.532,True,True,
tg7_P9160650,8-11,10.4,1/60,400,2_underwater_preset,rgbwi,1120,630,0.976,53979,188,46.868,1.828,50,48603,169,13.608,3.431,33.26,0.533,True,True,
tg7_P9160650,8-11,10.4,1/60,400,2_underwater_preset,rgbwi,1000,562,0.792,54186,189,47.871,1.817,50,48603,169,13.608,3.431,34.263,0.53,True,True,
tg7_P9160650,8-11,10.4,1/60,400,2_underwater_preset,rgbwa,1600,900,2.592,54277,189,43.408,1.903,50,48603,169,13.608,3.431,29.8,0.555,True,True,
tg7_P9160650,8-11,10.4,1/60,400,2_underwater_preset,rgbwa,1440,810,2.204,54336,189,44.934,1.832,50,48603,169,13.608,3.431,31.326,0.534,True,True,
tg7_P9160650,8-11,10.4,1/60,400,2_underwater_preset,rgbwa,1360,764,2.021,54111,188,45.574,1.824,50,48603,169,13.608,3.431,31.966,0.532,True,True,
tg7_P9160650,8-11,10.4,1/60,400,2_underwater_preset,rgbwa,1280,720,1.813,54158,189,47.046,1.788,50,48603,169,13.608,3.431,33.438,0.521,True,True,
tg7_P9160650,8-11,10.4,1/60,400,2_underwater_preset,rgbwa,1200,674,1.619,54385,189,47.87,1.804,50,48603,169,13.608,3.431,34.262,0.526,True,True,
tg7_P9160650,8-11,10.4,1/60,400,2_underwater_preset,rgbwa,1120,630,1.413,54142,188,47.948,1.786,50,48603,169,13.608,3.431,34.34,0.521,True,True,
tg7_P9160650,8-11,10.4,1/60,400,2_underwater_preset,rgbwa,1000,562,1.145,54346,189,48.866,1.783,50,48603,169,13.608,3.431,35.258,0.52,True,True,
tg7_P9150374,8-11,10.7,1/60,160,2_underwater_preset,bayer,1600,900,5.862,54147,189,45.591,3.0,50,49033,171,33.668,3.112,11.923,0.964,True,False,5.652
tg7_P9150374,8-11,10.7,1/60,160,2_underwater_preset,rgbv,1600,900,2.982,54450,190,54.653,2.238,50,49033,171,33.668,3.112,20.985,0.719,True,True,
tg7_P9150374,8-11,10.7,1/60,160,2_underwater_preset,rgbv,1440,810,2.531,54454,190,54.478,2.055,50,49033,171,33.668,3.112,20.81,0.66,True,True,
tg7_P9150374,8-11,10.7,1/60,160,2_underwater_preset,rgbv,1360,764,2.3,54408,189,53.601,2.144,50,49033,171,33.668,3.112,19.933,0.689,True,True,
tg7_P9150374,8-11,10.7,1/60,160,2_underwater_preset,rgbv,1280,720,2.094,54249,189,53.923,2.22,50,49033,171,33.668,3.112,20.255,0.713,True,True,
tg7_P9150374,8-11,10.7,1/60,160,2_underwater_preset,rgbv,1200,674,1.887,54364,189,53.86,2.184,50,49033,171,33.668,3.112,20.192,0.702,True,True,
tg7_P9150374,8-11,10.7,1/60,160,2_underwater_preset,rgbv,1120,630,1.668,54400,189,53.643,2.109,50,49033,171,33.668,3.112,19.975,0.678,True,True,
tg7_P9150374,8-11,10.7,1/60,160,2_underwater_preset,rgbv,1000,562,1.353,54081,188,53.935,2.308,50,49033,171,33.668,3.112,20.267,0.742,True,True,
tg7_P9150374,8-11,10.7,1/60,160,2_underwater_preset,rgbw,1600,900,3.139,54394,189,65.456,1.59,50,49033,171,33.668,3.112,31.788,0.511,True,True,
tg7_P9150374,8-11,10.7,1/60,160,2_underwater_preset,rgbw,1440,810,2.652,54391,189,64.978,1.536,50,49033,171,33.668,3.112,31.31,0.494,True,True,
tg7_P9150374,8-11,10.7,1/60,160,2_underwater_preset,rgbw,1360,764,2.41,54185,189,65.358,1.536,50,49033,171,33.668,3.112,31.69,0.494,True,True,
tg7_P9150374,8-11,10.7,1/60,160,2_underwater_preset,rgbw,1280,720,2.192,54360,189,65.911,1.59,50,49033,171,33.668,3.112,32.243,0.511,True,True,
tg7_P9150374,8-11,10.7,1/60,160,2_underwater_preset,rgbw,1200,674,1.984,54267,189,65.873,1.55,50,49033,171,33.668,3.112,32.205,0.498,True,True,
tg7_P9150374,8-11,10.7,1/60,160,2_underwater_preset,rgbw,1120,630,1.753,54287,189,65.849,1.543,50,49033,171,33.668,3.112,32.181,0.496,True,True,
tg7_P9150374,8-11,10.7,1/60,160,2_underwater_preset,rgbw,1000,562,1.401,54341,189,66.137,1.554,50,49033,171,33.668,3.112,32.469,0.499,True,True,
tg7_P9150374,8-11,10.7,1/60,160,2_underwater_preset,rgbwi,1600,900,2.008,54162,189,63.667,1.587,50,49033,171,33.668,3.112,29.999,0.51,True,True,
tg7_P9150374,8-11,10.7,1/60,160,2_underwater_preset,rgbwi,1440,810,1.643,54382,189,64.259,1.55,50,49033,171,33.668,3.112,30.591,0.498,True,True,
tg7_P9150374,8-11,10.7,1/60,160,2_underwater_preset,rgbwi,1360,764,1.474,54181,189,64.471,1.533,50,49033,171,33.668,3.112,30.803,0.493,True,True,
tg7_P9150374,8-11,10.7,1/60,160,2_underwater_preset,rgbwi,1280,720,1.316,54405,189,65.206,1.544,50,49033,171,33.668,3.112,31.538,0.496,True,True,
tg7_P9150374,8-11,10.7,1/60,160,2_underwater_preset,rgbwi,1200,674,1.194,54167,189,65.514,1.543,50,49033,171,33.668,3.112,31.846,0.496,True,True,
tg7_P9150374,8-11,10.7,1/60,160,2_underwater_preset,rgbwi,1120,630,1.048,54107,188,64.975,1.55,50,49033,171,33.668,3.112,31.307,0.498,True,True,
tg7_P9150374,8-11,10.7,1/60,160,2_underwater_preset,rgbwi,1000,562,0.853,54334,189,65.423,1.562,50,49033,171,33.668,3.112,31.755,0.502,True,True,
tg7_P9150374,8-11,10.7,1/60,160,2_underwater_preset,rgbwa,1600,900,2.944,54465,190,65.679,1.568,50,49033,171,33.668,3.112,32.011,0.504,True,True,
tg7_P9150374,8-11,10.7,1/60,160,2_underwater_preset,rgbwa,1440,810,2.47,54393,189,65.217,1.536,50,49033,171,33.668,3.112,31.549,0.494,True,True,
tg7_P9150374,8-11,10.7,1/60,160,2_underwater_preset,rgbwa,1360,764,2.252,54311,189,65.534,1.537,50,49033,171,33.668,3.112,31.866,0.494,True,True,
tg7_P9150374,8-11,10.7,1/60,160,2_underwater_preset,rgbwa,1280,720,2.033,54405,189,66.112,1.518,50,49033,171,33.668,3.112,32.444,0.488,True,True,
tg7_P9150374,8-11,10.7,1/60,160,2_underwater_preset,rgbwa,1200,674,1.837,54390,189,66.223,1.516,50,49033,171,33.668,3.112,32.555,0.487,True,True,
tg7_P9150374,8-11,10.7,1/60,160,2_underwater_preset,rgbwa,1120,630,1.631,54263,189,66.118,1.52,50,49033,171,33.668,3.112,32.45,0.488,True,True,
tg7_P9150374,8-11,10.7,1/60,160,2_underwater_preset,rgbwa,1000,562,1.304,54212,189,66.369,1.517,50,49033,171,33.668,3.112,32.701,0.487,True,True,
tg7_P9160527,8-11,10.8,1/80,100,1_reference_A_iso100,bayer,1600,900,8.088,54429,189,11.201,4.214,50,53987,188,22.623,2.71,-11.422,1.555,False,False,8.324
tg7_P9160527,8-11,10.8,1/80,100,1_reference_A_iso100,rgbv,1600,900,4.817,54363,189,30.171,2.486,50,53987,188,22.623,2.71,7.548,0.917,True,False,
tg7_P9160527,8-11,10.8,1/80,100,1_reference_A_iso100,rgbv,1440,810,3.929,54451,190,33.248,2.37,50,53987,188,22.623,2.71,10.625,0.875,True,True,
tg7_P9160527,8-11,10.8,1/80,100,1_reference_A_iso100,rgbv,1360,764,3.516,54450,190,33.263,2.35,50,53987,188,22.623,2.71,10.64,0.867,True,True,
tg7_P9160527,8-11,10.8,1/80,100,1_reference_A_iso100,rgbv,1280,720,3.163,54436,190,34.956,2.348,50,53987,188,22.623,2.71,12.333,0.866,True,True,
tg7_P9160527,8-11,10.8,1/80,100,1_reference_A_iso100,rgbv,1200,674,2.86,54365,189,34.39,2.279,50,53987,188,22.623,2.71,11.767,0.841,True,True,
tg7_P9160527,8-11,10.8,1/80,100,1_reference_A_iso100,rgbv,1120,630,2.543,54402,189,33.912,2.371,50,53987,188,22.623,2.71,11.289,0.875,True,True,
tg7_P9160527,8-11,10.8,1/80,100,1_reference_A_iso100,rgbv,1000,562,2.069,54385,189,33.529,2.438,50,53987,188,22.623,2.71,10.906,0.9,True,True,
tg7_P9160527,8-11,10.8,1/80,100,1_reference_A_iso100,rgbw,1600,900,4.866,54235,189,35.119,2.428,50,53987,188,22.623,2.71,12.496,0.896,True,True,
tg7_P9160527,8-11,10.8,1/80,100,1_reference_A_iso100,rgbw,1440,810,3.954,54428,189,38.122,2.324,50,53987,188,22.623,2.71,15.499,0.858,True,True,
tg7_P9160527,8-11,10.8,1/80,100,1_reference_A_iso100,rgbw,1360,764,3.553,54336,189,38.192,2.314,50,53987,188,22.623,2.71,15.569,0.854,True,True,
tg7_P9160527,8-11,10.8,1/80,100,1_reference_A_iso100,rgbw,1280,720,3.188,54368,189,40.195,2.252,50,53987,188,22.623,2.71,17.572,0.831,True,True,
tg7_P9160527,8-11,10.8,1/80,100,1_reference_A_iso100,rgbw,1200,674,2.896,54419,189,39.327,2.267,50,53987,188,22.623,2.71,16.704,0.837,True,True,
tg7_P9160527,8-11,10.8,1/80,100,1_reference_A_iso100,rgbw,1120,630,2.568,54372,189,39.115,2.166,50,53987,188,22.623,2.71,16.492,0.799,True,True,
tg7_P9160527,8-11,10.8,1/80,100,1_reference_A_iso100,rgbw,1000,562,2.094,54357,189,38.726,2.493,50,53987,188,22.623,2.71,16.103,0.92,True,False,
tg7_P9160527,8-11,10.8,1/80,100,1_reference_A_iso100,rgbwi,1600,900,3.978,54268,189,39.289,2.331,50,53987,188,22.623,2.71,16.666,0.86,True,True,
tg7_P9160527,8-11,10.8,1/80,100,1_reference_A_iso100,rgbwi,1440,810,3.249,54301,189,37.241,2.302,50,53987,188,22.623,2.71,14.618,0.849,True,True,
tg7_P9160527,8-11,10.8,1/80,100,1_reference_A_iso100,rgbwi,1360,764,2.969,54416,189,37.733,2.301,50,53987,188,22.623,2.71,15.11,0.849,True,True,
tg7_P9160527,8-11,10.8,1/80,100,1_reference_A_iso100,rgbwi,1280,720,2.677,54346,189,39.074,2.158,50,53987,188,22.623,2.71,16.451,0.796,True,True,
tg7_P9160527,8-11,10.8,1/80,100,1_reference_A_iso100,rgbwi,1200,674,2.41,54416,189,38.385,2.173,50,53987,188,22.623,2.71,15.762,0.802,True,True,
tg7_P9160527,8-11,10.8,1/80,100,1_reference_A_iso100,rgbwi,1120,630,2.143,54453,190,37.946,2.188,50,53987,188,22.623,2.71,15.323,0.807,True,True,
tg7_P9160527,8-11,10.8,1/80,100,1_reference_A_iso100,rgbwi,1000,562,1.728,54346,189,37.694,2.437,50,53987,188,22.623,2.71,15.071,0.899,True,True,
tg7_P9160527,8-11,10.8,1/80,100,1_reference_A_iso100,rgbwa,1600,900,4.551,54355,189,34.76,2.444,50,53987,188,22.623,2.71,12.137,0.902,True,False,
tg7_P9160527,8-11,10.8,1/80,100,1_reference_A_iso100,rgbwa,1440,810,3.747,54378,189,38.036,2.349,50,53987,188,22.623,2.71,15.413,0.867,True,True,
tg7_P9160527,8-11,10.8,1/80,100,1_reference_A_iso100,rgbwa,1360,764,3.358,54452,190,38.133,2.257,50,53987,188,22.623,2.71,15.51,0.833,True,True,
tg7_P9160527,8-11,10.8,1/80,100,1_reference_A_iso100,rgbwa,1280,720,3.042,54374,189,39.707,2.231,50,53987,188,22.623,2.71,17.084,0.823,True,True,
tg7_P9160527,8-11,10.8,1/80,100,1_reference_A_iso100,rgbwa,1200,674,2.75,54323,189,39.172,2.259,50,53987,188,22.623,2.71,16.549,0.834,True,True,
tg7_P9160527,8-11,10.8,1/80,100,1_reference_A_iso100,rgbwa,1120,630,2.434,54331,189,38.56,2.185,50,53987,188,22.623,2.71,15.937,0.806,True,True,
tg7_P9160527,8-11,10.8,1/80,100,1_reference_A_iso100,rgbwa,1000,562,1.996,54204,189,38.235,2.443,50,53987,188,22.623,2.71,15.612,0.901,True,False,
tg7_P9160481,11-14,11.1,1/80,100,1_reference_A_iso100,bayer,1600,900,8.569,54470,190,40.266,3.252,70,56073,195,49.705,2.237,-9.439,1.454,False,False,8.545
tg7_P9160481,11-14,11.1,1/80,100,1_reference_A_iso100,rgbv,1600,900,3.821,54444,190,63.548,1.531,70,56073,195,49.705,2.237,13.843,0.684,True,True,
tg7_P9160481,11-14,11.1,1/80,100,1_reference_A_iso100,rgbv,1440,810,3.188,54464,190,61.133,1.581,70,56073,195,49.705,2.237,11.428,0.707,True,True,
tg7_P9160481,11-14,11.1,1/80,100,1_reference_A_iso100,rgbv,1360,764,2.908,54235,189,61.212,1.577,70,56073,195,49.705,2.237,11.507,0.705,True,True,
tg7_P9160481,11-14,11.1,1/80,100,1_reference_A_iso100,rgbv,1280,720,2.58,54421,189,62.325,1.559,70,56073,195,49.705,2.237,12.62,0.697,True,True,
tg7_P9160481,11-14,11.1,1/80,100,1_reference_A_iso100,rgbv,1200,674,2.325,54467,190,61.649,1.605,70,56073,195,49.705,2.237,11.944,0.717,True,True,
tg7_P9160481,11-14,11.1,1/80,100,1_reference_A_iso100,rgbv,1120,630,2.082,54432,189,60.593,1.602,70,56073,195,49.705,2.237,10.888,0.716,True,True,
tg7_P9160481,11-14,11.1,1/80,100,1_reference_A_iso100,rgbv,1000,562,1.68,54252,189,60.281,1.639,70,56073,195,49.705,2.237,10.576,0.733,True,True,
tg7_P9160481,11-14,11.1,1/80,100,1_reference_A_iso100,rgbw,1600,900,3.893,54331,189,66.115,1.467,70,56073,195,49.705,2.237,16.41,0.656,True,True,
tg7_P9160481,11-14,11.1,1/80,100,1_reference_A_iso100,rgbw,1440,810,3.237,54435,190,63.996,1.505,70,56073,195,49.705,2.237,14.291,0.673,True,True,
tg7_P9160481,11-14,11.1,1/80,100,1_reference_A_iso100,rgbw,1360,764,2.944,54296,189,64.166,1.526,70,56073,195,49.705,2.237,14.461,0.682,True,True,
tg7_P9160481,11-14,11.1,1/80,100,1_reference_A_iso100,rgbw,1280,720,2.616,54218,189,65.239,1.491,70,56073,195,49.705,2.237,15.534,0.667,True,True,
tg7_P9160481,11-14,11.1,1/80,100,1_reference_A_iso100,rgbw,1200,674,2.362,54331,189,64.803,1.507,70,56073,195,49.705,2.237,15.098,0.674,True,True,
tg7_P9160481,11-14,11.1,1/80,100,1_reference_A_iso100,rgbw,1120,630,2.119,54297,189,63.963,1.531,70,56073,195,49.705,2.237,14.258,0.684,True,True,
tg7_P9160481,11-14,11.1,1/80,100,1_reference_A_iso100,rgbw,1000,562,1.716,54236,189,64.092,1.554,70,56073,195,49.705,2.237,14.387,0.695,True,True,
tg7_P9160481,11-14,11.1,1/80,100,1_reference_A_iso100,rgbwi,1600,900,3.249,54427,189,64.826,1.487,70,56073,195,49.705,2.237,15.121,0.665,True,True,
tg7_P9160481,11-14,11.1,1/80,100,1_reference_A_iso100,rgbwi,1440,810,2.75,54442,190,62.844,1.501,70,56073,195,49.705,2.237,13.139,0.671,True,True,
tg7_P9160481,11-14,11.1,1/80,100,1_reference_A_iso100,rgbwi,1360,764,2.47,54426,189,62.901,1.504,70,56073,195,49.705,2.237,13.196,0.672,True,True,
tg7_P9160481,11-14,11.1,1/80,100,1_reference_A_iso100,rgbwi,1280,720,2.204,54314,189,63.993,1.505,70,56073,195,49.705,2.237,14.288,0.673,True,True,
tg7_P9160481,11-14,11.1,1/80,100,1_reference_A_iso100,rgbwi,1200,674,1.984,54468,190,64.016,1.512,70,56073,195,49.705,2.237,14.311,0.676,True,True,
tg7_P9160481,11-14,11.1,1/80,100,1_reference_A_iso100,rgbwi,1120,630,1.765,54457,190,63.321,1.514,70,56073,195,49.705,2.237,13.616,0.677,True,True,
tg7_P9160481,11-14,11.1,1/80,100,1_reference_A_iso100,rgbwi,1000,562,1.413,54299,189,63.322,1.55,70,56073,195,49.705,2.237,13.617,0.693,True,True,
tg7_P9160481,11-14,11.1,1/80,100,1_reference_A_iso100,rgbwa,1600,900,3.321,54302,189,65.041,1.479,70,56073,195,49.705,2.237,15.336,0.661,True,True,
tg7_P9160481,11-14,11.1,1/80,100,1_reference_A_iso100,rgbwa,1440,810,2.848,53771,187,63.093,1.511,70,56073,195,49.705,2.237,13.388,0.675,True,True,
tg7_P9160481,11-14,11.1,1/80,100,1_reference_A_iso100,rgbwa,1360,764,2.556,54235,189,63.207,1.498,70,56073,195,49.705,2.237,13.502,0.67,True,True,
tg7_P9160481,11-14,11.1,1/80,100,1_reference_A_iso100,rgbwa,1280,720,2.252,54388,189,64.247,1.528,70,56073,195,49.705,2.237,14.542,0.683,True,True,
tg7_P9160481,11-14,11.1,1/80,100,1_reference_A_iso100,rgbwa,1200,674,2.045,54195,189,63.993,1.508,70,56073,195,49.705,2.237,14.288,0.674,True,True,
tg7_P9160481,11-14,11.1,1/80,100,1_reference_A_iso100,rgbwa,1120,630,1.813,54348,189,63.389,1.523,70,56073,195,49.705,2.237,13.684,0.681,True,True,
tg7_P9160481,11-14,11.1,1/80,100,1_reference_A_iso100,rgbwa,1000,562,1.462,54261,189,63.185,1.547,70,56073,195,49.705,2.237,13.48,0.692,True,True,
tg7_P9160546,11-14,11.1,1/320,100,1_reference_A_iso100,bayer,1600,900,3.971,54441,190,64.353,1.964,80,49682,173,65.679,1.617,-1.326,1.215,False,False,3.983
tg7_P9160546,11-14,11.1,1/320,100,1_reference_A_iso100,rgbv,1600,900,2.398,54213,189,72.955,1.204,80,49682,173,65.679,1.617,7.276,0.745,True,True,
tg7_P9160546,11-14,11.1,1/320,100,1_reference_A_iso100,rgbv,1440,810,1.948,54348,189,72.38,1.217,80,49682,173,65.679,1.617,6.701,0.753,True,True,
tg7_P9160546,11-14,11.1,1/320,100,1_reference_A_iso100,rgbv,1360,764,1.789,54419,189,72.971,1.224,80,49682,173,65.679,1.617,7.292,0.757,True,True,
tg7_P9160546,11-14,11.1,1/320,100,1_reference_A_iso100,rgbv,1280,720,1.643,54188,189,72.842,1.22,80,49682,173,65.679,1.617,7.163,0.754,True,True,
tg7_P9160546,11-14,11.1,1/320,100,1_reference_A_iso100,rgbv,1200,674,1.474,54284,189,72.618,1.234,80,49682,173,65.679,1.617,6.939,0.763,True,True,
tg7_P9160546,11-14,11.1,1/320,100,1_reference_A_iso100,rgbv,1120,630,1.28,54203,189,72.8,1.207,80,49682,173,65.679,1.617,7.121,0.746,True,True,
tg7_P9160546,11-14,11.1,1/320,100,1_reference_A_iso100,rgbv,1000,562,1.012,54402,189,73.387,1.201,80,49682,173,65.679,1.617,7.708,0.743,True,True,
tg7_P9160546,11-14,11.1,1/320,100,1_reference_A_iso100,rgbw,1600,900,2.422,54171,189,74.136,1.136,80,49682,173,65.679,1.617,8.457,0.703,True,True,
tg7_P9160546,11-14,11.1,1/320,100,1_reference_A_iso100,rgbw,1440,810,1.96,54343,189,73.749,1.162,80,49682,173,65.679,1.617,8.07,0.719,True,True,
tg7_P9160546,11-14,11.1,1/320,100,1_reference_A_iso100,rgbw,1360,764,1.813,54291,189,73.907,1.185,80,49682,173,65.679,1.617,8.228,0.733,True,True,
tg7_P9160546,11-14,11.1,1/320,100,1_reference_A_iso100,rgbw,1280,720,1.643,54463,190,74.029,1.168,80,49682,173,65.679,1.617,8.35,0.722,True,True,
tg7_P9160546,11-14,11.1,1/320,100,1_reference_A_iso100,rgbw,1200,674,1.498,54039,188,73.905,1.191,80,49682,173,65.679,1.617,8.226,0.737,True,True,
tg7_P9160546,11-14,11.1,1/320,100,1_reference_A_iso100,rgbw,1120,630,1.292,54358,189,73.976,1.171,80,49682,173,65.679,1.617,8.297,0.724,True,True,
tg7_P9160546,11-14,11.1,1/320,100,1_reference_A_iso100,rgbw,1000,562,1.024,54474,190,74.395,1.181,80,49682,173,65.679,1.617,8.716,0.73,True,True,
tg7_P9160546,11-14,11.1,1/320,100,1_reference_A_iso100,rgbwi,1600,900,1.984,54083,188,73.637,1.15,80,49682,173,65.679,1.617,7.958,0.711,True,True,
tg7_P9160546,11-14,11.1,1/320,100,1_reference_A_iso100,rgbwi,1440,810,1.583,54436,190,73.473,1.183,80,49682,173,65.679,1.617,7.794,0.732,True,True,
tg7_P9160546,11-14,11.1,1/320,100,1_reference_A_iso100,rgbwi,1360,764,1.45,54219,189,73.548,1.186,80,49682,173,65.679,1.617,7.869,0.733,True,True,
tg7_P9160546,11-14,11.1,1/320,100,1_reference_A_iso100,rgbwi,1280,720,1.316,54219,189,74.034,1.189,80,49682,173,65.679,1.617,8.355,0.735,True,True,
tg7_P9160546,11-14,11.1,1/320,100,1_reference_A_iso100,rgbwi,1200,674,1.194,54377,189,73.927,1.186,80,49682,173,65.679,1.617,8.248,0.733,True,True,
tg7_P9160546,11-14,11.1,1/320,100,1_reference_A_iso100,rgbwi,1120,630,1.036,54091,188,74.08,1.171,80,49682,173,65.679,1.617,8.401,0.724,True,True,
tg7_P9160546,11-14,11.1,1/320,100,1_reference_A_iso100,rgbwi,1000,562,0.841,54138,188,74.436,1.195,80,49682,173,65.679,1.617,8.757,0.739,True,True,
tg7_P9160546,11-14,11.1,1/320,100,1_reference_A_iso100,rgbwa,1600,900,2.264,54211,189,74.231,1.126,80,49682,173,65.679,1.617,8.552,0.696,True,True,
tg7_P9160546,11-14,11.1,1/320,100,1_reference_A_iso100,rgbwa,1440,810,1.863,54327,189,73.658,1.171,80,49682,173,65.679,1.617,7.979,0.724,True,True,
tg7_P9160546,11-14,11.1,1/320,100,1_reference_A_iso100,rgbwa,1360,764,1.74,54309,189,73.901,1.178,80,49682,173,65.679,1.617,8.222,0.729,True,True,
tg7_P9160546,11-14,11.1,1/320,100,1_reference_A_iso100,rgbwa,1280,720,1.571,54122,188,73.998,1.187,80,49682,173,65.679,1.617,8.319,0.734,True,True,
tg7_P9160546,11-14,11.1,1/320,100,1_reference_A_iso100,rgbwa,1200,674,1.425,54235,189,74.194,1.182,80,49682,173,65.679,1.617,8.515,0.731,True,True,
tg7_P9160546,11-14,11.1,1/320,100,1_reference_A_iso100,rgbwa,1120,630,1.23,54402,189,74.059,1.179,80,49682,173,65.679,1.617,8.38,0.729,True,True,
tg7_P9160546,11-14,11.1,1/320,100,1_reference_A_iso100,rgbwa,1000,562,0.976,54413,189,74.796,1.186,80,49682,173,65.679,1.617,9.117,0.733,True,True,
tg7_P9160522,11-14,11.2,1/30,100,1_reference_A_iso100,bayer,1600,900,7.783,54442,190,49.466,2.984,70,54814,191,54.089,2.051,-4.623,1.455,False,False,7.751
tg7_P9160522,11-14,11.2,1/30,100,1_reference_A_iso100,rgbv,1600,900,3.553,54113,188,66.036,1.563,70,54814,191,54.089,2.051,11.947,0.762,True,True,
tg7_P9160522,11-14,11.2,1/30,100,1_reference_A_iso100,rgbv,1440,810,3.006,54083,188,64.082,1.586,70,54814,191,54.089,2.051,9.993,0.773,True,True,
tg7_P9160522,11-14,11.2,1/30,100,1_reference_A_iso100,rgbv,1360,764,2.726,54269,189,64.066,1.564,70,54814,191,54.089,2.051,9.977,0.763,True,True,
tg7_P9160522,11-14,11.2,1/30,100,1_reference_A_iso100,rgbv,1280,720,2.446,54257,189,64.107,1.6,70,54814,191,54.089,2.051,10.018,0.78,True,True,
tg7_P9160522,11-14,11.2,1/30,100,1_reference_A_iso100,rgbv,1200,674,2.24,54403,189,63.897,1.622,70,54814,191,54.089,2.051,9.808,0.791,True,True,
tg7_P9160522,11-14,11.2,1/30,100,1_reference_A_iso100,rgbv,1120,630,1.972,54433,190,62.861,1.604,70,54814,191,54.089,2.051,8.772,0.782,True,True,
tg7_P9160522,11-14,11.2,1/30,100,1_reference_A_iso100,rgbv,1000,562,1.631,54454,190,62.405,1.653,70,54814,191,54.089,2.051,8.316,0.806,True,True,
tg7_P9160522,11-14,11.2,1/30,100,1_reference_A_iso100,rgbw,1600,900,3.735,54411,189,67.935,1.527,70,54814,191,54.089,2.051,13.846,0.745,True,True,
tg7_P9160522,11-14,11.2,1/30,100,1_reference_A_iso100,rgbw,1440,810,3.115,54319,189,65.809,1.548,70,54814,191,54.089,2.051,11.72,0.755,True,True,
tg7_P9160522,11-14,11.2,1/30,100,1_reference_A_iso100,rgbw,1360,764,2.848,54423,189,65.789,1.531,70,54814,191,54.089,2.051,11.7,0.746,True,True,
tg7_P9160522,11-14,11.2,1/30,100,1_reference_A_iso100,rgbw,1280,720,2.568,54426,189,66.589,1.531,70,54814,191,54.089,2.051,12.5,0.746,True,True,
tg7_P9160522,11-14,11.2,1/30,100,1_reference_A_iso100,rgbw,1200,674,2.312,54464,190,66.204,1.566,70,54814,191,54.089,2.051,12.115,0.764,True,True,
tg7_P9160522,11-14,11.2,1/30,100,1_reference_A_iso100,rgbw,1120,630,2.057,54373,189,65.292,1.586,70,54814,191,54.089,2.051,11.203,0.773,True,True,
tg7_P9160522,11-14,11.2,1/30,100,1_reference_A_iso100,rgbw,1000,562,1.692,54442,190,64.814,1.621,70,54814,191,54.089,2.051,10.725,0.79,True,True,
tg7_P9160522,11-14,11.2,1/30,100,1_reference_A_iso100,rgbwi,1600,900,3.054,54121,188,67.85,1.493,70,54814,191,54.089,2.051,13.761,0.728,True,True,
tg7_P9160522,11-14,11.2,1/30,100,1_reference_A_iso100,rgbwi,1440,810,2.592,53989,188,65.711,1.52,70,54814,191,54.089,2.051,11.622,0.741,True,True,
tg7_P9160522,11-14,11.2,1/30,100,1_reference_A_iso100,rgbwi,1360,764,2.337,54311,189,65.588,1.544,70,54814,191,54.089,2.051,11.499,0.753,True,True,
tg7_P9160522,11-14,11.2,1/30,100,1_reference_A_iso100,rgbwi,1280,720,2.107,54237,189,66.456,1.53,70,54814,191,54.089,2.051,12.367,0.746,True,True,
tg7_P9160522,11-14,11.2,1/30,100,1_reference_A_iso100,rgbwi,1200,674,1.911,54172,189,66.332,1.575,70,54814,191,54.089,2.051,12.243,0.768,True,True,
tg7_P9160522,11-14,11.2,1/30,100,1_reference_A_iso100,rgbwi,1120,630,1.68,54086,188,65.386,1.554,70,54814,191,54.089,2.051,11.297,0.758,True,True,
tg7_P9160522,11-14,11.2,1/30,100,1_reference_A_iso100,rgbwi,1000,562,1.353,54467,190,64.74,1.587,70,54814,191,54.089,2.051,10.651,0.774,True,True,
tg7_P9160522,11-14,11.2,1/30,100,1_reference_A_iso100,rgbwa,1600,900,3.139,53974,188,67.898,1.486,70,54814,191,54.089,2.051,13.809,0.725,True,True,
tg7_P9160522,11-14,11.2,1/30,100,1_reference_A_iso100,rgbwa,1440,810,2.665,53750,187,65.891,1.529,70,54814,191,54.089,2.051,11.802,0.745,True,True,
tg7_P9160522,11-14,11.2,1/30,100,1_reference_A_iso100,rgbwa,1360,764,2.398,54308,189,65.733,1.54,70,54814,191,54.089,2.051,11.644,0.751,True,True,
tg7_P9160522,11-14,11.2,1/30,100,1_reference_A_iso100,rgbwa,1280,720,2.167,54298,189,66.607,1.527,70,54814,191,54.089,2.051,12.518,0.745,True,True,
tg7_P9160522,11-14,11.2,1/30,100,1_reference_A_iso100,rgbwa,1200,674,1.96,54463,190,66.372,1.595,70,54814,191,54.089,2.051,12.283,0.778,True,True,
tg7_P9160522,11-14,11.2,1/30,100,1_reference_A_iso100,rgbwa,1120,630,1.728,54415,189,65.601,1.555,70,54814,191,54.089,2.051,11.512,0.758,True,True,
tg7_P9160522,11-14,11.2,1/30,100,1_reference_A_iso100,rgbwa,1000,562,1.413,54329,189,64.876,1.594,70,54814,191,54.089,2.051,10.787,0.777,True,True,
tg7_P9150363,11-14,12.9,1/60,200,2_underwater_preset,bayer,1600,900,4.232,54464,190,40.353,2.952,50,54918,191,21.046,3.651,19.307,0.809,True,True,4.313
tg7_P9150363,11-14,12.9,1/60,200,2_underwater_preset,rgbv,1600,900,2.374,54312,189,43.633,2.55,50,54918,191,21.046,3.651,22.587,0.698,True,True,
tg7_P9150363,11-14,12.9,1/60,200,2_underwater_preset,rgbv,1440,810,1.984,54415,189,44.27,2.514,50,54918,191,21.046,3.651,23.224,0.689,True,True,
tg7_P9150363,11-14,12.9,1/60,200,2_underwater_preset,rgbv,1360,764,1.813,54393,189,44.446,2.329,50,54918,191,21.046,3.651,23.4,0.638,True,True,
tg7_P9150363,11-14,12.9,1/60,200,2_underwater_preset,rgbv,1280,720,1.656,54341,189,45.016,2.415,50,54918,191,21.046,3.651,23.97,0.661,True,True,
tg7_P9150363,11-14,12.9,1/60,200,2_underwater_preset,rgbv,1200,674,1.486,54247,189,44.315,2.417,50,54918,191,21.046,3.651,23.269,0.662,True,True,
tg7_P9150363,11-14,12.9,1/60,200,2_underwater_preset,rgbv,1120,630,1.316,54335,189,44.124,2.406,50,54918,191,21.046,3.651,23.078,0.659,True,True,
tg7_P9150363,11-14,12.9,1/60,200,2_underwater_preset,rgbv,1000,562,1.073,54133,188,44.663,2.386,50,54918,191,21.046,3.651,23.617,0.654,True,True,
tg7_P9150363,11-14,12.9,1/60,200,2_underwater_preset,rgbw,1600,900,2.568,54293,189,56.237,1.816,50,54918,191,21.046,3.651,35.191,0.497,True,True,
tg7_P9150363,11-14,12.9,1/60,200,2_underwater_preset,rgbw,1440,810,2.143,54332,189,56.658,1.783,50,54918,191,21.046,3.651,35.612,0.488,True,True,
tg7_P9150363,11-14,12.9,1/60,200,2_underwater_preset,rgbw,1360,764,1.96,54256,189,56.514,1.759,50,54918,191,21.046,3.651,35.468,0.482,True,True,
tg7_P9150363,11-14,12.9,1/60,200,2_underwater_preset,rgbw,1280,720,1.777,54162,189,57.3,1.777,50,54918,191,21.046,3.651,36.254,0.487,True,True,
tg7_P9150363,11-14,12.9,1/60,200,2_underwater_preset,rgbw,1200,674,1.595,54329,189,57.607,1.761,50,54918,191,21.046,3.651,36.561,0.482,True,True,
tg7_P9150363,11-14,12.9,1/60,200,2_underwater_preset,rgbw,1120,630,1.401,54389,189,57.365,1.755,50,54918,191,21.046,3.651,36.319,0.481,True,True,
tg7_P9150363,11-14,12.9,1/60,200,2_underwater_preset,rgbw,1000,562,1.133,54285,189,57.854,1.772,50,54918,191,21.046,3.651,36.808,0.485,True,True,
tg7_P9150363,11-14,12.9,1/60,200,2_underwater_preset,rgbwi,1600,900,1.45,54339,189,54.193,1.869,50,54918,191,21.046,3.651,33.147,0.512,True,True,
tg7_P9150363,11-14,12.9,1/60,200,2_underwater_preset,rgbwi,1440,810,1.182,54033,188,55.092,1.818,50,54918,191,21.046,3.651,34.046,0.498,True,True,
tg7_P9150363,11-14,12.9,1/60,200,2_underwater_preset,rgbwi,1360,764,1.06,54440,190,55.21,1.802,50,54918,191,21.046,3.651,34.164,0.494,True,True,
tg7_P9150363,11-14,12.9,1/60,200,2_underwater_preset,rgbwi,1280,720,0.964,54187,189,55.631,1.827,50,54918,191,21.046,3.651,34.585,0.5,True,True,
tg7_P9150363,11-14,12.9,1/60,200,2_underwater_preset,rgbwi,1200,674,0.865,54439,190,56.237,1.801,50,54918,191,21.046,3.651,35.191,0.493,True,True,
tg7_P9150363,11-14,12.9,1/60,200,2_underwater_preset,rgbwi,1120,630,0.768,54313,189,56.05,1.804,50,54918,191,21.046,3.651,35.004,0.494,True,True,
tg7_P9150363,11-14,12.9,1/60,200,2_underwater_preset,rgbwi,1000,562,0.635,54074,188,56.196,1.877,50,54918,191,21.046,3.651,35.15,0.514,True,True,
tg7_P9150363,11-14,12.9,1/60,200,2_underwater_preset,rgbwa,1600,900,2.568,54293,189,56.237,1.816,50,54918,191,21.046,3.651,35.191,0.497,True,True,
tg7_P9150363,11-14,12.9,1/60,200,2_underwater_preset,rgbwa,1440,810,2.143,54332,189,56.659,1.783,50,54918,191,21.046,3.651,35.613,0.488,True,True,
tg7_P9150363,11-14,12.9,1/60,200,2_underwater_preset,rgbwa,1360,764,1.96,54256,189,56.515,1.759,50,54918,191,21.046,3.651,35.469,0.482,True,True,
tg7_P9150363,11-14,12.9,1/60,200,2_underwater_preset,rgbwa,1280,720,1.777,54162,189,57.3,1.777,50,54918,191,21.046,3.651,36.254,0.487,True,True,
tg7_P9150363,11-14,12.9,1/60,200,2_underwater_preset,rgbwa,1200,674,1.595,54329,189,57.607,1.761,50,54918,191,21.046,3.651,36.561,0.482,True,True,
tg7_P9150363,11-14,12.9,1/60,200,2_underwater_preset,rgbwa,1120,630,1.401,54389,189,57.364,1.755,50,54918,191,21.046,3.651,36.318,0.481,True,True,
tg7_P9150363,11-14,12.9,1/60,200,2_underwater_preset,rgbwa,1000,562,1.133,54285,189,57.852,1.772,50,54918,191,21.046,3.651,36.806,0.485,True,True,
tg7_P9160640,11-14,13.4,1/60,200,2_underwater_preset,bayer,1600,900,2.167,54344,189,62.969,1.618,70,39926,139,46.439,2.108,16.53,0.768,True,True,2.176
tg7_P9160640,11-14,13.4,1/60,200,2_underwater_preset,rgbv,1600,900,1.668,54256,189,59.053,2.262,70,39926,139,46.439,2.108,12.614,1.073,False,False,
tg7_P9160640,11-14,13.4,1/60,200,2_underwater_preset,rgbv,1440,810,1.329,54297,189,60.462,1.928,70,39926,139,46.439,2.108,14.023,0.915,True,False,
tg7_P9160640,11-14,13.4,1/60,200,2_underwater_preset,rgbv,1360,764,1.194,54462,190,61.187,1.769,70,39926,139,46.439,2.108,14.748,0.839,True,True,
tg7_P9160640,11-14,13.4,1/60,200,2_underwater_preset,rgbv,1280,720,1.073,54073,188,60.918,2.06,70,39926,139,46.439,2.108,14.479,0.977,True,False,
tg7_P9160640,11-14,13.4,1/60,200,2_underwater_preset,rgbv,1200,674,0.964,53829,187,60.37,1.741,70,39926,139,46.439,2.108,13.931,0.826,True,True,
tg7_P9160640,11-14,13.4,1/60,200,2_underwater_preset,rgbv,1120,630,0.829,54463,190,61.105,1.762,70,39926,139,46.439,2.108,14.666,0.836,True,True,
tg7_P9160640,11-14,13.4,1/60,200,2_underwater_preset,rgbv,1000,562,0.683,53849,187,61.732,1.652,70,39926,139,46.439,2.108,15.293,0.784,True,True,
tg7_P9160640,11-14,13.4,1/60,200,2_underwater_preset,rgbw,1600,900,1.875,54120,188,69.031,1.196,70,39926,139,46.439,2.108,22.592,0.567,True,True,
tg7_P9160640,11-14,13.4,1/60,200,2_underwater_preset,rgbw,1440,810,1.51,54302,189,69.75,1.233,70,39926,139,46.439,2.108,23.311,0.585,True,True,
tg7_P9160640,11-14,13.4,1/60,200,2_underwater_preset,rgbw,1360,764,1.365,54394,189,70.592,1.18,70,39926,139,46.439,2.108,24.153,0.56,True,True,
tg7_P9160640,11-14,13.4,1/60,200,2_underwater_preset,rgbw,1280,720,1.23,54215,189,71.08,1.179,70,39926,139,46.439,2.108,24.641,0.559,True,True,
tg7_P9160640,11-14,13.4,1/60,200,2_underwater_preset,rgbw,1200,674,1.085,54465,190,71.503,1.148,70,39926,139,46.439,2.108,25.064,0.545,True,True,
tg7_P9160640,11-14,13.4,1/60,200,2_underwater_preset,rgbw,1120,630,0.952,54440,190,71.808,1.17,70,39926,139,46.439,2.108,25.369,0.555,True,True,
tg7_P9160640,11-14,13.4,1/60,200,2_underwater_preset,rgbw,1000,562,0.78,54305,189,72.108,1.158,70,39926,139,46.439,2.108,25.669,0.549,True,True,
tg7_P9160640,11-14,13.4,1/60,200,2_underwater_preset,rgbwi,1600,900,0.94,54099,188,66.974,1.245,70,39926,139,46.439,2.108,20.535,0.591,True,True,
tg7_P9160640,11-14,13.4,1/60,200,2_underwater_preset,rgbwi,1440,810,0.768,53672,187,68.389,1.238,70,39926,139,46.439,2.108,21.95,0.587,True,True,
tg7_P9160640,11-14,13.4,1/60,200,2_underwater_preset,rgbwi,1360,764,0.696,53630,187,68.962,1.227,70,39926,139,46.439,2.108,22.523,0.582,True,True,
tg7_P9160640,11-14,13.4,1/60,200,2_underwater_preset,rgbwi,1280,720,0.623,54200,189,69.431,1.181,70,39926,139,46.439,2.108,22.992,0.56,True,True,
tg7_P9160640,11-14,13.4,1/60,200,2_underwater_preset,rgbwi,1200,674,0.561,53990,188,69.91,1.17,70,39926,139,46.439,2.108,23.471,0.555,True,True,
tg7_P9160640,11-14,13.4,1/60,200,2_underwater_preset,rgbwi,1120,630,0.501,52930,184,69.783,1.164,70,39926,139,46.439,2.108,23.344,0.552,True,True,
tg7_P9160640,11-14,13.4,1/60,200,2_underwater_preset,rgbwi,1000,562,0.501,43909,153,67.328,1.226,70,39926,139,46.439,2.108,20.889,0.582,True,True,
tg7_P9160640,11-14,13.4,1/60,200,2_underwater_preset,rgbwa,1600,900,1.789,54221,189,68.844,1.229,70,39926,139,46.439,2.108,22.405,0.583,True,True,
tg7_P9160640,11-14,13.4,1/60,200,2_underwater_preset,rgbwa,1440,810,1.45,54168,189,69.856,1.194,70,39926,139,46.439,2.108,23.417,0.566,True,True,
tg7_P9160640,11-14,13.4,1/60,200,2_underwater_preset,rgbwa,1360,764,1.316,54018,188,70.466,1.143,70,39926,139,46.439,2.108,24.027,0.542,True,True,
tg7_P9160640,11-14,13.4,1/60,200,2_underwater_preset,rgbwa,1280,720,1.182,53850,187,71.037,1.165,70,39926,139,46.439,2.108,24.598,0.553,True,True,
tg7_P9160640,11-14,13.4,1/60,200,2_underwater_preset,rgbwa,1200,674,1.048,53909,188,71.392,1.161,70,39926,139,46.439,2.108,24.953,0.551,True,True,
tg7_P9160640,11-14,13.4,1/60,200,2_underwater_preset,rgbwa,1120,630,0.915,54055,188,71.666,1.163,70,39926,139,46.439,2.108,25.227,0.552,True,True,
tg7_P9160640,11-14,13.4,1/60,200,2_underwater_preset,rgbwa,1000,562,0.744,54292,189,71.887,1.127,70,39926,139,46.439,2.108,25.448,0.535,True,True,
tg7_P9160438,11-14,13.9,1/60,125,2_underwater_preset,bayer,1600,900,2.341,54444,190,56.37,1.924,60,50652,176,15.105,3.472,41.265,0.554,True,True,2.36
tg7_P9160438,11-14,13.9,1/60,125,2_underwater_preset,rgbv,1600,900,1.643,54211,189,57.492,1.725,60,50652,176,15.105,3.472,42.387,0.497,True,True,
tg7_P9160438,11-14,13.9,1/60,125,2_underwater_preset,rgbv,1440,810,1.316,53871,188,58.47,1.651,60,50652,176,15.105,3.472,43.365,0.476,True,True,
tg7_P9160438,11-14,13.9,1/60,125,2_underwater_preset,rgbv,1360,764,1.194,54196,189,59.372,1.625,60,50652,176,15.105,3.472,44.267,0.468,True,True,
tg7_P9160438,11-14,13.9,1/60,125,2_underwater_preset,rgbv,1280,720,1.073,54061,188,59.361,1.641,60,50652,176,15.105,3.472,44.256,0.473,True,True,
tg7_P9160438,11-14,13.9,1/60,125,2_underwater_preset,rgbv,1200,674,0.952,53952,188,59.626,1.629,60,50652,176,15.105,3.472,44.521,0.469,True,True,
tg7_P9160438,11-14,13.9,1/60,125,2_underwater_preset,rgbv,1120,630,0.829,54264,189,60.332,1.591,60,50652,176,15.105,3.472,45.227,0.458,True,True,
tg7_P9160438,11-14,13.9,1/60,125,2_underwater_preset,rgbv,1000,562,0.683,53952,188,60.442,1.584,60,50652,176,15.105,3.472,45.337,0.456,True,True,
tg7_P9160438,11-14,13.9,1/60,125,2_underwater_preset,rgbw,1600,900,1.765,54466,190,63.008,1.409,60,50652,176,15.105,3.472,47.903,0.406,True,True,
tg7_P9160438,11-14,13.9,1/60,125,2_underwater_preset,rgbw,1440,810,1.425,54393,189,63.915,1.385,60,50652,176,15.105,3.472,48.81,0.399,True,True,
tg7_P9160438,11-14,13.9,1/60,125,2_underwater_preset,rgbw,1360,764,1.304,54096,188,64.107,1.391,60,50652,176,15.105,3.472,49.002,0.401,True,True,
tg7_P9160438,11-14,13.9,1/60,125,2_underwater_preset,rgbw,1280,720,1.17,54209,189,64.997,1.369,60,50652,176,15.105,3.472,49.892,0.394,True,True,
tg7_P9160438,11-14,13.9,1/60,125,2_underwater_preset,rgbw,1200,674,1.048,53956,188,64.88,1.373,60,50652,176,15.105,3.472,49.775,0.395,True,True,
tg7_P9160438,11-14,13.9,1/60,125,2_underwater_preset,rgbw,1120,630,0.903,54281,189,65.134,1.361,60,50652,176,15.105,3.472,50.029,0.392,True,True,
tg7_P9160438,11-14,13.9,1/60,125,2_underwater_preset,rgbw,1000,562,0.744,53937,188,64.92,1.373,60,50652,176,15.105,3.472,49.815,0.395,True,True,
tg7_P9160438,11-14,13.9,1/60,125,2_underwater_preset,rgbwi,1600,900,0.988,54321,189,60.73,1.484,60,50652,176,15.105,3.472,45.625,0.427,True,True,
tg7_P9160438,11-14,13.9,1/60,125,2_underwater_preset,rgbwi,1440,810,0.804,54145,189,61.898,1.456,60,50652,176,15.105,3.472,46.793,0.419,True,True,
tg7_P9160438,11-14,13.9,1/60,125,2_underwater_preset,rgbwi,1360,764,0.732,53563,186,62.053,1.444,60,50652,176,15.105,3.472,46.948,0.416,True,True,
tg7_P9160438,11-14,13.9,1/60,125,2_underwater_preset,rgbwi,1280,720,0.659,53657,187,62.919,1.426,60,50652,176,15.105,3.472,47.814,0.411,True,True,
tg7_P9160438,11-14,13.9,1/60,125,2_underwater_preset,rgbwi,1200,674,0.586,54289,189,63.218,1.419,60,50652,176,15.105,3.472,48.113,0.409,True,True,
tg7_P9160438,11-14,13.9,1/60,125,2_underwater_preset,rgbwi,1120,630,0.513,54000,188,62.888,1.428,60,50652,176,15.105,3.472,47.783,0.411,True,True,
tg7_P9160438,11-14,13.9,1/60,125,2_underwater_preset,rgbwi,1000,562,0.501,46143,161,61.041,1.49,60,50652,176,15.105,3.472,45.936,0.429,True,True,
tg7_P9160438,11-14,13.9,1/60,125,2_underwater_preset,rgbwa,1600,900,1.765,54466,190,63.011,1.409,60,50652,176,15.105,3.472,47.906,0.406,True,True,
tg7_P9160438,11-14,13.9,1/60,125,2_underwater_preset,rgbwa,1440,810,1.425,54393,189,63.911,1.385,60,50652,176,15.105,3.472,48.806,0.399,True,True,
tg7_P9160438,11-14,13.9,1/60,125,2_underwater_preset,rgbwa,1360,764,1.304,54096,188,64.092,1.391,60,50652,176,15.105,3.472,48.987,0.401,True,True,
tg7_P9160438,11-14,13.9,1/60,125,2_underwater_preset,rgbwa,1280,720,1.17,54209,189,65.006,1.369,60,50652,176,15.105,3.472,49.901,0.394,True,True,
tg7_P9160438,11-14,13.9,1/60,125,2_underwater_preset,rgbwa,1200,674,1.048,53956,188,64.86,1.373,60,50652,176,15.105,3.472,49.755,0.395,True,True,
tg7_P9160438,11-14,13.9,1/60,125,2_underwater_preset,rgbwa,1120,630,0.903,54281,189,65.137,1.361,60,50652,176,15.105,3.472,50.032,0.392,True,True,
tg7_P9160438,11-14,13.9,1/60,125,2_underwater_preset,rgbwa,1000,562,0.744,53937,188,64.93,1.373,60,50652,176,15.105,3.472,49.825,0.395,True,True,
tg7_P9160450,14-16.6,14.5,1/15,100,1_reference_A_iso100,bayer,1600,900,4.174,54392,189,62.223,1.989,80,50523,176,69.529,1.369,-7.306,1.453,False,False,4.157
tg7_P9160450,14-16.6,14.5,1/15,100,1_reference_A_iso100,rgbv,1600,900,2.216,53806,187,78.013,0.966,80,50523,176,69.529,1.369,8.484,0.706,True,True,
tg7_P9160450,14-16.6,14.5,1/15,100,1_reference_A_iso100,rgbv,1440,810,1.899,53680,187,76.774,1.015,80,50523,176,69.529,1.369,7.245,0.741,True,True,
tg7_P9160450,14-16.6,14.5,1/15,100,1_reference_A_iso100,rgbv,1360,764,1.68,54406,189,77.392,0.985,80,50523,176,69.529,1.369,7.863,0.72,True,True,
tg7_P9160450,14-16.6,14.5,1/15,100,1_reference_A_iso100,rgbv,1280,720,1.534,54399,189,77.269,1.01,80,50523,176,69.529,1.369,7.74,0.738,True,True,
tg7_P9160450,14-16.6,14.5,1/15,100,1_reference_A_iso100,rgbv,1200,674,1.377,54199,189,77.322,1.002,80,50523,176,69.529,1.369,7.793,0.732,True,True,
tg7_P9160450,14-16.6,14.5,1/15,100,1_reference_A_iso100,rgbv,1120,630,1.206,54086,188,76.929,1.003,80,50523,176,69.529,1.369,7.4,0.733,True,True,
tg7_P9160450,14-16.6,14.5,1/15,100,1_reference_A_iso100,rgbv,1000,562,0.964,54102,188,77.222,0.986,80,50523,176,69.529,1.369,7.693,0.72,True,True,
tg7_P9160450,14-16.6,14.5,1/15,100,1_reference_A_iso100,rgbw,1600,900,2.288,54298,189,78.565,0.952,80,50523,176,69.529,1.369,9.036,0.695,True,True,
tg7_P9160450,14-16.6,14.5,1/15,100,1_reference_A_iso100,rgbw,1440,810,1.948,54420,189,77.713,0.984,80,50523,176,69.529,1.369,8.184,0.719,True,True,
tg7_P9160450,14-16.6,14.5,1/15,100,1_reference_A_iso100,rgbw,1360,764,1.728,54294,189,78.182,0.964,80,50523,176,69.529,1.369,8.653,0.704,True,True,
tg7_P9160450,14-16.6,14.5,1/15,100,1_reference_A_iso100,rgbw,1280,720,1.595,54211,189,78.291,0.961,80,50523,176,69.529,1.369,8.762,0.702,True,True,
tg7_P9160450,14-16.6,14.5,1/15,100,1_reference_A_iso100,rgbw,1200,674,1.425,54350,189,78.634,0.975,80,50523,176,69.529,1.369,9.105,0.712,True,True,
tg7_P9160450,14-16.6,14.5,1/15,100,1_reference_A_iso100,rgbw,1120,630,1.242,54396,189,78.159,0.974,80,50523,176,69.529,1.369,8.63,0.711,True,True,
tg7_P9160450,14-16.6,14.5,1/15,100,1_reference_A_iso100,rgbw,1000,562,1.0,54368,189,78.203,0.97,80,50523,176,69.529,1.369,8.674,0.709,True,True,
tg7_P9160450,14-16.6,14.5,1/15,100,1_reference_A_iso100,rgbwi,1600,900,1.85,54394,189,77.953,0.954,80,50523,176,69.529,1.369,8.424,0.697,True,True,
tg7_P9160450,14-16.6,14.5,1/15,100,1_reference_A_iso100,rgbwi,1440,810,1.546,53350,186,77.408,0.963,80,50523,176,69.529,1.369,7.879,0.703,True,True,
tg7_P9160450,14-16.6,14.5,1/15,100,1_reference_A_iso100,rgbwi,1360,764,1.341,54244,189,78.032,0.955,80,50523,176,69.529,1.369,8.503,0.698,True,True,
tg7_P9160450,14-16.6,14.5,1/15,100,1_reference_A_iso100,rgbwi,1280,720,1.23,54427,189,78.208,0.948,80,50523,176,69.529,1.369,8.679,0.692,True,True,
tg7_P9160450,14-16.6,14.5,1/15,100,1_reference_A_iso100,rgbwi,1200,674,1.109,54450,190,78.554,0.942,80,50523,176,69.529,1.369,9.025,0.688,True,True,
tg7_P9160450,14-16.6,14.5,1/15,100,1_reference_A_iso100,rgbwi,1120,630,0.976,54235,189,78.067,0.954,80,50523,176,69.529,1.369,8.538,0.697,True,True,
tg7_P9160450,14-16.6,14.5,1/15,100,1_reference_A_iso100,rgbwi,1000,562,0.792,54118,188,78.242,0.945,80,50523,176,69.529,1.369,8.713,0.69,True,True,
tg7_P9160450,14-16.6,14.5,1/15,100,1_reference_A_iso100,rgbwa,1600,900,1.935,54375,189,78.015,0.956,80,50523,176,69.529,1.369,8.486,0.698,True,True,
tg7_P9160450,14-16.6,14.5,1/15,100,1_reference_A_iso100,rgbwa,1440,810,1.619,53419,186,77.51,0.964,80,50523,176,69.529,1.369,7.981,0.704,True,True,
tg7_P9160450,14-16.6,14.5,1/15,100,1_reference_A_iso100,rgbwa,1360,764,1.413,54196,189,78.097,0.95,80,50523,176,69.529,1.369,8.568,0.694,True,True,
tg7_P9160450,14-16.6,14.5,1/15,100,1_reference_A_iso100,rgbwa,1280,720,1.304,54169,189,78.283,0.946,80,50523,176,69.529,1.369,8.754,0.691,True,True,
tg7_P9160450,14-16.6,14.5,1/15,100,1_reference_A_iso100,rgbwa,1200,674,1.17,54325,189,78.616,0.941,80,50523,176,69.529,1.369,9.087,0.687,True,True,
tg7_P9160450,14-16.6,14.5,1/15,100,1_reference_A_iso100,rgbwa,1120,630,1.024,54262,189,78.055,0.945,80,50523,176,69.529,1.369,8.526,0.69,True,True,
tg7_P9160450,14-16.6,14.5,1/15,100,1_reference_A_iso100,rgbwa,1000,562,0.829,54096,188,78.351,0.95,80,50523,176,69.529,1.369,8.822,0.694,True,True,
tg7_P9150344,14-16.6,15.5,1/25,100,1_reference_A_iso100,bayer,1600,900,3.695,54346,189,65.383,2.002,80,49551,173,67.559,1.474,-2.176,1.358,False,False,3.68
tg7_P9150344,14-16.6,15.5,1/25,100,1_reference_A_iso100,rgbv,1600,900,2.045,54311,189,73.89,1.16,80,49551,173,67.559,1.474,6.331,0.787,True,True,
tg7_P9150344,14-16.6,15.5,1/25,100,1_reference_A_iso100,rgbv,1440,810,1.704,54177,189,73.29,1.174,80,49551,173,67.559,1.474,5.731,0.796,True,True,
tg7_P9150344,14-16.6,15.5,1/25,100,1_reference_A_iso100,rgbv,1360,764,1.559,54310,189,73.232,1.203,80,49551,173,67.559,1.474,5.673,0.816,True,True,
tg7_P9150344,14-16.6,15.5,1/25,100,1_reference_A_iso100,rgbv,1280,720,1.377,54121,188,73.856,1.178,80,49551,173,67.559,1.474,6.297,0.799,True,True,
tg7_P9150344,14-16.6,15.5,1/25,100,1_reference_A_iso100,rgbv,1200,674,1.254,54113,188,73.869,1.212,80,49551,173,67.559,1.474,6.31,0.822,True,True,
tg7_P9150344,14-16.6,15.5,1/25,100,1_reference_A_iso100,rgbv,1120,630,1.109,54052,188,73.404,1.191,80,49551,173,67.559,1.474,5.845,0.808,True,True,
tg7_P9150344,14-16.6,15.5,1/25,100,1_reference_A_iso100,rgbv,1000,562,0.903,54158,189,73.709,1.201,80,49551,173,67.559,1.474,6.15,0.815,True,True,
tg7_P9150344,14-16.6,15.5,1/25,100,1_reference_A_iso100,rgbw,1600,900,2.119,54206,189,75.015,1.125,80,49551,173,67.559,1.474,7.456,0.763,True,True,
tg7_P9150344,14-16.6,15.5,1/25,100,1_reference_A_iso100,rgbw,1440,810,1.74,54322,189,74.395,1.148,80,49551,173,67.559,1.474,6.836,0.779,True,True,
tg7_P9150344,14-16.6,15.5,1/25,100,1_reference_A_iso100,rgbw,1360,764,1.595,54270,189,74.298,1.134,80,49551,173,67.559,1.474,6.739,0.769,True,True,
tg7_P9150344,14-16.6,15.5,1/25,100,1_reference_A_iso100,rgbw,1280,720,1.401,54433,190,75.051,1.125,80,49551,173,67.559,1.474,7.492,0.763,True,True,
tg7_P9150344,14-16.6,15.5,1/25,100,1_reference_A_iso100,rgbw,1200,674,1.28,54197,189,75.096,1.166,80,49551,173,67.559,1.474,7.537,0.791,True,True,
tg7_P9150344,14-16.6,15.5,1/25,100,1_reference_A_iso100,rgbw,1120,630,1.133,54331,189,74.649,1.138,80,49551,173,67.559,1.474,7.09,0.772,True,True,
tg7_P9150344,14-16.6,15.5,1/25,100,1_reference_A_iso100,rgbw,1000,562,0.927,54054,188,74.758,1.146,80,49551,173,67.559,1.474,7.199,0.777,True,True,
tg7_P9150344,14-16.6,15.5,1/25,100,1_reference_A_iso100,rgbwi,1600,900,1.692,54315,189,74.466,1.14,80,49551,173,67.559,1.474,6.907,0.773,True,True,
tg7_P9150344,14-16.6,15.5,1/25,100,1_reference_A_iso100,rgbwi,1440,810,1.353,54392,189,74.201,1.141,80,49551,173,67.559,1.474,6.642,0.774,True,True,
tg7_P9150344,14-16.6,15.5,1/25,100,1_reference_A_iso100,rgbwi,1360,764,1.242,54013,188,74.177,1.141,80,49551,173,67.559,1.474,6.618,0.774,True,True,
tg7_P9150344,14-16.6,15.5,1/25,100,1_reference_A_iso100,rgbwi,1280,720,1.109,54148,189,74.719,1.148,80,49551,173,67.559,1.474,7.16,0.779,True,True,
tg7_P9150344,14-16.6,15.5,1/25,100,1_reference_A_iso100,rgbwi,1200,674,1.0,54224,189,74.648,1.148,80,49551,173,67.559,1.474,7.089,0.779,True,True,
tg7_P9150344,14-16.6,15.5,1/25,100,1_reference_A_iso100,rgbwi,1120,630,0.891,54213,189,74.404,1.155,80,49551,173,67.559,1.474,6.845,0.784,True,True,
tg7_P9150344,14-16.6,15.5,1/25,100,1_reference_A_iso100,rgbwi,1000,562,0.744,53661,187,74.331,1.181,80,49551,173,67.559,1.474,6.772,0.801,True,True,
tg7_P9150344,14-16.6,15.5,1/25,100,1_reference_A_iso100,rgbwa,1600,900,1.935,54456,190,74.772,1.13,80,49551,173,67.559,1.474,7.213,0.767,True,True,
tg7_P9150344,14-16.6,15.5,1/25,100,1_reference_A_iso100,rgbwa,1440,810,1.595,54041,188,74.326,1.147,80,49551,173,67.559,1.474,6.767,0.778,True,True,
tg7_P9150344,14-16.6,15.5,1/25,100,1_reference_A_iso100,rgbwa,1360,764,1.45,54399,189,74.348,1.136,80,49551,173,67.559,1.474,6.789,0.771,True,True,
tg7_P9150344,14-16.6,15.5,1/25,100,1_reference_A_iso100,rgbwa,1280,720,1.292,54348,189,74.828,1.137,80,49551,173,67.559,1.474,7.269,0.771,True,True,
tg7_P9150344,14-16.6,15.5,1/25,100,1_reference_A_iso100,rgbwa,1200,674,1.17,54358,189,75.032,1.162,80,49551,173,67.559,1.474,7.473,0.788,True,True,
tg7_P9150344,14-16.6,15.5,1/25,100,1_reference_A_iso100,rgbwa,1120,630,1.036,54294,189,74.554,1.153,80,49551,173,67.559,1.474,6.995,0.782,True,True,
tg7_P9150344,14-16.6,15.5,1/25,100,1_reference_A_iso100,rgbwa,1000,562,0.853,54333,189,74.775,1.154,80,49551,173,67.559,1.474,7.216,0.783,True,True,
tg7_P9150348,14-16.6,15.5,1/20,100,1_reference_A_iso100,bayer,1600,900,5.338,54400,189,58.186,2.399,70,46231,161,62.551,1.669,-4.365,1.437,False,False,5.36
tg7_P9150348,14-16.6,15.5,1/20,100,1_reference_A_iso100,rgbv,1600,900,2.47,54453,190,76.324,1.133,70,46231,161,62.551,1.669,13.773,0.679,True,True,
tg7_P9150348,14-16.6,15.5,1/20,100,1_reference_A_iso100,rgbv,1440,810,2.119,54344,189,75.344,1.155,70,46231,161,62.551,1.669,12.793,0.692,True,True,
tg7_P9150348,14-16.6,15.5,1/20,100,1_reference_A_iso100,rgbv,1360,764,1.923,54413,189,75.156,1.157,70,46231,161,62.551,1.669,12.605,0.693,True,True,
tg7_P9150348,14-16.6,15.5,1/20,100,1_reference_A_iso100,rgbv,1280,720,1.753,54404,189,75.243,1.159,70,46231,161,62.551,1.669,12.692,0.694,True,True,
tg7_P9150348,14-16.6,15.5,1/20,100,1_reference_A_iso100,rgbv,1200,674,1.595,54187,189,75.124,1.162,70,46231,161,62.551,1.669,12.573,0.696,True,True,
tg7_P9150348,14-16.6,15.5,1/20,100,1_reference_A_iso100,rgbv,1120,630,1.389,54296,189,74.634,1.167,70,46231,161,62.551,1.669,12.083,0.699,True,True,
tg7_P9150348,14-16.6,15.5,1/20,100,1_reference_A_iso100,rgbv,1000,562,1.109,54446,190,74.947,1.168,70,46231,161,62.551,1.669,12.396,0.7,True,True,
tg7_P9150348,14-16.6,15.5,1/20,100,1_reference_A_iso100,rgbw,1600,900,2.568,54362,189,77.602,1.07,70,46231,161,62.551,1.669,15.051,0.641,True,True,
tg7_P9150348,14-16.6,15.5,1/20,100,1_reference_A_iso100,rgbw,1440,810,2.216,54300,189,76.537,1.108,70,46231,161,62.551,1.669,13.986,0.664,True,True,
tg7_P9150348,14-16.6,15.5,1/20,100,1_reference_A_iso100,rgbw,1360,764,2.008,54295,189,76.718,1.089,70,46231,161,62.551,1.669,14.167,0.652,True,True,
tg7_P9150348,14-16.6,15.5,1/20,100,1_reference_A_iso100,rgbw,1280,720,1.825,54407,189,76.734,1.104,70,46231,161,62.551,1.669,14.183,0.661,True,True,
tg7_P9150348,14-16.6,15.5,1/20,100,1_reference_A_iso100,rgbw,1200,674,1.656,54167,189,76.794,1.104,70,46231,161,62.551,1.669,14.243,0.661,True,True,
tg7_P9150348,14-16.6,15.5,1/20,100,1_reference_A_iso100,rgbw,1120,630,1.45,54346,189,76.518,1.1,70,46231,161,62.551,1.669,13.967,0.659,True,True,
tg7_P9150348,14-16.6,15.5,1/20,100,1_reference_A_iso100,rgbw,1000,562,1.157,54289,189,76.82,1.107,70,46231,161,62.551,1.669,14.269,0.663,True,True,
tg7_P9150348,14-16.6,15.5,1/20,100,1_reference_A_iso100,rgbwi,1600,900,2.082,54302,189,77.506,1.072,70,46231,161,62.551,1.669,14.955,0.642,True,True,
tg7_P9150348,14-16.6,15.5,1/20,100,1_reference_A_iso100,rgbwi,1440,810,1.753,54253,189,76.596,1.091,70,46231,161,62.551,1.669,14.045,0.654,True,True,
tg7_P9150348,14-16.6,15.5,1/20,100,1_reference_A_iso100,rgbwi,1360,764,1.583,54475,190,76.855,1.076,70,46231,161,62.551,1.669,14.304,0.645,True,True,
tg7_P9150348,14-16.6,15.5,1/20,100,1_reference_A_iso100,rgbwi,1280,720,1.438,54251,189,76.622,1.095,70,46231,161,62.551,1.669,14.071,0.656,True,True,
tg7_P9150348,14-16.6,15.5,1/20,100,1_reference_A_iso100,rgbwi,1200,674,1.292,54336,189,76.955,1.081,70,46231,161,62.551,1.669,14.404,0.648,True,True,
tg7_P9150348,14-16.6,15.5,1/20,100,1_reference_A_iso100,rgbwi,1120,630,1.133,54426,189,76.695,1.079,70,46231,161,62.551,1.669,14.144,0.646,True,True,
tg7_P9150348,14-16.6,15.5,1/20,100,1_reference_A_iso100,rgbwi,1000,562,0.915,54243,189,76.722,1.101,70,46231,161,62.551,1.669,14.171,0.66,True,True,
tg7_P9150348,14-16.6,15.5,1/20,100,1_reference_A_iso100,rgbwa,1600,900,2.216,54397,189,77.594,1.064,70,46231,161,62.551,1.669,15.043,0.638,True,True,
tg7_P9150348,14-16.6,15.5,1/20,100,1_reference_A_iso100,rgbwa,1440,810,1.887,54287,189,76.57,1.089,70,46231,161,62.551,1.669,14.019,0.652,True,True,
tg7_P9150348,14-16.6,15.5,1/20,100,1_reference_A_iso100,rgbwa,1360,764,1.716,54151,189,76.904,1.078,70,46231,161,62.551,1.669,14.353,0.646,True,True,
tg7_P9150348,14-16.6,15.5,1/20,100,1_reference_A_iso100,rgbwa,1280,720,1.559,54355,189,76.955,1.09,70,46231,161,62.551,1.669,14.404,0.653,True,True,
tg7_P9150348,14-16.6,15.5,1/20,100,1_reference_A_iso100,rgbwa,1200,674,1.389,54446,190,77.052,1.079,70,46231,161,62.551,1.669,14.501,0.646,True,True,
tg7_P9150348,14-16.6,15.5,1/20,100,1_reference_A_iso100,rgbwa,1120,630,1.23,54373,189,76.801,1.08,70,46231,161,62.551,1.669,14.25,0.647,True,True,
tg7_P9150348,14-16.6,15.5,1/20,100,1_reference_A_iso100,rgbwa,1000,562,0.976,54395,189,76.909,1.086,70,46231,161,62.551,1.669,14.358,0.651,True,True,
tg7_P9150352,14-16.6,15.6,1/60,200,2_underwater_preset,bayer,1600,900,5.251,54452,190,48.574,2.79,50,47998,167,29.703,3.288,18.871,0.849,True,True,5.088
tg7_P9150352,14-16.6,15.6,1/60,200,2_underwater_preset,rgbv,1600,900,2.482,54126,188,55.565,2.049,50,47998,167,29.703,3.288,25.862,0.623,True,True,
tg7_P9150352,14-16.6,15.6,1/60,200,2_underwater_preset,rgbv,1440,810,2.119,54441,190,55.463,2.012,50,47998,167,29.703,3.288,25.76,0.612,True,True,
tg7_P9150352,14-16.6,15.6,1/60,200,2_underwater_preset,rgbv,1360,764,1.911,54474,190,55.637,2.077,50,47998,167,29.703,3.288,25.934,0.632,True,True,
tg7_P9150352,14-16.6,15.6,1/60,200,2_underwater_preset,rgbv,1280,720,1.753,54265,189,55.802,2.126,50,47998,167,29.703,3.288,26.099,0.647,True,True,
tg7_P9150352,14-16.6,15.6,1/60,200,2_underwater_preset,rgbv,1200,674,1.583,54425,189,55.552,1.965,50,47998,167,29.703,3.288,25.849,0.598,True,True,
tg7_P9150352,14-16.6,15.6,1/60,200,2_underwater_preset,rgbv,1120,630,1.401,54277,189,54.702,2.026,50,47998,167,29.703,3.288,24.999,0.616,True,True,
tg7_P9150352,14-16.6,15.6,1/60,200,2_underwater_preset,rgbv,1000,562,1.133,54252,189,55.397,2.24,50,47998,167,29.703,3.288,25.694,0.681,True,True,
tg7_P9150352,14-16.6,15.6,1/60,200,2_underwater_preset,rgbw,1600,900,2.628,54264,189,68.616,1.365,50,47998,167,29.703,3.288,38.913,0.415,True,True,
tg7_P9150352,14-16.6,15.6,1/60,200,2_underwater_preset,rgbw,1440,810,2.252,54266,189,68.511,1.339,50,47998,167,29.703,3.288,38.808,0.407,True,True,
tg7_P9150352,14-16.6,15.6,1/60,200,2_underwater_preset,rgbw,1360,764,2.033,54355,189,68.665,1.325,50,47998,167,29.703,3.288,38.962,0.403,True,True,
tg7_P9150352,14-16.6,15.6,1/60,200,2_underwater_preset,rgbw,1280,720,1.863,54078,188,69.07,1.302,50,47998,167,29.703,3.288,39.367,0.396,True,True,
tg7_P9150352,14-16.6,15.6,1/60,200,2_underwater_preset,rgbw,1200,674,1.68,54352,189,69.409,1.298,50,47998,167,29.703,3.288,39.706,0.395,True,True,
tg7_P9150352,14-16.6,15.6,1/60,200,2_underwater_preset,rgbw,1120,630,1.474,54407,189,69.108,1.3,50,47998,167,29.703,3.288,39.405,0.395,True,True,
tg7_P9150352,14-16.6,15.6,1/60,200,2_underwater_preset,rgbw,1000,562,1.194,54263,189,69.563,1.313,50,47998,167,29.703,3.288,39.86,0.399,True,True,
tg7_P9150352,14-16.6,15.6,1/60,200,2_underwater_preset,rgbwi,1600,900,1.559,54210,189,66.881,1.394,50,47998,167,29.703,3.288,37.178,0.424,True,True,
tg7_P9150352,14-16.6,15.6,1/60,200,2_underwater_preset,rgbwi,1440,810,1.28,54066,188,66.872,1.372,50,47998,167,29.703,3.288,37.169,0.417,True,True,
tg7_P9150352,14-16.6,15.6,1/60,200,2_underwater_preset,rgbwi,1360,764,1.145,54332,189,67.826,1.341,50,47998,167,29.703,3.288,38.123,0.408,True,True,
tg7_P9150352,14-16.6,15.6,1/60,200,2_underwater_preset,rgbwi,1280,720,1.036,54103,188,67.72,1.338,50,47998,167,29.703,3.288,38.017,0.407,True,True,
tg7_P9150352,14-16.6,15.6,1/60,200,2_underwater_preset,rgbwi,1200,674,0.94,54058,188,67.931,1.339,50,47998,167,29.703,3.288,38.228,0.407,True,True,
tg7_P9150352,14-16.6,15.6,1/60,200,2_underwater_preset,rgbwi,1120,630,0.829,54138,188,67.982,1.325,50,47998,167,29.703,3.288,38.279,0.403,True,True,
tg7_P9150352,14-16.6,15.6,1/60,200,2_underwater_preset,rgbwi,1000,562,0.683,53789,187,68.263,1.329,50,47998,167,29.703,3.288,38.56,0.404,True,True,
tg7_P9150352,14-16.6,15.6,1/60,200,2_underwater_preset,rgbwa,1600,900,2.458,54338,189,68.769,1.354,50,47998,167,29.703,3.288,39.066,0.412,True,True,
tg7_P9150352,14-16.6,15.6,1/60,200,2_underwater_preset,rgbwa,1440,810,2.131,54336,189,68.318,1.336,50,47998,167,29.703,3.288,38.615,0.406,True,True,
tg7_P9150352,14-16.6,15.6,1/60,200,2_underwater_preset,rgbwa,1360,764,1.923,54349,189,68.649,1.325,50,47998,167,29.703,3.288,38.946,0.403,True,True,
tg7_P9150352,14-16.6,15.6,1/60,200,2_underwater_preset,rgbwa,1280,720,1.753,54172,189,69.261,1.296,50,47998,167,29.703,3.288,39.558,0.394,True,True,
tg7_P9150352,14-16.6,15.6,1/60,200,2_underwater_preset,rgbwa,1200,674,1.583,54272,189,69.394,1.339,50,47998,167,29.703,3.288,39.691,0.407,True,True,
tg7_P9150352,14-16.6,15.6,1/60,200,2_underwater_preset,rgbwa,1120,630,1.389,54354,189,69.039,1.307,50,47998,167,29.703,3.288,39.336,0.398,True,True,
tg7_P9150352,14-16.6,15.6,1/60,200,2_underwater_preset,rgbwa,1000,562,1.133,53974,188,69.457,1.312,50,47998,167,29.703,3.288,39.754,0.399,True,True,
tg7_P9160441,14-16.6,16.6,1/15,100,1_reference_A_iso100,bayer,1600,900,5.135,54323,189,53.186,2.339,70,47925,167,56.748,1.668,-3.562,1.402,False,False,5.032
tg7_P9160441,14-16.6,16.6,1/15,100,1_reference_A_iso100,rgbv,1600,900,2.677,54227,189,70.872,1.203,70,47925,167,56.748,1.668,14.124,0.721,True,True,
tg7_P9160441,14-16.6,16.6,1/15,100,1_reference_A_iso100,rgbv,1440,810,2.24,54400,189,69.213,1.25,70,47925,167,56.748,1.668,12.465,0.749,True,True,
tg7_P9160441,14-16.6,16.6,1/15,100,1_reference_A_iso100,rgbv,1360,764,2.057,54259,189,68.936,1.242,70,47925,167,56.748,1.668,12.188,0.745,True,True,
tg7_P9160441,14-16.6,16.6,1/15,100,1_reference_A_iso100,rgbv,1280,720,1.837,54431,189,69.288,1.25,70,47925,167,56.748,1.668,12.54,0.749,True,True,
tg7_P9160441,14-16.6,16.6,1/15,100,1_reference_A_iso100,rgbv,1200,674,1.668,54475,190,69.193,1.259,70,47925,167,56.748,1.668,12.445,0.755,True,True,
tg7_P9160441,14-16.6,16.6,1/15,100,1_reference_A_iso100,rgbv,1120,630,1.474,54127,188,68.37,1.261,70,47925,167,56.748,1.668,11.622,0.756,True,True,
tg7_P9160441,14-16.6,16.6,1/15,100,1_reference_A_iso100,rgbv,1000,562,1.182,54330,189,68.556,1.28,70,47925,167,56.748,1.668,11.808,0.767,True,True,
tg7_P9160441,14-16.6,16.6,1/15,100,1_reference_A_iso100,rgbw,1600,900,2.726,54457,190,72.714,1.149,70,47925,167,56.748,1.668,15.966,0.689,True,True,
tg7_P9160441,14-16.6,16.6,1/15,100,1_reference_A_iso100,rgbw,1440,810,2.312,54193,189,71.44,1.163,70,47925,167,56.748,1.668,14.692,0.697,True,True,
tg7_P9160441,14-16.6,16.6,1/15,100,1_reference_A_iso100,rgbw,1360,764,2.119,54428,189,71.462,1.155,70,47925,167,56.748,1.668,14.714,0.692,True,True,
tg7_P9160441,14-16.6,16.6,1/15,100,1_reference_A_iso100,rgbw,1280,720,1.899,54292,189,71.769,1.158,70,47925,167,56.748,1.668,15.021,0.694,True,True,
tg7_P9160441,14-16.6,16.6,1/15,100,1_reference_A_iso100,rgbw,1200,674,1.716,54452,190,71.866,1.155,70,47925,167,56.748,1.668,15.118,0.692,True,True,
tg7_P9160441,14-16.6,16.6,1/15,100,1_reference_A_iso100,rgbw,1120,630,1.522,54317,189,71.243,1.167,70,47925,167,56.748,1.668,14.495,0.7,True,True,
tg7_P9160441,14-16.6,16.6,1/15,100,1_reference_A_iso100,rgbw,1000,562,1.218,54462,190,71.435,1.186,70,47925,167,56.748,1.668,14.687,0.711,True,True,
tg7_P9160441,14-16.6,16.6,1/15,100,1_reference_A_iso100,rgbwi,1600,900,2.216,54322,189,72.006,1.156,70,47925,167,56.748,1.668,15.258,0.693,True,True,
tg7_P9160441,14-16.6,16.6,1/15,100,1_reference_A_iso100,rgbwi,1440,810,1.825,54470,190,71.078,1.162,70,47925,167,56.748,1.668,14.33,0.697,True,True,
tg7_P9160441,14-16.6,16.6,1/15,100,1_reference_A_iso100,rgbwi,1360,764,1.68,54137,188,70.965,1.159,70,47925,167,56.748,1.668,14.217,0.695,True,True,
tg7_P9160441,14-16.6,16.6,1/15,100,1_reference_A_iso100,rgbwi,1280,720,1.486,54206,189,71.702,1.145,70,47925,167,56.748,1.668,14.954,0.686,True,True,
tg7_P9160441,14-16.6,16.6,1/15,100,1_reference_A_iso100,rgbwi,1200,674,1.341,54301,189,71.688,1.156,70,47925,167,56.748,1.668,14.94,0.693,True,True,
tg7_P9160441,14-16.6,16.6,1/15,100,1_reference_A_iso100,rgbwi,1120,630,1.182,54317,189,71.146,1.162,70,47925,167,56.748,1.668,14.398,0.697,True,True,
tg7_P9160441,14-16.6,16.6,1/15,100,1_reference_A_iso100,rgbwi,1000,562,0.964,54183,189,71.35,1.171,70,47925,167,56.748,1.668,14.602,0.702,True,True,
tg7_P9160441,14-16.6,16.6,1/15,100,1_reference_A_iso100,rgbwa,1600,900,2.446,54300,189,72.364,1.14,70,47925,167,56.748,1.668,15.616,0.683,True,True,
tg7_P9160441,14-16.6,16.6,1/15,100,1_reference_A_iso100,rgbwa,1440,810,2.082,54157,189,71.353,1.164,70,47925,167,56.748,1.668,14.605,0.698,True,True,
tg7_P9160441,14-16.6,16.6,1/15,100,1_reference_A_iso100,rgbwa,1360,764,1.887,54319,189,71.186,1.151,70,47925,167,56.748,1.668,14.438,0.69,True,True,
tg7_P9160441,14-16.6,16.6,1/15,100,1_reference_A_iso100,rgbwa,1280,720,1.692,54208,189,71.98,1.148,70,47925,167,56.748,1.668,15.232,0.688,True,True,
tg7_P9160441,14-16.6,16.6,1/15,100,1_reference_A_iso100,rgbwa,1200,674,1.534,54214,189,71.97,1.151,70,47925,167,56.748,1.668,15.222,0.69,True,True,
tg7_P9160441,14-16.6,16.6,1/15,100,1_reference_A_iso100,rgbwa,1120,630,1.341,54203,189,71.261,1.165,70,47925,167,56.748,1.668,14.513,0.698,True,True,
tg7_P9160441,14-16.6,16.6,1/15,100,1_reference_A_iso100,rgbwa,1000,562,1.085,54229,189,71.434,1.164,70,47925,167,56.748,1.668,14.686,0.698,True,True,
tg7_P9160578,14-16.6,16.6,1/60,100,1_reference_A_iso100,bayer,1600,900,6.823,54427,189,44.664,3.034,70,54844,191,55.758,1.926,-11.094,1.575,False,False,6.831
tg7_P9160578,14-16.6,16.6,1/60,100,1_reference_A_iso100,rgbv,1600,900,3.333,54400,189,66.083,1.508,70,54844,191,55.758,1.926,10.325,0.783,True,True,
tg7_P9160578,14-16.6,16.6,1/60,100,1_reference_A_iso100,rgbv,1440,810,2.884,54295,189,63.967,1.541,70,54844,191,55.758,1.926,8.209,0.8,True,True,
tg7_P9160578,14-16.6,16.6,1/60,100,1_reference_A_iso100,rgbv,1360,764,2.616,54437,190,63.92,1.538,70,54844,191,55.758,1.926,8.162,0.799,True,True,
tg7_P9160578,14-16.6,16.6,1/60,100,1_reference_A_iso100,rgbv,1280,720,2.386,54312,189,63.733,1.571,70,54844,191,55.758,1.926,7.975,0.816,True,True,
tg7_P9160578,14-16.6,16.6,1/60,100,1_reference_A_iso100,rgbv,1200,674,2.143,54437,190,63.644,1.588,70,54844,191,55.758,1.926,7.886,0.825,True,True,
tg7_P9160578,14-16.6,16.6,1/60,100,1_reference_A_iso100,rgbv,1120,630,1.899,54431,189,63.074,1.597,70,54844,191,55.758,1.926,7.316,0.829,True,True,
tg7_P9160578,14-16.6,16.6,1/60,100,1_reference_A_iso100,rgbv,1000,562,1.571,54221,189,62.552,1.606,70,54844,191,55.758,1.926,6.794,0.834,True,True,
tg7_P9160578,14-16.6,16.6,1/60,100,1_reference_A_iso100,rgbw,1600,900,3.395,54461,190,68.494,1.43,70,54844,191,55.758,1.926,12.736,0.742,True,True,
tg7_P9160578,14-16.6,16.6,1/60,100,1_reference_A_iso100,rgbw,1440,810,2.932,54385,189,66.725,1.476,70,54844,191,55.758,1.926,10.967,0.766,True,True,
tg7_P9160578,14-16.6,16.6,1/60,100,1_reference_A_iso100,rgbw,1360,764,2.665,54343,189,66.572,1.466,70,54844,191,55.758,1.926,10.814,0.761,True,True,
tg7_P9160578,14-16.6,16.6,1/60,100,1_reference_A_iso100,rgbw,1280,720,2.434,54233,189,66.968,1.475,70,54844,191,55.758,1.926,11.21,0.766,True,True,
tg7_P9160578,14-16.6,16.6,1/60,100,1_reference_A_iso100,rgbw,1200,674,2.192,54348,189,67.094,1.473,70,54844,191,55.758,1.926,11.336,0.765,True,True,
tg7_P9160578,14-16.6,16.6,1/60,100,1_reference_A_iso100,rgbw,1120,630,1.935,54454,190,66.618,1.49,70,54844,191,55.758,1.926,10.86,0.774,True,True,
tg7_P9160578,14-16.6,16.6,1/60,100,1_reference_A_iso100,rgbw,1000,562,1.595,54385,189,66.054,1.516,70,54844,191,55.758,1.926,10.296,0.787,True,True,
tg7_P9160578,14-16.6,16.6,1/60,100,1_reference_A_iso100,rgbwi,1600,900,2.835,54323,189,67.963,1.435,70,54844,191,55.758,1.926,12.205,0.745,True,True,
tg7_P9160578,14-16.6,16.6,1/60,100,1_reference_A_iso100,rgbwi,1440,810,2.386,54296,189,66.037,1.461,70,54844,191,55.758,1.926,10.279,0.759,True,True,
tg7_P9160578,14-16.6,16.6,1/60,100,1_reference_A_iso100,rgbwi,1360,764,2.192,54223,189,66.13,1.47,70,54844,191,55.758,1.926,10.372,0.763,True,True,
tg7_P9160578,14-16.6,16.6,1/60,100,1_reference_A_iso100,rgbwi,1280,720,1.996,54268,189,66.331,1.538,70,54844,191,55.758,1.926,10.573,0.799,True,True,
tg7_P9160578,14-16.6,16.6,1/60,100,1_reference_A_iso100,rgbwi,1200,674,1.777,54395,189,66.492,1.49,70,54844,191,55.758,1.926,10.734,0.774,True,True,
tg7_P9160578,14-16.6,16.6,1/60,100,1_reference_A_iso100,rgbwi,1120,630,1.583,54268,189,66.258,1.488,70,54844,191,55.758,1.926,10.5,0.773,True,True,
tg7_P9160578,14-16.6,16.6,1/60,100,1_reference_A_iso100,rgbwi,1000,562,1.28,54096,188,65.764,1.494,70,54844,191,55.758,1.926,10.006,0.776,True,True,
tg7_P9160578,14-16.6,16.6,1/60,100,1_reference_A_iso100,rgbwa,1600,900,2.92,54289,189,67.893,1.428,70,54844,191,55.758,1.926,12.135,0.741,True,True,
tg7_P9160578,14-16.6,16.6,1/60,100,1_reference_A_iso100,rgbwa,1440,810,2.47,54310,189,66.143,1.47,70,54844,191,55.758,1.926,10.385,0.763,True,True,
tg7_P9160578,14-16.6,16.6,1/60,100,1_reference_A_iso100,rgbwa,1360,764,2.264,54284,189,66.181,1.481,70,54844,191,55.758,1.926,10.423,0.769,True,True,
tg7_P9160578,14-16.6,16.6,1/60,100,1_reference_A_iso100,rgbwa,1280,720,2.057,54399,189,66.711,1.498,70,54844,191,55.758,1.926,10.953,0.778,True,True,
tg7_P9160578,14-16.6,16.6,1/60,100,1_reference_A_iso100,rgbwa,1200,674,1.85,54282,189,66.353,1.476,70,54844,191,55.758,1.926,10.595,0.766,True,True,
tg7_P9160578,14-16.6,16.6,1/60,100,1_reference_A_iso100,rgbwa,1120,630,1.643,54332,189,66.261,1.477,70,54844,191,55.758,1.926,10.503,0.767,True,True,
tg7_P9160578,14-16.6,16.6,1/60,100,1_reference_A_iso100,rgbwa,1000,562,1.316,54347,189,66.049,1.5,70,54844,191,55.758,1.926,10.291,0.779,True,True,
