2026-10-02T06:22:00Z SPOT-31593C > bm pub bmcam/cmd {"id":64001,"c":"get","k":["mode","camera","still","video.record","video.send"],"to":"con"} 1 1
2026-10-02T06:22:02Z bm pub bmcam/cmd {"id":64001,"c":"get","k":["mode","camera","still","video.record","video.send"],"to":"con"} 1 1
2026-10-02T06:22:02Z 1790922122.453 e6fe83ea6b4a2b7f, [bmcam004] REJECTED id=64001 k is a list of 1..4 names e=val k=k cfg=f7c9194f
2026-10-02T06:22:02Z 1790922122.503 e6fe83ea6b4a2b7f, [bmcam004] REJECTED id=64001 (duplicate: original answer) e=val k=k cfg=f7c9194f
2026-10-02T06:22:03Z 1790922122.714 e6fe83ea6b4a2b7f, [bmcam004] REJECTED id=64001 (duplicate: original answer) e=val k=k cfg=f7c9194f
2026-10-02T06:22:20Z SPOT-31593C > bm pub bmcam/cmd {"id":64002,"c":"get","k":["mode","camera","still"],"to":"con"} 1 1
2026-10-02T06:22:21Z bm pub bmcam/cmd {"id":64002,"c":"get","k":["mode","camera","still"],"to":"con"} 1 1
2026-10-02T06:22:21Z 1790922141.000 e6fe83ea6b4a2b7f, [bmcam004] OK id=64002 get mode, camera, still: 36 key(s) cfg=f7c9194f
2026-10-02T06:22:21Z 1790922141.050 e6fe83ea6b4a2b7f,   mode.media = video (yaml)
2026-10-02T06:22:21Z 1790922141.101 e6fe83ea6b4a2b7f,   mode.run = stay_on (cmd 62101)
2026-10-02T06:22:21Z 1790922141.148 e6fe83ea6b4a2b7f,   mode.interval_s = 0 (yaml)
2026-10-02T06:22:21Z 1790922141.199 e6fe83ea6b4a2b7f,   mode.heartbeat_s = 300 (yaml)
2026-10-02T06:22:21Z 1790922141.250 e6fe83ea6b4a2b7f,   mode.output = transmit (yaml)
2026-10-02T06:22:21Z 1790922141.300 e6fe83ea6b4a2b7f,   camera.backend = rpicam (yaml)
2026-10-02T06:22:21Z 1790922141.351 e6fe83ea6b4a2b7f,   camera.native.width = 4608 (yaml)
2026-10-02T06:22:21Z 1790922141.398 e6fe83ea6b4a2b7f,   camera.native.height = 2592 (yaml)
2026-10-02T06:22:21Z 1790922141.449 e6fe83ea6b4a2b7f,   camera.native.jpeg_quality = 95 (yaml)
2026-10-02T06:22:21Z 1790922141.500 e6fe83ea6b4a2b7f,   camera.controls_enabled = true (yaml)
2026-10-02T06:22:21Z 1790922141.558 e6fe83ea6b4a2b7f,   camera.focus.enabled = true (yaml)
2026-10-02T06:22:21Z 1790922141.609 e6fe83ea6b4a2b7f,   camera.focus.mode = auto (yaml)
2026-10-02T06:22:21Z 1790922141.660 e6fe83ea6b4a2b7f,   camera.focus.lens_position = 1.82 (yaml)
2026-10-02T06:22:21Z 1790922141.710 e6fe83ea6b4a2b7f,   camera.focus.range = none (yaml)
2026-10-02T06:22:21Z 1790922141.761 e6fe83ea6b4a2b7f,   camera.focus.speed = none (yaml)
2026-10-02T06:22:22Z 1790922141.808 e6fe83ea6b4a2b7f,   camera.white_balance.enabled = false (yaml)
2026-10-02T06:22:22Z 1790922141.859 e6fe83ea6b4a2b7f,   camera.white_balance.mode = none (yaml)
2026-10-02T06:22:22Z 1790922141.910 e6fe83ea6b4a2b7f,   camera.white_balance.gains = none (yaml)
2026-10-02T06:22:22Z 1790922141.960 e6fe83ea6b4a2b7f,   camera.exposure.enabled = false (yaml)
2026-10-02T06:22:22Z 1790922142.011 e6fe83ea6b4a2b7f,   camera.exposure.mode = none (yaml)
2026-10-02T06:22:22Z 1790922142.058 e6fe83ea6b4a2b7f,   camera.exposure.ev = none (yaml)
2026-10-02T06:22:22Z 1790922142.121 e6fe83ea6b4a2b7f,   camera.exposure.shutter_us = none (yaml)
2026-10-02T06:22:22Z 1790922142.171 e6fe83ea6b4a2b7f,   camera.exposure.analogue_gain = none (yaml)
2026-10-02T06:22:22Z 1790922142.218 e6fe83ea6b4a2b7f,   camera.image_processing.enabled = false (yaml)
2026-10-02T06:22:22Z 1790922142.269 e6fe83ea6b4a2b7f,   camera.image_processing.sharpness = none (yaml)
2026-10-02T06:22:22Z 1790922142.320 e6fe83ea6b4a2b7f,   camera.image_processing.contrast = none (yaml)
2026-10-02T06:22:22Z 1790922142.371 e6fe83ea6b4a2b7f,   camera.image_processing.saturation = none (yaml)
2026-10-02T06:22:22Z 1790922142.421 e6fe83ea6b4a2b7f,   camera.image_processing.brightness = none (yaml)
2026-10-02T06:22:22Z 1790922142.468 e6fe83ea6b4a2b7f,   camera.image_processing.denoise = none (yaml)
2026-10-02T06:22:22Z 1790922142.519 e6fe83ea6b4a2b7f,   camera.image_processing.hdr = none (yaml)
2026-10-02T06:22:22Z 1790922142.582 e6fe83ea6b4a2b7f,   still.crop = 1504,846,1600,900 (yaml)
2026-10-02T06:22:22Z 1790922142.628 e6fe83ea6b4a2b7f,   still.output_width = 1000 (yaml)
2026-10-02T06:22:22Z 1790922142.679 e6fe83ea6b4a2b7f,   still.quality_ladder = 90,80,70,60,50,40,30,25,20,15,13,11,9 (yaml)
2026-10-02T06:22:22Z 1790922142.730 e6fe83ea6b4a2b7f,   still.save.quality = 85 (yaml)
2026-10-02T06:22:22Z 1790922142.781 e6fe83ea6b4a2b7f,   still.message_cap = 195 (yaml)
2026-10-02T06:22:23Z 1790922142.832 e6fe83ea6b4a2b7f,   still.budget_min = 8 (yaml)
2026-10-02T06:22:23Z 1790922142.890 e6fe83ea6b4a2b7f, [bmcam004] OK id=64002 get mode, camera, still: 36 key(s) (duplicate: original answer) cfg=f7c9194f
2026-10-02T06:22:23Z 1790922142.941 e6fe83ea6b4a2b7f, [bmcam004] OK id=64002 get mode, camera, still: 36 key(s) (duplicate: original answer) cfg=f7c9194f
2026-10-02T06:22:27Z 2026-10-02T06:22:26.640Z [BRIDGE_CFG] [INFO] Bridge topology in topology sampler:
2026-10-02T06:22:27Z 2026-10-02T06:22:26.648Z [BRIDGE_CFG] [INFO] 0e582dd12c1e1480
2026-10-02T06:22:27Z 2026-10-02T06:22:26.648Z [BRIDGE_CFG] [INFO] e6fe83ea6b4a2b7f
2026-10-02T06:22:27Z 2026-10-02T06:22:26.652Z [BRIDGE_SYS] [INFO] Checking CRC in report builder!
2026-10-02T06:22:27Z 2026-10-02T06:22:26.652Z [BRIDGE_SYS] [INFO] Got CRC f3b914aa OLD CRC f3b914aa
2026-10-02T06:22:27Z 2026-10-02T06:22:26.656Z [BRIDGE_SYS] [INFO] CRCs match, not updating
2026-10-02T06:22:33Z SPOT-31593C > bm pub bmcam/cmd {"id":64003,"c":"get","k":["video.record","video.send"],"to":"con"} 1 1
2026-10-02T06:22:34Z bm pub bmcam/cmd {"id":64003,"c":"get","k":["video.record","video.send"],"to":"con"} 1 1
2026-10-02T06:22:34Z 1790922154.207 e6fe83ea6b4a2b7f, [bmcam004] OK id=64003 get video.record, video.send: 20 key(s) cfg=f7c9194f
2026-10-02T06:22:34Z 1790922154.257 e6fe83ea6b4a2b7f,   video.record.framing = wide_1080p_lean (yaml)
2026-10-02T06:22:34Z 1790922154.308 e6fe83ea6b4a2b7f,   video.record.crop = none (yaml)
2026-10-02T06:22:34Z 1790922154.359 e6fe83ea6b4a2b7f,   video.record.output = none (yaml)
2026-10-02T06:22:34Z 1790922154.406 e6fe83ea6b4a2b7f,   video.record.sensor_mode = none (yaml)
2026-10-02T06:22:34Z 1790922154.457 e6fe83ea6b4a2b7f,   video.record.fps = 15 (yaml)
2026-10-02T06:22:34Z 1790922154.519 e6fe83ea6b4a2b7f,   video.record.bitrate_mbps = 6.0 (yaml)
2026-10-02T06:22:34Z 1790922154.566 e6fe83ea6b4a2b7f,   video.record.dir = /home/pi/BM_Devel_Pi/videos (yaml)
2026-10-02T06:22:34Z 1790922154.617 e6fe83ea6b4a2b7f,   video.record.encoder.profile =  (yaml)
2026-10-02T06:22:35Z 1790922154.667 e6fe83ea6b4a2b7f,   video.record.encoder.level =  (yaml)
2026-10-02T06:22:35Z 1790922154.718 e6fe83ea6b4a2b7f,   video.record.encoder.intra = 0 (yaml)
2026-10-02T06:22:35Z 1790922154.769 e6fe83ea6b4a2b7f,   video.record.encoder.denoise =  (yaml)
2026-10-02T06:22:35Z 1790922154.816 e6fe83ea6b4a2b7f,   video.record.encoder.sharpness = 1.0 (yaml)
2026-10-02T06:22:35Z 1790922154.867 e6fe83ea6b4a2b7f,   video.send.duration_s = 5.0 (yaml)
2026-10-02T06:22:35Z 1790922154.917 e6fe83ea6b4a2b7f,   video.send.lead_in_s = 2.0 (yaml)
2026-10-02T06:22:35Z 1790922154.968 e6fe83ea6b4a2b7f,   video.send.fps = 10 (yaml)
2026-10-02T06:22:35Z 1790922155.019 e6fe83ea6b4a2b7f,   video.send.message_cap = 190 (yaml)
2026-10-02T06:22:35Z 1790922155.078 e6fe83ea6b4a2b7f,   video.send.keyframe_repeat_max = 30 (yaml)
2026-10-02T06:22:35Z 1790922155.128 e6fe83ea6b4a2b7f,   video.send.size = 480x270 (yaml)
2026-10-02T06:22:35Z 1790922155.179 e6fe83ea6b4a2b7f,   video.send.x264_preset = medium (yaml)
2026-10-02T06:22:35Z 1790922155.226 e6fe83ea6b4a2b7f,   video.send.budget_min = 8 (yaml)
2026-10-02T06:22:35Z 1790922155.289 e6fe83ea6b4a2b7f, [bmcam004] OK id=64003 get video.record, video.send: 20 key(s) (duplicate: original answer) cfg=f7c9194f
2026-10-02T06:22:35Z 1790922155.339 e6fe83ea6b4a2b7f, [bmcam004] OK id=64003 get video.record, video.send: 20 key(s) (duplicate: original answer) cfg=f7c9194f
2026-10-02T06:23:01Z SPOT-31593C > bm pub bmcam/cmd {"id":64004,"c":"ping"} 1 1
2026-10-02T06:23:03Z bm pub bmcam/cmd {"id":64004,"c":"ping"} 1 1
2026-10-02T06:23:03Z 1790922183.632 e6fe83ea6b4a2b7f, [bmcam004] OK id=64004 ping cfg=f7c9194f
2026-10-02T06:23:03Z 1790922183.695 e6fe83ea6b4a2b7f, [bmcam004] OK id=64004 ping (duplicate: original answer) cfg=f7c9194f
2026-10-02T06:23:03Z 1790922183.746 e6fe83ea6b4a2b7f, [bmcam004] OK id=64004 ping (duplicate: original answer) cfg=f7c9194f
2026-10-02T06:23:12Z SPOT-31593C > bm pub bmcam/cmd {"id":64005,"c":"set","kv":{"camera.controls_enabled":true,"camera.exposure.enabled":true,"camera.exposure.ev":-1.0}} 1 1
2026-10-02T06:23:13Z bm pub bmcam/cmd {"id":64005,"c":"set","kv":{"camera.controls_enabled":true,"camera.exposure.enabled":true,"camera.exposure.ev":-1.0}} 1 1
2026-10-02T06:23:13Z 1790922192.820 e6fe83ea6b4a2b7f, [bmcam004] OK id=64005 camera.exposure.enabled: false -> true, camera.exposure.ev: none -> -1.0 (next action) cfg=9bb7c063
2026-10-02T06:23:13Z 1790922192.882 e6fe83ea6b4a2b7f, [bmcam004] OK id=64005 camera.exposure.enabled: false -> true, camera.exposure.ev: none -> -1.0 (next action) (duplicate: original answer) cfg=9bb7c063
2026-10-02T06:23:13Z 1790922192.933 e6fe83ea6b4a2b7f, [bmcam004] OK id=64005 camera.exposure.enabled: false -> true, camera.exposure.ev: none -> -1.0 (next action) (duplicate: original answer) cfg=9bb7c063
2026-10-02T06:23:28Z SPOT-31593C > bm pub bmcam/cmd {"id":64006,"c":"trg","v":2,"kv":{"med":"still","o":"save_local"}} 1 1
2026-10-02T06:23:29Z bm pub bmcam/cmd {"id":64006,"c":"trg","v":2,"kv":{"med":"still","o":"save_local"}} 1 1
2026-10-02T06:23:29Z 1790922209.617 e6fe83ea6b4a2b7f, [bmcam004] OK id=64006 trg 2 armed: capture + output per mode (next decision point); one action only: mode.media=still, mode.output=save_local cfg=9bb7c063
2026-10-02T06:23:29Z 1790922209.679 e6fe83ea6b4a2b7f, [bmcam004] OK id=64006 trg 2 armed: capture + output per mode (next decision point); one action only: mode.media=still, mode.output=save_local (duplicate: original an
2026-10-02T06:23:30Z 1790922209.730 e6fe83ea6b4a2b7f, [bmcam004] OK id=64006 trg 2 armed: capture + output per mode (next decision point); one action only: mode.media=still, mode.output=save_local (duplicate: original an
2026-10-02T06:24:17Z SPOT-31593C > bm pub bmcam/cmd {"id":64007,"c":"trg","v":2,"kv":{"med":"still","m":30}} 1 1
2026-10-02T06:24:20Z bm pub bmcam/cmd {"id":64007,"c":"trg","v":2,"kv":{"med":"still","m":30}} 1 1
2026-10-02T06:24:20Z 1790922260.101 e6fe83ea6b4a2b7f, [bmcam004] OK id=64007 trg 2 armed: capture + output per mode (next decision point); one action only: mode.media=still, still.message_cap=30 cfg=9bb7c063
2026-10-02T06:24:20Z 1790922260.148 e6fe83ea6b4a2b7f, [bmcam004] OK id=64007 trg 2 armed: capture + output per mode (next decision point); one action only: mode.media=still, still.message_cap=30 (duplicate: original answ
2026-10-02T06:24:20Z 1790922260.210 e6fe83ea6b4a2b7f, [bmcam004] OK id=64007 trg 2 armed: capture + output per mode (next decision point); one action only: mode.media=still, still.message_cap=30 (duplicate: original answ
2026-10-02T06:24:26Z 2026-10-02T06:24:26.640Z [BRIDGE_CFG] [INFO] Bridge topology in topology sampler:
2026-10-02T06:24:26Z 2026-10-02T06:24:26.644Z [BRIDGE_CFG] [INFO] 0e582dd12c1e1480
2026-10-02T06:24:26Z 2026-10-02T06:24:26.648Z [BRIDGE_CFG] [INFO] e6fe83ea6b4a2b7f
2026-10-02T06:24:26Z 2026-10-02T06:24:26.648Z [BRIDGE_SYS] [INFO] Checking CRC in report builder!
2026-10-02T06:24:26Z 2026-10-02T06:24:26.652Z [BRIDGE_SYS] [INFO] Got CRC f3b914aa OLD CRC f3b914aa
2026-10-02T06:24:26Z 2026-10-02T06:24:26.652Z [BRIDGE_SYS] [INFO] CRCs match, not updating
2026-10-02T06:24:28Z 2026-10-02T06:24:27.906Z [MS] [INFO] Added message(id: 1314 len: 262) to queue MS_Q_CELLULAR_ONLY: (1)!
2026-10-02T06:24:28Z 2026-10-02T06:24:27.910Z [BM_TX] [INFO] Submitted spotter/transmit-data message to cell-only queue, Len: 135
2026-10-02T06:24:28Z 2026-10-02T06:24:27.910Z [BM_TX] [DEBUG] Message:
2026-10-02T06:24:28Z  3c 57 53 20 76 3d 31 20
2026-10-02T06:24:28Z  61 3d 63 61 70 20 63 66
2026-10-02T06:24:28Z  67 3d 39 62 62 37 63 30
2026-10-02T06:24:28Z  36 33 20 75 70 3d 38 39
2026-10-02T06:24:28Z  39 20 74 7a 3d 41 6d 65
2026-10-02T06:24:28Z  72 69 63 61 2f 4c 6f 73
2026-10-02T06:24:28Z  5f 41 6e 67 65 6c 65 73
2026-10-02T06:24:28Z  20 6c 74 3d 6e 61 20 77
2026-10-02T06:24:28Z  73 3d 30 30 30 30 20 77
2026-10-02T06:24:28Z  65 3d 30 30 30 30 20 72
2026-10-02T06:24:28Z  6b 3d 31 30 30 30 78 35
2026-10-02T06:24:28Z  36 32 20 71 3d 39 30 20
2026-10-02T06:24:28Z  63 74 3d 33 36 2e 35 20
2026-10-02T06:24:28Z  73 68 61 3d 39 31 61 30
2026-10-02T06:24:28Z  38 66 36 32 34 30 31 31
2026-10-02T06:24:28Z  20 68 6e 3d 62 6d 63 61
2026-10-02T06:24:28Z  6d 30 30 34 3e 0a
2026-10-02T06:24:28Z 2026-10-02T06:24:27.964Z [MS] [DEBUG] Notecard is 3.000000 pct full.
2026-10-02T06:24:28Z 2026-10-02T06:24:27.964Z [MS] [DEBUG] Has message 1314 expired? queuedTime: 17834106, now64: 17834163, remaining: 86399943
2026-10-02T06:24:28Z 2026-10-02T06:24:27.968Z [MS] [INFO] Sending Cellular message to Notecard.
2026-10-02T06:24:28Z 2026-10-02T06:24:27.968Z [MS] [INFO] Queuing message 1314 20004EA0
2026-10-02T06:26:26Z SPOT-31593C > bm pub bmcam/cmd {"id":1000000,"c":"ping"} 1 1
2026-10-02T06:26:27Z bm pub bmcam/cmd {"id":1000000,"c":"ping"} 1 1
2026-10-02T06:26:27Z 2026-10-02T06:26:27.281Z [MS] [INFO] Added message(id: 1350 len: 163) to queue MS_Q_CELLULAR_ONLY: (1)!
2026-10-02T06:26:27Z 2026-10-02T06:26:27.281Z [BM_TX] [INFO] Submitted spotter/transmit-data message to cell-only queue, Len: 37
2026-10-02T06:26:27Z 2026-10-02T06:26:27.281Z [BM_TX] [DEBUG] Message:
2026-10-02T06:26:27Z  7b 22 69 64 22 3a 31 30
2026-10-02T06:26:27Z  30 30 30 30 30 2c 22 6f
2026-10-02T06:26:27Z  6b 22 3a 31 2c 22 68 22
2026-10-02T06:26:27Z  3a 22 39 62 62 37 63 30
2026-10-02T06:26:27Z  36 33 22 7d
2026-10-02T06:26:27Z Message: 1790922387.289 e6fe83ea6b4a2b7f, [bmcam004] OK id=1000000 ping cfg=9bb7c063
2026-10-02T06:26:27Z 2026-10-02T06:26:27.324Z [MS] [DEBUG] Notecard is 6.000000 pct full.
2026-10-02T06:26:27Z 2026-10-02T06:26:27.324Z [MS] [DEBUG] Has message 1350 expired? queuedTime: 17953498, now64: 17953544, remaining: 86399954
2026-10-02T06:26:27Z 2026-10-02T06:26:27.324Z [MS] [INFO] Sending Cellular message to Notecard.
2026-10-02T06:26:27Z 2026-10-02T06:26:27.328Z [MS] [INFO] Queuing message 1350 20004EA0
2026-10-02T06:26:27Z 1790922387.328 e6fe83ea6b4a2b7f, [bmcam004] OK id=1000000 ping (duplicate: original answer) cfg=9bb7c063
2026-10-02T06:26:27Z 1790922387.390 e6fe83ea6b4a2b7f, [bmcam004] OK id=1000000 ping (duplicate: original answer) cfg=9bb7c063
2026-10-02T06:26:47Z SPOT-33507C > bm pub bmcam/cmd {"id":1000000,"c":"ping"} 1 1
2026-10-02T06:26:48Z bm pub bmcam/cmd {"id":1000000,"c":"ping"} 1 1
2026-10-02T06:26:48Z 2026-10-02T06:26:49.941Z [MS] [INFO] Added message(id: 45080 len: 162) to queue MS_Q_CELLULAR_ONLY: (1)!
2026-10-02T06:26:48Z 2026-10-02T06:26:49.941Z [BM_TX] [INFO] Submitted spotter/transmit-data message to cell-only queue, Len: 37
2026-10-02T06:26:48Z 2026-10-02T06:26:49.941Z [BM_TX] [DEBUG] Message:
2026-10-02T06:26:48Z  7b 22 69 64 22 3a 31 30
2026-10-02T06:26:48Z  30 30 30 30 30 2c 22 6f
2026-10-02T06:26:48Z  6b 22 3a 31 2c 22 68 22
2026-10-02T06:26:48Z  3a 22 66 37 63 39 31 39
2026-10-02T06:26:48Z  34 66 22 7d
2026-10-02T06:26:48Z Message: 1790922409.945 53171fa3d81a8e6f, [bmcam003] OK id=1000000 ping cfg=f7c9194f
2026-10-02T06:26:48Z 2026-10-02T06:26:49.976Z [MS] [DEBUG] Notecard is 4.000000 pct full.
2026-10-02T06:26:48Z 2026-10-02T06:26:49.976Z [MS] [DEBUG] Has message 45080 expired? queuedTime: 557082524, now64: 557082560, remaining: 86399964
2026-10-02T06:26:48Z 2026-10-02T06:26:49.980Z [MS] [INFO] Sending Cellular message to Notecard.
2026-10-02T06:26:48Z 2026-10-02T06:26:49.980Z [MS] [INFO] Queuing message 45080 20027488
2026-10-02T06:26:48Z 1790922409.980 53171fa3d81a8e6f, [bmcam003] OK id=1000000 ping (duplicate: original answer) cfg=f7c9194f
2026-10-02T06:26:54Z 1790922416.437 53171fa3d81a8e6f, [bmcam003] OK id=1000000 ping (duplicate: original answer) cfg=f7c9194f
2026-10-02T06:27:45Z SPOT-31593C > bm pub bmcam/cmd {"id":64010,"c":"set","kv":{"camera.exposure.shutter_us":10000,"camera.exposure.analogue_gain":2.0}} 1 1
2026-10-02T06:27:48Z bm pub bmcam/cmd {"id":64010,"c":"set","kv":{"camera.exposure.shutter_us":10000,"camera.exposure.analogue_gain":2.0}} 1 1
2026-10-02T06:27:48Z 1790922467.984 e6fe83ea6b4a2b7f, [bmcam004] OK id=64010 camera.exposure.shutter_us: none -> 10000, camera.exposure.analogue_gain: none -> 2.0 (next action) cfg=8b5a56bd
2026-10-02T06:27:48Z 1790922468.035 e6fe83ea6b4a2b7f, [bmcam004] OK id=64010 camera.exposure.shutter_us: none -> 10000, camera.exposure.analogue_gain: none -> 2.0 (next action) (duplicate: original answer) cfg=8b5a56bd
2026-10-02T06:27:48Z 1790922468.082 e6fe83ea6b4a2b7f, [bmcam004] OK id=64010 camera.exposure.shutter_us: none -> 10000, camera.exposure.analogue_gain: none -> 2.0 (next action) (duplicate: original answer) cfg=8b5a56bd
2026-10-02T06:27:58Z SPOT-31593C > bm pub bmcam/cmd {"id":64011,"c":"trg","v":2,"kv":{"med":"still","m":40}} 1 1
2026-10-02T06:27:58Z bm pub bmcam/cmd {"id":64011,"c":"trg","v":2,"kv":{"med":"still","m":40}} 1 1
2026-10-02T06:27:58Z 1790922478.750 e6fe83ea6b4a2b7f, [bmcam004] OK id=64011 trg 2 armed: capture + output per mode (next decision point); one action only: mode.media=still, still.message_cap=40 cfg=8b5a56bd
2026-10-02T06:27:59Z 1790922478.800 e6fe83ea6b4a2b7f, [bmcam004] OK id=64011 trg 2 armed: capture + output per mode (next decision point); one action only: mode.media=still, still.message_cap=40 (duplicate: original answ
2026-10-02T06:27:59Z 1790922478.851 e6fe83ea6b4a2b7f, [bmcam004] OK id=64011 trg 2 armed: capture + output per mode (next decision point); one action only: mode.media=still, still.message_cap=40 (duplicate: original answ
2026-10-02T06:30:07Z SPOT-31593C > bm pub bmcam/cmd {"id":64012,"c":"set","kv":{"camera.white_balance.enabled":true,"camera.white_balance.mode":"daylight"}} 1 1
2026-10-02T06:30:08Z bm pub bmcam/cmd {"id":64012,"c":"set","kv":{"camera.white_balance.enabled":true,"camera.white_balance.mode":"daylight"}} 1 1
2026-10-02T06:30:08Z 1790922607.929 e6fe83ea6b4a2b7f, [bmcam004] OK id=64012 camera.white_balance.enabled: false -> true, camera.white_balance.mode: none -> daylight (next action) cfg=976272f9
2026-10-02T06:30:08Z 1790922607.980 e6fe83ea6b4a2b7f, [bmcam004] OK id=64012 camera.white_balance.enabled: false -> true, camera.white_balance.mode: none -> daylight (next action) (duplicate: original answer) cfg=976272f
2026-10-02T06:30:08Z 1790922608.039 e6fe83ea6b4a2b7f, [bmcam004] OK id=64012 camera.white_balance.enabled: false -> true, camera.white_balance.mode: none -> daylight (next action) (duplicate: original answer) cfg=976272f
2026-10-02T06:30:17Z SPOT-31593C > bm pub bmcam/cmd {"id":64013,"c":"trg","v":2,"kv":{"med":"still","m":40}} 1 1
2026-10-02T06:30:18Z bm pub bmcam/cmd {"id":64013,"c":"trg","v":2,"kv":{"med":"still","m":40}} 1 1
2026-10-02T06:30:18Z 1790922618.097 e6fe83ea6b4a2b7f, [bmcam004] OK id=64013 trg 2 armed: capture + output per mode (next decision point); one action only: mode.media=still, still.message_cap=40 cfg=976272f9
2026-10-02T06:30:18Z 1790922618.148 e6fe83ea6b4a2b7f, [bmcam004] OK id=64013 trg 2 armed: capture + output per mode (next decision point); one action only: mode.media=still, still.message_cap=40 (duplicate: original answ
2026-10-02T06:30:18Z 1790922618.195 e6fe83ea6b4a2b7f, [bmcam004] OK id=64013 trg 2 armed: capture + output per mode (next decision point); one action only: mode.media=still, still.message_cap=40 (duplicate: original answ
2026-10-02T06:31:49Z SPOT-31593C > bm pub bmcam/cmd {"id":64014,"c":"set","kv":{"camera.white_balance.mode":"manual","camera.white_balance.gains":[1.8,1.6]}} 1 1
2026-10-02T06:31:52Z bm pub bmcam/cmd {"id":64014,"c":"set","kv":{"camera.white_balance.mode":"manual","camera.white_balance.gains":[1.8,1.6]}} 1 1
2026-10-02T06:31:52Z 1790922712.019 e6fe83ea6b4a2b7f, [bmcam004] OK id=64014 camera.white_balance.mode: daylight -> manual, camera.white_balance.gains: none -> 1.8,1.6 (next action) cfg=c8db3742
2026-10-02T06:31:52Z 1790922712.023 e6fe83ea6b4a2b7f, [bmcam004] OK id=64014 camera.white_balance.mode: daylight -> manual, camera.white_balance.gains: none -> 1.8,1.6 (next action) (duplicate: original answer) cfg=c8db3
2026-10-02T06:31:52Z 1790922712.625 e6fe83ea6b4a2b7f, [bmcam004] OK id=64014 camera.white_balance.mode: daylight -> manual, camera.white_balance.gains: none -> 1.8,1.6 (next action) (duplicate: original answer) cfg=c8db3
2026-10-02T06:32:01Z SPOT-31593C > bm pub bmcam/cmd {"id":64015,"c":"trg","v":2,"kv":{"med":"still","m":40}} 1 1
2026-10-02T06:32:02Z bm pub bmcam/cmd {"id":64015,"c":"trg","v":2,"kv":{"med":"still","m":40}} 1 1
2026-10-02T06:32:02Z 1790922722.718 e6fe83ea6b4a2b7f, [bmcam004] OK id=64015 trg 2 armed: capture + output per mode (next decision point); one action only: mode.media=still, still.message_cap=40 cfg=c8db3742
2026-10-02T06:32:08Z 2026-10-02T06:32:07.917Z [MS] [INFO] Added message(id: 1433 len: 263) to queue MS_Q_CELLULAR_ONLY: (1)!
2026-10-02T06:32:08Z 2026-10-02T06:32:07.917Z [BM_TX] [INFO] Submitted spotter/transmit-data message to cell-only queue, Len: 136
2026-10-02T06:32:08Z 2026-10-02T06:32:07.917Z [BM_TX] [DEBUG] Message:
2026-10-02T06:32:08Z  3c 57 53 20 76 3d 31 20
2026-10-02T06:32:08Z  61 3d 63 61 70 20 63 66
2026-10-02T06:32:08Z  67 3d 63 38 64 62 33 37
2026-10-02T06:32:08Z  34 32 20 75 70 3d 31 33
2026-10-02T06:32:08Z  35 39 20 74 7a 3d 41 6d
2026-10-02T06:32:08Z  65 72 69 63 61 2f 4c 6f
2026-10-02T06:32:08Z  73 5f 41 6e 67 65 6c 65
2026-10-02T06:32:08Z  73 20 6c 74 3d 6e 61 20
2026-10-02T06:32:08Z  77 73 3d 30 30 30 30 20
2026-10-02T06:32:08Z  77 65 3d 30 30 30 30 20
2026-10-02T06:32:08Z  72 6b 3d 31 30 30 30 78
2026-10-02T06:32:08Z  35 36 32 20 71 3d 39 30
2026-10-02T06:32:08Z  20 63 74 3d 33 37 2e 36
2026-10-02T06:32:08Z  20 73 68 61 3d 39 31 61
2026-10-02T06:32:08Z  30 38 66 36 32 34 30 31
2026-10-02T06:32:08Z  31 20 68 6e 3d 62 6d 63
2026-10-02T06:32:08Z  61 6d 30 30 34 3e 0a
2026-10-02T06:32:08Z 2026-10-02T06:32:07.976Z [MS] [DEBUG] Notecard is 11.000000 pct full.
2026-10-02T06:32:08Z 2026-10-02T06:32:07.976Z [MS] [DEBUG] Has message 1433 expired? queuedTime: 18294197, now64: 18294256, remaining: 86399941
2026-10-02T06:32:08Z 2026-10-02T06:32:07.976Z [MS] [INFO] Sending Cellular message to Notecard.
2026-10-02T06:32:08Z 2026-10-02T06:32:07.976Z [MS] [INFO] Queuing message 1433 20004EA0
2026-10-02T06:33:24Z SPOT-31593C > bm pub bmcam/cmd {"id":64016,"c":"set","kv":{"camera.focus.mode":"manual","camera.focus.lens_position":0.5}} 1 1
2026-10-02T06:33:26Z bm pub bmcam/cmd {"id":64016,"c":"set","kv":{"camera.focus.mode":"manual","camera.focus.lens_position":0.5}} 1 1
2026-10-02T06:33:26Z 1790922806.574 e6fe83ea6b4a2b7f, [bmcam004] OK id=64016 camera.focus.mode: auto -> manual, camera.focus.lens_position: 1.82 -> 0.5 (next action) cfg=2e83a43a
2026-10-02T06:33:26Z 2026-10-02T06:33:26.625Z [BRIDGE_CFG] [INFO] Bridge topology in topology sampler:
2026-10-02T06:33:26Z 2026-10-02T06:33:26.632Z [BRIDGE_CFG] [INFO] 0e582dd12c1e1480
2026-10-02T06:33:26Z 2026-10-02T06:33:26.632Z [BRIDGE_CFG] [INFO] e6fe83ea6b4a2b7f
2026-10-02T06:33:26Z 1790922806.636 e6fe83ea6b4a2b7f, [bmcam004] OK id=64016 camera.focus.mode: auto -> manual, camera.focus.lens_position: 1.82 -> 0.5 (next action) (duplicate: original answer) cfg=2e83a43a
2026-10-02T06:33:26Z 2026-10-02T06:33:26.640Z [BRIDGE_SYS] [INFO] Checking CRC in report builder!
2026-10-02T06:33:26Z 2026-10-02T06:33:26.640Z [BRIDGE_SYS] [INFO] Got CRC f3b914aa OLD CRC f3b914aa
2026-10-02T06:33:26Z 2026-10-02T06:33:26.644Z [BRIDGE_SYS] [INFO] CRCs match, not updating
2026-10-02T06:33:26Z 1790922806.675 e6fe83ea6b4a2b7f, [bmcam004] OK id=64016 camera.focus.mode: auto -> manual, camera.focus.lens_position: 1.82 -> 0.5 (next action) (duplicate: original answer) cfg=2e83a43a
2026-10-02T06:33:36Z SPOT-31593C > bm pub bmcam/cmd {"id":64017,"c":"trg","v":2,"kv":{"med":"still","m":40}} 1 1
2026-10-02T06:33:37Z bm pub bmcam/cmd {"id":64017,"c":"trg","v":2,"kv":{"med":"still","m":40}} 1 1
2026-10-02T06:33:37Z 1790922817.542 e6fe83ea6b4a2b7f, [bmcam004] OK id=64017 trg 2 armed: capture + output per mode (next decision point); one action only: mode.media=still, still.message_cap=40 cfg=2e83a43a
2026-10-02T06:33:37Z 1790922817.593 e6fe83ea6b4a2b7f, [bmcam004] OK id=64017 trg 2 armed: capture + output per mode (next decision point); one action only: mode.media=still, still.message_cap=40 (duplicate: original answ
2026-10-02T06:33:38Z 1790922817.644 e6fe83ea6b4a2b7f, [bmcam004] OK id=64017 trg 2 armed: capture + output per mode (next decision point); one action only: mode.media=still, still.message_cap=40 (duplicate: original answ
2026-10-02T06:35:08Z SPOT-31593C > bm pub bmcam/cmd {"id":64018,"c":"set","kv":{"still.crop":[1904,1071,800,450]}} 1 1
2026-10-02T06:35:11Z bm pub bmcam/cmd {"id":64018,"c":"set","kv":{"still.crop":[1904,1071,800,450]}} 1 1
2026-10-02T06:35:11Z 1790922911.207 e6fe83ea6b4a2b7f, [bmcam004] OK id=64018 still.crop: 1504,846,1600,900 -> 1904,1071,800,450 (next action) cfg=b6c0e763
2026-10-02T06:35:11Z 1790922911.257 e6fe83ea6b4a2b7f, [bmcam004] OK id=64018 still.crop: 1504,846,1600,900 -> 1904,1071,800,450 (next action) (duplicate: original answer) cfg=b6c0e763
2026-10-02T06:35:11Z 1790922911.308 e6fe83ea6b4a2b7f, [bmcam004] OK id=64018 still.crop: 1504,846,1600,900 -> 1904,1071,800,450 (next action) (duplicate: original answer) cfg=b6c0e763
2026-10-02T06:35:21Z SPOT-31593C > bm pub bmcam/cmd {"id":64019,"c":"trg","v":2,"kv":{"med":"still","m":40}} 1 1
2026-10-02T06:35:22Z bm pub bmcam/cmd {"id":64019,"c":"trg","v":2,"kv":{"med":"still","m":40}} 1 1
2026-10-02T06:35:22Z 1790922921.976 e6fe83ea6b4a2b7f, [bmcam004] OK id=64019 trg 2 armed: capture + output per mode (next decision point); one action only: mode.media=still, still.message_cap=40 cfg=b6c0e763
2026-10-02T06:35:22Z 1790922922.035 e6fe83ea6b4a2b7f, [bmcam004] OK id=64019 trg 2 armed: capture + output per mode (next decision point); one action only: mode.media=still, still.message_cap=40 (duplicate: original answ
2026-10-02T06:35:22Z 1790922922.085 e6fe83ea6b4a2b7f, [bmcam004] OK id=64019 trg 2 armed: capture + output per mode (next decision point); one action only: mode.media=still, still.message_cap=40 (duplicate: original answ
2026-10-02T06:35:26Z 2026-10-02T06:35:26.625Z [BRIDGE_CFG] [INFO] Bridge topology in topology sampler:
2026-10-02T06:35:26Z 2026-10-02T06:35:26.628Z [BRIDGE_CFG] [INFO] 0e582dd12c1e1480
2026-10-02T06:35:26Z 2026-10-02T06:35:26.628Z [BRIDGE_CFG] [INFO] e6fe83ea6b4a2b7f
2026-10-02T06:35:26Z 2026-10-02T06:35:26.632Z [BRIDGE_SYS] [INFO] Checking CRC in report builder!
2026-10-02T06:35:26Z 2026-10-02T06:35:26.632Z [BRIDGE_SYS] [INFO] Got CRC f3b914aa OLD CRC f3b914aa
2026-10-02T06:35:26Z 2026-10-02T06:35:26.636Z [BRIDGE_SYS] [INFO] CRCs match, not updating
2026-10-02T06:35:28Z 2026-10-02T06:35:27.882Z [MS] [INFO] Added message(id: 1515 len: 262) to queue MS_Q_CELLULAR_ONLY: (1)!
2026-10-02T06:35:28Z 2026-10-02T06:35:27.882Z [BM_TX] [INFO] Submitted spotter/transmit-data message to cell-only queue, Len: 135
2026-10-02T06:35:28Z 2026-10-02T06:35:27.882Z [BM_TX] [DEBUG] Message:
2026-10-02T06:35:28Z  3c 57 53 20 76 3d 31 20
2026-10-02T06:35:28Z  61 3d 63 61 70 20 63 66
2026-10-02T06:35:28Z  67 3d 62 36 63 30 65 37
2026-10-02T06:35:28Z  36 33 20 75 70 3d 31 35
2026-10-02T06:35:28Z  35 39 20 74 7a 3d 41 6d
2026-10-02T06:35:28Z  65 72 69 63 61 2f 4c 6f
2026-10-02T06:35:28Z  73 5f 41 6e 67 65 6c 65
2026-10-02T06:35:28Z  73 20 6c 74 3d 6e 61 20
2026-10-02T06:35:28Z  77 73 3d 30 30 30 30 20
2026-10-02T06:35:28Z  77 65 3d 30 30 30 30 20
2026-10-02T06:35:28Z  72 6b 3d 38 30 30 78 34
2026-10-02T06:35:28Z  35 30 20 71 3d 39 30 20
2026-10-02T06:35:28Z  63 74 3d 33 37 2e 30 20
2026-10-02T06:35:28Z  73 68 61 3d 39 31 61 30
2026-10-02T06:35:28Z  38 66 36 32 34 30 31 31
2026-10-02T06:35:28Z  20 68 6e 3d 62 6d 63 61
2026-10-02T06:35:28Z  6d 30 30 34 3e 0a
2026-10-02T06:35:28Z 2026-10-02T06:35:27.941Z [MS] [DEBUG] Notecard is 17.000000 pct full.
2026-10-02T06:35:28Z 2026-10-02T06:35:27.941Z [MS] [DEBUG] Has message 1515 expired? queuedTime: 18494200, now64: 18494256, remaining: 86399944
2026-10-02T06:35:28Z 2026-10-02T06:35:27.941Z [MS] [INFO] Sending Cellular message to Notecard.
2026-10-02T06:35:28Z 2026-10-02T06:35:27.941Z [MS] [INFO] Queuing message 1515 20004EA0
2026-10-02T06:36:42Z SPOT-31593C > bm pub bmcam/cmd {"id":64020,"c":"set","kv":{"still.quality_ladder":[20,15,11,9]}} 1 1
2026-10-02T06:36:44Z bm pub bmcam/cmd {"id":64020,"c":"set","kv":{"still.quality_ladder":[20,15,11,9]}} 1 1
2026-10-02T06:36:44Z 1790923004.292 e6fe83ea6b4a2b7f, [bmcam004] OK id=64020 still.quality_ladder: 90,80,70,60,50,40,30,25,20,15,13,11,9 -> 20,15,11,9 (next action) cfg=d28e1733
2026-10-02T06:36:44Z 1790923004.351 e6fe83ea6b4a2b7f, [bmcam004] OK id=64020 still.quality_ladder: 90,80,70,60,50,40,30,25,20,15,13,11,9 -> 20,15,11,9 (next action) (duplicate: original answer) cfg=d28e1733
2026-10-02T06:36:44Z 1790923004.562 e6fe83ea6b4a2b7f, [bmcam004] OK id=64020 still.quality_ladder: 90,80,70,60,50,40,30,25,20,15,13,11,9 -> 20,15,11,9 (next action) (duplicate: original answer) cfg=d28e1733
2026-10-02T06:36:54Z SPOT-31593C > bm pub bmcam/cmd {"id":64021,"c":"trg","v":2,"kv":{"med":"still","m":40}} 1 1
2026-10-02T06:36:55Z bm pub bmcam/cmd {"id":64021,"c":"trg","v":2,"kv":{"med":"still","m":40}} 1 1
2026-10-02T06:36:55Z 1790923015.222 e6fe83ea6b4a2b7f, [bmcam004] OK id=64021 trg 2 armed: capture + output per mode (next decision point); one action only: mode.media=still, still.message_cap=40 cfg=d28e1733
2026-10-02T06:36:55Z 1790923015.281 e6fe83ea6b4a2b7f, [bmcam004] OK id=64021 trg 2 armed: capture + output per mode (next decision point); one action only: mode.media=still, still.message_cap=40 (duplicate: original answ
2026-10-02T06:36:55Z 1790923015.332 e6fe83ea6b4a2b7f, [bmcam004] OK id=64021 trg 2 armed: capture + output per mode (next decision point); one action only: mode.media=still, still.message_cap=40 (duplicate: original answ
2026-10-02T06:36:58Z 2026-10-02T06:36:58.121Z [MS] [INFO] Added message(id: 1555 len: 262) to queue MS_Q_CELLULAR_ONLY: (1)!
2026-10-02T06:36:58Z 2026-10-02T06:36:58.121Z [BM_TX] [INFO] Submitted spotter/transmit-data message to cell-only queue, Len: 135
2026-10-02T06:36:58Z 2026-10-02T06:36:58.121Z [BM_TX] [DEBUG] Message:
2026-10-02T06:36:58Z  3c 57 53 20 76 3d 31 20
2026-10-02T06:36:58Z  61 3d 63 61 70 20 63 66
2026-10-02T06:36:58Z  67 3d 64 32 38 65 31 37
2026-10-02T06:36:58Z  33 33 20 75 70 3d 31 36
2026-10-02T06:36:58Z  34 39 20 74 7a 3d 41 6d
2026-10-02T06:36:58Z  65 72 69 63 61 2f 4c 6f
2026-10-02T06:36:58Z  73 5f 41 6e 67 65 6c 65
2026-10-02T06:36:58Z  73 20 6c 74 3d 6e 61 20
2026-10-02T06:36:58Z  77 73 3d 30 30 30 30 20
2026-10-02T06:36:58Z  77 65 3d 30 30 30 30 20
2026-10-02T06:36:58Z  72 6b 3d 38 30 30 78 34
2026-10-02T06:36:58Z  35 30 20 71 3d 32 30 20
2026-10-02T06:36:58Z  63 74 3d 33 38 2e 36 20
2026-10-02T06:36:58Z  73 68 61 3d 39 31 61 30
2026-10-02T06:36:58Z  38 66 36 32 34 30 31 31
2026-10-02T06:36:58Z  20 68 6e 3d 62 6d 63 61
2026-10-02T06:36:58Z  6d 30 30 34 3e 0a
2026-10-02T06:36:58Z 2026-10-02T06:36:58.179Z [MS] [DEBUG] Notecard is 20.000000 pct full.
2026-10-02T06:36:58Z 2026-10-02T06:36:58.179Z [MS] [DEBUG] Has message 1555 expired? queuedTime: 18584453, now64: 18584511, remaining: 86399942
2026-10-02T06:36:58Z 2026-10-02T06:36:58.179Z [MS] [INFO] Sending Cellular message to Notecard.
2026-10-02T06:36:58Z 2026-10-02T06:36:58.179Z [MS] [INFO] Queuing message 1555 20004EA0
2026-10-02T06:37:56Z SPOT-31593C > bm pub bmcam/cmd {"id":64022,"c":"set","kv":{"video.record.framing":"wide_720p"}} 1 1
2026-10-02T06:37:59Z bm pub bmcam/cmd {"id":64022,"c":"set","kv":{"video.record.framing":"wide_720p"}} 1 1
2026-10-02T06:37:59Z 1790923078.976 e6fe83ea6b4a2b7f, [bmcam004] OK id=64022 video.record.framing: wide_1080p_lean -> wide_720p (next action) cfg=a9b8acf4
2026-10-02T06:37:59Z 1790923079.027 e6fe83ea6b4a2b7f, [bmcam004] OK id=64022 video.record.framing: wide_1080p_lean -> wide_720p (next action) (duplicate: original answer) cfg=a9b8acf4
2026-10-02T06:37:59Z 1790923079.085 e6fe83ea6b4a2b7f, [bmcam004] OK id=64022 video.record.framing: wide_1080p_lean -> wide_720p (next action) (duplicate: original answer) cfg=a9b8acf4
2026-10-02T06:38:09Z SPOT-31593C > bm pub bmcam/cmd {"id":64023,"c":"trg","v":2,"kv":{"m":80}} 1 1
2026-10-02T06:38:10Z bm pub bmcam/cmd {"id":64023,"c":"trg","v":2,"kv":{"m":80}} 1 1
2026-10-02T06:38:10Z 1790923089.945 e6fe83ea6b4a2b7f, [bmcam004] OK id=64023 trg 2 armed: capture + output per mode (next decision point); one action only: video.send.message_cap=80 cfg=a9b8acf4
2026-10-02T06:38:10Z 1790923090.007 e6fe83ea6b4a2b7f, [bmcam004] OK id=64023 trg 2 armed: capture + output per mode (next decision point); one action only: video.send.message_cap=80 (duplicate: original answer) cfg=a9b8a
2026-10-02T06:38:10Z 1790923090.058 e6fe83ea6b4a2b7f, [bmcam004] OK id=64023 trg 2 armed: capture + output per mode (next decision point); one action only: video.send.message_cap=80 (duplicate: original answer) cfg=a9b8a
2026-10-02T06:41:28Z SPOT-31593C > bm pub bmcam/cmd {"id":64024,"c":"set","kv":{"video.send.fps":8,"video.send.size":"640x360"}} 1 1
2026-10-02T06:41:31Z bm pub bmcam/cmd {"id":64024,"c":"set","kv":{"video.send.fps":8,"video.send.size":"640x360"}} 1 1
2026-10-02T06:41:31Z 1790923291.281 e6fe83ea6b4a2b7f, [bmcam004] OK id=64024 video.send.fps: 10 -> 8, video.send.size: 480x270 -> 640x360 (next action) cfg=42b2e2ce
2026-10-02T06:41:31Z 1790923291.332 e6fe83ea6b4a2b7f, [bmcam004] OK id=64024 video.send.fps: 10 -> 8, video.send.size: 480x270 -> 640x360 (next action) (duplicate: original answer) cfg=42b2e2ce
2026-10-02T06:41:31Z 1790923291.382 e6fe83ea6b4a2b7f, [bmcam004] OK id=64024 video.send.fps: 10 -> 8, video.send.size: 480x270 -> 640x360 (next action) (duplicate: original answer) cfg=42b2e2ce
2026-10-02T06:41:41Z SPOT-31593C > bm pub bmcam/cmd {"id":64025,"c":"trg","v":2,"kv":{"m":80}} 1 1
2026-10-02T06:41:42Z bm pub bmcam/cmd {"id":64025,"c":"trg","v":2,"kv":{"m":80}} 1 1
2026-10-02T06:41:42Z 1790923302.050 e6fe83ea6b4a2b7f, [bmcam004] OK id=64025 trg 2 armed: capture + output per mode (next decision point); one action only: video.send.message_cap=80 cfg=42b2e2ce
2026-10-02T06:41:42Z 1790923302.101 e6fe83ea6b4a2b7f, [bmcam004] OK id=64025 trg 2 armed: capture + output per mode (next decision point); one action only: video.send.message_cap=80 (duplicate: original answer) cfg=42b2e
2026-10-02T06:41:42Z 1790923302.152 e6fe83ea6b4a2b7f, [bmcam004] OK id=64025 trg 2 armed: capture + output per mode (next decision point); one action only: video.send.message_cap=80 (duplicate: original answer) cfg=42b2e
2026-10-02T06:45:01Z SPOT-31593C > bm pub bmcam/cmd {"id":64026,"c":"set","kv":{"video.send.duration_s":8.0}} 1 1
2026-10-02T06:45:03Z bm pub bmcam/cmd {"id":64026,"c":"set","kv":{"video.send.duration_s":8.0}} 1 1
2026-10-02T06:45:03Z 1790923503.457 e6fe83ea6b4a2b7f, [bmcam004] OK id=64026 video.send.duration_s: 5.0 -> 8.0 (next action) cfg=2b7f1d7f
2026-10-02T06:45:03Z 1790923503.515 e6fe83ea6b4a2b7f, [bmcam004] OK id=64026 video.send.duration_s: 5.0 -> 8.0 (next action) (duplicate: original answer) cfg=2b7f1d7f
2026-10-02T06:45:03Z 1790923503.566 e6fe83ea6b4a2b7f, [bmcam004] OK id=64026 video.send.duration_s: 5.0 -> 8.0 (next action) (duplicate: original answer) cfg=2b7f1d7f
2026-10-02T06:45:12Z SPOT-31593C > bm pub bmcam/cmd {"id":64027,"c":"trg","v":2,"kv":{"m":80}} 1 1
2026-10-02T06:45:13Z bm pub bmcam/cmd {"id":64027,"c":"trg","v":2,"kv":{"m":80}} 1 1
2026-10-02T06:45:13Z 1790923513.437 e6fe83ea6b4a2b7f, [bmcam004] OK id=64027 trg 2 armed: capture + output per mode (next decision point); one action only: video.send.message_cap=80 cfg=2b7f1d7f
2026-10-02T06:45:13Z 1790923513.484 e6fe83ea6b4a2b7f, [bmcam004] OK id=64027 trg 2 armed: capture + output per mode (next decision point); one action only: video.send.message_cap=80 (duplicate: original answer) cfg=2b7f1
2026-10-02T06:45:13Z 1790923513.535 e6fe83ea6b4a2b7f, [bmcam004] OK id=64027 trg 2 armed: capture + output per mode (next decision point); one action only: video.send.message_cap=80 (duplicate: original answer) cfg=2b7f1
2026-10-02T06:45:25Z SPOT-31593C > bm pub bmcam/cmd {"id":64028,"c":"set","kv":{"video.send.fps":10}} 1 1
2026-10-02T06:45:26Z bm pub bmcam/cmd {"id":64028,"c":"set","kv":{"video.send.fps":10}} 1 1
2026-10-02T06:45:26Z 2026-10-02T06:45:26.609Z [BRIDGE_CFG] [INFO] Bridge topology in topology sampler:
2026-10-02T06:45:26Z 2026-10-02T06:45:26.613Z [BRIDGE_CFG] [INFO] 0e582dd12c1e1480
2026-10-02T06:45:26Z 2026-10-02T06:45:26.617Z [BRIDGE_CFG] [INFO] e6fe83ea6b4a2b7f
2026-10-02T06:45:26Z 2026-10-02T06:45:26.617Z [BRIDGE_SYS] [INFO] Checking CRC in report builder!
2026-10-02T06:45:26Z 2026-10-02T06:45:26.621Z [BRIDGE_SYS] [INFO] Got CRC f3b914aa OLD CRC f3b914aa
2026-10-02T06:45:26Z 2026-10-02T06:45:26.621Z [BRIDGE_SYS] [INFO] CRCs match, not updating
2026-10-02T06:48:44Z SPOT-31593C > bm pub bmcam/cmd {"id":64029,"c":"reset","k":["video.record.framing"]} 1 1
2026-10-02T06:48:47Z bm pub bmcam/cmd {"id":64029,"c":"reset","k":["video.record.framing"]} 1 1
2026-10-02T06:48:47Z 1790923726.910 e6fe83ea6b4a2b7f, [bmcam004] OK id=64029 reset video.record.framing -> YAML cfg=7d373851
2026-10-02T06:48:47Z 1790923726.968 e6fe83ea6b4a2b7f, [bmcam004] OK id=64029 reset video.record.framing -> YAML (duplicate: original answer) cfg=7d373851
2026-10-02T06:48:47Z 1790923727.019 e6fe83ea6b4a2b7f, [bmcam004] OK id=64029 reset video.record.framing -> YAML (duplicate: original answer) cfg=7d373851
2026-10-02T06:48:57Z SPOT-31593C > bm pub bmcam/cmd {"id":64030,"c":"set","kv":{"video.record.fps":30}} 1 1
2026-10-02T06:48:58Z bm pub bmcam/cmd {"id":64030,"c":"set","kv":{"video.record.fps":30}} 1 1
2026-10-02T06:48:58Z 1790923738.507 e6fe83ea6b4a2b7f, [bmcam004] REJECTED id=64030 video recording geometry does not resolve: GeometryError: video.fps 30 at 1920x1080 is blocked: 1080p30 aborted on encoder teardown (rc=1
2026-10-02T06:48:58Z 1790923738.542 e6fe83ea6b4a2b7f, [bmcam004] REJECTED id=64030 (duplicate: original answer) e=xk k=video.record.fps cfg=7d373851
2026-10-02T06:48:58Z 1790923738.593 e6fe83ea6b4a2b7f, [bmcam004] REJECTED id=64030 (duplicate: original answer) e=xk k=video.record.fps cfg=7d373851
2026-10-02T06:49:06Z SPOT-31593C > bm pub bmcam/cmd {"id":64031,"c":"set","kv":{"video.record.sensor_mode":"1536x864"}} 1 1
2026-10-02T06:49:07Z bm pub bmcam/cmd {"id":64031,"c":"set","kv":{"video.record.sensor_mode":"1536x864"}} 1 1
2026-10-02T06:49:07Z 1790923747.687 e6fe83ea6b4a2b7f, [bmcam004] REJECTED id=64031 video recording geometry does not resolve: GeometryError: crop (0, 0, 4608, 2592) (native px) falls outside sensor mode 1536x864's field 
2026-10-02T06:49:07Z 1790923747.722 e6fe83ea6b4a2b7f, [bmcam004] REJECTED id=64031 (duplicate: original answer) e=xk k=video.record.sensor_mode cfg=7d373851
2026-10-02T06:49:07Z 1790923747.773 e6fe83ea6b4a2b7f, [bmcam004] REJECTED id=64031 (duplicate: original answer) e=xk k=video.record.sensor_mode cfg=7d373851
2026-10-02T06:49:16Z SPOT-31593C > bm pub bmcam/cmd {"id":64032,"c":"set","kv":{"video.send.size":"481x271"}} 1 1
2026-10-02T06:49:17Z bm pub bmcam/cmd {"id":64032,"c":"set","kv":{"video.send.size":"481x271"}} 1 1
2026-10-02T06:49:17Z 1790923757.054 e6fe83ea6b4a2b7f, [bmcam004] REJECTED id=64032 video.send.size 481x271 must be even and at least 16x16 e=xk k=video.send.size cfg=7d373851
2026-10-02T06:49:17Z 1790923757.105 e6fe83ea6b4a2b7f, [bmcam004] REJECTED id=64032 (duplicate: original answer) e=xk k=video.send.size cfg=7d373851
2026-10-02T06:49:17Z 1790923757.156 e6fe83ea6b4a2b7f, [bmcam004] REJECTED id=64032 (duplicate: original answer) e=xk k=video.send.size cfg=7d373851
2026-10-02T06:49:25Z SPOT-31593C > bm pub bmcam/cmd {"id":64033,"c":"set","kv":{"video.record.framing":"stills_roi_1000p","video.send.size":"1280x720"}} 1 1
2026-10-02T06:49:26Z bm pub bmcam/cmd {"id":64033,"c":"set","kv":{"video.record.framing":"stills_roi_1000p","video.send.size":"1280x720"}} 1 1
2026-10-02T06:49:26Z 1790923766.035 e6fe83ea6b4a2b7f, [bmcam004] REJECTED id=64033 video.send.size 1280x720 is larger than the recording 1000x562 (the clip fit refuses to upscale) e=xk k=video.send.size cfg=7d373851
2026-10-02T06:49:26Z 1790923766.082 e6fe83ea6b4a2b7f, [bmcam004] REJECTED id=64033 (duplicate: original answer) e=xk k=video.send.size cfg=7d373851
2026-10-02T06:49:26Z 1790923766.292 e6fe83ea6b4a2b7f, [bmcam004] REJECTED id=64033 (duplicate: original answer) e=xk k=video.send.size cfg=7d373851
2026-10-02T06:49:26Z 2026-10-02T06:49:26.601Z [BRIDGE_CFG] [INFO] Bridge topology in topology sampler:
2026-10-02T06:49:26Z 2026-10-02T06:49:26.609Z [BRIDGE_CFG] [INFO] 0e582dd12c1e1480
2026-10-02T06:49:26Z 2026-10-02T06:49:26.609Z [BRIDGE_CFG] [INFO] e6fe83ea6b4a2b7f
2026-10-02T06:49:26Z 2026-10-02T06:49:26.613Z [BRIDGE_SYS] [INFO] Checking CRC in report builder!
2026-10-02T06:49:26Z 2026-10-02T06:49:26.613Z [BRIDGE_SYS] [INFO] Got CRC f3b914aa OLD CRC f3b914aa
2026-10-02T06:49:26Z 2026-10-02T06:49:26.617Z [BRIDGE_SYS] [INFO] CRCs match, not updating
2026-10-02T06:49:36Z SPOT-31593C > bm pub bmcam/cmd {"id":64034,"c":"get","k":["video.record.fps","video.record.sensor_mode","video.send.size","video.record.framing"],"to":"con"} 1 1
2026-10-02T06:49:37Z bm pub bmcam/cmd {"id":64034,"c":"get","k":["video.record.fps","video.record.sensor_mode","video.send.size","video.record.framing"],"to":"con"} 1 1
2026-10-02T06:49:37Z 1790923776.960 e6fe83ea6b4a2b7f, [bmcam004] OK id=64034 get video.record.fps, video.record.sensor_mode, video.send.size, video.record.framing: 4 key(s) cfg=7d373851
2026-10-02T06:49:37Z 1790923777.000 e6fe83ea6b4a2b7f,   video.record.fps = 15 (yaml)
2026-10-02T06:49:37Z 1790923777.050 e6fe83ea6b4a2b7f,   video.record.sensor_mode = none (yaml)
2026-10-02T06:49:37Z 1790923777.097 e6fe83ea6b4a2b7f,   video.send.size = 640x360 (cmd 64024)
2026-10-02T06:49:37Z 1790923777.160 e6fe83ea6b4a2b7f,   video.record.framing = wide_1080p_lean (yaml)
2026-10-02T06:49:37Z 1790923777.218 e6fe83ea6b4a2b7f, [bmcam004] OK id=64034 get video.record.fps, video.record.sensor_mode, video.send.size, video.record.framing: 4 key(s) (duplicate: original answer) cfg=7d373851
2026-10-02T06:49:37Z 1790923777.269 e6fe83ea6b4a2b7f, [bmcam004] OK id=64034 get video.record.fps, video.record.sensor_mode, video.send.size, video.record.framing: 4 key(s) (duplicate: original answer) cfg=7d373851
2026-10-02T06:49:55Z SPOT-31593C > bm pub bmcam/cmd {"id":64035,"c":"set","kv":{"mode.media":"still"}} 1 1
2026-10-02T06:49:57Z bm pub bmcam/cmd {"id":64035,"c":"set","kv":{"mode.media":"still"}} 1 1
2026-10-02T06:49:57Z 1790923797.753 e6fe83ea6b4a2b7f, [bmcam004] OK id=64035 mode.media: video -> still (next boot) cfg=ebee5b36
2026-10-02T06:49:58Z 1790923797.816 e6fe83ea6b4a2b7f, [bmcam004] OK id=64035 mode.media: video -> still (next boot) (duplicate: original answer) cfg=ebee5b36
2026-10-02T06:49:58Z 1790923797.824 e6fe83ea6b4a2b7f, [bmcam004] OK id=64035 mode.media: video -> still (next boot) (duplicate: original answer) cfg=ebee5b36
2026-10-02T06:50:23Z SPOT-31593C > bm pub bmcam/cmd {"id":64036,"c":"trg","v":2,"kv":{"m":40}} 1 1
2026-10-02T06:50:25Z bm pub bmcam/cmd {"id":64036,"c":"trg","v":2,"kv":{"m":40}} 1 1
2026-10-02T06:50:25Z 1790923825.441 e6fe83ea6b4a2b7f, [bmcam004] OK id=64036 trg 2 armed: capture + output per mode (next decision point); one action only: still.message_cap=40 cfg=ebee5b36
2026-10-02T06:50:25Z 1790923825.492 e6fe83ea6b4a2b7f, [bmcam004] OK id=64036 trg 2 armed: capture + output per mode (next decision point); one action only: still.message_cap=40 (duplicate: original answer) cfg=ebee5b36
2026-10-02T06:50:25Z 1790923825.542 e6fe83ea6b4a2b7f, [bmcam004] OK id=64036 trg 2 armed: capture + output per mode (next decision point); one action only: still.message_cap=40 (duplicate: original answer) cfg=ebee5b36
2026-10-02T06:50:26Z 2026-10-02T06:50:26.601Z [BRIDGE_CFG] [INFO] Bridge topology in topology sampler:
2026-10-02T06:50:26Z 2026-10-02T06:50:26.609Z [BRIDGE_CFG] [INFO] 0e582dd12c1e1480
2026-10-02T06:50:26Z 2026-10-02T06:50:26.609Z [BRIDGE_CFG] [INFO] e6fe83ea6b4a2b7f
2026-10-02T06:50:26Z 2026-10-02T06:50:26.613Z [BRIDGE_SYS] [INFO] Checking CRC in report builder!
2026-10-02T06:50:26Z 2026-10-02T06:50:26.613Z [BRIDGE_SYS] [INFO] Got CRC f3b914aa OLD CRC f3b914aa
2026-10-02T06:50:26Z 2026-10-02T06:50:26.617Z [BRIDGE_SYS] [INFO] CRCs match, not updating
2026-10-02T06:50:27Z 2026-10-02T06:50:27.632Z [MS] [INFO] Added message(id: 1903 len: 260) to queue MS_Q_CELLULAR_ONLY: (1)!
2026-10-02T06:50:27Z 2026-10-02T06:50:27.632Z [BM_TX] [INFO] Submitted spotter/transmit-data message to cell-only queue, Len: 133
2026-10-02T06:50:27Z 2026-10-02T06:50:27.632Z [BM_TX] [DEBUG] Message:
2026-10-02T06:50:27Z  3c 57 53 20 76 3d 31 20
2026-10-02T06:50:27Z  61 3d 63 61 70 20 63 66
2026-10-02T06:50:27Z  67 3d 65 62 65 65 35 62
2026-10-02T06:50:27Z  33 36 20 75 70 3d 32 32
2026-10-02T06:50:27Z  20 74 7a 3d 41 6d 65 72
2026-10-02T06:50:27Z  69 63 61 2f 4c 6f 73 5f
2026-10-02T06:50:27Z  41 6e 67 65 6c 65 73 20
2026-10-02T06:50:27Z  6c 74 3d 6e 61 20 77 73
2026-10-02T06:50:27Z  3d 30 30 30 30 20 77 65
2026-10-02T06:50:27Z  3d 30 30 30 30 20 72 6b
2026-10-02T06:50:27Z  3d 38 30 30 78 34 35 30
2026-10-02T06:50:27Z  20 71 3d 32 30 20 63 74
2026-10-02T06:50:27Z  3d 33 37 2e 36 20 73 68
2026-10-02T06:50:27Z  61 3d 39 31 61 30 38 66
2026-10-02T06:50:27Z  36 32 34 30 31 31 20 68
2026-10-02T06:50:27Z  6e 3d 62 6d 63 61 6d 30
2026-10-02T06:50:27Z  30 34 3e 0a
2026-10-02T06:50:27Z 2026-10-02T06:50:27.687Z [MS] [DEBUG] Notecard is 5.000000 pct full.
2026-10-02T06:50:27Z 2026-10-02T06:50:27.687Z [MS] [DEBUG] Has message 1903 expired? queuedTime: 19394108, now64: 19394164, remaining: 86399944
2026-10-02T06:50:27Z 2026-10-02T06:50:27.687Z [MS] [INFO] Sending Cellular message to Notecard.
2026-10-02T06:50:27Z 2026-10-02T06:50:27.687Z [MS] [INFO] Queuing message 1903 20004E68
2026-10-02T06:51:02Z SPOT-31593C > bm pub bmcam/cmd {"id":64037,"c":"set","kv":{"mode.media":"video"}} 1 1
2026-10-02T06:51:04Z bm pub bmcam/cmd {"id":64037,"c":"set","kv":{"mode.media":"video"}} 1 1
2026-10-02T06:51:04Z 1790923864.574 e6fe83ea6b4a2b7f, [bmcam004] OK id=64037 mode.media: still -> video (next boot) cfg=7d373851
2026-10-02T06:51:04Z 1790923864.632 e6fe83ea6b4a2b7f, [bmcam004] OK id=64037 mode.media: still -> video (next boot) (duplicate: original answer) cfg=7d373851
2026-10-02T06:51:04Z 1790923864.683 e6fe83ea6b4a2b7f, [bmcam004] OK id=64037 mode.media: still -> video (next boot) (duplicate: original answer) cfg=7d373851
2026-10-02T06:51:05Z 1790923864.734 e6fe83ea6b4a2b7f, [bmcam004] OK id=64037 mode.media: still -> video (next boot) (duplicate: original answer) cfg=7d373851
2026-10-02T06:52:21Z SPOT-31593C > bm pub bmcam/cmd {"id":1000001,"c":"set","kv":{"camera.image_processing.enabled":true}} 1 1
2026-10-02T06:52:22Z bm pub bmcam/cmd {"id":1000001,"c":"set","kv":{"camera.image_processing.enabled":true}} 1 1
2026-10-02T06:52:22Z 2026-10-02T06:52:22.140Z [MS] [INFO] Added message(id: 1920 len: 163) to queue MS_Q_CELLULAR_ONLY: (1)!
2026-10-02T06:52:22Z 2026-10-02T06:52:22.140Z [BM_TX] [INFO] Submitted spotter/transmit-data message to cell-only queue, Len: 37
2026-10-02T06:52:22Z 2026-10-02T06:52:22.140Z [BM_TX] [DEBUG] Message:
2026-10-02T06:52:22Z  7b 22 69 64 22 3a 31 30
2026-10-02T06:52:22Z  30 30 30 30 31 2c 22 6f
2026-10-02T06:52:22Z  6b 22 3a 31 2c 22 68 22
2026-10-02T06:52:22Z  3a 22 32 64 30 38 62 62
2026-10-02T06:52:22Z  37 65 22 7d
2026-10-02T06:52:22Z Message: 1790923942.160 e6fe83ea6b4a2b7f, [bmcam004] OK id=1000001 camera.image_processing.enabled: false -> true (next action) cfg=2d08bb7e
2026-10-02T06:52:22Z 2026-10-02T06:52:22.183Z [MS] [DEBUG] Notecard is 6.000000 pct full.
2026-10-02T06:52:22Z 2026-10-02T06:52:22.187Z [MS] [DEBUG] Has message 1920 expired? queuedTime: 19508637, now64: 19508683, remaining: 86399954
2026-10-02T06:52:22Z 2026-10-02T06:52:22.187Z [MS] [INFO] Sending Cellular message to Notecard.
2026-10-02T06:52:22Z 2026-10-02T06:52:22.187Z [MS] [INFO] Queuing message 1920 20004E68
2026-10-02T06:52:22Z 1790923942.199 e6fe83ea6b4a2b7f, [bmcam004] OK id=1000001 camera.image_processing.enabled: false -> true (next action) (duplicate: original answer) cfg=2d08bb7e
2026-10-02T06:52:22Z 1790923942.250 e6fe83ea6b4a2b7f, [bmcam004] OK id=1000001 camera.image_processing.enabled: false -> true (next action) (duplicate: original answer) cfg=2d08bb7e
2026-10-02T06:52:22Z 1790923942.468 e6fe83ea6b4a2b7f, [bmcam004] OK id=1000001 camera.image_processing.enabled: false -> true (next action) (duplicate: original answer) cfg=2d08bb7e
2026-10-02T06:52:22Z 1790923942.519 e6fe83ea6b4a2b7f, [bmcam004] OK id=1000001 camera.image_processing.enabled: false -> true (next action) (duplicate: original answer) cfg=2d08bb7e
2026-10-02T06:52:23Z 2026-10-02T06:52:23.320Z [MS] [INFO] Added message(id: 1921 len: 189) to queue MS_Q_CELLULAR_ONLY: (1)!
2026-10-02T06:52:23Z 2026-10-02T06:52:23.320Z [BM_TX] [INFO] Submitted spotter/transmit-data message to cell-only queue, Len: 63
2026-10-02T06:52:23Z 2026-10-02T06:52:23.320Z [BM_TX] [DEBUG] Message:
2026-10-02T06:52:23Z  3c 43 46 20 76 3d 31 20
2026-10-02T06:52:23Z  68 3d 32 64 30 38 62 62
2026-10-02T06:52:23Z  37 65 20 63 61 6d 65 72
2026-10-02T06:52:23Z  61 2e 69 6d 61 67 65 5f
2026-10-02T06:52:23Z  70 72 6f 63 65 73 73 69
2026-10-02T06:52:23Z  6e 67 2e 65 6e 61 62 6c
2026-10-02T06:52:23Z  65 64 3d 31 40 63 31 30
2026-10-02T06:52:23Z  30 30 30 30 31 3e
2026-10-02T06:52:23Z 2026-10-02T06:52:23.355Z [MS] [DEBUG] Notecard is 6.000000 pct full.
2026-10-02T06:52:23Z 2026-10-02T06:52:23.355Z [MS] [DEBUG] Has message 1921 expired? queuedTime: 19509817, now64: 19509853, remaining: 86399964
2026-10-02T06:52:23Z 2026-10-02T06:52:23.355Z [MS] [INFO] Sending Cellular message to Notecard.
2026-10-02T06:52:23Z 2026-10-02T06:52:23.359Z [MS] [INFO] Queuing message 1921 20004E68
2026-10-02T06:52:26Z 2026-10-02T06:52:26.597Z [BRIDGE_CFG] [INFO] Bridge topology in topology sampler:
2026-10-02T06:52:26Z 2026-10-02T06:52:26.605Z [BRIDGE_CFG] [INFO] 0e582dd12c1e1480
2026-10-02T06:52:26Z 2026-10-02T06:52:26.605Z [BRIDGE_CFG] [INFO] e6fe83ea6b4a2b7f
2026-10-02T06:52:26Z 2026-10-02T06:52:26.609Z [BRIDGE_SYS] [INFO] Checking CRC in report builder!
2026-10-02T06:52:26Z 2026-10-02T06:52:26.609Z [BRIDGE_SYS] [INFO] Got CRC f3b914aa OLD CRC f3b914aa
2026-10-02T06:52:26Z 2026-10-02T06:52:26.613Z [BRIDGE_SYS] [INFO] CRCs match, not updating
2026-10-02T06:52:43Z SPOT-31593C > bm pub bmcam/cmd {"id":64041,"c":"trg","v":2,"kv":{"med":"still","m":40}} 1 1
2026-10-02T06:52:44Z bm pub bmcam/cmd {"id":64041,"c":"trg","v":2,"kv":{"med":"still","m":40}} 1 1
2026-10-02T06:52:44Z 1790923964.417 e6fe83ea6b4a2b7f, [bmcam004] OK id=64041 trg 2 armed: capture + output per mode (next decision point); one action only: mode.media=still, still.message_cap=40 cfg=2d08bb7e
2026-10-02T06:52:44Z 1790923964.468 e6fe83ea6b4a2b7f, [bmcam004] OK id=64041 trg 2 armed: capture + output per mode (next decision point); one action only: mode.media=still, still.message_cap=40 (duplicate: original answ
2026-10-02T06:52:44Z 1790923964.515 e6fe83ea6b4a2b7f, [bmcam004] OK id=64041 trg 2 armed: capture + output per mode (next decision point); one action only: mode.media=still, still.message_cap=40 (duplicate: original answ
2026-10-02T06:52:44Z 1790923964.566 e6fe83ea6b4a2b7f, [bmcam004] OK id=64041 trg 2 armed: capture + output per mode (next decision point); one action only: mode.media=still, still.message_cap=40 (duplicate: original answ
2026-10-02T06:52:47Z 2026-10-02T06:52:47.625Z [MS] [INFO] Added message(id: 1922 len: 260) to queue MS_Q_CELLULAR_ONLY: (1)!
2026-10-02T06:52:47Z 2026-10-02T06:52:47.625Z [BM_TX] [INFO] Submitted spotter/transmit-data message to cell-only queue, Len: 133
2026-10-02T06:52:47Z 2026-10-02T06:52:47.625Z [BM_TX] [DEBUG] Message:
2026-10-02T06:52:47Z  3c 57 53 20 76 3d 31 20
2026-10-02T06:52:47Z  61 3d 63 61 70 20 63 66
2026-10-02T06:52:47Z  67 3d 32 64 30 38 62 62
2026-10-02T06:52:47Z  37 65 20 75 70 3d 39 35
2026-10-02T06:52:47Z  20 74 7a 3d 41 6d 65 72
2026-10-02T06:52:47Z  69 63 61 2f 4c 6f 73 5f
2026-10-02T06:52:47Z  41 6e 67 65 6c 65 73 20
2026-10-02T06:52:47Z  6c 74 3d 6e 61 20 77 73
2026-10-02T06:52:47Z  3d 30 30 30 30 20 77 65
2026-10-02T06:52:47Z  3d 30 30 30 30 20 72 6b
2026-10-02T06:52:47Z  3d 38 30 30 78 34 35 30
2026-10-02T06:52:47Z  20 71 3d 32 30 20 63 74
2026-10-02T06:52:47Z  3d 33 37 2e 36 20 73 68
2026-10-02T06:52:47Z  61 3d 39 31 61 30 38 66
2026-10-02T06:52:47Z  36 32 34 30 31 31 20 68
2026-10-02T06:52:47Z  6e 3d 62 6d 63 61 6d 30
2026-10-02T06:52:47Z  30 34 3e 0a
2026-10-02T06:52:47Z 2026-10-02T06:52:47.679Z [MS] [DEBUG] Notecard is 6.000000 pct full.
2026-10-02T06:52:47Z 2026-10-02T06:52:47.683Z [MS] [DEBUG] Has message 1922 expired? queuedTime: 19534128, now64: 19534184, remaining: 86399944
2026-10-02T06:52:47Z 2026-10-02T06:52:47.683Z [MS] [INFO] Sending Cellular message to Notecard.
2026-10-02T06:52:47Z 2026-10-02T06:52:47.683Z [MS] [INFO] Queuing message 1922 20004E68
2026-10-02T06:53:23Z SPOT-31593C > bm pub bmcam/cmd {"id":64042,"c":"trg","v":2,"kv":{"med":"still","m":40}} 1 1
2026-10-02T06:53:24Z bm pub bmcam/cmd {"id":64042,"c":"trg","v":2,"kv":{"med":"still","m":40}} 1 1
2026-10-02T06:53:25Z 1790924004.781 e6fe83ea6b4a2b7f, [bmcam004] OK id=64042 trg 2 armed: capture + output per mode (next decision point); one action only: mode.media=still, still.message_cap=40 cfg=2d08bb7e
2026-10-02T06:53:25Z 1790924004.832 e6fe83ea6b4a2b7f, [bmcam004] OK id=64042 trg 2 armed: capture + output per mode (next decision point); one action only: mode.media=still, still.message_cap=40 (duplicate: original answ
2026-10-02T06:53:25Z 1790924004.878 e6fe83ea6b4a2b7f, [bmcam004] OK id=64042 trg 2 armed: capture + output per mode (next decision point); one action only: mode.media=still, still.message_cap=40 (duplicate: original answ
2026-10-02T06:53:25Z 1790924004.929 e6fe83ea6b4a2b7f, [bmcam004] OK id=64042 trg 2 armed: capture + output per mode (next decision point); one action only: mode.media=still, still.message_cap=40 (duplicate: original answ
2026-10-02T06:53:25Z 1790924004.992 e6fe83ea6b4a2b7f, [bmcam004] OK id=64042 trg 2 armed: capture + output per mode (next decision point); one action only: mode.media=still, still.message_cap=40 (duplicate: original answ
2026-10-02T06:53:26Z 2026-10-02T06:53:26.597Z [BRIDGE_CFG] [INFO] Bridge topology in topology sampler:
2026-10-02T06:53:26Z 2026-10-02T06:53:26.605Z [BRIDGE_CFG] [INFO] 0e582dd12c1e1480
2026-10-02T06:53:26Z 2026-10-02T06:53:26.605Z [BRIDGE_CFG] [INFO] e6fe83ea6b4a2b7f
2026-10-02T06:53:26Z 2026-10-02T06:53:26.609Z [BRIDGE_SYS] [INFO] Checking CRC in report builder!
2026-10-02T06:53:26Z 2026-10-02T06:53:26.609Z [BRIDGE_SYS] [INFO] Got CRC f3b914aa OLD CRC f3b914aa
2026-10-02T06:53:26Z 2026-10-02T06:53:26.613Z [BRIDGE_SYS] [INFO] CRCs match, not updating
2026-10-02T06:53:27Z 2026-10-02T06:53:27.687Z [MS] [INFO] Added message(id: 1939 len: 261) to queue MS_Q_CELLULAR_ONLY: (1)!
2026-10-02T06:53:27Z 2026-10-02T06:53:27.687Z [BM_TX] [INFO] Submitted spotter/transmit-data message to cell-only queue, Len: 134
2026-10-02T06:53:27Z 2026-10-02T06:53:27.687Z [BM_TX] [DEBUG] Message:
2026-10-02T06:53:27Z  3c 57 53 20 76 3d 31 20
2026-10-02T06:53:27Z  61 3d 63 61 70 20 63 66
2026-10-02T06:53:27Z  67 3d 32 64 30 38 62 62
2026-10-02T06:53:27Z  37 65 20 75 70 3d 31 33
2026-10-02T06:53:27Z  35 20 74 7a 3d 41 6d 65
2026-10-02T06:53:27Z  72 69 63 61 2f 4c 6f 73
2026-10-02T06:53:27Z  5f 41 6e 67 65 6c 65 73
2026-10-02T06:53:27Z  20 6c 74 3d 6e 61 20 77
2026-10-02T06:53:27Z  73 3d 30 30 30 30 20 77
2026-10-02T06:53:27Z  65 3d 30 30 30 30 20 72
2026-10-02T06:53:27Z  6b 3d 38 30 30 78 34 35
2026-10-02T06:53:27Z  30 20 71 3d 32 30 20 63
2026-10-02T06:53:27Z  74 3d 33 38 2e 36 20 73
2026-10-02T06:53:27Z  68 61 3d 39 31 61 30 38
2026-10-02T06:53:27Z  66 36 32 34 30 31 31 20
2026-10-02T06:53:27Z  68 6e 3d 62 6d 63 61 6d
2026-10-02T06:53:27Z  30 30 34 3e 0a
2026-10-02T06:53:27Z 2026-10-02T06:53:27.746Z [MS] [DEBUG] Notecard is 7.000000 pct full.
2026-10-02T06:53:27Z 2026-10-02T06:53:27.746Z [MS] [DEBUG] Has message 1939 expired? queuedTime: 19574198, now64: 19574255, remaining: 86399943
2026-10-02T06:53:27Z 2026-10-02T06:53:27.746Z [MS] [INFO] Sending Cellular message to Notecard.
2026-10-02T06:53:27Z 2026-10-02T06:53:27.746Z [MS] [INFO] Queuing message 1939 20004E68
2026-10-02T06:54:04Z SPOT-31593C > bm pub bmcam/cmd {"id":64043,"c":"trg","v":2,"kv":{"med":"still","m":40}} 1 1
2026-10-02T06:54:05Z bm pub bmcam/cmd {"id":64043,"c":"trg","v":2,"kv":{"med":"still","m":40}} 1 1
2026-10-02T06:54:05Z 1790924045.023 e6fe83ea6b4a2b7f, [bmcam004] OK id=64043 trg 2 armed: capture + output per mode (next decision point); one action only: mode.media=still, still.message_cap=40 cfg=2d08bb7e
2026-10-02T06:54:05Z 1790924045.082 e6fe83ea6b4a2b7f, [bmcam004] OK id=64043 trg 2 armed: capture + output per mode (next decision point); one action only: mode.media=still, still.message_cap=40 (duplicate: original answ
2026-10-02T06:54:05Z 1790924045.132 e6fe83ea6b4a2b7f, [bmcam004] OK id=64043 trg 2 armed: capture + output per mode (next decision point); one action only: mode.media=still, still.message_cap=40 (duplicate: original answ
2026-10-02T06:54:05Z 1790924045.183 e6fe83ea6b4a2b7f, [bmcam004] OK id=64043 trg 2 armed: capture + output per mode (next decision point); one action only: mode.media=still, still.message_cap=40 (duplicate: original answ
2026-10-02T06:54:05Z 1790924045.230 e6fe83ea6b4a2b7f, [bmcam004] OK id=64043 trg 2 armed: capture + output per mode (next decision point); one action only: mode.media=still, still.message_cap=40 (duplicate: original answ
2026-10-02T06:54:07Z 2026-10-02T06:54:07.589Z [MS] [INFO] Added message(id: 1956 len: 261) to queue MS_Q_CELLULAR_ONLY: (1)!
2026-10-02T06:54:07Z 2026-10-02T06:54:07.589Z [BM_TX] [INFO] Submitted spotter/transmit-data message to cell-only queue, Len: 134
2026-10-02T06:54:07Z 2026-10-02T06:54:07.589Z [BM_TX] [DEBUG] Message:
2026-10-02T06:54:07Z  3c 57 53 20 76 3d 31 20
2026-10-02T06:54:07Z  61 3d 63 61 70 20 63 66
2026-10-02T06:54:07Z  67 3d 32 64 30 38 62 62
2026-10-02T06:54:07Z  37 65 20 75 70 3d 31 37
2026-10-02T06:54:07Z  35 20 74 7a 3d 41 6d 65
2026-10-02T06:54:07Z  72 69 63 61 2f 4c 6f 73
2026-10-02T06:54:07Z  5f 41 6e 67 65 6c 65 73
2026-10-02T06:54:07Z  20 6c 74 3d 6e 61 20 77
2026-10-02T06:54:07Z  73 3d 30 30 30 30 20 77
2026-10-02T06:54:07Z  65 3d 30 30 30 30 20 72
2026-10-02T06:54:07Z  6b 3d 38 30 30 78 34 35
2026-10-02T06:54:07Z  30 20 71 3d 32 30 20 63
2026-10-02T06:54:07Z  74 3d 33 38 2e 36 20 73
2026-10-02T06:54:07Z  68 61 3d 39 31 61 30 38
2026-10-02T06:54:07Z  66 36 32 34 30 31 31 20
2026-10-02T06:54:07Z  68 6e 3d 62 6d 63 61 6d
2026-10-02T06:54:07Z  30 30 34 3e 0a
2026-10-02T06:54:07Z 2026-10-02T06:54:07.648Z [MS] [DEBUG] Notecard is 8.000000 pct full.
2026-10-02T06:54:07Z 2026-10-02T06:54:07.648Z [MS] [DEBUG] Has message 1956 expired? queuedTime: 19614107, now64: 19614165, remaining: 86399942
2026-10-02T06:54:07Z 2026-10-02T06:54:07.648Z [MS] [INFO] Sending Cellular message to Notecard.
2026-10-02T06:54:07Z 2026-10-02T06:54:07.648Z [MS] [INFO] Queuing message 1956 20004E68
2026-10-02T06:54:44Z SPOT-31593C > bm pub bmcam/cmd {"id":64044,"c":"trg","v":2,"kv":{"med":"still","m":40}} 1 1
2026-10-02T06:54:45Z bm pub bmcam/cmd {"id":64044,"c":"trg","v":2,"kv":{"med":"still","m":40}} 1 1
2026-10-02T06:54:45Z 1790924085.386 e6fe83ea6b4a2b7f, [bmcam004] OK id=64044 trg 2 armed: capture + output per mode (next decision point); one action only: mode.media=still, still.message_cap=40 cfg=2d08bb7e
2026-10-02T06:54:45Z 1790924085.433 e6fe83ea6b4a2b7f, [bmcam004] OK id=64044 trg 2 armed: capture + output per mode (next decision point); one action only: mode.media=still, still.message_cap=40 (duplicate: original answ
2026-10-02T06:54:45Z 1790924085.484 e6fe83ea6b4a2b7f, [bmcam004] OK id=64044 trg 2 armed: capture + output per mode (next decision point); one action only: mode.media=still, still.message_cap=40 (duplicate: original answ
2026-10-02T06:54:45Z 1790924085.535 e6fe83ea6b4a2b7f, [bmcam004] OK id=64044 trg 2 armed: capture + output per mode (next decision point); one action only: mode.media=still, still.message_cap=40 (duplicate: original answ
2026-10-02T06:54:45Z 1790924085.593 e6fe83ea6b4a2b7f, [bmcam004] OK id=64044 trg 2 armed: capture + output per mode (next decision point); one action only: mode.media=still, still.message_cap=40 (duplicate: original answ
2026-10-02T06:54:47Z 2026-10-02T06:54:47.652Z [MS] [INFO] Added message(id: 1973 len: 261) to queue MS_Q_CELLULAR_ONLY: (1)!
2026-10-02T06:54:47Z 2026-10-02T06:54:47.652Z [BM_TX] [INFO] Submitted spotter/transmit-data message to cell-only queue, Len: 134
2026-10-02T06:54:47Z 2026-10-02T06:54:47.652Z [BM_TX] [DEBUG] Message:
2026-10-02T06:54:47Z  3c 57 53 20 76 3d 31 20
2026-10-02T06:54:47Z  61 3d 63 61 70 20 63 66
2026-10-02T06:54:47Z  67 3d 32 64 30 38 62 62
2026-10-02T06:54:47Z  37 65 20 75 70 3d 32 31
2026-10-02T06:54:47Z  35 20 74 7a 3d 41 6d 65
2026-10-02T06:54:47Z  72 69 63 61 2f 4c 6f 73
2026-10-02T06:54:47Z  5f 41 6e 67 65 6c 65 73
2026-10-02T06:54:47Z  20 6c 74 3d 6e 61 20 77
2026-10-02T06:54:47Z  73 3d 30 30 30 30 20 77
2026-10-02T06:54:47Z  65 3d 30 30 30 30 20 72
2026-10-02T06:54:47Z  6b 3d 38 30 30 78 34 35
2026-10-02T06:54:47Z  30 20 71 3d 32 30 20 63
2026-10-02T06:54:47Z  74 3d 33 38 2e 36 20 73
2026-10-02T06:54:47Z  68 61 3d 39 31 61 30 38
2026-10-02T06:54:47Z  66 36 32 34 30 31 31 20
2026-10-02T06:54:47Z  68 6e 3d 62 6d 63 61 6d
2026-10-02T06:54:47Z  30 30 34 3e 0a
2026-10-02T06:54:47Z 2026-10-02T06:54:47.710Z [MS] [DEBUG] Notecard is 9.000000 pct full.
2026-10-02T06:54:47Z 2026-10-02T06:54:47.710Z [MS] [DEBUG] Has message 1973 expired? queuedTime: 19654178, now64: 19654234, remaining: 86399944
2026-10-02T06:54:47Z 2026-10-02T06:54:47.710Z [MS] [INFO] Sending Cellular message to Notecard.
2026-10-02T06:54:47Z 2026-10-02T06:54:47.710Z [MS] [INFO] Queuing message 1973 20004E68
2026-10-02T06:55:24Z SPOT-31593C > bm pub bmcam/cmd {"id":64045,"c":"trg","v":2,"kv":{"med":"still","m":40}} 1 1
2026-10-02T06:55:25Z bm pub bmcam/cmd {"id":64045,"c":"trg","v":2,"kv":{"med":"still","m":40}} 1 1
2026-10-02T06:55:25Z 1790924125.468 e6fe83ea6b4a2b7f, [bmcam004] OK id=64045 trg 2 armed: capture + output per mode (next decision point); one action only: mode.media=still, still.message_cap=40 cfg=2d08bb7e
2026-10-02T06:55:25Z 1790924125.519 e6fe83ea6b4a2b7f, [bmcam004] OK id=64045 trg 2 armed: capture + output per mode (next decision point); one action only: mode.media=still, still.message_cap=40 (duplicate: original answ
2026-10-02T06:55:25Z 1790924125.570 e6fe83ea6b4a2b7f, [bmcam004] OK id=64045 trg 2 armed: capture + output per mode (next decision point); one action only: mode.media=still, still.message_cap=40 (duplicate: original answ
2026-10-02T06:55:25Z 1790924125.617 e6fe83ea6b4a2b7f, [bmcam004] OK id=64045 trg 2 armed: capture + output per mode (next decision point); one action only: mode.media=still, still.message_cap=40 (duplicate: original answ
2026-10-02T06:55:25Z 1790924125.679 e6fe83ea6b4a2b7f, [bmcam004] OK id=64045 trg 2 armed: capture + output per mode (next decision point); one action only: mode.media=still, still.message_cap=40 (duplicate: original answ
2026-10-02T06:55:26Z 2026-10-02T06:55:26.593Z [BRIDGE_CFG] [INFO] Bridge topology in topology sampler:
2026-10-02T06:55:26Z 2026-10-02T06:55:26.597Z [BRIDGE_CFG] [INFO] 0e582dd12c1e1480
2026-10-02T06:55:26Z 2026-10-02T06:55:26.601Z [BRIDGE_CFG] [INFO] e6fe83ea6b4a2b7f
2026-10-02T06:55:26Z 2026-10-02T06:55:26.605Z [BRIDGE_SYS] [INFO] Checking CRC in report builder!
2026-10-02T06:55:26Z 2026-10-02T06:55:26.605Z [BRIDGE_SYS] [INFO] Got CRC f3b914aa OLD CRC f3b914aa
2026-10-02T06:55:26Z 2026-10-02T06:55:26.609Z [BRIDGE_SYS] [INFO] CRCs match, not updating
2026-10-02T06:55:27Z 2026-10-02T06:55:27.656Z [MS] [INFO] Added message(id: 1990 len: 261) to queue MS_Q_CELLULAR_ONLY: (1)!
2026-10-02T06:55:27Z 2026-10-02T06:55:27.656Z [BM_TX] [INFO] Submitted spotter/transmit-data message to cell-only queue, Len: 134
2026-10-02T06:55:27Z 2026-10-02T06:55:27.660Z [BM_TX] [DEBUG] Message:
2026-10-02T06:55:27Z  3c 57 53 20 76 3d 31 20
2026-10-02T06:55:27Z  61 3d 63 61 70 20 63 66
2026-10-02T06:55:27Z  67 3d 32 64 30 38 62 62
2026-10-02T06:55:27Z  37 65 20 75 70 3d 32 35
2026-10-02T06:55:27Z  35 20 74 7a 3d 41 6d 65
2026-10-02T06:55:27Z  72 69 63 61 2f 4c 6f 73
2026-10-02T06:55:27Z  5f 41 6e 67 65 6c 65 73
2026-10-02T06:55:27Z  20 6c 74 3d 6e 61 20 77
2026-10-02T06:55:27Z  73 3d 30 30 30 30 20 77
2026-10-02T06:55:27Z  65 3d 30 30 30 30 20 72
2026-10-02T06:55:27Z  6b 3d 38 30 30 78 34 35
2026-10-02T06:55:27Z  30 20 71 3d 32 30 20 63
2026-10-02T06:55:27Z  74 3d 33 39 2e 37 20 73
2026-10-02T06:55:27Z  68 61 3d 39 31 61 30 38
2026-10-02T06:55:27Z  66 36 32 34 30 31 31 20
2026-10-02T06:55:27Z  68 6e 3d 62 6d 63 61 6d
2026-10-02T06:55:27Z  30 30 34 3e 0a
2026-10-02T06:55:27Z 2026-10-02T06:55:27.714Z [MS] [DEBUG] Notecard is 10.000000 pct full.
2026-10-02T06:55:27Z 2026-10-02T06:55:27.714Z [MS] [DEBUG] Has message 1990 expired? queuedTime: 19694189, now64: 19694246, remaining: 86399943
2026-10-02T06:55:27Z 2026-10-02T06:55:27.718Z [MS] [INFO] Sending Cellular message to Notecard.
2026-10-02T06:55:27Z 2026-10-02T06:55:27.718Z [MS] [INFO] Queuing message 1990 20004E68
2026-10-02T06:56:04Z SPOT-31593C > bm pub bmcam/cmd {"id":64046,"c":"trg","v":2,"kv":{"med":"still","m":40}} 1 1
2026-10-02T06:56:05Z bm pub bmcam/cmd {"id":64046,"c":"trg","v":2,"kv":{"med":"still","m":40}} 1 1
2026-10-02T06:56:06Z 1790924165.769 e6fe83ea6b4a2b7f, [bmcam004] OK id=64046 trg 2 armed: capture + output per mode (next decision point); one action only: mode.media=still, still.message_cap=40 cfg=2d08bb7e
2026-10-02T06:56:06Z 1790924165.820 e6fe83ea6b4a2b7f, [bmcam004] OK id=64046 trg 2 armed: capture + output per mode (next decision point); one action only: mode.media=still, still.message_cap=40 (duplicate: original answ
2026-10-02T06:56:06Z 1790924165.878 e6fe83ea6b4a2b7f, [bmcam004] OK id=64046 trg 2 armed: capture + output per mode (next decision point); one action only: mode.media=still, still.message_cap=40 (duplicate: original answ
2026-10-02T06:56:06Z 1790924165.929 e6fe83ea6b4a2b7f, [bmcam004] OK id=64046 trg 2 armed: capture + output per mode (next decision point); one action only: mode.media=still, still.message_cap=40 (duplicate: original answ
2026-10-02T06:56:06Z 1790924165.980 e6fe83ea6b4a2b7f, [bmcam004] OK id=64046 trg 2 armed: capture + output per mode (next decision point); one action only: mode.media=still, still.message_cap=40 (duplicate: original answ
2026-10-02T06:56:07Z 2026-10-02T06:56:07.640Z [MS] [INFO] Added message(id: 2007 len: 261) to queue MS_Q_CELLULAR_ONLY: (1)!
2026-10-02T06:56:07Z 2026-10-02T06:56:07.640Z [BM_TX] [INFO] Submitted spotter/transmit-data message to cell-only queue, Len: 134
2026-10-02T06:56:07Z 2026-10-02T06:56:07.640Z [BM_TX] [DEBUG] Message:
2026-10-02T06:56:07Z  3c 57 53 20 76 3d 31 20
2026-10-02T06:56:07Z  61 3d 63 61 70 20 63 66
2026-10-02T06:56:07Z  67 3d 32 64 30 38 62 62
2026-10-02T06:56:07Z  37 65 20 75 70 3d 32 39
2026-10-02T06:56:07Z  35 20 74 7a 3d 41 6d 65
2026-10-02T06:56:07Z  72 69 63 61 2f 4c 6f 73
2026-10-02T06:56:07Z  5f 41 6e 67 65 6c 65 73
2026-10-02T06:56:07Z  20 6c 74 3d 6e 61 20 77
2026-10-02T06:56:07Z  73 3d 30 30 30 30 20 77
2026-10-02T06:56:07Z  65 3d 30 30 30 30 20 72
2026-10-02T06:56:07Z  6b 3d 38 30 30 78 34 35
2026-10-02T06:56:07Z  30 20 71 3d 32 30 20 63
2026-10-02T06:56:07Z  74 3d 33 39 2e 37 20 73
2026-10-02T06:56:07Z  68 61 3d 39 31 61 30 38
2026-10-02T06:56:07Z  66 36 32 34 30 31 31 20
2026-10-02T06:56:07Z  68 6e 3d 62 6d 63 61 6d
2026-10-02T06:56:07Z  30 30 34 3e 0a
2026-10-02T06:56:07Z 2026-10-02T06:56:07.699Z [MS] [DEBUG] Notecard is 12.000000 pct full.
2026-10-02T06:56:07Z 2026-10-02T06:56:07.699Z [MS] [DEBUG] Has message 2007 expired? queuedTime: 19734178, now64: 19734236, remaining: 86399942
2026-10-02T06:56:07Z 2026-10-02T06:56:07.699Z [MS] [INFO] Sending Cellular message to Notecard.
2026-10-02T06:56:07Z 2026-10-02T06:56:07.699Z [MS] [INFO] Queuing message 2007 20004E68
2026-10-02T06:56:12Z 2026-10-02T06:56:11.773Z [MS] [INFO] Added message(id: 2008 len: 410) to queue MS_Q_CELLULAR_ONLY: (1)!
2026-10-02T06:56:12Z 2026-10-02T06:56:11.773Z [BM_TX] [INFO] Submitted spotter/transmit-data message to cell-only queue, Len: 283
2026-10-02T06:56:12Z 2026-10-02T06:56:11.773Z [BM_TX] [DEBUG] Message:
2026-10-02T06:56:12Z  3c 53 54 41 52 54 20 49
2026-10-02T06:56:12Z  4d 47 3e 20 66 69 6c 65
2026-10-02T06:56:12Z  6e 61 6d 65 3a 20 32 30
2026-10-02T06:56:12Z  32 36 2d 31 30 2d 30 32
2026-10-02T06:56:12Z  54 30 36 3a 35 36 3a 30
2026-10-02T06:56:12Z  37 5a 5f 69 6d 61 67 65
2026-10-02T06:56:12Z  5f 63 6f 6d 70 72 65 73
2026-10-02T06:56:12Z  73 65 64 2e 6a 70 67 2c
2026-10-02T06:56:12Z  20 74 69 6d 65 73 74 61
2026-10-02T06:56:12Z  6d 70 3a 20 32 30 32 36
2026-10-02T06:56:12Z  2d 31 30 2d 30 32 54 30
2026-10-02T06:56:12Z  36 3a 35 36 3a 31 31 5a
2026-10-02T06:56:12Z  2c 20 6c 65 6e 67 74 68
2026-10-02T06:56:12Z  3a 20 31 34 2c 20 6b 65
2026-10-02T06:56:12Z  79 3d 30 65 33 78 78 6a
2026-10-02T06:56:12Z  2c 20 63 66 67 3d 32 64
2026-10-02T06:56:12Z  30 38 62 62 37 65 2c 20
2026-10-02T06:56:12Z  74 67 3d 36 34 30 34 36
2026-10-02T06:56:44Z SPOT-31593C > bm pub bmcam/cmd {"id":64047,"c":"trg","v":2,"kv":{"med":"still","m":40}} 1 1
2026-10-02T06:56:45Z bm pub bmcam/cmd {"id":64047,"c":"trg","v":2,"kv":{"med":"still","m":40}} 1 1
2026-10-02T06:56:45Z 1790924205.484 e6fe83ea6b4a2b7f, [bmcam004] OK id=64047 trg 2 armed: capture + output per mode (next decision point); one action only: mode.media=still, still.message_cap=40 cfg=2d08bb7e
2026-10-02T06:56:45Z 1790924205.542 e6fe83ea6b4a2b7f, [bmcam004] OK id=64047 trg 2 armed: capture + output per mode (next decision point); one action only: mode.media=still, still.message_cap=40 (duplicate: original answ
2026-10-02T06:56:45Z 1790924205.593 e6fe83ea6b4a2b7f, [bmcam004] OK id=64047 trg 2 armed: capture + output per mode (next decision point); one action only: mode.media=still, still.message_cap=40 (duplicate: original answ
2026-10-02T06:56:45Z 1790924205.644 e6fe83ea6b4a2b7f, [bmcam004] OK id=64047 trg 2 armed: capture + output per mode (next decision point); one action only: mode.media=still, still.message_cap=40 (duplicate: original answ
2026-10-02T06:56:45Z 1790924205.695 e6fe83ea6b4a2b7f, [bmcam004] OK id=64047 trg 2 armed: capture + output per mode (next decision point); one action only: mode.media=still, still.message_cap=40 (duplicate: original answ
2026-10-02T06:56:47Z 2026-10-02T06:56:47.593Z [MS] [INFO] Added message(id: 2024 len: 261) to queue MS_Q_CELLULAR_ONLY: (1)!
2026-10-02T06:56:47Z 2026-10-02T06:56:47.593Z [BM_TX] [INFO] Submitted spotter/transmit-data message to cell-only queue, Len: 134
2026-10-02T06:56:47Z 2026-10-02T06:56:47.593Z [BM_TX] [DEBUG] Message:
2026-10-02T06:56:47Z  3c 57 53 20 76 3d 31 20
2026-10-02T06:56:47Z  61 3d 63 61 70 20 63 66
2026-10-02T06:56:47Z  67 3d 32 64 30 38 62 62
2026-10-02T06:56:47Z  37 65 20 75 70 3d 33 33
2026-10-02T06:56:47Z  35 20 74 7a 3d 41 6d 65
2026-10-02T06:56:47Z  72 69 63 61 2f 4c 6f 73
2026-10-02T06:56:47Z  5f 41 6e 67 65 6c 65 73
2026-10-02T06:56:47Z  20 6c 74 3d 6e 61 20 77
2026-10-02T06:56:47Z  73 3d 30 30 30 30 20 77
2026-10-02T06:56:47Z  65 3d 30 30 30 30 20 72
2026-10-02T06:56:47Z  6b 3d 38 30 30 78 34 35
2026-10-02T06:56:47Z  30 20 71 3d 32 30 20 63
2026-10-02T06:56:47Z  74 3d 33 39 2e 37 20 73
2026-10-02T06:56:47Z  68 61 3d 39 31 61 30 38
2026-10-02T06:56:47Z  66 36 32 34 30 31 31 20
2026-10-02T06:56:47Z  68 6e 3d 62 6d 63 61 6d
2026-10-02T06:56:47Z  30 30 34 3e 0a
2026-10-02T06:56:47Z 2026-10-02T06:56:47.652Z [MS] [DEBUG] Notecard is 13.000000 pct full.
2026-10-02T06:56:47Z 2026-10-02T06:56:47.652Z [MS] [DEBUG] Has message 2024 expired? queuedTime: 19774138, now64: 19774198, remaining: 86399940
2026-10-02T06:56:47Z 2026-10-02T06:56:47.652Z [MS] [INFO] Sending Cellular message to Notecard.
2026-10-02T06:56:47Z 2026-10-02T06:56:47.656Z [MS] [INFO] Queuing message 2024 20004E68
2026-10-02T06:57:23Z SPOT-31593C > bm pub bmcam/cmd {"id":64048,"c":"trg","v":2,"kv":{"med":"still","m":40}} 1 1
2026-10-02T06:57:24Z bm pub bmcam/cmd {"id":64048,"c":"trg","v":2,"kv":{"med":"still","m":40}} 1 1
2026-10-02T06:57:24Z 1790924244.718 e6fe83ea6b4a2b7f, [bmcam004] OK id=64048 trg 2 armed: capture + output per mode (next decision point); one action only: mode.media=still, still.message_cap=40 cfg=2d08bb7e
2026-10-02T06:57:24Z 1790924244.781 e6fe83ea6b4a2b7f, [bmcam004] OK id=64048 trg 2 armed: capture + output per mode (next decision point); one action only: mode.media=still, still.message_cap=40 (duplicate: original answ
2026-10-02T06:57:25Z 1790924244.832 e6fe83ea6b4a2b7f, [bmcam004] OK id=64048 trg 2 armed: capture + output per mode (next decision point); one action only: mode.media=still, still.message_cap=40 (duplicate: original answ
2026-10-02T06:57:25Z 1790924244.878 e6fe83ea6b4a2b7f, [bmcam004] OK id=64048 trg 2 armed: capture + output per mode (next decision point); one action only: mode.media=still, still.message_cap=40 (duplicate: original answ
2026-10-02T06:57:25Z 1790924244.929 e6fe83ea6b4a2b7f, [bmcam004] OK id=64048 trg 2 armed: capture + output per mode (next decision point); one action only: mode.media=still, still.message_cap=40 (duplicate: original answ
2026-10-02T06:57:26Z 2026-10-02T06:57:26.589Z [BRIDGE_CFG] [INFO] Bridge topology in topology sampler:
2026-10-02T06:57:26Z 2026-10-02T06:57:26.597Z [BRIDGE_CFG] [INFO] 0e582dd12c1e1480
2026-10-02T06:57:26Z 2026-10-02T06:57:26.597Z [BRIDGE_CFG] [INFO] e6fe83ea6b4a2b7f
2026-10-02T06:57:26Z 2026-10-02T06:57:26.601Z [BRIDGE_SYS] [INFO] Checking CRC in report builder!
2026-10-02T06:57:26Z 2026-10-02T06:57:26.601Z [BRIDGE_SYS] [INFO] Got CRC f3b914aa OLD CRC f3b914aa
2026-10-02T06:57:26Z 2026-10-02T06:57:26.605Z [BRIDGE_SYS] [INFO] CRCs match, not updating
2026-10-02T06:57:27Z 2026-10-02T06:57:27.597Z [MS] [INFO] Added message(id: 2041 len: 261) to queue MS_Q_CELLULAR_ONLY: (1)!
2026-10-02T06:57:27Z 2026-10-02T06:57:27.597Z [BM_TX] [INFO] Submitted spotter/transmit-data message to cell-only queue, Len: 134
2026-10-02T06:57:27Z 2026-10-02T06:57:27.597Z [BM_TX] [DEBUG] Message:
2026-10-02T06:57:27Z  3c 57 53 20 76 3d 31 20
2026-10-02T06:57:27Z  61 3d 63 61 70 20 63 66
2026-10-02T06:57:27Z  67 3d 32 64 30 38 62 62
2026-10-02T06:57:27Z  37 65 20 75 70 3d 33 37
2026-10-02T06:57:27Z  35 20 74 7a 3d 41 6d 65
2026-10-02T06:57:27Z  72 69 63 61 2f 4c 6f 73
2026-10-02T06:57:27Z  5f 41 6e 67 65 6c 65 73
2026-10-02T06:57:27Z  20 6c 74 3d 6e 61 20 77
2026-10-02T06:57:27Z  73 3d 30 30 30 30 20 77
2026-10-02T06:57:27Z  65 3d 30 30 30 30 20 72
2026-10-02T06:57:27Z  6b 3d 38 30 30 78 34 35
2026-10-02T06:57:27Z  30 20 71 3d 32 30 20 63
2026-10-02T06:57:27Z  74 3d 33 39 2e 32 20 73
2026-10-02T06:57:27Z  68 61 3d 39 31 61 30 38
2026-10-02T06:57:27Z  66 36 32 34 30 31 31 20
2026-10-02T06:57:27Z  68 6e 3d 62 6d 63 61 6d
2026-10-02T06:57:27Z  30 30 34 3e 0a
2026-10-02T06:57:27Z 2026-10-02T06:57:27.652Z [MS] [DEBUG] Notecard is 14.000000 pct full.
2026-10-02T06:57:27Z 2026-10-02T06:57:27.656Z [MS] [DEBUG] Has message 2041 expired? queuedTime: 19814150, now64: 19814207, remaining: 86399943
2026-10-02T06:57:27Z 2026-10-02T06:57:27.656Z [MS] [INFO] Sending Cellular message to Notecard.
2026-10-02T06:57:27Z 2026-10-02T06:57:27.656Z [MS] [INFO] Queuing message 2041 20004E68
2026-10-02T06:58:20Z SPOT-31593C > bm pub bmcam/cmd {"id":1000002,"c":"set","kv":{"camera.image_processing.sharpness":0.0}} 1 1
2026-10-02T06:58:21Z bm pub bmcam/cmd {"id":1000002,"c":"set","kv":{"camera.image_processing.sharpness":0.0}} 1 1
2026-10-02T06:58:21Z 2026-10-02T06:58:21.199Z [MS] [INFO] Added message(id: 2058 len: 212) to queue MS_Q_CELLULAR_ONLY: (1)!
2026-10-02T06:58:21Z 2026-10-02T06:58:21.199Z [BM_TX] [INFO] Submitted spotter/transmit-data message to cell-only queue, Len: 86
2026-10-02T06:58:21Z 2026-10-02T06:58:21.199Z [BM_TX] [DEBUG] Message:
2026-10-02T06:58:21Z  7b 22 69 64 22 3a 31 30
2026-10-02T06:58:21Z  30 30 30 30 32 2c 22 6f
2026-10-02T06:58:21Z  6b 22 3a 30 2c 22 68 22
2026-10-02T06:58:21Z  3a 22 32 64 30 38 62 62
2026-10-02T06:58:21Z  37 65 22 2c 22 65 22 3a
2026-10-02T06:58:21Z  22 78 6b 22 2c 22 6b 22
2026-10-02T06:58:21Z  3a 22 63 61 6d 65 72 61
2026-10-02T06:58:21Z  2e 69 6d 61 67 65 5f 70
2026-10-02T06:58:21Z  72 6f 63 65 73 73 69 6e
2026-10-02T06:58:21Z  67 2e 73 68 61 72 70 6e
2026-10-02T06:58:21Z  65 73 73 22 7d
2026-10-02T06:58:21Z Message: 1790924301.218 e6fe83ea6b4a2b7f, [bmcam004] REJECTED id=1000002 camera.image_processing.sharpness and video.record.encoder.sharpness would both pass --sharpness to rpicam-vid, which refuses 
2026-10-02T06:58:21Z 2026-10-02T06:58:21.250Z [MS] [DEBUG] Notecard is 16.000000 pct full.
2026-10-02T06:58:21Z 2026-10-02T06:58:21.250Z [MS] [DEBUG] Has message 2058 expired? queuedTime: 19867760, now64: 19867811, remaining: 86399949
2026-10-02T06:58:21Z 2026-10-02T06:58:21.250Z [MS] [INFO] Sending Cellular message to Notecard.
2026-10-02T06:58:21Z 2026-10-02T06:58:21.250Z [MS] [INFO] Queuing message 2058 20004E68
2026-10-02T06:58:21Z 1790924301.265 e6fe83ea6b4a2b7f, [bmcam004] REJECTED id=1000002 (duplicate: original answer) e=xk k=camera.image_processing.sharpness cfg=2d08bb7e
2026-10-02T06:58:21Z 1790924301.316 e6fe83ea6b4a2b7f, [bmcam004] REJECTED id=1000002 (duplicate: original answer) e=xk k=camera.image_processing.sharpness cfg=2d08bb7e
2026-10-02T06:58:21Z 1790924301.367 e6fe83ea6b4a2b7f, [bmcam004] REJECTED id=1000002 (duplicate: original answer) e=xk k=camera.image_processing.sharpness cfg=2d08bb7e
2026-10-02T06:58:21Z 1790924301.417 e6fe83ea6b4a2b7f, [bmcam004] REJECTED id=1000002 (duplicate: original answer) e=xk k=camera.image_processing.sharpness cfg=2d08bb7e
2026-10-02T06:58:26Z 2026-10-02T06:58:26.589Z [BRIDGE_CFG] [INFO] Bridge topology in topology sampler:
2026-10-02T06:58:26Z 2026-10-02T06:58:26.597Z [BRIDGE_CFG] [INFO] 0e582dd12c1e1480
2026-10-02T06:58:26Z 2026-10-02T06:58:26.597Z [BRIDGE_CFG] [INFO] e6fe83ea6b4a2b7f
2026-10-02T06:58:26Z 2026-10-02T06:58:26.601Z [BRIDGE_SYS] [INFO] Checking CRC in report builder!
2026-10-02T06:58:26Z 2026-10-02T06:58:26.601Z [BRIDGE_SYS] [INFO] Got CRC f3b914aa OLD CRC f3b914aa
2026-10-02T06:58:26Z 2026-10-02T06:58:26.605Z [BRIDGE_SYS] [INFO] CRCs match, not updating
2026-10-02T06:58:33Z SPOT-31593C > bm pub bmcam/cmd {"id":64051,"c":"trg","v":2,"kv":{"med":"still","m":40}} 1 1
2026-10-02T06:58:34Z bm pub bmcam/cmd {"id":64051,"c":"trg","v":2,"kv":{"med":"still","m":40}} 1 1
2026-10-02T06:58:34Z 1790924313.886 e6fe83ea6b4a2b7f, [bmcam004] OK id=64051 trg 2 armed: capture + output per mode (next decision point); one action only: mode.media=still, still.message_cap=40 cfg=2d08bb7e
2026-10-02T06:58:34Z 1790924313.949 e6fe83ea6b4a2b7f, [bmcam004] OK id=64051 trg 2 armed: capture + output per mode (next decision point); one action only: mode.media=still, still.message_cap=40 (duplicate: original answ
2026-10-02T06:58:34Z 1790924313.996 e6fe83ea6b4a2b7f, [bmcam004] OK id=64051 trg 2 armed: capture + output per mode (next decision point); one action only: mode.media=still, still.message_cap=40 (duplicate: original answ
2026-10-02T06:58:37Z 2026-10-02T06:58:37.656Z [MS] [INFO] Added message(id: 2059 len: 261) to queue MS_Q_CELLULAR_ONLY: (1)!
2026-10-02T06:58:37Z 2026-10-02T06:58:37.656Z [BM_TX] [INFO] Submitted spotter/transmit-data message to cell-only queue, Len: 134
2026-10-02T06:58:37Z 2026-10-02T06:58:37.656Z [BM_TX] [DEBUG] Message:
2026-10-02T06:58:37Z  3c 57 53 20 76 3d 31 20
2026-10-02T06:58:37Z  61 3d 63 61 70 20 63 66
2026-10-02T06:58:37Z  67 3d 32 64 30 38 62 62
2026-10-02T06:58:37Z  37 65 20 75 70 3d 34 34
2026-10-02T06:58:37Z  35 20 74 7a 3d 41 6d 65
2026-10-02T06:58:37Z  72 69 63 61 2f 4c 6f 73
2026-10-02T06:58:37Z  5f 41 6e 67 65 6c 65 73
2026-10-02T06:58:37Z  20 6c 74 3d 6e 61 20 77
2026-10-02T06:58:37Z  73 3d 30 30 30 30 20 77
2026-10-02T06:58:37Z  65 3d 30 30 30 30 20 72
2026-10-02T06:58:37Z  6b 3d 38 30 30 78 34 35
2026-10-02T06:58:37Z  30 20 71 3d 32 30 20 63
2026-10-02T06:58:37Z  74 3d 33 38 2e 36 20 73
2026-10-02T06:58:37Z  68 61 3d 39 31 61 30 38
2026-10-02T06:58:37Z  66 36 32 34 30 31 31 20
2026-10-02T06:58:37Z  68 6e 3d 62 6d 63 61 6d
2026-10-02T06:58:37Z  30 30 34 3e 0a
2026-10-02T06:58:37Z 2026-10-02T06:58:37.710Z [MS] [DEBUG] Notecard is 16.000000 pct full.
2026-10-02T06:58:37Z 2026-10-02T06:58:37.714Z [MS] [DEBUG] Has message 2059 expired? queuedTime: 19884221, now64: 19884278, remaining: 86399943
2026-10-02T06:58:37Z 2026-10-02T06:58:37.714Z [MS] [INFO] Sending Cellular message to Notecard.
2026-10-02T06:58:37Z 2026-10-02T06:58:37.714Z [MS] [INFO] Queuing message 2059 20004E68
2026-10-02T06:59:11Z SPOT-31593C > bm pub bmcam/cmd {"id":1000003,"c":"set","kv":{"camera.image_processing.sharpness":16.0}} 1 1
2026-10-02T06:59:12Z bm pub bmcam/cmd {"id":1000003,"c":"set","kv":{"camera.image_processing.sharpness":16.0}} 1 1
2026-10-02T06:59:12Z 2026-10-02T06:59:12.660Z [MS] [INFO] Added message(id: 2076 len: 212) to queue MS_Q_CELLULAR_ONLY: (1)!
2026-10-02T06:59:12Z 2026-10-02T06:59:12.660Z [BM_TX] [INFO] Submitted spotter/transmit-data message to cell-only queue, Len: 86
2026-10-02T06:59:12Z 2026-10-02T06:59:12.660Z [BM_TX] [DEBUG] Message:
2026-10-02T06:59:12Z  7b 22 69 64 22 3a 31 30
2026-10-02T06:59:12Z  30 30 30 30 33 2c 22 6f
2026-10-02T06:59:12Z  6b 22 3a 30 2c 22 68 22
2026-10-02T06:59:12Z  3a 22 32 64 30 38 62 62
2026-10-02T06:59:12Z  37 65 22 2c 22 65 22 3a
2026-10-02T06:59:12Z  22 78 6b 22 2c 22 6b 22
2026-10-02T06:59:12Z  3a 22 63 61 6d 65 72 61
2026-10-02T06:59:12Z  2e 69 6d 61 67 65 5f 70
2026-10-02T06:59:12Z  72 6f 63 65 73 73 69 6e
2026-10-02T06:59:12Z  67 2e 73 68 61 72 70 6e
2026-10-02T06:59:12Z  65 73 73 22 7d
2026-10-02T06:59:12Z 1790924352.695 e6fe83ea6b4a2b7f, [bmcam004] REJECTED id=1000003 camera.image_processing.sharpness and video.record.encoder.sharpness would both pass --sharpness to rpicam-vid, which refuses a repeate
2026-10-02T06:59:12Z 2026-10-02T06:59:12.710Z [MS] [DEBUG] Notecard is 17.000000 pct full.
2026-10-02T06:59:12Z 2026-10-02T06:59:12.710Z [MS] [DEBUG] Has message 2076 expired? queuedTime: 19919231, now64: 19919283, remaining: 86399948
2026-10-02T06:59:12Z 2026-10-02T06:59:12.710Z [MS] [INFO] Sending Cellular message to Notecard.
2026-10-02T06:59:12Z 2026-10-02T06:59:12.710Z [MS] [INFO] Queuing message 2076 20004E68
2026-10-02T06:59:12Z 1790924352.730 e6fe83ea6b4a2b7f, [bmcam004] REJECTED id=1000003 (duplicate: original answer) e=xk k=camera.image_processing.sharpness cfg=2d08bb7e
2026-10-02T06:59:12Z 1790924352.781 e6fe83ea6b4a2b7f, [bmcam004] REJECTED id=1000003 (duplicate: original answer) e=xk k=camera.image_processing.sharpness cfg=2d08bb7e
2026-10-02T06:59:13Z 1790924352.828 e6fe83ea6b4a2b7f, [bmcam004] REJECTED id=1000003 (duplicate: original answer) e=xk k=camera.image_processing.sharpness cfg=2d08bb7e
2026-10-02T06:59:13Z 1790924352.878 e6fe83ea6b4a2b7f, [bmcam004] REJECTED id=1000003 (duplicate: original answer) e=xk k=camera.image_processing.sharpness cfg=2d08bb7e
2026-10-02T06:59:24Z SPOT-31593C > bm pub bmcam/cmd {"id":64052,"c":"trg","v":2,"kv":{"med":"still","m":40}} 1 1
2026-10-02T06:59:25Z bm pub bmcam/cmd {"id":64052,"c":"trg","v":2,"kv":{"med":"still","m":40}} 1 1
2026-10-02T06:59:25Z 1790924365.156 e6fe83ea6b4a2b7f, [bmcam004] OK id=64052 trg 2 armed: capture + output per mode (next decision point); one action only: mode.media=still, still.message_cap=40 cfg=2d08bb7e
2026-10-02T06:59:25Z 1790924365.207 e6fe83ea6b4a2b7f, [bmcam004] OK id=64052 trg 2 armed: capture + output per mode (next decision point); one action only: mode.media=still, still.message_cap=40 (duplicate: original answ
2026-10-02T06:59:25Z 1790924365.257 e6fe83ea6b4a2b7f, [bmcam004] OK id=64052 trg 2 armed: capture + output per mode (next decision point); one action only: mode.media=still, still.message_cap=40 (duplicate: original answ
2026-10-02T06:59:26Z 2026-10-02T06:59:26.589Z [BRIDGE_CFG] [INFO] Bridge topology in topology sampler:
2026-10-02T06:59:26Z 2026-10-02T06:59:26.593Z [BRIDGE_CFG] [INFO] 0e582dd12c1e1480
2026-10-02T06:59:26Z 2026-10-02T06:59:26.597Z [BRIDGE_CFG] [INFO] e6fe83ea6b4a2b7f
2026-10-02T06:59:26Z 2026-10-02T06:59:26.597Z [BRIDGE_SYS] [INFO] Checking CRC in report builder!
2026-10-02T06:59:26Z 2026-10-02T06:59:26.601Z [BRIDGE_SYS] [INFO] Got CRC f3b914aa OLD CRC f3b914aa
2026-10-02T06:59:26Z 2026-10-02T06:59:26.601Z [BRIDGE_SYS] [INFO] CRCs match, not updating
2026-10-02T06:59:27Z 2026-10-02T06:59:27.617Z [MS] [INFO] Added message(id: 2077 len: 261) to queue MS_Q_CELLULAR_ONLY: (1)!
2026-10-02T06:59:27Z 2026-10-02T06:59:27.617Z [BM_TX] [INFO] Submitted spotter/transmit-data message to cell-only queue, Len: 134
2026-10-02T06:59:27Z 2026-10-02T06:59:27.617Z [BM_TX] [DEBUG] Message:
2026-10-02T06:59:27Z  3c 57 53 20 76 3d 31 20
2026-10-02T06:59:27Z  61 3d 63 61 70 20 63 66
2026-10-02T06:59:27Z  67 3d 32 64 30 38 62 62
2026-10-02T06:59:27Z  37 65 20 75 70 3d 34 39
2026-10-02T06:59:27Z  35 20 74 7a 3d 41 6d 65
2026-10-02T06:59:27Z  72 69 63 61 2f 4c 6f 73
2026-10-02T06:59:27Z  5f 41 6e 67 65 6c 65 73
2026-10-02T06:59:27Z  20 6c 74 3d 6e 61 20 77
2026-10-02T06:59:27Z  73 3d 30 30 30 30 20 77
2026-10-02T06:59:27Z  65 3d 30 30 30 30 20 72
2026-10-02T06:59:27Z  6b 3d 38 30 30 78 34 35
2026-10-02T06:59:27Z  30 20 71 3d 32 30 20 63
2026-10-02T06:59:27Z  74 3d 33 38 2e 31 20 73
2026-10-02T06:59:27Z  68 61 3d 39 31 61 30 38
2026-10-02T06:59:27Z  66 36 32 34 30 31 31 20
2026-10-02T06:59:27Z  68 6e 3d 62 6d 63 61 6d
2026-10-02T06:59:27Z  30 30 34 3e 0a
2026-10-02T06:59:27Z 2026-10-02T06:59:27.671Z [MS] [DEBUG] Notecard is 17.000000 pct full.
2026-10-02T06:59:27Z 2026-10-02T06:59:27.675Z [MS] [DEBUG] Has message 2077 expired? queuedTime: 19934191, now64: 19934248, remaining: 86399943
2026-10-02T06:59:27Z 2026-10-02T06:59:27.675Z [MS] [INFO] Sending Cellular message to Notecard.
2026-10-02T06:59:27Z 2026-10-02T06:59:27.675Z [MS] [INFO] Queuing message 2077 20004E68
2026-10-02T07:00:02Z SPOT-31593C > bm pub bmcam/cmd {"id":1000004,"c":"set","kv":{"camera.image_processing.contrast":0.0}} 1 1
2026-10-02T07:00:03Z bm pub bmcam/cmd {"id":1000004,"c":"set","kv":{"camera.image_processing.contrast":0.0}} 1 1
2026-10-02T07:00:03Z 2026-10-02T07:00:03.593Z [MS] [INFO] Added message(id: 2094 len: 163) to queue MS_Q_CELLULAR_ONLY: (1)!
2026-10-02T07:00:03Z 2026-10-02T07:00:03.593Z [BM_TX] [INFO] Submitted spotter/transmit-data message to cell-only queue, Len: 37
2026-10-02T07:00:03Z 2026-10-02T07:00:03.593Z [BM_TX] [DEBUG] Message:
2026-10-02T07:00:03Z  7b 22 69 64 22 3a 31 30
2026-10-02T07:00:03Z  30 30 30 30 34 2c 22 6f
2026-10-02T07:00:03Z  6b 22 3a 31 2c 22 68 22
2026-10-02T07:00:03Z  3a 22 61 66 36 35 33 64
2026-10-02T07:00:03Z  32 33 22 7d
2026-10-02T07:00:03Z Message: 1790924403.601 e6fe83ea6b4a2b7f, [bmcam004] OK id=1000004 camera.image_processing.contrast: none -> 0.0 (next action) cfg=af653d23
2026-10-02T07:00:03Z 2026-10-02T07:00:03.640Z [MS] [DEBUG] Notecard is 18.000000 pct full.
2026-10-02T07:00:03Z 2026-10-02T07:00:03.640Z [MS] [DEBUG] Has message 2094 expired? queuedTime: 19970174, now64: 19970220, remaining: 86399954
2026-10-02T07:00:03Z 2026-10-02T07:00:03.640Z [MS] [INFO] Sending Cellular message to Notecard.
2026-10-02T07:00:03Z 2026-10-02T07:00:03.644Z [MS] [INFO] Queuing message 2094 20004E68
2026-10-02T07:00:03Z 1790924403.652 e6fe83ea6b4a2b7f, [bmcam004] OK id=1000004 camera.image_processing.contrast: none -> 0.0 (next action) (duplicate: original answer) cfg=af653d23
2026-10-02T07:00:03Z 1790924403.703 e6fe83ea6b4a2b7f, [bmcam004] OK id=1000004 camera.image_processing.contrast: none -> 0.0 (next action) (duplicate: original answer) cfg=af653d23
2026-10-02T07:00:03Z 1790924403.753 e6fe83ea6b4a2b7f, [bmcam004] OK id=1000004 camera.image_processing.contrast: none -> 0.0 (next action) (duplicate: original answer) cfg=af653d23
2026-10-02T07:00:03Z 1790924403.804 e6fe83ea6b4a2b7f, [bmcam004] OK id=1000004 camera.image_processing.contrast: none -> 0.0 (next action) (duplicate: original answer) cfg=af653d23
2026-10-02T07:00:04Z 2026-10-02T07:00:04.601Z [MS] [INFO] Added message(id: 2095 len: 192) to queue MS_Q_CELLULAR_ONLY: (1)!
2026-10-02T07:00:04Z 2026-10-02T07:00:04.605Z [BM_TX] [INFO] Submitted spotter/transmit-data message to cell-only queue, Len: 66
2026-10-02T07:00:04Z 2026-10-02T07:00:04.605Z [BM_TX] [DEBUG] Message:
2026-10-02T07:00:04Z  3c 43 46 20 76 3d 31 20
2026-10-02T07:00:04Z  68 3d 61 66 36 35 33 64
2026-10-02T07:00:04Z  32 33 20 63 61 6d 65 72
2026-10-02T07:00:04Z  61 2e 69 6d 61 67 65 5f
2026-10-02T07:00:04Z  70 72 6f 63 65 73 73 69
2026-10-02T07:00:04Z  6e 67 2e 63 6f 6e 74 72
2026-10-02T07:00:04Z  61 73 74 3d 30 2e 30 40
2026-10-02T07:00:04Z  63 31 30 30 30 30 30 34
2026-10-02T07:00:04Z  3e
2026-10-02T07:00:04Z 2026-10-02T07:00:04.640Z [MS] [DEBUG] Notecard is 18.000000 pct full.
2026-10-02T07:00:04Z 2026-10-02T07:00:04.640Z [MS] [DEBUG] Has message 2095 expired? queuedTime: 19971184, now64: 19971220, remaining: 86399964
2026-10-02T07:00:04Z 2026-10-02T07:00:04.640Z [MS] [INFO] Sending Cellular message to Notecard.
2026-10-02T07:00:04Z 2026-10-02T07:00:04.640Z [MS] [INFO] Queuing message 2095 20004E68
2026-10-02T07:00:15Z SPOT-31593C > bm pub bmcam/cmd {"id":64053,"c":"trg","v":2,"kv":{"med":"still","m":40}} 1 1
2026-10-02T07:00:16Z bm pub bmcam/cmd {"id":64053,"c":"trg","v":2,"kv":{"med":"still","m":40}} 1 1
2026-10-02T07:00:16Z 1790924416.082 e6fe83ea6b4a2b7f, [bmcam004] OK id=64053 trg 2 armed: capture + output per mode (next decision point); one action only: mode.media=still, still.message_cap=40 cfg=af653d23
2026-10-02T07:00:16Z 1790924416.140 e6fe83ea6b4a2b7f, [bmcam004] OK id=64053 trg 2 armed: capture + output per mode (next decision point); one action only: mode.media=still, still.message_cap=40 (duplicate: original answ
2026-10-02T07:00:16Z 1790924416.191 e6fe83ea6b4a2b7f, [bmcam004] OK id=64053 trg 2 armed: capture + output per mode (next decision point); one action only: mode.media=still, still.message_cap=40 (duplicate: original answ
2026-10-02T07:00:17Z 2026-10-02T07:00:17.652Z [MS] [INFO] Added message(id: 2096 len: 261) to queue MS_Q_CELLULAR_ONLY: (1)!
2026-10-02T07:00:17Z 2026-10-02T07:00:17.652Z [BM_TX] [INFO] Submitted spotter/transmit-data message to cell-only queue, Len: 134
2026-10-02T07:00:17Z 2026-10-02T07:00:17.652Z [BM_TX] [DEBUG] Message:
2026-10-02T07:00:17Z  3c 57 53 20 76 3d 31 20
2026-10-02T07:00:17Z  61 3d 63 61 70 20 63 66
2026-10-02T07:00:17Z  67 3d 61 66 36 35 33 64
2026-10-02T07:00:17Z  32 33 20 75 70 3d 35 34
2026-10-02T07:00:17Z  35 20 74 7a 3d 41 6d 65
2026-10-02T07:00:17Z  72 69 63 61 2f 4c 6f 73
2026-10-02T07:00:17Z  5f 41 6e 67 65 6c 65 73
2026-10-02T07:00:17Z  20 6c 74 3d 6e 61 20 77
2026-10-02T07:00:17Z  73 3d 30 30 30 30 20 77
2026-10-02T07:00:17Z  65 3d 30 30 30 30 20 72
2026-10-02T07:00:17Z  6b 3d 38 30 30 78 34 35
2026-10-02T07:00:17Z  30 20 71 3d 32 30 20 63
2026-10-02T07:00:17Z  74 3d 33 39 2e 32 20 73
2026-10-02T07:00:17Z  68 61 3d 39 31 61 30 38
2026-10-02T07:00:17Z  66 36 32 34 30 31 31 20
2026-10-02T07:00:17Z  68 6e 3d 62 6d 63 61 6d
2026-10-02T07:00:17Z  30 30 34 3e 0a
2026-10-02T07:00:17Z 2026-10-02T07:00:17.707Z [MS] [DEBUG] Notecard is 18.000000 pct full.
2026-10-02T07:00:17Z 2026-10-02T07:00:17.707Z [MS] [DEBUG] Has message 2096 expired? queuedTime: 19984234, now64: 19984291, remaining: 86399943
2026-10-02T07:00:17Z 2026-10-02T07:00:17.707Z [MS] [INFO] Sending Cellular message to Notecard.
2026-10-02T07:00:17Z 2026-10-02T07:00:17.710Z [MS] [INFO] Queuing message 2096 20004E68
2026-10-02T07:00:22Z 2026-10-02T07:00:21.785Z [MS] [INFO] Added message(id: 2097 len: 410) to queue MS_Q_CELLULAR_ONLY: (1)!
2026-10-02T07:00:22Z 2026-10-02T07:00:21.785Z [BM_TX] [INFO] Submitted spotter/transmit-data message to cell-only queue, Len: 283
2026-10-02T07:00:22Z 2026-10-02T07:00:21.785Z [BM_TX] [DEBUG] Message:
2026-10-02T07:00:22Z  3c 53 54 41 52 54 20 49
2026-10-02T07:00:22Z  4d 47 3e 20 66 69 6c 65
2026-10-02T07:00:22Z  6e 61 6d 65 3a 20 32 30
2026-10-02T07:00:22Z  32 36 2d 31 30 2d 30 32
2026-10-02T07:00:22Z  54 30 37 3a 30 30 3a 31
2026-10-02T07:00:22Z  37 5a 5f 69 6d 61 67 65
2026-10-02T07:00:22Z  5f 63 6f 6d 70 72 65 73
2026-10-02T07:00:22Z  73 65 64 2e 6a 70 67 2c
2026-10-02T07:00:22Z  20 74 69 6d 65 73 74 61
2026-10-02T07:00:22Z  6d 70 3a 20 32 30 32 36
2026-10-02T07:00:22Z  2d 31 30 2d 30 32 54 30
2026-10-02T07:00:22Z  37 3a 30 30 3a 32 31 5a
2026-10-02T07:00:22Z  2c 20 6c 65 6e 67 74 68
2026-10-02T07:00:22Z  3a 20 31 30 2c 20 6b 65
2026-10-02T07:00:22Z  79 3d 30 65 33 79 34 68
2026-10-02T07:00:22Z  2c 20 63 66 67 3d 61 66
2026-10-02T07:00:22Z  36 35 33 64 32 33 2c 20
2026-10-02T07:00:22Z  74 67 3d 36 34 30 35 33
2026-10-02T07:00:22Z  2c 20 72 3d 38 30 30 78
2026-10-02T07:00:22Z  34 35 30 2b 31 39 30 34
2026-10-02T07:00:22Z  2b 31 30 37 31 2c 20 6d
2026-10-02T07:00:22Z  3d 34 30 2c 20 66 6d 74
2026-10-02T07:00:22Z  3d 70 6a 70 67 2c 20 71
2026-10-02T07:00:22Z  3d 32 30 2c 20 61 74 74
2026-10-02T07:00:22Z  3d 31 2c 20 63 6d 70 3d
2026-10-02T07:00:22Z  31 2c 20 72 6b 3d 38 30
2026-10-02T07:00:22Z  30 78 34 35 30 2c 20 77
2026-10-02T07:00:22Z  73 3d 30 30 30 30 2c 20
2026-10-02T07:00:22Z  77 65 3d 30 30 30 30 2c
2026-10-02T07:00:22Z  20 73 68 61 3d 39 31 61
2026-10-02T07:00:22Z  30 38 66 36 32 34 30 31
2026-10-02T07:00:22Z  31 2c 20 68 6e 3d 62 6d
2026-10-02T07:00:22Z  63 61 6d 30 30 34 2c 20
2026-10-02T07:00:22Z  73 66 3d 32 34 36 34 33
2026-10-02T07:00:22Z  2c 20 73 70 3d 37 34 2e
2026-10-02T07:00:22Z  39 0a
2026-10-02T07:00:22Z 2026-10-02T07:00:21.859Z [MS] [DEBUG] Notecard is 18.000000 pct full.
2026-10-02T07:00:22Z 2026-10-02T07:00:21.859Z [MS] [DEBUG] Has message 2097 expired? queuedTime: 19988367, now64: 19988444, remaining: 86399923
2026-10-02T07:00:22Z 2026-10-02T07:00:21.859Z [MS] [INFO] Sending Cellular message to Notecard.
2026-10-02T07:00:22Z 2026-10-02T07:00:21.863Z [MS] [INFO] Queuing message 2097 20004E68
2026-10-02T07:00:53Z SPOT-31593C > bm pub bmcam/cmd {"id":1000005,"c":"set","kv":{"camera.image_processing.contrast":32.0}} 1 1
2026-10-02T07:00:54Z bm pub bmcam/cmd {"id":1000005,"c":"set","kv":{"camera.image_processing.contrast":32.0}} 1 1
2026-10-02T07:00:54Z 2026-10-02T07:00:54.023Z [MS] [INFO] Added message(id: 2109 len: 163) to queue MS_Q_CELLULAR_ONLY: (1)!
2026-10-02T07:00:54Z 2026-10-02T07:00:54.023Z [BM_TX] [INFO] Submitted spotter/transmit-data message to cell-only queue, Len: 37
2026-10-02T07:00:54Z 2026-10-02T07:00:54.027Z [BM_TX] [DEBUG] Message:
2026-10-02T07:00:54Z  7b 22 69 64 22 3a 31 30
2026-10-02T07:00:54Z  30 30 30 30 35 2c 22 6f
2026-10-02T07:00:54Z  6b 22 3a 31 2c 22 68 22
2026-10-02T07:00:54Z  3a 22 36 34 31 30 62 64
2026-10-02T07:00:54Z  64 66 22 7d
2026-10-02T07:00:54Z Message: 1790924454.035 e6fe83ea6b4a2b7f, [bmcam004] OK id=1000005 camera.image_processing.contrast: 0.0 -> 32.0 (next action) cfg=6410bddf
2026-10-02T07:00:54Z 2026-10-02T07:00:54.070Z [MS] [DEBUG] Notecard is 19.000000 pct full.
2026-10-02T07:00:54Z 2026-10-02T07:00:54.070Z [MS] [DEBUG] Has message 2109 expired? queuedTime: 20020615, now64: 20020661, remaining: 86399954
2026-10-02T07:00:54Z 2026-10-02T07:00:54.074Z [MS] [INFO] Sending Cellular message to Notecard.
2026-10-02T07:00:54Z 2026-10-02T07:00:54.074Z [MS] [INFO] Queuing message 2109 20004E68
2026-10-02T07:00:54Z 1790924454.085 e6fe83ea6b4a2b7f, [bmcam004] OK id=1000005 camera.image_processing.contrast: 0.0 -> 32.0 (next action) (duplicate: original answer) cfg=6410bddf
2026-10-02T07:00:54Z 1790924454.304 e6fe83ea6b4a2b7f, [bmcam004] OK id=1000005 camera.image_processing.contrast: 0.0 -> 32.0 (next action) (duplicate: original answer) cfg=6410bddf
2026-10-02T07:00:54Z 1790924454.355 e6fe83ea6b4a2b7f, [bmcam004] OK id=1000005 camera.image_processing.contrast: 0.0 -> 32.0 (next action) (duplicate: original answer) cfg=6410bddf
2026-10-02T07:00:54Z 1790924454.406 e6fe83ea6b4a2b7f, [bmcam004] OK id=1000005 camera.image_processing.contrast: 0.0 -> 32.0 (next action) (duplicate: original answer) cfg=6410bddf
2026-10-02T07:00:55Z 2026-10-02T07:00:55.207Z [MS] [INFO] Added message(id: 2110 len: 193) to queue MS_Q_CELLULAR_ONLY: (1)!
2026-10-02T07:00:55Z 2026-10-02T07:00:55.207Z [BM_TX] [INFO] Submitted spotter/transmit-data message to cell-only queue, Len: 67
2026-10-02T07:00:55Z 2026-10-02T07:00:55.207Z [BM_TX] [DEBUG] Message:
2026-10-02T07:00:55Z  3c 43 46 20 76 3d 31 20
2026-10-02T07:00:55Z  68 3d 36 34 31 30 62 64
2026-10-02T07:00:55Z  64 66 20 63 61 6d 65 72
2026-10-02T07:00:55Z  61 2e 69 6d 61 67 65 5f
2026-10-02T07:00:55Z  70 72 6f 63 65 73 73 69
2026-10-02T07:00:55Z  6e 67 2e 63 6f 6e 74 72
2026-10-02T07:00:55Z  61 73 74 3d 33 32 2e 30
2026-10-02T07:00:55Z  40 63 31 30 30 30 30 30
2026-10-02T07:00:55Z  35 3e
2026-10-02T07:00:55Z 2026-10-02T07:00:55.238Z [MS] [DEBUG] Notecard is 19.000000 pct full.
2026-10-02T07:00:55Z 2026-10-02T07:00:55.242Z [MS] [DEBUG] Has message 2110 expired? queuedTime: 20021795, now64: 20021830, remaining: 86399965
2026-10-02T07:00:55Z 2026-10-02T07:00:55.242Z [MS] [INFO] Sending Cellular message to Notecard.
2026-10-02T07:00:55Z 2026-10-02T07:00:55.242Z [MS] [INFO] Queuing message 2110 20004E68
2026-10-02T07:01:05Z SPOT-31593C > bm pub bmcam/cmd {"id":64054,"c":"trg","v":2,"kv":{"med":"still","m":40}} 1 1
2026-10-02T07:01:06Z bm pub bmcam/cmd {"id":64054,"c":"trg","v":2,"kv":{"med":"still","m":40}} 1 1
2026-10-02T07:01:07Z 1790924466.894 e6fe83ea6b4a2b7f, [bmcam004] OK id=64054 trg 2 armed: capture + output per mode (next decision point); one action only: mode.media=still, still.message_cap=40 cfg=6410bddf
2026-10-02T07:01:07Z 1790924466.953 e6fe83ea6b4a2b7f, [bmcam004] OK id=64054 trg 2 armed: capture + output per mode (next decision point); one action only: mode.media=still, still.message_cap=40 (duplicate: original answ
2026-10-02T07:01:07Z 1790924467.003 e6fe83ea6b4a2b7f, [bmcam004] OK id=64054 trg 2 armed: capture + output per mode (next decision point); one action only: mode.media=still, still.message_cap=40 (duplicate: original answ
2026-10-02T07:01:07Z 1790924467.054 e6fe83ea6b4a2b7f, [bmcam004] OK id=64054 trg 2 armed: capture + output per mode (next decision point); one action only: mode.media=still, still.message_cap=40 (duplicate: original answ
2026-10-02T07:01:07Z 1790924467.101 e6fe83ea6b4a2b7f, [bmcam004] OK id=64054 trg 2 armed: capture + output per mode (next decision point); one action only: mode.media=still, still.message_cap=40 (duplicate: original answ
2026-10-02T07:01:07Z 2026-10-02T07:01:07.570Z [MS] [INFO] Added message(id: 2111 len: 261) to queue MS_Q_CELLULAR_ONLY: (1)!
2026-10-02T07:01:07Z 2026-10-02T07:01:07.570Z [BM_TX] [INFO] Submitted spotter/transmit-data message to cell-only queue, Len: 134
2026-10-02T07:01:07Z 2026-10-02T07:01:07.570Z [BM_TX] [DEBUG] Message:
2026-10-02T07:01:07Z  3c 57 53 20 76 3d 31 20
2026-10-02T07:01:07Z  61 3d 63 61 70 20 63 66
2026-10-02T07:01:07Z  67 3d 36 34 31 30 62 64
2026-10-02T07:01:07Z  64 66 20 75 70 3d 35 39
2026-10-02T07:01:07Z  35 20 74 7a 3d 41 6d 65
2026-10-02T07:01:07Z  72 69 63 61 2f 4c 6f 73
2026-10-02T07:01:07Z  5f 41 6e 67 65 6c 65 73
2026-10-02T07:01:07Z  20 6c 74 3d 6e 61 20 77
2026-10-02T07:01:07Z  73 3d 30 30 30 30 20 77
2026-10-02T07:01:07Z  65 3d 30 30 30 30 20 72
2026-10-02T07:01:07Z  6b 3d 38 30 30 78 34 35
2026-10-02T07:01:07Z  30 20 71 3d 32 30 20 63
2026-10-02T07:01:07Z  74 3d 33 39 2e 37 20 73
2026-10-02T07:01:07Z  68 61 3d 39 31 61 30 38
2026-10-02T07:01:07Z  66 36 32 34 30 31 31 20
2026-10-02T07:01:07Z  68 6e 3d 62 6d 63 61 6d
2026-10-02T07:01:07Z  30 30 34 3e 0a
2026-10-02T07:01:07Z 2026-10-02T07:01:07.628Z [MS] [DEBUG] Notecard is 19.000000 pct full.
2026-10-02T07:01:07Z 2026-10-02T07:01:07.628Z [MS] [DEBUG] Has message 2111 expired? queuedTime: 20034164, now64: 20034220, remaining: 86399944
2026-10-02T07:01:07Z 2026-10-02T07:01:07.628Z [MS] [INFO] Sending Cellular message to Notecard.
2026-10-02T07:01:07Z 2026-10-02T07:01:07.628Z [MS] [INFO] Queuing message 2111 20004E68
2026-10-02T07:01:11Z 2026-10-02T07:01:11.445Z [MS] [INFO] Added message(id: 2112 len: 410) to queue MS_Q_CELLULAR_ONLY: (1)!
2026-10-02T07:01:11Z 2026-10-02T07:01:11.445Z [BM_TX] [INFO] Submitted spotter/transmit-data message to cell-only queue, Len: 283
2026-10-02T07:01:11Z 2026-10-02T07:01:11.445Z [BM_TX] [DEBUG] Message:
2026-10-02T07:01:11Z  3c 53 54 41 52 54 20 49
2026-10-02T07:01:11Z  4d 47 3e 20 66 69 6c 65
2026-10-02T07:01:11Z  6e 61 6d 65 3a 20 32 30
2026-10-02T07:01:11Z  32 36 2d 31 30 2d 30 32
2026-10-02T07:01:11Z  54 30 37 3a 30 31 3a 30
2026-10-02T07:01:11Z  37 5a 5f 69 6d 61 67 65
2026-10-02T07:01:11Z  5f 63 6f 6d 70 72 65 73
2026-10-02T07:01:11Z  73 65 64 2e 6a 70 67 2c
2026-10-02T07:01:11Z  20 74 69 6d 65 73 74 61
2026-10-02T07:01:11Z  6d 70 3a 20 32 30 32 36
2026-10-02T07:01:11Z  2d 31 30 2d 30 32 54 30
2026-10-02T07:01:11Z  37 3a 30 31 3a 31 31 5a
2026-10-02T07:01:11Z  2c 20 6c 65 6e 67 74 68
2026-10-02T07:01:11Z  3a 20 31 30 2c 20 6b 65
2026-10-02T07:01:11Z  79 3d 30 65 33 79 35 76
2026-10-02T07:01:11Z  2c 20 63 66 67 3d 36 34
2026-10-02T07:01:11Z  31 30 62 64 64 66 2c 20
2026-10-02T07:01:11Z  74 67 3d 36 34 30 35 34
2026-10-02T07:01:11Z  2c 20 72 3d 38 30 30 78
2026-10-02T07:01:11Z  34 35 30 2b 31 39 30 34
2026-10-02T07:01:11Z  2b 31 30 37 31 2c 20 6d
2026-10-02T07:01:11Z  3d 34 30 2c 20 66 6d 74
2026-10-02T07:01:11Z  3d 70 6a 70 67 2c 20 71
2026-10-02T07:01:11Z  3d 32 30 2c 20 61 74 74
2026-10-02T07:01:11Z  3d 31 2c 20 63 6d 70 3d
2026-10-02T07:01:11Z  31 2c 20 72 6b 3d 38 30
2026-10-02T07:01:11Z  30 78 34 35 30 2c 20 77
2026-10-02T07:01:11Z  73 3d 30 30 30 30 2c 20
2026-10-02T07:01:11Z  77 65 3d 30 30 30 30 2c
2026-10-02T07:01:11Z  20 73 68 61 3d 39 31 61
2026-10-02T07:01:11Z  30 38 66 36 32 34 30 31
2026-10-02T07:01:11Z  31 2c 20 68 6e 3d 62 6d
2026-10-02T07:01:11Z  63 61 6d 30 30 34 2c 20
2026-10-02T07:01:11Z  73 66 3d 32 34 36 34 33
2026-10-02T07:01:11Z  2c 20 73 70 3d 37 34 2e
2026-10-02T07:01:11Z  39 0a
2026-10-02T07:01:11Z 2026-10-02T07:01:11.519Z [MS] [DEBUG] Notecard is 19.000000 pct full.
2026-10-02T07:01:11Z 2026-10-02T07:01:11.519Z [MS] [DEBUG] Has message 2112 expired? queuedTime: 20038037, now64: 20038112, remaining: 86399925
2026-10-02T07:01:11Z 2026-10-02T07:01:11.519Z [MS] [INFO] Sending Cellular message to Notecard.
2026-10-02T07:01:11Z 2026-10-02T07:01:11.519Z [MS] [INFO] Queuing message 2112 20004E68
2026-10-02T07:01:12Z 2026-10-02T07:01:12.765Z [MS] [INFO] Added message(id: 2113 len: 527) to queue MS_Q_CELLULAR_ONLY: (1)!
2026-10-02T07:01:12Z 2026-10-02T07:01:12.765Z [BM_TX] [INFO] Submitted spotter/transmit-data message to cell-only queue, Len: 400
2026-10-02T07:01:12Z 2026-10-02T07:01:12.765Z [BM_TX] [DEBUG] Message:
2026-10-02T07:01:12Z  3c 49 30 65 33 79 35 76
2026-10-02T07:01:12Z  2e 30 2f 31 30 3e 2f 39
2026-10-02T07:01:12Z  6a 2f 34 41 41 51 53 6b
2026-10-02T07:01:12Z  5a 4a 52 67 41 42 41 51
2026-10-02T07:01:43Z SPOT-31593C > bm pub bmcam/cmd {"id":1000006,"c":"set","kv":{"camera.image_processing.saturation":0.0}} 1 1
2026-10-02T07:01:44Z bm pub bmcam/cmd {"id":1000006,"c":"set","kv":{"camera.image_processing.saturation":0.0}} 1 1
2026-10-02T07:01:44Z 2026-10-02T07:01:44.847Z [MS] [INFO] Added message(id: 2124 len: 163) to queue MS_Q_CELLULAR_ONLY: (1)!
2026-10-02T07:01:44Z 2026-10-02T07:01:44.847Z [BM_TX] [INFO] Submitted spotter/transmit-data message to cell-only queue, Len: 37
2026-10-02T07:01:45Z 2026-10-02T07:01:44.847Z [BM_TX] [DEBUG] Message:
2026-10-02T07:01:45Z  7b 22 69 64 22 3a 31 30
2026-10-02T07:01:45Z  30 30 30 30 36 2c 22 6f
2026-10-02T07:01:45Z  6b 22 3a 31 2c 22 68 22
2026-10-02T07:01:45Z  3a 22 63 30 36 34 31 32
2026-10-02T07:01:45Z  31 30 22 7d
2026-10-02T07:01:45Z Message: 1790924504.855 e6fe83ea6b4a2b7f, [bmcam004] OK id=1000006 camera.image_processing.saturation: none -> 0.0 (next action) cfg=c0641210
2026-10-02T07:01:45Z 2026-10-02T07:01:44.890Z [MS] [DEBUG] Notecard is 19.000000 pct full.
2026-10-02T07:01:45Z 2026-10-02T07:01:44.890Z [MS] [DEBUG] Has message 2124 expired? queuedTime: 20071444, now64: 20071490, remaining: 86399954
2026-10-02T07:01:45Z 2026-10-02T07:01:44.890Z [MS] [INFO] Sending Cellular message to Notecard.
2026-10-02T07:01:45Z 2026-10-02T07:01:44.894Z [MS] [INFO] Queuing message 2124 20004E68
2026-10-02T07:01:45Z 1790924504.906 e6fe83ea6b4a2b7f, [bmcam004] OK id=1000006 camera.image_processing.saturation: none -> 0.0 (next action) (duplicate: original answer) cfg=c0641210
2026-10-02T07:01:45Z 1790924504.957 e6fe83ea6b4a2b7f, [bmcam004] OK id=1000006 camera.image_processing.saturation: none -> 0.0 (next action) (duplicate: original answer) cfg=c0641210
2026-10-02T07:01:45Z 1790924505.003 e6fe83ea6b4a2b7f, [bmcam004] OK id=1000006 camera.image_processing.saturation: none -> 0.0 (next action) (duplicate: original answer) cfg=c0641210
2026-10-02T07:01:45Z 1790924505.054 e6fe83ea6b4a2b7f, [bmcam004] OK id=1000006 camera.image_processing.saturation: none -> 0.0 (next action) (duplicate: original answer) cfg=c0641210
2026-10-02T07:01:46Z 2026-10-02T07:01:45.855Z [MS] [INFO] Added message(id: 2125 len: 194) to queue MS_Q_CELLULAR_ONLY: (1)!
2026-10-02T07:01:46Z 2026-10-02T07:01:45.855Z [BM_TX] [INFO] Submitted spotter/transmit-data message to cell-only queue, Len: 68
2026-10-02T07:01:46Z 2026-10-02T07:01:45.855Z [BM_TX] [DEBUG] Message:
2026-10-02T07:01:46Z  3c 43 46 20 76 3d 31 20
2026-10-02T07:01:46Z  68 3d 63 30 36 34 31 32
2026-10-02T07:01:46Z  31 30 20 63 61 6d 65 72
2026-10-02T07:01:46Z  61 2e 69 6d 61 67 65 5f
2026-10-02T07:01:46Z  70 72 6f 63 65 73 73 69
2026-10-02T07:01:46Z  6e 67 2e 73 61 74 75 72
2026-10-02T07:01:46Z  61 74 69 6f 6e 3d 30 2e
2026-10-02T07:01:46Z  30 40 63 31 30 30 30 30
2026-10-02T07:01:46Z  30 36 3e
2026-10-02T07:01:46Z 2026-10-02T07:01:45.890Z [MS] [DEBUG] Notecard is 19.000000 pct full.
2026-10-02T07:01:46Z 2026-10-02T07:01:45.890Z [MS] [DEBUG] Has message 2125 expired? queuedTime: 20072455, now64: 20072488, remaining: 86399967
2026-10-02T07:01:46Z 2026-10-02T07:01:45.890Z [MS] [INFO] Sending Cellular message to Notecard.
2026-10-02T07:01:46Z 2026-10-02T07:01:45.890Z [MS] [INFO] Queuing message 2125 20004E68
2026-10-02T07:01:56Z SPOT-31593C > bm pub bmcam/cmd {"id":64055,"c":"trg","v":2,"kv":{"med":"still","m":40}} 1 1
2026-10-02T07:01:57Z bm pub bmcam/cmd {"id":64055,"c":"trg","v":2,"kv":{"med":"still","m":40}} 1 1
2026-10-02T07:01:57Z 1790924517.332 e6fe83ea6b4a2b7f, [bmcam004] OK id=64055 trg 2 armed: capture + output per mode (next decision point); one action only: mode.media=still, still.message_cap=40 cfg=c0641210
2026-10-02T07:01:57Z 1790924517.382 e6fe83ea6b4a2b7f, [bmcam004] OK id=64055 trg 2 armed: capture + output per mode (next decision point); one action only: mode.media=still, still.message_cap=40 (duplicate: original answ
2026-10-02T07:01:57Z 1790924517.433 e6fe83ea6b4a2b7f, [bmcam004] OK id=64055 trg 2 armed: capture + output per mode (next decision point); one action only: mode.media=still, still.message_cap=40 (duplicate: original answ
2026-10-02T07:02:35Z SPOT-31593C > bm pub bmcam/cmd {"id":1000007,"c":"set","kv":{"camera.image_processing.saturation":32.0}} 1 1
2026-10-02T07:02:36Z bm pub bmcam/cmd {"id":1000007,"c":"set","kv":{"camera.image_processing.saturation":32.0}} 1 1
2026-10-02T07:02:36Z 2026-10-02T07:02:36.007Z [MS] [INFO] Added message(id: 2139 len: 163) to queue MS_Q_CELLULAR_ONLY: (1)!
2026-10-02T07:02:36Z 2026-10-02T07:02:36.007Z [BM_TX] [INFO] Submitted spotter/transmit-data message to cell-only queue, Len: 37
2026-10-02T07:02:36Z 2026-10-02T07:02:36.007Z [BM_TX] [DEBUG] Message:
2026-10-02T07:02:36Z  7b 22 69 64 22 3a 31 30
2026-10-02T07:02:36Z  30 30 30 30 37 2c 22 6f
2026-10-02T07:02:36Z  6b 22 3a 31 2c 22 68 22
2026-10-02T07:02:36Z  3a 22 63 62 37 64 61 32
2026-10-02T07:02:36Z  35 38 22 7d
2026-10-02T07:02:36Z Message: 1790924556.015 e6fe83ea6b4a2b7f, [bmcam004] OK id=1000007 camera.image_processing.saturation: 0.0 -> 32.0 (next action) cfg=cb7da258
2026-10-02T07:02:36Z 2026-10-02T07:02:36.054Z [MS] [DEBUG] Notecard is 21.000000 pct full.
2026-10-02T07:02:36Z 2026-10-02T07:02:36.054Z [MS] [DEBUG] Has message 2139 expired? queuedTime: 20122614, now64: 20122662, remaining: 86399952
2026-10-02T07:02:36Z 2026-10-02T07:02:36.054Z [MS] [INFO] Sending Cellular message to Notecard.
2026-10-02T07:02:36Z 2026-10-02T07:02:36.054Z [MS] [INFO] Queuing message 2139 20004E68
2026-10-02T07:02:36Z 1790924556.066 e6fe83ea6b4a2b7f, [bmcam004] OK id=1000007 camera.image_processing.saturation: 0.0 -> 32.0 (next action) (duplicate: original answer) cfg=cb7da258
2026-10-02T07:02:36Z 1790924556.117 e6fe83ea6b4a2b7f, [bmcam004] OK id=1000007 camera.image_processing.saturation: 0.0 -> 32.0 (next action) (duplicate: original answer) cfg=cb7da258
2026-10-02T07:02:36Z 1790924556.167 e6fe83ea6b4a2b7f, [bmcam004] OK id=1000007 camera.image_processing.saturation: 0.0 -> 32.0 (next action) (duplicate: original answer) cfg=cb7da258
2026-10-02T07:02:36Z 1790924556.218 e6fe83ea6b4a2b7f, [bmcam004] OK id=1000007 camera.image_processing.saturation: 0.0 -> 32.0 (next action) (duplicate: original answer) cfg=cb7da258
2026-10-02T07:02:37Z 2026-10-02T07:02:37.019Z [MS] [INFO] Added message(id: 2140 len: 195) to queue MS_Q_CELLULAR_ONLY: (1)!
2026-10-02T07:02:37Z 2026-10-02T07:02:37.019Z [BM_TX] [INFO] Submitted spotter/transmit-data message to cell-only queue, Len: 69
2026-10-02T07:02:37Z 2026-10-02T07:02:37.019Z [BM_TX] [DEBUG] Message:
2026-10-02T07:02:37Z  3c 43 46 20 76 3d 31 20
2026-10-02T07:02:37Z  68 3d 63 62 37 64 61 32
2026-10-02T07:02:37Z  35 38 20 63 61 6d 65 72
2026-10-02T07:02:37Z  61 2e 69 6d 61 67 65 5f
2026-10-02T07:02:37Z  70 72 6f 63 65 73 73 69
2026-10-02T07:02:37Z  6e 67 2e 73 61 74 75 72
2026-10-02T07:02:37Z  61 74 69 6f 6e 3d 33 32
2026-10-02T07:02:37Z  2e 30 40 63 31 30 30 30
2026-10-02T07:02:37Z  30 30 37 3e
2026-10-02T07:02:37Z 2026-10-02T07:02:37.050Z [MS] [DEBUG] Notecard is 21.000000 pct full.
2026-10-02T07:02:37Z 2026-10-02T07:02:37.050Z [MS] [DEBUG] Has message 2140 expired? queuedTime: 20123626, now64: 20123659, remaining: 86399967
2026-10-02T07:02:37Z 2026-10-02T07:02:37.050Z [MS] [INFO] Sending Cellular message to Notecard.
2026-10-02T07:02:37Z 2026-10-02T07:02:37.050Z [MS] [INFO] Queuing message 2140 20004E68
2026-10-02T07:02:47Z SPOT-31593C > bm pub bmcam/cmd {"id":64056,"c":"trg","v":2,"kv":{"med":"still","m":40}} 1 1
2026-10-02T07:02:48Z bm pub bmcam/cmd {"id":64056,"c":"trg","v":2,"kv":{"med":"still","m":40}} 1 1
2026-10-02T07:02:48Z 1790924568.714 e6fe83ea6b4a2b7f, [bmcam004] OK id=64056 trg 2 armed: capture + output per mode (next decision point); one action only: mode.media=still, still.message_cap=40 cfg=cb7da258
2026-10-02T07:02:48Z 1790924568.765 e6fe83ea6b4a2b7f, [bmcam004] OK id=64056 trg 2 armed: capture + output per mode (next decision point); one action only: mode.media=still, still.message_cap=40 (duplicate: original answ
2026-10-02T07:02:48Z 1790924568.812 e6fe83ea6b4a2b7f, [bmcam004] OK id=64056 trg 2 armed: capture + output per mode (next decision point); one action only: mode.media=still, still.message_cap=40 (duplicate: original answ
2026-10-02T07:02:49Z 1790924568.863 e6fe83ea6b4a2b7f, [bmcam004] OK id=64056 trg 2 armed: capture + output per mode (next decision point); one action only: mode.media=still, still.message_cap=40 (duplicate: original answ
2026-10-02T07:02:49Z 1790924568.914 e6fe83ea6b4a2b7f, [bmcam004] OK id=64056 trg 2 armed: capture + output per mode (next decision point); one action only: mode.media=still, still.message_cap=40 (duplicate: original answ
2026-10-02T07:03:26Z SPOT-31593C > bm pub bmcam/cmd {"id":1000008,"c":"set","kv":{"camera.image_processing.brightness":-1.0}} 1 1
2026-10-02T07:03:27Z bm pub bmcam/cmd {"id":1000008,"c":"set","kv":{"camera.image_processing.brightness":-1.0}} 1 1
2026-10-02T07:03:27Z 2026-10-02T07:03:27.335Z [MS] [INFO] Added message(id: 2154 len: 163) to queue MS_Q_CELLULAR_ONLY: (1)!
2026-10-02T07:03:27Z 2026-10-02T07:03:27.335Z [BM_TX] [INFO] Submitted spotter/transmit-data message to cell-only queue, Len: 37
2026-10-02T07:03:27Z 2026-10-02T07:03:27.335Z [BM_TX] [DEBUG] Message:
2026-10-02T07:03:27Z  7b 22 69 64 22 3a 31 30
2026-10-02T07:03:27Z  30 30 30 30 38 2c 22 6f
2026-10-02T07:03:27Z  6b 22 3a 31 2c 22 68 22
2026-10-02T07:03:27Z  3a 22 61 38 61 63 34 64
2026-10-02T07:03:27Z  65 36 22 7d
2026-10-02T07:03:27Z Message: 1790924607.355 e6fe83ea6b4a2b7f, [bmcam004] OK id=1000008 camera.image_processing.brightness: none -> -1.0 (next action) cfg=a8ac4de6
2026-10-02T07:03:27Z 2026-10-02T07:03:27.382Z [MS] [DEBUG] Notecard is 22.000000 pct full.
2026-10-02T07:03:27Z 2026-10-02T07:03:27.382Z [MS] [DEBUG] Has message 2154 expired? queuedTime: 20173954, now64: 20174000, remaining: 86399954
2026-10-02T07:03:27Z 2026-10-02T07:03:27.382Z [MS] [INFO] Sending Cellular message to Notecard.
2026-10-02T07:03:27Z 2026-10-02T07:03:27.382Z [MS] [INFO] Queuing message 2154 20004E68
2026-10-02T07:03:27Z 1790924607.398 e6fe83ea6b4a2b7f, [bmcam004] OK id=1000008 camera.image_processing.brightness: none -> -1.0 (next action) (duplicate: original answer) cfg=a8ac4de6
2026-10-02T07:03:27Z 1790924607.457 e6fe83ea6b4a2b7f, [bmcam004] OK id=1000008 camera.image_processing.brightness: none -> -1.0 (next action) (duplicate: original answer) cfg=a8ac4de6
2026-10-02T07:03:27Z 1790924607.507 e6fe83ea6b4a2b7f, [bmcam004] OK id=1000008 camera.image_processing.brightness: none -> -1.0 (next action) (duplicate: original answer) cfg=a8ac4de6
2026-10-02T07:03:31Z 1790924611.542 e6fe83ea6b4a2b7f, [bmcam004] OK id=1000008 camera.image_processing.brightness: none -> -1.0 (next action) (duplicate: original answer) cfg=a8ac4de6
2026-10-02T07:03:31Z 2026-10-02T07:03:31.542Z [MS] [INFO] Added message(id: 2155 len: 195) to queue MS_Q_CELLULAR_ONLY: (1)!
2026-10-02T07:03:31Z 2026-10-02T07:03:31.542Z [BM_TX] [INFO] Submitted spotter/transmit-data message to cell-only queue, Len: 69
2026-10-02T07:03:31Z 2026-10-02T07:03:31.546Z [BM_TX] [DEBUG] Message:
2026-10-02T07:03:31Z  3c 43 46 20 76 3d 31 20
2026-10-02T07:03:31Z  68 3d 61 38 61 63 34 64
2026-10-02T07:03:31Z  65 36 20 63 61 6d 65 72
2026-10-02T07:03:31Z  61 2e 69 6d 61 67 65 5f
2026-10-02T07:03:31Z  70 72 6f 63 65 73 73 69
2026-10-02T07:03:31Z  6e 67 2e 62 72 69 67 68
2026-10-02T07:03:31Z  74 6e 65 73 73 3d 2d 31
2026-10-02T07:03:31Z  2e 30 40 63 31 30 30 30
2026-10-02T07:03:31Z  30 30 38 3e
2026-10-02T07:03:31Z 2026-10-02T07:03:31.593Z [MS] [DEBUG] Notecard is 22.000000 pct full.
2026-10-02T07:03:31Z 2026-10-02T07:03:31.593Z [MS] [DEBUG] Has message 2155 expired? queuedTime: 20178162, now64: 20178212, remaining: 86399950
2026-10-02T07:03:31Z 2026-10-02T07:03:31.593Z [MS] [INFO] Sending Cellular message to Notecard.
2026-10-02T07:03:31Z 2026-10-02T07:03:31.597Z [MS] [INFO] Queuing message 2155 20004E68
2026-10-02T07:03:39Z SPOT-31593C > bm pub bmcam/cmd {"id":64057,"c":"trg","v":2,"kv":{"med":"still","m":40}} 1 1
2026-10-02T07:03:40Z bm pub bmcam/cmd {"id":64057,"c":"trg","v":2,"kv":{"med":"still","m":40}} 1 1
2026-10-02T07:03:40Z 1790924620.046 e6fe83ea6b4a2b7f, [bmcam004] OK id=64057 trg 2 armed: capture + output per mode (next decision point); one action only: mode.media=still, still.message_cap=40 cfg=a8ac4de6
2026-10-02T07:03:40Z 1790924620.093 e6fe83ea6b4a2b7f, [bmcam004] OK id=64057 trg 2 armed: capture + output per mode (next decision point); one action only: mode.media=still, still.message_cap=40 (duplicate: original answ
2026-10-02T07:03:40Z 1790924620.144 e6fe83ea6b4a2b7f, [bmcam004] OK id=64057 trg 2 armed: capture + output per mode (next decision point); one action only: mode.media=still, still.message_cap=40 (duplicate: original answ
2026-10-02T07:03:40Z 1790924620.195 e6fe83ea6b4a2b7f, [bmcam004] OK id=64057 trg 2 armed: capture + output per mode (next decision point); one action only: mode.media=still, still.message_cap=40 (duplicate: original answ
2026-10-02T07:03:40Z 1790924620.246 e6fe83ea6b4a2b7f, [bmcam004] OK id=64057 trg 2 armed: capture + output per mode (next decision point); one action only: mode.media=still, still.message_cap=40 (duplicate: original answ
2026-10-02T07:04:17Z SPOT-31593C > bm pub bmcam/cmd {"id":1000009,"c":"set","kv":{"camera.image_processing.brightness":1.0}} 1 1
2026-10-02T07:04:18Z bm pub bmcam/cmd {"id":1000009,"c":"set","kv":{"camera.image_processing.brightness":1.0}} 1 1
2026-10-02T07:04:18Z 2026-10-02T07:04:18.507Z [MS] [INFO] Added message(id: 2169 len: 163) to queue MS_Q_CELLULAR_ONLY: (1)!
2026-10-02T07:04:18Z 2026-10-02T07:04:18.507Z [BM_TX] [INFO] Submitted spotter/transmit-data message to cell-only queue, Len: 37
2026-10-02T07:04:18Z 2026-10-02T07:04:18.507Z [BM_TX] [DEBUG] Message:
2026-10-02T07:04:18Z  7b 22 69 64 22 3a 31 30
2026-10-02T07:04:18Z  30 30 30 30 39 2c 22 6f
2026-10-02T07:04:18Z  6b 22 3a 31 2c 22 68 22
2026-10-02T07:04:18Z  3a 22 66 62 33 31 34 61
2026-10-02T07:04:18Z  30 39 22 7d
2026-10-02T07:04:18Z Message: 1790924658.527 e6fe83ea6b4a2b7f, [bmcam004] OK id=1000009 camera.image_processing.brightness: -1.0 -> 1.0 (next action) cfg=fb314a09
2026-10-02T07:04:18Z 2026-10-02T07:04:18.554Z [MS] [DEBUG] Notecard is 23.000000 pct full.
2026-10-02T07:04:18Z 2026-10-02T07:04:18.554Z [MS] [DEBUG] Has message 2169 expired? queuedTime: 20225133, now64: 20225180, remaining: 86399953
2026-10-02T07:04:18Z 2026-10-02T07:04:18.554Z [MS] [INFO] Sending Cellular message to Notecard.
2026-10-02T07:04:18Z 2026-10-02T07:04:18.554Z [MS] [INFO] Queuing message 2169 20004E68
2026-10-02T07:04:18Z 1790924658.566 e6fe83ea6b4a2b7f, [bmcam004] OK id=1000009 camera.image_processing.brightness: -1.0 -> 1.0 (next action) (duplicate: original answer) cfg=fb314a09
2026-10-02T07:04:18Z 1790924658.617 e6fe83ea6b4a2b7f, [bmcam004] OK id=1000009 camera.image_processing.brightness: -1.0 -> 1.0 (next action) (duplicate: original answer) cfg=fb314a09
2026-10-02T07:04:18Z 1790924658.667 e6fe83ea6b4a2b7f, [bmcam004] OK id=1000009 camera.image_processing.brightness: -1.0 -> 1.0 (next action) (duplicate: original answer) cfg=fb314a09
2026-10-02T07:04:18Z 1790924658.726 e6fe83ea6b4a2b7f, [bmcam004] OK id=1000009 camera.image_processing.brightness: -1.0 -> 1.0 (next action) (duplicate: original answer) cfg=fb314a09
2026-10-02T07:04:19Z 2026-10-02T07:04:19.515Z [MS] [INFO] Added message(id: 2170 len: 194) to queue MS_Q_CELLULAR_ONLY: (1)!
2026-10-02T07:04:19Z 2026-10-02T07:04:19.519Z [BM_TX] [INFO] Submitted spotter/transmit-data message to cell-only queue, Len: 68
2026-10-02T07:04:19Z 2026-10-02T07:04:19.519Z [BM_TX] [DEBUG] Message:
2026-10-02T07:04:19Z  3c 43 46 20 76 3d 31 20
2026-10-02T07:04:19Z  68 3d 66 62 33 31 34 61
2026-10-02T07:04:19Z  30 39 20 63 61 6d 65 72
2026-10-02T07:04:19Z  61 2e 69 6d 61 67 65 5f
2026-10-02T07:04:19Z  70 72 6f 63 65 73 73 69
2026-10-02T07:04:19Z  6e 67 2e 62 72 69 67 68
2026-10-02T07:04:19Z  74 6e 65 73 73 3d 31 2e
2026-10-02T07:04:19Z  30 40 63 31 30 30 30 30
2026-10-02T07:04:19Z  30 39 3e
2026-10-02T07:04:19Z 2026-10-02T07:04:19.550Z [MS] [DEBUG] Notecard is 23.000000 pct full.
2026-10-02T07:04:19Z 2026-10-02T07:04:19.550Z [MS] [DEBUG] Has message 2170 expired? queuedTime: 20226144, now64: 20226178, remaining: 86399966
2026-10-02T07:04:19Z 2026-10-02T07:04:19.554Z [MS] [INFO] Sending Cellular message to Notecard.
2026-10-02T07:04:19Z 2026-10-02T07:04:19.554Z [MS] [INFO] Queuing message 2170 20004E68
2026-10-02T07:04:30Z SPOT-31593C > bm pub bmcam/cmd {"id":64058,"c":"trg","v":2,"kv":{"med":"still","m":40}} 1 1
2026-10-02T07:04:31Z bm pub bmcam/cmd {"id":64058,"c":"trg","v":2,"kv":{"med":"still","m":40}} 1 1
2026-10-02T07:04:31Z 1790924671.187 e6fe83ea6b4a2b7f, [bmcam004] OK id=64058 trg 2 armed: capture + output per mode (next decision point); one action only: mode.media=still, still.message_cap=40 cfg=fb314a09
2026-10-02T07:05:42Z SPOT-31593C > bm pub bmcam/cmd {"id":64070,"c":"set","kv":{"video.record.output":"481x271"}} 1 1
2026-10-02T07:05:44Z bm pub bmcam/cmd {"id":64070,"c":"set","kv":{"video.record.output":"481x271"}} 1 1
2026-10-02T07:05:44Z 1790924744.285 e6fe83ea6b4a2b7f, [bmcam004] REJECTED id=64070 video.send.size 640x360 is larger than the recording 480x270 (the clip fit refuses to upscale) e=xk k=video.record.output cfg=fb314a09
2026-10-02T07:05:44Z 1790924744.332 e6fe83ea6b4a2b7f, [bmcam004] REJECTED id=64070 (duplicate: original answer) e=xk k=video.record.output cfg=fb314a09
2026-10-02T07:05:44Z 1790924744.562 e6fe83ea6b4a2b7f, [bmcam004] REJECTED id=64070 (duplicate: original answer) e=xk k=video.record.output cfg=fb314a09
2026-10-02T07:05:44Z 1790924744.613 e6fe83ea6b4a2b7f, [bmcam004] REJECTED id=64070 (duplicate: original answer) e=xk k=video.record.output cfg=fb314a09
2026-10-02T07:05:44Z 1790924744.664 e6fe83ea6b4a2b7f, [bmcam004] REJECTED id=64070 (duplicate: original answer) e=xk k=video.record.output cfg=fb314a09
2026-10-02T07:05:52Z SPOT-31593C > bm pub bmcam/cmd {"id":64071,"c":"set","kv":{"video.record.output":"14x16"}} 1 1
2026-10-02T07:05:53Z bm pub bmcam/cmd {"id":64071,"c":"set","kv":{"video.record.output":"14x16"}} 1 1
2026-10-02T07:05:53Z 1790924753.359 e6fe83ea6b4a2b7f, [bmcam004] REJECTED id=64071 video.send.size 640x360 is larger than the recording 14x16 (the clip fit refuses to upscale) e=xk k=video.record.output cfg=fb314a09
2026-10-02T07:05:53Z 1790924753.410 e6fe83ea6b4a2b7f, [bmcam004] REJECTED id=64071 (duplicate: original answer) e=xk k=video.record.output cfg=fb314a09
2026-10-02T07:05:53Z 1790924753.460 e6fe83ea6b4a2b7f, [bmcam004] REJECTED id=64071 (duplicate: original answer) e=xk k=video.record.output cfg=fb314a09
2026-10-02T07:05:53Z 1790924753.511 e6fe83ea6b4a2b7f, [bmcam004] REJECTED id=64071 (duplicate: original answer) e=xk k=video.record.output cfg=fb314a09
2026-10-02T07:05:53Z 1790924753.730 e6fe83ea6b4a2b7f, [bmcam004] REJECTED id=64071 (duplicate: original answer) e=xk k=video.record.output cfg=fb314a09
2026-10-02T07:06:24Z SPOT-31593C > bm pub bmcam/cmd {"id":1000010,"c":"set","kv":{"camera.image_processing.denoise":"auto"}} 1 1
2026-10-02T07:06:25Z bm pub bmcam/cmd {"id":1000010,"c":"set","kv":{"camera.image_processing.denoise":"auto"}} 1 1
2026-10-02T07:06:25Z 2026-10-02T07:06:25.246Z [MS] [INFO] Added message(id: 2184 len: 163) to queue MS_Q_CELLULAR_ONLY: (1)!
2026-10-02T07:06:25Z 2026-10-02T07:06:25.246Z [BM_TX] [INFO] Submitted spotter/transmit-data message to cell-only queue, Len: 37
2026-10-02T07:06:25Z 2026-10-02T07:06:25.246Z [BM_TX] [DEBUG] Message:
2026-10-02T07:06:25Z  7b 22 69 64 22 3a 31 30
2026-10-02T07:06:25Z  30 30 30 31 30 2c 22 6f
2026-10-02T07:06:25Z  6b 22 3a 31 2c 22 68 22
2026-10-02T07:06:25Z  3a 22 35 66 36 38 63 65
2026-10-02T07:06:25Z  66 31 22 7d
2026-10-02T07:06:25Z Message: 1790924785.253 e6fe83ea6b4a2b7f, [bmcam004] OK id=1000010 camera.image_processing.denoise: none -> auto (next action) cfg=5f68cef1
2026-10-02T07:06:25Z 2026-10-02T07:06:25.289Z [MS] [DEBUG] Notecard is 24.000000 pct full.
2026-10-02T07:06:25Z 2026-10-02T07:06:25.289Z [MS] [DEBUG] Has message 2184 expired? queuedTime: 20351894, now64: 20351939, remaining: 86399955
2026-10-02T07:06:25Z 2026-10-02T07:06:25.292Z [MS] [INFO] Sending Cellular message to Notecard.
2026-10-02T07:06:25Z 2026-10-02T07:06:25.292Z [MS] [INFO] Queuing message 2184 20004E68
2026-10-02T07:06:25Z 1790924785.304 e6fe83ea6b4a2b7f, [bmcam004] OK id=1000010 camera.image_processing.denoise: none -> auto (next action) (duplicate: original answer) cfg=5f68cef1
2026-10-02T07:06:25Z 1790924785.535 e6fe83ea6b4a2b7f, [bmcam004] OK id=1000010 camera.image_processing.denoise: none -> auto (next action) (duplicate: original answer) cfg=5f68cef1
2026-10-02T07:06:25Z 1790924785.593 e6fe83ea6b4a2b7f, [bmcam004] OK id=1000010 camera.image_processing.denoise: none -> auto (next action) (duplicate: original answer) cfg=5f68cef1
2026-10-02T07:06:25Z 1790924785.644 e6fe83ea6b4a2b7f, [bmcam004] OK id=1000010 camera.image_processing.denoise: none -> auto (next action) (duplicate: original answer) cfg=5f68cef1
2026-10-02T07:06:26Z 2026-10-02T07:06:26.433Z [MS] [INFO] Added message(id: 2185 len: 192) to queue MS_Q_CELLULAR_ONLY: (1)!
2026-10-02T07:06:26Z 2026-10-02T07:06:26.437Z [BM_TX] [INFO] Submitted spotter/transmit-data message to cell-only queue, Len: 66
2026-10-02T07:06:26Z 2026-10-02T07:06:26.437Z [BM_TX] [DEBUG] Message:
2026-10-02T07:06:26Z  3c 43 46 20 76 3d 31 20
2026-10-02T07:06:26Z  68 3d 35 66 36 38 63 65
2026-10-02T07:06:26Z  66 31 20 63 61 6d 65 72
2026-10-02T07:06:26Z  61 2e 69 6d 61 67 65 5f
2026-10-02T07:06:26Z  70 72 6f 63 65 73 73 69
2026-10-02T07:06:26Z  6e 67 2e 64 65 6e 6f 69
2026-10-02T07:06:26Z  73 65 3d 61 75 74 6f 40
2026-10-02T07:06:26Z  63 31 30 30 30 30 31 30
2026-10-02T07:06:26Z  3e
2026-10-02T07:06:26Z 2026-10-02T07:06:26.468Z [MS] [DEBUG] Notecard is 24.000000 pct full.
2026-10-02T07:06:26Z 2026-10-02T07:06:26.468Z [MS] [DEBUG] Has message 2185 expired? queuedTime: 20353085, now64: 20353120, remaining: 86399965
2026-10-02T07:06:26Z 2026-10-02T07:06:26.472Z [MS] [INFO] Sending Cellular message to Notecard.
2026-10-02T07:06:26Z 2026-10-02T07:06:26.472Z [MS] [INFO] Queuing message 2185 20004E68
2026-10-02T07:06:26Z 2026-10-02T07:06:26.578Z [BRIDGE_CFG] [INFO] Bridge topology in topology sampler:
2026-10-02T07:06:26Z 2026-10-02T07:06:26.582Z [BRIDGE_CFG] [INFO] 0e582dd12c1e1480
2026-10-02T07:06:26Z 2026-10-02T07:06:26.585Z [BRIDGE_CFG] [INFO] e6fe83ea6b4a2b7f
2026-10-02T07:06:26Z 2026-10-02T07:06:26.589Z [BRIDGE_SYS] [INFO] Checking CRC in report builder!
2026-10-02T07:06:26Z 2026-10-02T07:06:26.589Z [BRIDGE_SYS] [INFO] Got CRC f3b914aa OLD CRC f3b914aa
2026-10-02T07:06:26Z 2026-10-02T07:06:26.593Z [BRIDGE_SYS] [INFO] CRCs match, not updating
2026-10-02T07:06:37Z SPOT-31593C > bm pub bmcam/cmd {"id":64081,"c":"trg","v":2,"kv":{"med":"still","m":40}} 1 1
2026-10-02T07:06:38Z bm pub bmcam/cmd {"id":64081,"c":"trg","v":2,"kv":{"med":"still","m":40}} 1 1
2026-10-02T07:06:38Z 1790924798.113 e6fe83ea6b4a2b7f, [bmcam004] OK id=64081 trg 2 armed: capture + output per mode (next decision point); one action only: mode.media=still, still.message_cap=40 cfg=5f68cef1
2026-10-02T07:07:17Z SPOT-31593C > bm pub bmcam/cmd {"id":1000011,"c":"set","kv":{"camera.image_processing.denoise":"off"}} 1 1
2026-10-02T07:07:18Z bm pub bmcam/cmd {"id":1000011,"c":"set","kv":{"camera.image_processing.denoise":"off"}} 1 1
2026-10-02T07:07:18Z 2026-10-02T07:07:18.156Z [MS] [INFO] Added message(id: 2199 len: 163) to queue MS_Q_CELLULAR_ONLY: (1)!
2026-10-02T07:07:18Z 2026-10-02T07:07:18.156Z [BM_TX] [INFO] Submitted spotter/transmit-data message to cell-only queue, Len: 37
2026-10-02T07:07:18Z 2026-10-02T07:07:18.156Z [BM_TX] [DEBUG] Message:
2026-10-02T07:07:18Z  7b 22 69 64 22 3a 31 30
2026-10-02T07:07:18Z  30 30 30 31 31 2c 22 6f
2026-10-02T07:07:18Z  6b 22 3a 31 2c 22 68 22
2026-10-02T07:07:18Z  3a 22 66 38 62 63 64 30
2026-10-02T07:07:18Z  33 30 22 7d
2026-10-02T07:07:18Z Message: 1790924838.175 e6fe83ea6b4a2b7f, [bmcam004] OK id=1000011 camera.image_processing.denoise: auto -> off (next action) cfg=f8bcd030
2026-10-02T07:07:18Z 2026-10-02T07:07:18.203Z [MS] [DEBUG] Notecard is 25.000000 pct full.
2026-10-02T07:07:18Z 2026-10-02T07:07:18.203Z [MS] [DEBUG] Has message 2199 expired? queuedTime: 20404813, now64: 20404860, remaining: 86399953
2026-10-02T07:07:18Z 2026-10-02T07:07:18.203Z [MS] [INFO] Sending Cellular message to Notecard.
2026-10-02T07:07:18Z 2026-10-02T07:07:18.203Z [MS] [INFO] Queuing message 2199 20004E68
2026-10-02T07:07:18Z 1790924838.214 e6fe83ea6b4a2b7f, [bmcam004] OK id=1000011 camera.image_processing.denoise: auto -> off (next action) (duplicate: original answer) cfg=f8bcd030
2026-10-02T07:07:18Z 1790924838.265 e6fe83ea6b4a2b7f, [bmcam004] OK id=1000011 camera.image_processing.denoise: auto -> off (next action) (duplicate: original answer) cfg=f8bcd030
2026-10-02T07:07:18Z 1790924838.316 e6fe83ea6b4a2b7f, [bmcam004] OK id=1000011 camera.image_processing.denoise: auto -> off (next action) (duplicate: original answer) cfg=f8bcd030
2026-10-02T07:07:18Z 1790924838.375 e6fe83ea6b4a2b7f, [bmcam004] OK id=1000011 camera.image_processing.denoise: auto -> off (next action) (duplicate: original answer) cfg=f8bcd030
2026-10-02T07:07:19Z 2026-10-02T07:07:19.164Z [MS] [INFO] Added message(id: 2200 len: 191) to queue MS_Q_CELLULAR_ONLY: (1)!
2026-10-02T07:07:19Z 2026-10-02T07:07:19.164Z [BM_TX] [INFO] Submitted spotter/transmit-data message to cell-only queue, Len: 65
2026-10-02T07:07:19Z 2026-10-02T07:07:19.164Z [BM_TX] [DEBUG] Message:
2026-10-02T07:07:19Z  3c 43 46 20 76 3d 31 20
2026-10-02T07:07:19Z  68 3d 66 38 62 63 64 30
2026-10-02T07:07:19Z  33 30 20 63 61 6d 65 72
2026-10-02T07:07:19Z  61 2e 69 6d 61 67 65 5f
2026-10-02T07:07:19Z  70 72 6f 63 65 73 73 69
2026-10-02T07:07:19Z  6e 67 2e 64 65 6e 6f 69
2026-10-02T07:07:19Z  73 65 3d 6f 66 66 40 63
2026-10-02T07:07:19Z  31 30 30 30 30 31 31 3e
2026-10-02T07:07:19Z 
2026-10-02T07:07:19Z 2026-10-02T07:07:19.199Z [MS] [DEBUG] Notecard is 25.000000 pct full.
2026-10-02T07:07:19Z 2026-10-02T07:07:19.199Z [MS] [DEBUG] Has message 2200 expired? queuedTime: 20405824, now64: 20405860, remaining: 86399964
2026-10-02T07:07:19Z 2026-10-02T07:07:19.203Z [MS] [INFO] Sending Cellular message to Notecard.
2026-10-02T07:07:19Z 2026-10-02T07:07:19.203Z [MS] [INFO] Queuing message 2200 20004E68
2026-10-02T07:07:29Z SPOT-31593C > bm pub bmcam/cmd {"id":64082,"c":"trg","v":2,"kv":{"med":"still","m":40}} 1 1
2026-10-02T07:07:31Z bm pub bmcam/cmd {"id":64082,"c":"trg","v":2,"kv":{"med":"still","m":40}} 1 1
2026-10-02T07:07:31Z 1790924851.082 e6fe83ea6b4a2b7f, [bmcam004] OK id=64082 trg 2 armed: capture + output per mode (next decision point); one action only: mode.media=still, still.message_cap=40 cfg=f8bcd030
2026-10-02T07:07:31Z 1790924851.132 e6fe83ea6b4a2b7f, [bmcam004] OK id=64082 trg 2 armed: capture + output per mode (next decision point); one action only: mode.media=still, still.message_cap=40 (duplicate: original answ
2026-10-02T07:07:31Z 1790924851.195 e6fe83ea6b4a2b7f, [bmcam004] OK id=64082 trg 2 armed: capture + output per mode (next decision point); one action only: mode.media=still, still.message_cap=40 (duplicate: original answ
2026-10-02T07:07:31Z 1790924851.242 e6fe83ea6b4a2b7f, [bmcam004] OK id=64082 trg 2 armed: capture + output per mode (next decision point); one action only: mode.media=still, still.message_cap=40 (duplicate: original answ
2026-10-02T07:07:31Z 1790924851.292 e6fe83ea6b4a2b7f, [bmcam004] OK id=64082 trg 2 armed: capture + output per mode (next decision point); one action only: mode.media=still, still.message_cap=40 (duplicate: original answ
2026-10-02T07:08:10Z SPOT-31593C > bm pub bmcam/cmd {"id":1000012,"c":"set","kv":{"camera.image_processing.denoise":"cdn_off"}} 1 1
2026-10-02T07:08:11Z bm pub bmcam/cmd {"id":1000012,"c":"set","kv":{"camera.image_processing.denoise":"cdn_off"}} 1 1
2026-10-02T07:08:11Z 2026-10-02T07:08:11.503Z [MS] [INFO] Added message(id: 2214 len: 163) to queue MS_Q_CELLULAR_ONLY: (1)!
2026-10-02T07:08:11Z 2026-10-02T07:08:11.503Z [BM_TX] [INFO] Submitted spotter/transmit-data message to cell-only queue, Len: 37
2026-10-02T07:08:11Z 2026-10-02T07:08:11.507Z [BM_TX] [DEBUG] Message:
2026-10-02T07:08:11Z  7b 22 69 64 22 3a 31 30
2026-10-02T07:08:11Z  30 30 30 31 32 2c 22 6f
2026-10-02T07:08:11Z  6b 22 3a 31 2c 22 68 22
2026-10-02T07:08:11Z  3a 22 36 61 66 31 63 65
2026-10-02T07:08:11Z  65 32 22 7d
2026-10-02T07:08:11Z Message: 1790924891.515 e6fe83ea6b4a2b7f, [bmcam004] OK id=1000012 camera.image_processing.denoise: off -> cdn_off (next action) cfg=6af1cee2
2026-10-02T07:08:11Z 2026-10-02T07:08:11.550Z [MS] [DEBUG] Notecard is 26.000000 pct full.
2026-10-02T07:08:11Z 2026-10-02T07:08:11.550Z [MS] [DEBUG] Has message 2214 expired? queuedTime: 20458174, now64: 20458220, remaining: 86399954
2026-10-02T07:08:11Z 2026-10-02T07:08:11.554Z [MS] [INFO] Sending Cellular message to Notecard.
2026-10-02T07:08:11Z 2026-10-02T07:08:11.554Z [MS] [INFO] Queuing message 2214 20004E68
2026-10-02T07:08:11Z 1790924891.566 e6fe83ea6b4a2b7f, [bmcam004] OK id=1000012 camera.image_processing.denoise: off -> cdn_off (next action) (duplicate: original answer) cfg=6af1cee2
2026-10-02T07:08:11Z 1790924891.617 e6fe83ea6b4a2b7f, [bmcam004] OK id=1000012 camera.image_processing.denoise: off -> cdn_off (next action) (duplicate: original answer) cfg=6af1cee2
2026-10-02T07:08:11Z 1790924891.664 e6fe83ea6b4a2b7f, [bmcam004] OK id=1000012 camera.image_processing.denoise: off -> cdn_off (next action) (duplicate: original answer) cfg=6af1cee2
2026-10-02T07:08:11Z 1790924891.714 e6fe83ea6b4a2b7f, [bmcam004] OK id=1000012 camera.image_processing.denoise: off -> cdn_off (next action) (duplicate: original answer) cfg=6af1cee2
2026-10-02T07:08:12Z 2026-10-02T07:08:12.515Z [MS] [INFO] Added message(id: 2215 len: 195) to queue MS_Q_CELLULAR_ONLY: (1)!
2026-10-02T07:08:12Z 2026-10-02T07:08:12.515Z [BM_TX] [INFO] Submitted spotter/transmit-data message to cell-only queue, Len: 69
2026-10-02T07:08:12Z 2026-10-02T07:08:12.515Z [BM_TX] [DEBUG] Message:
2026-10-02T07:08:12Z  3c 43 46 20 76 3d 31 20
2026-10-02T07:08:12Z  68 3d 36 61 66 31 63 65
2026-10-02T07:08:12Z  65 32 20 63 61 6d 65 72
2026-10-02T07:08:12Z  61 2e 69 6d 61 67 65 5f
2026-10-02T07:08:12Z  70 72 6f 63 65 73 73 69
2026-10-02T07:08:12Z  6e 67 2e 64 65 6e 6f 69
2026-10-02T07:08:12Z  73 65 3d 63 64 6e 5f 6f
2026-10-02T07:08:12Z  66 66 40 63 31 30 30 30
2026-10-02T07:08:12Z  30 31 32 3e
2026-10-02T07:08:12Z 2026-10-02T07:08:12.546Z [MS] [DEBUG] Notecard is 26.000000 pct full.
2026-10-02T07:08:12Z 2026-10-02T07:08:12.550Z [MS] [DEBUG] Has message 2215 expired? queuedTime: 20459184, now64: 20459218, remaining: 86399966
2026-10-02T07:08:12Z 2026-10-02T07:08:12.550Z [MS] [INFO] Sending Cellular message to Notecard.
2026-10-02T07:08:12Z 2026-10-02T07:08:12.550Z [MS] [INFO] Queuing message 2215 20004E68
2026-10-02T07:08:23Z SPOT-31593C > bm pub bmcam/cmd {"id":64083,"c":"trg","v":2,"kv":{"med":"still","m":40}} 1 1
2026-10-02T07:08:24Z bm pub bmcam/cmd {"id":64083,"c":"trg","v":2,"kv":{"med":"still","m":40}} 1 1
2026-10-02T07:08:24Z 1790924904.203 e6fe83ea6b4a2b7f, [bmcam004] OK id=64083 trg 2 armed: capture + output per mode (next decision point); one action only: mode.media=still, still.message_cap=40 cfg=6af1cee2
2026-10-02T07:08:24Z 1790924904.257 e6fe83ea6b4a2b7f, [bmcam004] OK id=64083 trg 2 armed: capture + output per mode (next decision point); one action only: mode.media=still, still.message_cap=40 (duplicate: original answ
2026-10-02T07:08:24Z 1790924904.304 e6fe83ea6b4a2b7f, [bmcam004] OK id=64083 trg 2 armed: capture + output per mode (next decision point); one action only: mode.media=still, still.message_cap=40 (duplicate: original answ
2026-10-02T07:08:24Z 1790924904.355 e6fe83ea6b4a2b7f, [bmcam004] OK id=64083 trg 2 armed: capture + output per mode (next decision point); one action only: mode.media=still, still.message_cap=40 (duplicate: original answ
2026-10-02T07:08:24Z 1790924904.414 e6fe83ea6b4a2b7f, [bmcam004] OK id=64083 trg 2 armed: capture + output per mode (next decision point); one action only: mode.media=still, still.message_cap=40 (duplicate: original answ
2026-10-02T07:08:26Z 2026-10-02T07:08:26.578Z [BRIDGE_CFG] [INFO] Bridge topology in topology sampler:
2026-10-02T07:08:26Z 2026-10-02T07:08:26.582Z [BRIDGE_CFG] [INFO] 0e582dd12c1e1480
2026-10-02T07:08:26Z 2026-10-02T07:08:26.585Z [BRIDGE_CFG] [INFO] e6fe83ea6b4a2b7f
2026-10-02T07:08:26Z 2026-10-02T07:08:26.585Z [BRIDGE_SYS] [INFO] Checking CRC in report builder!
2026-10-02T07:08:26Z 2026-10-02T07:08:26.589Z [BRIDGE_SYS] [INFO] Got CRC f3b914aa OLD CRC f3b914aa
2026-10-02T07:08:26Z 2026-10-02T07:08:26.589Z [BRIDGE_SYS] [INFO] CRCs match, not updating
2026-10-02T07:08:27Z 2026-10-02T07:08:27.582Z [MS] [INFO] Added message(id: 2216 len: 262) to queue MS_Q_CELLULAR_ONLY: (1)!
2026-10-02T07:08:27Z 2026-10-02T07:08:27.582Z [BM_TX] [INFO] Submitted spotter/transmit-data message to cell-only queue, Len: 135
2026-10-02T07:08:27Z 2026-10-02T07:08:27.582Z [BM_TX] [DEBUG] Message:
2026-10-02T07:08:27Z  3c 57 53 20 76 3d 31 20
2026-10-02T07:08:27Z  61 3d 63 61 70 20 63 66
2026-10-02T07:08:27Z  67 3d 36 61 66 31 63 65
2026-10-02T07:08:27Z  65 32 20 75 70 3d 31 30
2026-10-02T07:08:27Z  33 35 20 74 7a 3d 41 6d
2026-10-02T07:08:27Z  65 72 69 63 61 2f 4c 6f
2026-10-02T07:08:27Z  73 5f 41 6e 67 65 6c 65
2026-10-02T07:08:27Z  73 20 6c 74 3d 6e 61 20
2026-10-02T07:08:27Z  77 73 3d 30 30 30 30 20
2026-10-02T07:08:27Z  77 65 3d 30 30 30 30 20
2026-10-02T07:08:27Z  72 6b 3d 38 30 30 78 34
2026-10-02T07:08:27Z  35 30 20 71 3d 32 30 20
2026-10-02T07:08:27Z  63 74 3d 33 38 2e 36 20
2026-10-02T07:08:27Z  73 68 61 3d 39 31 61 30
2026-10-02T07:08:27Z  38 66 36 32 34 30 31 31
2026-10-02T07:08:27Z  20 68 6e 3d 62 6d 63 61
2026-10-02T07:08:27Z  6d 30 30 34 3e 0a
2026-10-02T07:08:27Z 2026-10-02T07:08:27.640Z [MS] [DEBUG] Notecard is 26.000000 pct full.
2026-10-02T07:08:27Z 2026-10-02T07:08:27.640Z [MS] [DEBUG] Has message 2216 expired? queuedTime: 20474254, now64: 20474312, remaining: 86399942
2026-10-02T07:08:27Z 2026-10-02T07:08:27.640Z [MS] [INFO] Sending Cellular message to Notecard.
2026-10-02T07:08:27Z 2026-10-02T07:08:27.644Z [MS] [INFO] Queuing message 2216 20004E68
2026-10-02T07:09:03Z SPOT-31593C > bm pub bmcam/cmd {"id":1000013,"c":"set","kv":{"camera.image_processing.denoise":"cdn_fast"}} 1 1
2026-10-02T07:09:04Z bm pub bmcam/cmd {"id":1000013,"c":"set","kv":{"camera.image_processing.denoise":"cdn_fast"}} 1 1
2026-10-02T07:09:04Z 2026-10-02T07:09:04.765Z [MS] [INFO] Added message(id: 2229 len: 163) to queue MS_Q_CELLULAR_ONLY: (1)!
2026-10-02T07:09:04Z 2026-10-02T07:09:04.765Z [BM_TX] [INFO] Submitted spotter/transmit-data message to cell-only queue, Len: 37
2026-10-02T07:09:04Z 2026-10-02T07:09:04.769Z [BM_TX] [DEBUG] Message:
2026-10-02T07:09:04Z  7b 22 69 64 22 3a 31 30
2026-10-02T07:09:04Z  30 30 30 31 33 2c 22 6f
2026-10-02T07:09:04Z  6b 22 3a 31 2c 22 68 22
2026-10-02T07:09:04Z  3a 22 61 36 65 36 66 61
2026-10-02T07:09:04Z  33 35 22 7d
2026-10-02T07:09:04Z Message: 1790924944.777 e6fe83ea6b4a2b7f, [bmcam004] OK id=1000013 camera.image_processing.denoise: cdn_off -> cdn_fast (next action) cfg=a6e6fa35
2026-10-02T07:09:04Z 2026-10-02T07:09:04.812Z [MS] [DEBUG] Notecard is 26.000000 pct full.
2026-10-02T07:09:04Z 2026-10-02T07:09:04.812Z [MS] [DEBUG] Has message 2229 expired? queuedTime: 20511445, now64: 20511491, remaining: 86399954
2026-10-02T07:09:04Z 2026-10-02T07:09:04.812Z [MS] [INFO] Sending Cellular message to Notecard.
2026-10-02T07:09:04Z 2026-10-02T07:09:04.816Z [MS] [INFO] Queuing message 2229 20004E68
2026-10-02T07:09:04Z 1790924944.828 e6fe83ea6b4a2b7f, [bmcam004] OK id=1000013 camera.image_processing.denoise: cdn_off -> cdn_fast (next action) (duplicate: original answer) cfg=a6e6fa35
2026-10-02T07:09:04Z 1790924944.878 e6fe83ea6b4a2b7f, [bmcam004] OK id=1000013 camera.image_processing.denoise: cdn_off -> cdn_fast (next action) (duplicate: original answer) cfg=a6e6fa35
2026-10-02T07:09:05Z 1790924944.925 e6fe83ea6b4a2b7f, [bmcam004] OK id=1000013 camera.image_processing.denoise: cdn_off -> cdn_fast (next action) (duplicate: original answer) cfg=a6e6fa35
2026-10-02T07:09:05Z 1790924944.976 e6fe83ea6b4a2b7f, [bmcam004] OK id=1000013 camera.image_processing.denoise: cdn_off -> cdn_fast (next action) (duplicate: original answer) cfg=a6e6fa35
2026-10-02T07:09:05Z 2026-10-02T07:09:05.777Z [MS] [INFO] Added message(id: 2230 len: 196) to queue MS_Q_CELLULAR_ONLY: (1)!
2026-10-02T07:09:05Z 2026-10-02T07:09:05.777Z [BM_TX] [INFO] Submitted spotter/transmit-data message to cell-only queue, Len: 70
2026-10-02T07:09:05Z 2026-10-02T07:09:05.777Z [BM_TX] [DEBUG] Message:
2026-10-02T07:09:05Z  3c 43 46 20 76 3d 31 20
2026-10-02T07:09:05Z  68 3d 61 36 65 36 66 61
2026-10-02T07:09:05Z  33 35 20 63 61 6d 65 72
2026-10-02T07:09:05Z  61 2e 69 6d 61 67 65 5f
2026-10-02T07:09:05Z  70 72 6f 63 65 73 73 69
2026-10-02T07:09:05Z  6e 67 2e 64 65 6e 6f 69
2026-10-02T07:09:05Z  73 65 3d 63 64 6e 5f 66
2026-10-02T07:09:05Z  61 73 74 40 63 31 30 30
2026-10-02T07:09:05Z  30 30 31 33 3e
2026-10-02T07:09:05Z 2026-10-02T07:09:05.812Z [MS] [DEBUG] Notecard is 26.000000 pct full.
2026-10-02T07:09:05Z 2026-10-02T07:09:05.812Z [MS] [DEBUG] Has message 2230 expired? queuedTime: 20512455, now64: 20512490, remaining: 86399965
2026-10-02T07:09:05Z 2026-10-02T07:09:05.812Z [MS] [INFO] Sending Cellular message to Notecard.
2026-10-02T07:09:05Z 2026-10-02T07:09:05.812Z [MS] [INFO] Queuing message 2230 20004E68
2026-10-02T07:09:16Z SPOT-31593C > bm pub bmcam/cmd {"id":64084,"c":"trg","v":2,"kv":{"med":"still","m":40}} 1 1
2026-10-02T07:09:17Z bm pub bmcam/cmd {"id":64084,"c":"trg","v":2,"kv":{"med":"still","m":40}} 1 1
2026-10-02T07:09:18Z 1790924957.863 e6fe83ea6b4a2b7f, [bmcam004] OK id=64084 trg 2 armed: capture + output per mode (next decision point); one action only: mode.media=still, still.message_cap=40 cfg=a6e6fa35
2026-10-02T07:09:18Z 1790924957.921 e6fe83ea6b4a2b7f, [bmcam004] OK id=64084 trg 2 armed: capture + output per mode (next decision point); one action only: mode.media=still, still.message_cap=40 (duplicate: original answ
2026-10-02T07:09:18Z 1790924957.972 e6fe83ea6b4a2b7f, [bmcam004] OK id=64084 trg 2 armed: capture + output per mode (next decision point); one action only: mode.media=still, still.message_cap=40 (duplicate: original answ
2026-10-02T07:09:18Z 1790924958.023 e6fe83ea6b4a2b7f, [bmcam004] OK id=64084 trg 2 armed: capture + output per mode (next decision point); one action only: mode.media=still, still.message_cap=40 (duplicate: original answ
2026-10-02T07:09:18Z 1790924958.074 e6fe83ea6b4a2b7f, [bmcam004] OK id=64084 trg 2 armed: capture + output per mode (next decision point); one action only: mode.media=still, still.message_cap=40 (duplicate: original answ
2026-10-02T07:09:57Z SPOT-31593C > bm pub bmcam/cmd {"id":1000014,"c":"set","kv":{"camera.image_processing.denoise":"cdn_hq"}} 1 1
2026-10-02T07:09:58Z bm pub bmcam/cmd {"id":1000014,"c":"set","kv":{"camera.image_processing.denoise":"cdn_hq"}} 1 1
2026-10-02T07:09:58Z 2026-10-02T07:09:58.144Z [MS] [INFO] Added message(id: 2244 len: 163) to queue MS_Q_CELLULAR_ONLY: (1)!
2026-10-02T07:09:58Z 2026-10-02T07:09:58.144Z [BM_TX] [INFO] Submitted spotter/transmit-data message to cell-only queue, Len: 37
2026-10-02T07:09:58Z 2026-10-02T07:09:58.148Z [BM_TX] [DEBUG] Message:
2026-10-02T07:09:58Z  7b 22 69 64 22 3a 31 30
2026-10-02T07:09:58Z  30 30 30 31 34 2c 22 6f
2026-10-02T07:09:58Z  6b 22 3a 31 2c 22 68 22
2026-10-02T07:09:58Z  3a 22 65 39 33 62 66 34
2026-10-02T07:09:58Z  62 37 22 7d
2026-10-02T07:09:58Z Message: 1790924998.164 e6fe83ea6b4a2b7f, [bmcam004] OK id=1000014 camera.image_processing.denoise: cdn_fast -> cdn_hq (next action) cfg=e93bf4b7
2026-10-02T07:09:58Z 2026-10-02T07:09:58.191Z [MS] [DEBUG] Notecard is 27.000000 pct full.
2026-10-02T07:09:58Z 2026-10-02T07:09:58.191Z [MS] [DEBUG] Has message 2244 expired? queuedTime: 20564833, now64: 20564879, remaining: 86399954
2026-10-02T07:09:58Z 2026-10-02T07:09:58.191Z [MS] [INFO] Sending Cellular message to Notecard.
2026-10-02T07:09:58Z 2026-10-02T07:09:58.195Z [MS] [INFO] Queuing message 2244 20004E68
2026-10-02T07:09:58Z 1790924998.207 e6fe83ea6b4a2b7f, [bmcam004] OK id=1000014 camera.image_processing.denoise: cdn_fast -> cdn_hq (next action) (duplicate: original answer) cfg=e93bf4b7
2026-10-02T07:09:58Z 1790924998.257 e6fe83ea6b4a2b7f, [bmcam004] OK id=1000014 camera.image_processing.denoise: cdn_fast -> cdn_hq (next action) (duplicate: original answer) cfg=e93bf4b7
2026-10-02T07:09:58Z 1790924998.316 e6fe83ea6b4a2b7f, [bmcam004] OK id=1000014 camera.image_processing.denoise: cdn_fast -> cdn_hq (next action) (duplicate: original answer) cfg=e93bf4b7
2026-10-02T07:09:58Z 1790924998.367 e6fe83ea6b4a2b7f, [bmcam004] OK id=1000014 camera.image_processing.denoise: cdn_fast -> cdn_hq (next action) (duplicate: original answer) cfg=e93bf4b7
2026-10-02T07:09:59Z 2026-10-02T07:09:59.156Z [MS] [INFO] Added message(id: 2245 len: 194) to queue MS_Q_CELLULAR_ONLY: (1)!
2026-10-02T07:09:59Z 2026-10-02T07:09:59.156Z [BM_TX] [INFO] Submitted spotter/transmit-data message to cell-only queue, Len: 68
2026-10-02T07:09:59Z 2026-10-02T07:09:59.156Z [BM_TX] [DEBUG] Message:
2026-10-02T07:09:59Z  3c 43 46 20 76 3d 31 20
2026-10-02T07:09:59Z  68 3d 65 39 33 62 66 34
2026-10-02T07:09:59Z  62 37 20 63 61 6d 65 72
2026-10-02T07:09:59Z  61 2e 69 6d 61 67 65 5f
2026-10-02T07:09:59Z  70 72 6f 63 65 73 73 69
2026-10-02T07:09:59Z  6e 67 2e 64 65 6e 6f 69
2026-10-02T07:09:59Z  73 65 3d 63 64 6e 5f 68
2026-10-02T07:09:59Z  71 40 63 31 30 30 30 30
2026-10-02T07:09:59Z  31 34 3e
2026-10-02T07:09:59Z 2026-10-02T07:09:59.191Z [MS] [DEBUG] Notecard is 27.000000 pct full.
2026-10-02T07:09:59Z 2026-10-02T07:09:59.191Z [MS] [DEBUG] Has message 2245 expired? queuedTime: 20565844, now64: 20565878, remaining: 86399966
2026-10-02T07:09:59Z 2026-10-02T07:09:59.191Z [MS] [INFO] Sending Cellular message to Notecard.
2026-10-02T07:09:59Z 2026-10-02T07:09:59.195Z [MS] [INFO] Queuing message 2245 20004E68
2026-10-02T07:10:09Z SPOT-31593C > bm pub bmcam/cmd {"id":64085,"c":"trg","v":2,"kv":{"med":"still","m":40}} 1 1
2026-10-02T07:10:11Z bm pub bmcam/cmd {"id":64085,"c":"trg","v":2,"kv":{"med":"still","m":40}} 1 1
2026-10-02T07:10:11Z 1790925011.074 e6fe83ea6b4a2b7f, [bmcam004] OK id=64085 trg 2 armed: capture + output per mode (next decision point); one action only: mode.media=still, still.message_cap=40 cfg=e93bf4b7
2026-10-02T07:10:11Z 1790925011.136 e6fe83ea6b4a2b7f, [bmcam004] OK id=64085 trg 2 armed: capture + output per mode (next decision point); one action only: mode.media=still, still.message_cap=40 (duplicate: original answ
2026-10-02T07:10:11Z 1790925011.183 e6fe83ea6b4a2b7f, [bmcam004] OK id=64085 trg 2 armed: capture + output per mode (next decision point); one action only: mode.media=still, still.message_cap=40 (duplicate: original answ
2026-10-02T07:10:11Z 1790925011.234 e6fe83ea6b4a2b7f, [bmcam004] OK id=64085 trg 2 armed: capture + output per mode (next decision point); one action only: mode.media=still, still.message_cap=40 (duplicate: original answ
2026-10-02T07:10:11Z 1790925011.285 e6fe83ea6b4a2b7f, [bmcam004] OK id=64085 trg 2 armed: capture + output per mode (next decision point); one action only: mode.media=still, still.message_cap=40 (duplicate: original answ
2026-10-02T07:10:50Z SPOT-31593C > bm pub bmcam/cmd {"id":1000015,"c":"set","kv":{"camera.image_processing.hdr":"off"}} 1 1
2026-10-02T07:10:51Z bm pub bmcam/cmd {"id":1000015,"c":"set","kv":{"camera.image_processing.hdr":"off"}} 1 1
2026-10-02T07:10:51Z 2026-10-02T07:10:51.257Z [MS] [INFO] Added message(id: 2259 len: 163) to queue MS_Q_CELLULAR_ONLY: (1)!
2026-10-02T07:10:51Z 2026-10-02T07:10:51.257Z [BM_TX] [INFO] Submitted spotter/transmit-data message to cell-only queue, Len: 37
2026-10-02T07:10:51Z 2026-10-02T07:10:51.257Z [BM_TX] [DEBUG] Message:
2026-10-02T07:10:51Z  7b 22 69 64 22 3a 31 30
2026-10-02T07:10:51Z  30 30 30 31 35 2c 22 6f
2026-10-02T07:10:51Z  6b 22 3a 31 2c 22 68 22
2026-10-02T07:10:51Z  3a 22 38 35 31 37 61 63
2026-10-02T07:10:51Z  66 36 22 7d
2026-10-02T07:10:51Z Message: 1790925051.265 e6fe83ea6b4a2b7f, [bmcam004] OK id=1000015 camera.image_processing.hdr: none -> off (next action) cfg=8517acf6
2026-10-02T07:10:51Z 2026-10-02T07:10:51.304Z [MS] [DEBUG] Notecard is 28.000000 pct full.
2026-10-02T07:10:51Z 2026-10-02T07:10:51.304Z [MS] [DEBUG] Has message 2259 expired? queuedTime: 20617954, now64: 20618002, remaining: 86399952
2026-10-02T07:10:51Z 2026-10-02T07:10:51.308Z [MS] [INFO] Sending Cellular message to Notecard.
2026-10-02T07:10:51Z 2026-10-02T07:10:51.308Z [MS] [INFO] Queuing message 2259 20004E68
2026-10-02T07:10:51Z 1790925051.316 e6fe83ea6b4a2b7f, [bmcam004] OK id=1000015 camera.image_processing.hdr: none -> off (next action) (duplicate: original answer) cfg=8517acf6
2026-10-02T07:10:51Z 1790925051.367 e6fe83ea6b4a2b7f, [bmcam004] OK id=1000015 camera.image_processing.hdr: none -> off (next action) (duplicate: original answer) cfg=8517acf6
2026-10-02T07:10:51Z 1790925051.417 e6fe83ea6b4a2b7f, [bmcam004] OK id=1000015 camera.image_processing.hdr: none -> off (next action) (duplicate: original answer) cfg=8517acf6
2026-10-02T07:10:51Z 1790925051.468 e6fe83ea6b4a2b7f, [bmcam004] OK id=1000015 camera.image_processing.hdr: none -> off (next action) (duplicate: original answer) cfg=8517acf6
2026-10-02T07:10:52Z 2026-10-02T07:10:52.269Z [MS] [INFO] Added message(id: 2260 len: 187) to queue MS_Q_CELLULAR_ONLY: (1)!
2026-10-02T07:10:52Z 2026-10-02T07:10:52.269Z [BM_TX] [INFO] Submitted spotter/transmit-data message to cell-only queue, Len: 61
2026-10-02T07:10:52Z 2026-10-02T07:10:52.269Z [BM_TX] [DEBUG] Message:
2026-10-02T07:10:52Z  3c 43 46 20 76 3d 31 20
2026-10-02T07:10:52Z  68 3d 38 35 31 37 61 63
2026-10-02T07:10:52Z  66 36 20 63 61 6d 65 72
2026-10-02T07:10:52Z  61 2e 69 6d 61 67 65 5f
2026-10-02T07:10:52Z  70 72 6f 63 65 73 73 69
2026-10-02T07:10:52Z  6e 67 2e 68 64 72 3d 6f
2026-10-02T07:10:52Z  66 66 40 63 31 30 30 30
2026-10-02T07:10:52Z  30 31 35 3e
2026-10-02T07:10:52Z 2026-10-02T07:10:52.300Z [MS] [DEBUG] Notecard is 28.000000 pct full.
2026-10-02T07:10:52Z 2026-10-02T07:10:52.300Z [MS] [DEBUG] Has message 2260 expired? queuedTime: 20618965, now64: 20618999, remaining: 86399966
2026-10-02T07:10:52Z 2026-10-02T07:10:52.304Z [MS] [INFO] Sending Cellular message to Notecard.
2026-10-02T07:10:52Z 2026-10-02T07:10:52.304Z [MS] [INFO] Queuing message 2260 20004E68
2026-10-02T07:11:03Z SPOT-31593C > bm pub bmcam/cmd {"id":64086,"c":"trg","v":2,"kv":{"med":"still","m":40}} 1 1
2026-10-02T07:11:04Z bm pub bmcam/cmd {"id":64086,"c":"trg","v":2,"kv":{"med":"still","m":40}} 1 1
2026-10-02T07:11:04Z 1790925064.347 e6fe83ea6b4a2b7f, [bmcam004] OK id=64086 trg 2 armed: capture + output per mode (next decision point); one action only: mode.media=still, still.message_cap=40 cfg=8517acf6
2026-10-02T07:11:04Z 1790925064.394 e6fe83ea6b4a2b7f, [bmcam004] OK id=64086 trg 2 armed: capture + output per mode (next decision point); one action only: mode.media=still, still.message_cap=40 (duplicate: original answ
2026-10-02T07:11:04Z 1790925064.445 e6fe83ea6b4a2b7f, [bmcam004] OK id=64086 trg 2 armed: capture + output per mode (next decision point); one action only: mode.media=still, still.message_cap=40 (duplicate: original answ
2026-10-02T07:11:07Z 2026-10-02T07:11:07.515Z [MS] [INFO] Added message(id: 2261 len: 262) to queue MS_Q_CELLULAR_ONLY: (1)!
2026-10-02T07:11:07Z 2026-10-02T07:11:07.515Z [BM_TX] [INFO] Submitted spotter/transmit-data message to cell-only queue, Len: 135
2026-10-02T07:11:07Z 2026-10-02T07:11:07.515Z [BM_TX] [DEBUG] Message:
2026-10-02T07:11:07Z  3c 57 53 20 76 3d 31 20
2026-10-02T07:11:07Z  61 3d 63 61 70 20 63 66
2026-10-02T07:11:07Z  67 3d 38 35 31 37 61 63
2026-10-02T07:11:07Z  66 36 20 75 70 3d 31 31
2026-10-02T07:11:07Z  39 35 20 74 7a 3d 41 6d
2026-10-02T07:11:07Z  65 72 69 63 61 2f 4c 6f
2026-10-02T07:11:07Z  73 5f 41 6e 67 65 6c 65
2026-10-02T07:11:07Z  73 20 6c 74 3d 6e 61 20
2026-10-02T07:11:07Z  77 73 3d 30 30 30 30 20
2026-10-02T07:11:07Z  77 65 3d 30 30 30 30 20
2026-10-02T07:11:07Z  72 6b 3d 38 30 30 78 34
2026-10-02T07:11:07Z  35 30 20 71 3d 32 30 20
2026-10-02T07:11:07Z  63 74 3d 33 38 2e 36 20
2026-10-02T07:11:07Z  73 68 61 3d 39 31 61 30
2026-10-02T07:11:07Z  38 66 36 32 34 30 31 31
2026-10-02T07:11:07Z  20 68 6e 3d 62 6d 63 61
2026-10-02T07:11:07Z  6d 30 30 34 3e 0a
2026-10-02T07:11:07Z 2026-10-02T07:11:07.570Z [MS] [DEBUG] Notecard is 28.000000 pct full.
2026-10-02T07:11:07Z 2026-10-02T07:11:07.574Z [MS] [DEBUG] Has message 2261 expired? queuedTime: 20634215, now64: 20634272, remaining: 86399943
2026-10-02T07:11:07Z 2026-10-02T07:11:07.574Z [MS] [INFO] Sending Cellular message to Notecard.
2026-10-02T07:11:07Z 2026-10-02T07:11:07.574Z [MS] [INFO] Queuing message 2261 20004E68
2026-10-02T07:11:43Z SPOT-31593C > bm pub bmcam/cmd {"id":1000016,"c":"set","kv":{"camera.image_processing.hdr":"auto"}} 1 1
2026-10-02T07:11:44Z bm pub bmcam/cmd {"id":1000016,"c":"set","kv":{"camera.image_processing.hdr":"auto"}} 1 1
2026-10-02T07:11:44Z 2026-10-02T07:11:44.449Z [MS] [INFO] Added message(id: 2274 len: 163) to queue MS_Q_CELLULAR_ONLY: (1)!
2026-10-02T07:11:44Z 2026-10-02T07:11:44.449Z [BM_TX] [INFO] Submitted spotter/transmit-data message to cell-only queue, Len: 37
2026-10-02T07:11:44Z 2026-10-02T07:11:44.449Z [BM_TX] [DEBUG] Message:
2026-10-02T07:11:44Z  7b 22 69 64 22 3a 31 30
2026-10-02T07:11:44Z  30 30 30 31 36 2c 22 6f
2026-10-02T07:11:44Z  6b 22 3a 31 2c 22 68 22
2026-10-02T07:11:44Z  3a 22 30 38 62 37 62 32
2026-10-02T07:11:44Z  34 65 22 7d
2026-10-02T07:11:44Z Message: 1790925104.457 e6fe83ea6b4a2b7f, [bmcam004] OK id=1000016 camera.image_processing.hdr: off -> auto (next action) cfg=08b7b24e
2026-10-02T07:11:44Z 2026-10-02T07:11:44.492Z [MS] [DEBUG] Notecard is 29.000000 pct full.
2026-10-02T07:11:44Z 2026-10-02T07:11:44.496Z [MS] [DEBUG] Has message 2274 expired? queuedTime: 20671154, now64: 20671199, remaining: 86399955
2026-10-02T07:11:44Z 2026-10-02T07:11:44.496Z [MS] [INFO] Sending Cellular message to Notecard.
2026-10-02T07:11:44Z 2026-10-02T07:11:44.496Z [MS] [INFO] Queuing message 2274 20004E68
2026-10-02T07:11:44Z 1790925104.507 e6fe83ea6b4a2b7f, [bmcam004] OK id=1000016 camera.image_processing.hdr: off -> auto (next action) (duplicate: original answer) cfg=08b7b24e
2026-10-02T07:11:44Z 1790925104.558 e6fe83ea6b4a2b7f, [bmcam004] OK id=1000016 camera.image_processing.hdr: off -> auto (next action) (duplicate: original answer) cfg=08b7b24e
2026-10-02T07:11:44Z 1790925104.609 e6fe83ea6b4a2b7f, [bmcam004] OK id=1000016 camera.image_processing.hdr: off -> auto (next action) (duplicate: original answer) cfg=08b7b24e
2026-10-02T07:11:44Z 1790925104.660 e6fe83ea6b4a2b7f, [bmcam004] OK id=1000016 camera.image_processing.hdr: off -> auto (next action) (duplicate: original answer) cfg=08b7b24e
2026-10-02T07:11:45Z 2026-10-02T07:11:45.457Z [MS] [INFO] Added message(id: 2275 len: 188) to queue MS_Q_CELLULAR_ONLY: (1)!
2026-10-02T07:11:45Z 2026-10-02T07:11:45.457Z [BM_TX] [INFO] Submitted spotter/transmit-data message to cell-only queue, Len: 62
2026-10-02T07:11:45Z 2026-10-02T07:11:45.460Z [BM_TX] [DEBUG] Message:
2026-10-02T07:11:45Z  3c 43 46 20 76 3d 31 20
2026-10-02T07:11:45Z  68 3d 30 38 62 37 62 32
2026-10-02T07:11:45Z  34 65 20 63 61 6d 65 72
2026-10-02T07:11:45Z  61 2e 69 6d 61 67 65 5f
2026-10-02T07:11:45Z  70 72 6f 63 65 73 73 69
2026-10-02T07:11:45Z  6e 67 2e 68 64 72 3d 61
2026-10-02T07:11:45Z  75 74 6f 40 63 31 30 30
2026-10-02T07:11:45Z  30 30 31 36 3e
2026-10-02T07:11:45Z 2026-10-02T07:11:45.492Z [MS] [DEBUG] Notecard is 29.000000 pct full.
2026-10-02T07:11:45Z 2026-10-02T07:11:45.492Z [MS] [DEBUG] Has message 2275 expired? queuedTime: 20672165, now64: 20672199, remaining: 86399966
2026-10-02T07:11:45Z 2026-10-02T07:11:45.492Z [MS] [INFO] Sending Cellular message to Notecard.
2026-10-02T07:11:45Z 2026-10-02T07:11:45.496Z [MS] [INFO] Queuing message 2275 20004E68
2026-10-02T07:11:56Z SPOT-31593C > bm pub bmcam/cmd {"id":64087,"c":"trg","v":2,"kv":{"med":"still","m":40}} 1 1
2026-10-02T07:11:57Z bm pub bmcam/cmd {"id":64087,"c":"trg","v":2,"kv":{"med":"still","m":40}} 1 1
2026-10-02T07:11:57Z 1790925116.949 e6fe83ea6b4a2b7f, [bmcam004] OK id=64087 trg 2 armed: capture + output per mode (next decision point); one action only: mode.media=still, still.message_cap=40 cfg=08b7b24e
2026-10-02T07:11:57Z 1790925117.007 e6fe83ea6b4a2b7f, [bmcam004] OK id=64087 trg 2 armed: capture + output per mode (next decision point); one action only: mode.media=still, still.message_cap=40 (duplicate: original answ
2026-10-02T07:11:57Z 1790925117.058 e6fe83ea6b4a2b7f, [bmcam004] OK id=64087 trg 2 armed: capture + output per mode (next decision point); one action only: mode.media=still, still.message_cap=40 (duplicate: original answ
2026-10-02T07:11:57Z 2026-10-02T07:11:57.554Z [MS] [INFO] Added message(id: 2276 len: 262) to queue MS_Q_CELLULAR_ONLY: (1)!
2026-10-02T07:11:57Z 2026-10-02T07:11:57.554Z [BM_TX] [INFO] Submitted spotter/transmit-data message to cell-only queue, Len: 135
2026-10-02T07:11:57Z 2026-10-02T07:11:57.554Z [BM_TX] [DEBUG] Message:
2026-10-02T07:11:57Z  3c 57 53 20 76 3d 31 20
2026-10-02T07:11:57Z  61 3d 63 61 70 20 63 66
2026-10-02T07:11:57Z  67 3d 30 38 62 37 62 32
2026-10-02T07:11:57Z  34 65 20 75 70 3d 31 32
2026-10-02T07:11:57Z  34 35 20 74 7a 3d 41 6d
2026-10-02T07:11:57Z  65 72 69 63 61 2f 4c 6f
2026-10-02T07:11:57Z  73 5f 41 6e 67 65 6c 65
2026-10-02T07:11:57Z  73 20 6c 74 3d 6e 61 20
2026-10-02T07:11:57Z  77 73 3d 30 30 30 30 20
2026-10-02T07:11:57Z  77 65 3d 30 30 30 30 20
2026-10-02T07:11:57Z  72 6b 3d 38 30 30 78 34
2026-10-02T07:11:57Z  35 30 20 71 3d 32 30 20
2026-10-02T07:11:57Z  63 74 3d 33 39 2e 37 20
2026-10-02T07:11:57Z  73 68 61 3d 39 31 61 30
2026-10-02T07:11:57Z  38 66 36 32 34 30 31 31
2026-10-02T07:11:57Z  20 68 6e 3d 62 6d 63 61
2026-10-02T07:11:57Z  6d 30 30 34 3e 0a
2026-10-02T07:11:57Z 2026-10-02T07:11:57.613Z [MS] [DEBUG] Notecard is 29.000000 pct full.
2026-10-02T07:11:57Z 2026-10-02T07:11:57.617Z [MS] [DEBUG] Has message 2276 expired? queuedTime: 20684265, now64: 20684323, remaining: 86399942
2026-10-02T07:11:57Z 2026-10-02T07:11:57.617Z [MS] [INFO] Sending Cellular message to Notecard.
2026-10-02T07:11:57Z 2026-10-02T07:11:57.617Z [MS] [INFO] Queuing message 2276 20004E68
2026-10-02T07:12:02Z 2026-10-02T07:12:01.808Z [MS] [INFO] Added message(id: 2277 len: 410) to queue MS_Q_CELLULAR_ONLY: (1)!
2026-10-02T07:12:02Z 2026-10-02T07:12:01.808Z [BM_TX] [INFO] Submitted spotter/transmit-data message to cell-only queue, Len: 283
2026-10-02T07:12:02Z 2026-10-02T07:12:01.808Z [BM_TX] [DEBUG] Message:
2026-10-02T07:12:02Z  3c 53 54 41 52 54 20 49
2026-10-02T07:12:02Z  4d 47 3e 20 66 69 6c 65
2026-10-02T07:12:02Z  6e 61 6d 65 3a 20 32 30
2026-10-02T07:12:02Z  32 36 2d 31 30 2d 30 32
2026-10-02T07:12:02Z  54 30 37 3a 31 31 3a 35
2026-10-02T07:12:02Z  37 5a 5f 69 6d 61 67 65
2026-10-02T07:12:02Z  5f 63 6f 6d 70 72 65 73
2026-10-02T07:12:02Z  73 65 64 2e 6a 70 67 2c
2026-10-02T07:12:02Z  20 74 69 6d 65 73 74 61
2026-10-02T07:12:02Z  6d 70 3a 20 32 30 32 36
2026-10-02T07:12:02Z  2d 31 30 2d 30 32 54 30
2026-10-02T07:12:02Z  37 3a 31 32 3a 30 31 5a
2026-10-02T07:12:02Z  2c 20 6c 65 6e 67 74 68
2026-10-02T07:12:02Z  3a 20 31 30 2c 20 6b 65
2026-10-02T07:12:02Z  79 3d 30 65 33 79 6e 78
2026-10-02T07:12:02Z  2c 20 63 66 67 3d 30 38
2026-10-02T07:12:02Z  62 37 62 32 34 65 2c 20
2026-10-02T07:12:02Z  74 67 3d 36 34 30 38 37
2026-10-02T07:12:02Z  2c 20 72 3d 38 30 30 78
2026-10-02T07:12:02Z  34 35 30 2b 31 39 30 34
2026-10-02T07:12:02Z  2b 31 30 37 31 2c 20 6d
2026-10-02T07:12:02Z  3d 34 30 2c 20 66 6d 74
2026-10-02T07:12:02Z  3d 70 6a 70 67 2c 20 71
2026-10-02T07:12:02Z  3d 32 30 2c 20 61 74 74
2026-10-02T07:12:02Z  3d 31 2c 20 63 6d 70 3d
2026-10-02T07:12:02Z  31 2c 20 72 6b 3d 38 30
2026-10-02T07:12:02Z  30 78 34 35 30 2c 20 77
2026-10-02T07:12:02Z  73 3d 30 30 30 30 2c 20
2026-10-02T07:12:02Z  77 65 3d 30 30 30 30 2c
2026-10-02T07:12:02Z  20 73 68 61 3d 39 31 61
2026-10-02T07:12:02Z  30 38 66 36 32 34 30 31
2026-10-02T07:12:02Z  31 2c 20 68 6e 3d 62 6d
2026-10-02T07:12:02Z  63 61 6d 30 30 34 2c 20
2026-10-02T07:12:02Z  73 66 3d 32 34 36 34 31
2026-10-02T07:12:02Z  2c 20 73 70 3d 37 34 2e
2026-10-02T07:12:02Z  39 0a
2026-10-02T07:12:02Z 2026-10-02T07:12:01.882Z [MS] [DEBUG] Notecard is 29.000000 pct full.
2026-10-02T07:12:02Z 2026-10-02T07:12:01.882Z [MS] [DEBUG] Has message 2277 expired? queuedTime: 20688518, now64: 20688593, remaining: 86399925
2026-10-02T07:12:02Z 2026-10-02T07:12:01.882Z [MS] [INFO] Sending Cellular message to Notecard.
2026-10-02T07:12:02Z 2026-10-02T07:12:01.886Z [MS] [INFO] Queuing message 2277 20004E68
2026-10-02T07:12:03Z 2026-10-02T07:12:03.128Z [MS] [INFO] Added message(id: 2278 len: 527) to queue MS_Q_CELLULAR_ONLY: (1)!
2026-10-02T07:12:03Z 2026-10-02T07:12:03.128Z [BM_TX] [INFO] Submitted spotter/transmit-data message to cell-only queue, Len: 400
2026-10-02T07:12:03Z 2026-10-02T07:12:03.128Z [BM_TX] [DEBUG] Message:
2026-10-02T07:12:03Z  3c 49 30 65 33 79 6e 78
2026-10-02T07:12:03Z  2e 30 2f 31 30 3e 2f 39
2026-10-02T07:12:03Z  6a 2f 34 41 41 51 53 6b
2026-10-02T07:12:03Z  5a 4a 52 67 41 42 41 51
2026-10-02T07:12:03Z  41 41 41 51 41 42 41 41
2026-10-02T07:12:03Z  44 2f 32 77 42 44 41 43
2026-10-02T07:12:03Z  67 63 48 69 4d 65 47 53
2026-10-02T07:12:03Z  67 6a 49 53 4d 74 4b 79
2026-10-02T07:12:03Z  67 77 50 47 52 42 50 44
2026-10-02T07:12:03Z  63 33 50 48 74 59 58 55
2026-10-02T07:12:03Z  6c 6b 6b 59 43 5a 6c 6f
2026-10-02T07:12:03Z  2b 41 6a 49 71 67 74 4f
2026-10-02T07:12:03Z  62 44 6f 4b 72 61 72 59
2026-10-02T07:12:03Z  71 4d 79 50 2f 4c 32 75
2026-10-02T07:12:03Z  37 31 2f 2f 2f 2f 6d 38
2026-10-02T07:12:03Z  48 2f 2f 2f 2f 36 2f 2b
2026-10-02T07:12:03Z  62 39 2f 2f 6a 2f 32 77
2026-10-02T07:12:03Z  42 44 41 53 73 74 4c 54
2026-10-02T07:12:03Z  77 31 50 48 5a 42 51 58
2026-10-02T07:12:03Z  62 34 70 59 79 6c 2b 50
2026-10-02T07:12:03Z  6a 34 2b 50 6a 34 2b 50
2026-10-02T07:12:03Z  6a 34 2b 50 6a 34 2b 50
2026-10-02T07:12:03Z  6a 34 2b 50 6a 34 2b 50
2026-10-02T07:12:03Z  6a 34 2b 50 6a 34 2b 50
2026-10-02T07:12:03Z  6a 34 2b 50 6a 34 2b 50
2026-10-02T07:12:03Z  6a 34 2b 50 6a 34 2b 50
2026-10-02T07:12:03Z  6a 34 2b 50 6a 34 2b 50
2026-10-02T07:12:03Z  6a 34 2b 50 6a 34 2b 50
2026-10-02T07:12:03Z  6a 2f 77 67 41 52 43 41
2026-10-02T07:12:03Z  48 43 41 79 41 44 41 53
2026-10-02T07:12:03Z  49 41 41 68 45 42 41 78
2026-10-02T07:12:03Z  45 42 2f 38 51 41 46 51
2026-10-02T07:12:03Z  41 42 41 51 41 41 41 41
2026-10-02T07:12:03Z  41 41 41 41 41 41 41 41
2026-10-02T07:12:03Z  41 41 41 41 41 41 41 41
2026-10-02T07:12:03Z  54 2f 78 41 41 55 41 51
2026-10-02T07:12:03Z  45 41 41 41 41 41 41 41
2026-10-02T07:12:03Z  41 41 41 41 41 41 41 41
2026-10-02T07:12:03Z  41 41 41 41 41 41 2f 39
2026-10-02T07:12:03Z  6f 41 44 41 4d 42 41 41
2026-10-02T07:12:03Z  49 51 41 78 41 41 41 41
2026-10-02T07:12:03Z  47 49 41 41 41 41 41 41
2026-10-02T07:12:03Z  41 41 41 41 41 41 41 41
2026-10-02T07:12:03Z  41 41 41 41 41 41 41 41
2026-10-02T07:12:03Z  41 41 41 41 41 41 41 41
2026-10-02T07:12:03Z  41 41 41 41 41 41 41 41
2026-10-02T07:12:03Z  41 41 41 41 41 41 41 41
2026-10-02T07:12:03Z  41 41 41 41 41 41 41 41
2026-10-02T07:12:03Z  41 41 41 41 41 41 41 41
2026-10-02T07:12:03Z  41 41 41 41 41 41 0a
2026-10-02T07:12:03Z 2026-10-02T07:12:03.210Z [MS] [DEBUG] Notecard is 29.000000 pct full.
2026-10-02T07:12:03Z 2026-10-02T07:12:03.210Z [MS] [DEBUG] Has message 2278 expired? queuedTime: 20689839, now64: 20689920, remaining: 86399919
2026-10-02T07:12:03Z 2026-10-02T07:12:03.210Z [MS] [INFO] Sending Cellular message to Notecard.
2026-10-02T07:12:03Z 2026-10-02T07:12:03.210Z [MS] [INFO] Queuing message 2278 20004E68
2026-10-02T07:12:35Z SPOT-31593C > bm pub bmcam/cmd {"id":1000017,"c":"set","kv":{"camera.image_processing.hdr":"sensor"}} 1 1
2026-10-02T07:12:36Z bm pub bmcam/cmd {"id":1000017,"c":"set","kv":{"camera.image_processing.hdr":"sensor"}} 1 1
2026-10-02T07:12:36Z 2026-10-02T07:12:36.507Z [MS] [INFO] Added message(id: 2289 len: 163) to queue MS_Q_CELLULAR_ONLY: (1)!
2026-10-02T07:12:36Z 2026-10-02T07:12:36.507Z [BM_TX] [INFO] Submitted spotter/transmit-data message to cell-only queue, Len: 37
2026-10-02T07:12:36Z 2026-10-02T07:12:36.507Z [BM_TX] [DEBUG] Message:
2026-10-02T07:12:36Z  7b 22 69 64 22 3a 31 30
2026-10-02T07:12:36Z  30 30 30 31 37 2c 22 6f
2026-10-02T07:12:36Z  6b 22 3a 31 2c 22 68 22
2026-10-02T07:12:36Z  3a 22 62 37 34 39 36 34
2026-10-02T07:12:36Z  31 66 22 7d
2026-10-02T07:12:36Z Message: 1790925156.519 e6fe83ea6b4a2b7f, [bmcam004] OK id=1000017 camera.image_processing.hdr: auto -> sensor (next action) cfg=b749641f
2026-10-02T07:12:36Z 2026-10-02T07:12:36.554Z [MS] [DEBUG] Notecard is 30.000000 pct full.
2026-10-02T07:12:36Z 2026-10-02T07:12:36.558Z [MS] [DEBUG] Has message 2289 expired? queuedTime: 20723225, now64: 20723272, remaining: 86399953
2026-10-02T07:12:36Z 2026-10-02T07:12:36.558Z [MS] [INFO] Sending Cellular message to Notecard.
2026-10-02T07:12:36Z 2026-10-02T07:12:36.558Z [MS] [INFO] Queuing message 2289 20004E68
2026-10-02T07:12:36Z 1790925156.570 e6fe83ea6b4a2b7f, [bmcam004] OK id=1000017 camera.image_processing.hdr: auto -> sensor (next action) (duplicate: original answer) cfg=b749641f
2026-10-02T07:12:36Z 1790925156.621 e6fe83ea6b4a2b7f, [bmcam004] OK id=1000017 camera.image_processing.hdr: auto -> sensor (next action) (duplicate: original answer) cfg=b749641f
2026-10-02T07:12:36Z 1790925156.671 e6fe83ea6b4a2b7f, [bmcam004] OK id=1000017 camera.image_processing.hdr: auto -> sensor (next action) (duplicate: original answer) cfg=b749641f
2026-10-02T07:12:36Z 1790925156.718 e6fe83ea6b4a2b7f, [bmcam004] OK id=1000017 camera.image_processing.hdr: auto -> sensor (next action) (duplicate: original answer) cfg=b749641f
2026-10-02T07:12:37Z 2026-10-02T07:12:37.515Z [MS] [INFO] Added message(id: 2290 len: 190) to queue MS_Q_CELLULAR_ONLY: (1)!
2026-10-02T07:12:37Z 2026-10-02T07:12:37.519Z [BM_TX] [INFO] Submitted spotter/transmit-data message to cell-only queue, Len: 64
2026-10-02T07:12:37Z 2026-10-02T07:12:37.519Z [BM_TX] [DEBUG] Message:
2026-10-02T07:12:37Z  3c 43 46 20 76 3d 31 20
2026-10-02T07:12:37Z  68 3d 62 37 34 39 36 34
2026-10-02T07:12:37Z  31 66 20 63 61 6d 65 72
2026-10-02T07:12:37Z  61 2e 69 6d 61 67 65 5f
2026-10-02T07:12:37Z  70 72 6f 63 65 73 73 69
2026-10-02T07:12:37Z  6e 67 2e 68 64 72 3d 73
2026-10-02T07:12:37Z  65 6e 73 6f 72 40 63 31
2026-10-02T07:12:37Z  30 30 30 30 31 37 3e
2026-10-02T07:12:37Z 2026-10-02T07:12:37.546Z [MS] [DEBUG] Notecard is 30.000000 pct full.
2026-10-02T07:12:37Z 2026-10-02T07:12:37.546Z [MS] [DEBUG] Has message 2290 expired? queuedTime: 20724233, now64: 20724264, remaining: 86399969
2026-10-02T07:12:37Z 2026-10-02T07:12:37.550Z [MS] [INFO] Sending Cellular message to Notecard.
2026-10-02T07:12:37Z 2026-10-02T07:12:37.550Z [MS] [INFO] Queuing message 2290 20004E68
2026-10-02T07:12:48Z SPOT-31593C > bm pub bmcam/cmd {"id":64088,"c":"trg","v":2,"kv":{"med":"still","m":40}} 1 1
2026-10-02T07:12:49Z bm pub bmcam/cmd {"id":64088,"c":"trg","v":2,"kv":{"med":"still","m":40}} 1 1
2026-10-02T07:12:49Z 1790925169.234 e6fe83ea6b4a2b7f, [bmcam004] OK id=64088 trg 2 armed: capture + output per mode (next decision point); one action only: mode.media=still, still.message_cap=40 cfg=b749641f
2026-10-02T07:12:49Z 1790925169.285 e6fe83ea6b4a2b7f, [bmcam004] OK id=64088 trg 2 armed: capture + output per mode (next decision point); one action only: mode.media=still, still.message_cap=40 (duplicate: original answ
2026-10-02T07:12:49Z 1790925169.335 e6fe83ea6b4a2b7f, [bmcam004] OK id=64088 trg 2 armed: capture + output per mode (next decision point); one action only: mode.media=still, still.message_cap=40 (duplicate: original answ
2026-10-02T07:12:49Z 1790925169.386 e6fe83ea6b4a2b7f, [bmcam004] OK id=64088 trg 2 armed: capture + output per mode (next decision point); one action only: mode.media=still, still.message_cap=40 (duplicate: original answ
2026-10-02T07:12:49Z 1790925169.445 e6fe83ea6b4a2b7f, [bmcam004] OK id=64088 trg 2 armed: capture + output per mode (next decision point); one action only: mode.media=still, still.message_cap=40 (duplicate: original answ
2026-10-02T07:13:28Z SPOT-31593C > bm pub bmcam/cmd {"id":1000018,"c":"set","kv":{"camera.image_processing.hdr":"single-exp"}} 1 1
2026-10-02T07:13:29Z bm pub bmcam/cmd {"id":1000018,"c":"set","kv":{"camera.image_processing.hdr":"single-exp"}} 1 1
2026-10-02T07:13:29Z 2026-10-02T07:13:29.300Z [MS] [INFO] Added message(id: 2304 len: 163) to queue MS_Q_CELLULAR_ONLY: (1)!
2026-10-02T07:13:29Z 2026-10-02T07:13:29.300Z [BM_TX] [INFO] Submitted spotter/transmit-data message to cell-only queue, Len: 37
2026-10-02T07:13:29Z 2026-10-02T07:13:29.300Z [BM_TX] [DEBUG] Message:
2026-10-02T07:13:29Z  7b 22 69 64 22 3a 31 30
2026-10-02T07:13:29Z  30 30 30 31 38 2c 22 6f
2026-10-02T07:13:29Z  6b 22 3a 31 2c 22 68 22
2026-10-02T07:13:29Z  3a 22 37 66 64 33 32 38
2026-10-02T07:13:29Z  62 34 22 7d
2026-10-02T07:13:29Z Message: 1790925209.308 e6fe83ea6b4a2b7f, [bmcam004] OK id=1000018 camera.image_processing.hdr: sensor -> single-exp (next action) cfg=7fd328b4
2026-10-02T07:13:29Z 2026-10-02T07:13:29.343Z [MS] [DEBUG] Notecard is 31.000000 pct full.
2026-10-02T07:13:29Z 2026-10-02T07:13:29.343Z [MS] [DEBUG] Has message 2304 expired? queuedTime: 20776024, now64: 20776070, remaining: 86399954
2026-10-02T07:13:29Z 2026-10-02T07:13:29.347Z [MS] [INFO] Sending Cellular message to Notecard.
2026-10-02T07:13:29Z 2026-10-02T07:13:29.347Z [MS] [INFO] Queuing message 2304 20004E68
2026-10-02T07:13:29Z 1790925209.359 e6fe83ea6b4a2b7f, [bmcam004] OK id=1000018 camera.image_processing.hdr: sensor -> single-exp (next action) (duplicate: original answer) cfg=7fd328b4
2026-10-02T07:13:29Z 1790925209.410 e6fe83ea6b4a2b7f, [bmcam004] OK id=1000018 camera.image_processing.hdr: sensor -> single-exp (next action) (duplicate: original answer) cfg=7fd328b4
2026-10-02T07:13:29Z 1790925209.460 e6fe83ea6b4a2b7f, [bmcam004] OK id=1000018 camera.image_processing.hdr: sensor -> single-exp (next action) (duplicate: original answer) cfg=7fd328b4
2026-10-02T07:13:29Z 1790925209.511 e6fe83ea6b4a2b7f, [bmcam004] OK id=1000018 camera.image_processing.hdr: sensor -> single-exp (next action) (duplicate: original answer) cfg=7fd328b4
2026-10-02T07:13:30Z 2026-10-02T07:13:30.308Z [MS] [INFO] Added message(id: 2305 len: 194) to queue MS_Q_CELLULAR_ONLY: (1)!
2026-10-02T07:13:30Z 2026-10-02T07:13:30.308Z [BM_TX] [INFO] Submitted spotter/transmit-data message to cell-only queue, Len: 68
2026-10-02T07:13:30Z 2026-10-02T07:13:30.308Z [BM_TX] [DEBUG] Message:
2026-10-02T07:13:30Z  3c 43 46 20 76 3d 31 20
2026-10-02T07:13:30Z  68 3d 37 66 64 33 32 38
2026-10-02T07:13:30Z  62 34 20 63 61 6d 65 72
2026-10-02T07:13:30Z  61 2e 69 6d 61 67 65 5f
2026-10-02T07:13:30Z  70 72 6f 63 65 73 73 69
2026-10-02T07:13:30Z  6e 67 2e 68 64 72 3d 73
2026-10-02T07:13:30Z  69 6e 67 6c 65 2d 65 78
2026-10-02T07:13:30Z  70 40 63 31 30 30 30 30
2026-10-02T07:13:30Z  31 38 3e
2026-10-02T07:13:30Z 2026-10-02T07:13:30.343Z [MS] [DEBUG] Notecard is 31.000000 pct full.
2026-10-02T07:13:30Z 2026-10-02T07:13:30.343Z [MS] [DEBUG] Has message 2305 expired? queuedTime: 20777034, now64: 20777068, remaining: 86399966
2026-10-02T07:13:30Z 2026-10-02T07:13:30.347Z [MS] [INFO] Sending Cellular message to Notecard.
2026-10-02T07:13:30Z 2026-10-02T07:13:30.347Z [MS] [INFO] Queuing message 2305 20004E68
2026-10-02T07:13:41Z SPOT-31593C > bm pub bmcam/cmd {"id":64089,"c":"trg","v":2,"kv":{"med":"still","m":40}} 1 1
2026-10-02T07:13:42Z bm pub bmcam/cmd {"id":64089,"c":"trg","v":2,"kv":{"med":"still","m":40}} 1 1
2026-10-02T07:13:42Z 1790925221.996 e6fe83ea6b4a2b7f, [bmcam004] OK id=64089 trg 2 armed: capture + output per mode (next decision point); one action only: mode.media=still, still.message_cap=40 cfg=7fd328b4
2026-10-02T07:13:42Z 1790925222.058 e6fe83ea6b4a2b7f, [bmcam004] OK id=64089 trg 2 armed: capture + output per mode (next decision point); one action only: mode.media=still, still.message_cap=40 (duplicate: original answ
2026-10-02T07:13:42Z 1790925222.109 e6fe83ea6b4a2b7f, [bmcam004] OK id=64089 trg 2 armed: capture + output per mode (next decision point); one action only: mode.media=still, still.message_cap=40 (duplicate: original answ
2026-10-02T07:13:42Z 1790925222.160 e6fe83ea6b4a2b7f, [bmcam004] OK id=64089 trg 2 armed: capture + output per mode (next decision point); one action only: mode.media=still, still.message_cap=40 (duplicate: original answ
2026-10-02T07:13:42Z 1790925222.207 e6fe83ea6b4a2b7f, [bmcam004] OK id=64089 trg 2 armed: capture + output per mode (next decision point); one action only: mode.media=still, still.message_cap=40 (duplicate: original answ
2026-10-02T07:13:47Z 2026-10-02T07:13:47.496Z [MS] [INFO] Added message(id: 2306 len: 262) to queue MS_Q_CELLULAR_ONLY: (1)!
2026-10-02T07:13:47Z 2026-10-02T07:13:47.496Z [BM_TX] [INFO] Submitted spotter/transmit-data message to cell-only queue, Len: 135
2026-10-02T07:13:47Z 2026-10-02T07:13:47.496Z [BM_TX] [DEBUG] Message:
2026-10-02T07:13:47Z  3c 57 53 20 76 3d 31 20
2026-10-02T07:13:47Z  61 3d 63 61 70 20 63 66
2026-10-02T07:13:47Z  67 3d 37 66 64 33 32 38
2026-10-02T07:13:47Z  62 34 20 75 70 3d 31 33
2026-10-02T07:13:47Z  35 35 20 74 7a 3d 41 6d
2026-10-02T07:13:47Z  65 72 69 63 61 2f 4c 6f
2026-10-02T07:13:47Z  73 5f 41 6e 67 65 6c 65
2026-10-02T07:13:47Z  73 20 6c 74 3d 6e 61 20
2026-10-02T07:13:47Z  77 73 3d 30 30 30 30 20
2026-10-02T07:13:47Z  77 65 3d 30 30 30 30 20
2026-10-02T07:13:47Z  72 6b 3d 38 30 30 78 34
2026-10-02T07:13:47Z  35 30 20 71 3d 32 30 20
2026-10-02T07:13:47Z  63 74 3d 33 38 2e 36 20
2026-10-02T07:13:47Z  73 68 61 3d 39 31 61 30
2026-10-02T07:13:47Z  38 66 36 32 34 30 31 31
2026-10-02T07:13:47Z  20 68 6e 3d 62 6d 63 61
2026-10-02T07:13:47Z  6d 30 30 34 3e 0a
2026-10-02T07:13:47Z 2026-10-02T07:13:47.550Z [MS] [DEBUG] Notecard is 31.000000 pct full.
2026-10-02T07:13:47Z 2026-10-02T07:13:47.554Z [MS] [DEBUG] Has message 2306 expired? queuedTime: 20794225, now64: 20794281, remaining: 86399944
2026-10-02T07:13:47Z 2026-10-02T07:13:47.554Z [MS] [INFO] Sending Cellular message to Notecard.
2026-10-02T07:13:47Z 2026-10-02T07:13:47.554Z [MS] [INFO] Queuing message 2306 20004E68
2026-10-02T07:14:21Z SPOT-31593C > bm pub bmcam/cmd {"id":1000019,"c":"set","kv":{"camera.image_processing.hdr":false}} 1 1
2026-10-02T07:14:22Z bm pub bmcam/cmd {"id":1000019,"c":"set","kv":{"camera.image_processing.hdr":false}} 1 1
2026-10-02T07:14:22Z 2026-10-02T07:14:22.230Z [MS] [INFO] Added message(id: 2319 len: 163) to queue MS_Q_CELLULAR_ONLY: (1)!
2026-10-02T07:14:22Z 2026-10-02T07:14:22.230Z [BM_TX] [INFO] Submitted spotter/transmit-data message to cell-only queue, Len: 37
2026-10-02T07:14:22Z 2026-10-02T07:14:22.230Z [BM_TX] [DEBUG] Message:
2026-10-02T07:14:22Z  7b 22 69 64 22 3a 31 30
2026-10-02T07:14:22Z  30 30 30 31 39 2c 22 6f
2026-10-02T07:14:22Z  6b 22 3a 31 2c 22 68 22
2026-10-02T07:14:22Z  3a 22 30 63 61 39 35 39
2026-10-02T07:14:22Z  37 64 22 7d
2026-10-02T07:14:22Z Message: 1790925262.250 e6fe83ea6b4a2b7f, [bmcam004] OK id=1000019 camera.image_processing.hdr: single-exp -> false (next action) cfg=0ca9597d
2026-10-02T07:14:22Z 2026-10-02T07:14:22.277Z [MS] [DEBUG] Notecard is 32.000000 pct full.
2026-10-02T07:14:22Z 2026-10-02T07:14:22.277Z [MS] [DEBUG] Has message 2319 expired? queuedTime: 20828964, now64: 20829011, remaining: 86399953
2026-10-02T07:14:22Z 2026-10-02T07:14:22.277Z [MS] [INFO] Sending Cellular message to Notecard.
2026-10-02T07:14:22Z 2026-10-02T07:14:22.277Z [MS] [INFO] Queuing message 2319 20004E68
2026-10-02T07:14:22Z 1790925262.289 e6fe83ea6b4a2b7f, [bmcam004] OK id=1000019 camera.image_processing.hdr: single-exp -> false (next action) (duplicate: original answer) cfg=0ca9597d
2026-10-02T07:14:22Z 1790925262.339 e6fe83ea6b4a2b7f, [bmcam004] OK id=1000019 camera.image_processing.hdr: single-exp -> false (next action) (duplicate: original answer) cfg=0ca9597d
2026-10-02T07:14:22Z 1790925262.398 e6fe83ea6b4a2b7f, [bmcam004] OK id=1000019 camera.image_processing.hdr: single-exp -> false (next action) (duplicate: original answer) cfg=0ca9597d
2026-10-02T07:14:22Z 1790925262.449 e6fe83ea6b4a2b7f, [bmcam004] OK id=1000019 camera.image_processing.hdr: single-exp -> false (next action) (duplicate: original answer) cfg=0ca9597d
2026-10-02T07:14:23Z 2026-10-02T07:14:23.238Z [MS] [INFO] Added message(id: 2320 len: 185) to queue MS_Q_CELLULAR_ONLY: (1)!
2026-10-02T07:14:23Z 2026-10-02T07:14:23.238Z [BM_TX] [INFO] Submitted spotter/transmit-data message to cell-only queue, Len: 59
2026-10-02T07:14:23Z 2026-10-02T07:14:23.242Z [BM_TX] [DEBUG] Message:
2026-10-02T07:14:23Z  3c 43 46 20 76 3d 31 20
2026-10-02T07:14:23Z  68 3d 30 63 61 39 35 39
2026-10-02T07:14:23Z  37 64 20 63 61 6d 65 72
2026-10-02T07:14:23Z  61 2e 69 6d 61 67 65 5f
2026-10-02T07:14:23Z  70 72 6f 63 65 73 73 69
2026-10-02T07:14:23Z  6e 67 2e 68 64 72 3d 30
2026-10-02T07:14:23Z  40 63 31 30 30 30 30 31
2026-10-02T07:14:23Z  39 3e
2026-10-02T07:14:23Z 2026-10-02T07:14:23.269Z [MS] [DEBUG] Notecard is 32.000000 pct full.
2026-10-02T07:14:23Z 2026-10-02T07:14:23.273Z [MS] [DEBUG] Has message 2320 expired? queuedTime: 20829975, now64: 20830007, remaining: 86399968
2026-10-02T07:14:23Z 2026-10-02T07:14:23.273Z [MS] [INFO] Sending Cellular message to Notecard.
2026-10-02T07:14:23Z 2026-10-02T07:14:23.273Z [MS] [INFO] Queuing message 2320 20004E68
2026-10-02T07:14:26Z 2026-10-02T07:14:26.566Z [BRIDGE_CFG] [INFO] Bridge topology in topology sampler:
2026-10-02T07:14:26Z 2026-10-02T07:14:26.574Z [BRIDGE_CFG] [INFO] 0e582dd12c1e1480
2026-10-02T07:14:26Z 2026-10-02T07:14:26.574Z [BRIDGE_CFG] [INFO] e6fe83ea6b4a2b7f
2026-10-02T07:14:26Z 2026-10-02T07:14:26.578Z [BRIDGE_SYS] [INFO] Checking CRC in report builder!
2026-10-02T07:14:26Z 2026-10-02T07:14:26.578Z [BRIDGE_SYS] [INFO] Got CRC f3b914aa OLD CRC f3b914aa
2026-10-02T07:14:26Z 2026-10-02T07:14:26.582Z [BRIDGE_SYS] [INFO] CRCs match, not updating
2026-10-02T07:14:34Z SPOT-31593C > bm pub bmcam/cmd {"id":64090,"c":"trg","v":2,"kv":{"med":"still","m":40}} 1 1
2026-10-02T07:14:35Z bm pub bmcam/cmd {"id":64090,"c":"trg","v":2,"kv":{"med":"still","m":40}} 1 1
2026-10-02T07:14:35Z 1790925274.949 e6fe83ea6b4a2b7f, [bmcam004] OK id=64090 trg 2 armed: capture + output per mode (next decision point); one action only: mode.media=still, still.message_cap=40 cfg=0ca9597d
2026-10-02T07:14:35Z 1790925275.007 e6fe83ea6b4a2b7f, [bmcam004] OK id=64090 trg 2 armed: capture + output per mode (next decision point); one action only: mode.media=still, still.message_cap=40 (duplicate: original answ
2026-10-02T07:14:35Z 1790925275.058 e6fe83ea6b4a2b7f, [bmcam004] OK id=64090 trg 2 armed: capture + output per mode (next decision point); one action only: mode.media=still, still.message_cap=40 (duplicate: original answ
2026-10-02T07:14:37Z 2026-10-02T07:14:37.527Z [MS] [INFO] Added message(id: 2321 len: 262) to queue MS_Q_CELLULAR_ONLY: (1)!
2026-10-02T07:14:37Z 2026-10-02T07:14:37.527Z [BM_TX] [INFO] Submitted spotter/transmit-data message to cell-only queue, Len: 135
2026-10-02T07:14:37Z 2026-10-02T07:14:37.527Z [BM_TX] [DEBUG] Message:
2026-10-02T07:14:37Z  3c 57 53 20 76 3d 31 20
2026-10-02T07:14:37Z  61 3d 63 61 70 20 63 66
2026-10-02T07:14:37Z  67 3d 30 63 61 39 35 39
2026-10-02T07:14:37Z  37 64 20 75 70 3d 31 34
2026-10-02T07:14:37Z  30 35 20 74 7a 3d 41 6d
2026-10-02T07:14:37Z  65 72 69 63 61 2f 4c 6f
2026-10-02T07:14:37Z  73 5f 41 6e 67 65 6c 65
2026-10-02T07:14:37Z  73 20 6c 74 3d 6e 61 20
2026-10-02T07:14:37Z  77 73 3d 30 30 30 30 20
2026-10-02T07:14:37Z  77 65 3d 30 30 30 30 20
2026-10-02T07:14:37Z  72 6b 3d 38 30 30 78 34
2026-10-02T07:14:37Z  35 30 20 71 3d 32 30 20
2026-10-02T07:14:37Z  63 74 3d 33 38 2e 36 20
2026-10-02T07:14:37Z  73 68 61 3d 39 31 61 30
2026-10-02T07:14:37Z  38 66 36 32 34 30 31 31
2026-10-02T07:14:37Z  20 68 6e 3d 62 6d 63 61
2026-10-02T07:14:37Z  6d 30 30 34 3e 0a
2026-10-02T07:14:37Z 2026-10-02T07:14:37.585Z [MS] [DEBUG] Notecard is 32.000000 pct full.
2026-10-02T07:14:37Z 2026-10-02T07:14:37.585Z [MS] [DEBUG] Has message 2321 expired? queuedTime: 20844266, now64: 20844323, remaining: 86399943
2026-10-02T07:14:37Z 2026-10-02T07:14:37.585Z [MS] [INFO] Sending Cellular message to Notecard.
2026-10-02T07:14:37Z 2026-10-02T07:14:37.589Z [MS] [INFO] Queuing message 2321 20004E68
2026-10-02T07:15:13Z SPOT-31593C > bm pub bmcam/cmd {"id":1000020,"c":"set","kv":{"camera.image_processing.hdr":true}} 1 1
2026-10-02T07:15:14Z bm pub bmcam/cmd {"id":1000020,"c":"set","kv":{"camera.image_processing.hdr":true}} 1 1
2026-10-02T07:15:14Z 2026-10-02T07:15:14.390Z [MS] [INFO] Added message(id: 2334 len: 163) to queue MS_Q_CELLULAR_ONLY: (1)!
2026-10-02T07:15:14Z 2026-10-02T07:15:14.390Z [BM_TX] [INFO] Submitted spotter/transmit-data message to cell-only queue, Len: 37
2026-10-02T07:15:14Z 2026-10-02T07:15:14.390Z [BM_TX] [DEBUG] Message:
2026-10-02T07:15:14Z  7b 22 69 64 22 3a 31 30
2026-10-02T07:15:14Z  30 30 30 32 30 2c 22 6f
2026-10-02T07:15:14Z  6b 22 3a 31 2c 22 68 22
2026-10-02T07:15:14Z  3a 22 30 35 62 64 37 32
2026-10-02T07:15:14Z  37 64 22 7d
2026-10-02T07:15:14Z Message: 1790925314.410 e6fe83ea6b4a2b7f, [bmcam004] OK id=1000020 camera.image_processing.hdr: false -> true (next action) cfg=05bd727d
2026-10-02T07:15:14Z 2026-10-02T07:15:14.437Z [MS] [DEBUG] Notecard is 33.000000 pct full.
2026-10-02T07:15:14Z 2026-10-02T07:15:14.437Z [MS] [DEBUG] Has message 2334 expired? queuedTime: 20881135, now64: 20881181, remaining: 86399954
2026-10-02T07:15:14Z 2026-10-02T07:15:14.437Z [MS] [INFO] Sending Cellular message to Notecard.
2026-10-02T07:15:14Z 2026-10-02T07:15:14.437Z [MS] [INFO] Queuing message 2334 20004E68
2026-10-02T07:15:14Z 1790925314.453 e6fe83ea6b4a2b7f, [bmcam004] OK id=1000020 camera.image_processing.hdr: false -> true (next action) (duplicate: original answer) cfg=05bd727d
2026-10-02T07:15:14Z 1790925314.500 e6fe83ea6b4a2b7f, [bmcam004] OK id=1000020 camera.image_processing.hdr: false -> true (next action) (duplicate: original answer) cfg=05bd727d
2026-10-02T07:15:14Z 1790925314.550 e6fe83ea6b4a2b7f, [bmcam004] OK id=1000020 camera.image_processing.hdr: false -> true (next action) (duplicate: original answer) cfg=05bd727d
2026-10-02T07:15:14Z 1790925314.613 e6fe83ea6b4a2b7f, [bmcam004] OK id=1000020 camera.image_processing.hdr: false -> true (next action) (duplicate: original answer) cfg=05bd727d
2026-10-02T07:15:15Z 2026-10-02T07:15:15.402Z [MS] [INFO] Added message(id: 2335 len: 185) to queue MS_Q_CELLULAR_ONLY: (1)!
2026-10-02T07:15:15Z 2026-10-02T07:15:15.402Z [BM_TX] [INFO] Submitted spotter/transmit-data message to cell-only queue, Len: 59
2026-10-02T07:15:15Z 2026-10-02T07:15:15.402Z [BM_TX] [DEBUG] Message:
2026-10-02T07:15:15Z  3c 43 46 20 76 3d 31 20
2026-10-02T07:15:15Z  68 3d 30 35 62 64 37 32
2026-10-02T07:15:15Z  37 64 20 63 61 6d 65 72
2026-10-02T07:15:15Z  61 2e 69 6d 61 67 65 5f
2026-10-02T07:15:15Z  70 72 6f 63 65 73 73 69
2026-10-02T07:15:15Z  6e 67 2e 68 64 72 3d 31
2026-10-02T07:15:15Z  40 63 31 30 30 30 30 32
2026-10-02T07:15:15Z  30 3e
2026-10-02T07:15:15Z 2026-10-02T07:15:15.433Z [MS] [DEBUG] Notecard is 33.000000 pct full.
2026-10-02T07:15:15Z 2026-10-02T07:15:15.433Z [MS] [DEBUG] Has message 2335 expired? queuedTime: 20882146, now64: 20882178, remaining: 86399968
2026-10-02T07:15:15Z 2026-10-02T07:15:15.433Z [MS] [INFO] Sending Cellular message to Notecard.
2026-10-02T07:15:15Z 2026-10-02T07:15:15.437Z [MS] [INFO] Queuing message 2335 20004E68
2026-10-02T07:15:26Z SPOT-31593C > bm pub bmcam/cmd {"id":64091,"c":"trg","v":2,"kv":{"med":"still","m":40}} 1 1
2026-10-02T07:15:27Z bm pub bmcam/cmd {"id":64091,"c":"trg","v":2,"kv":{"med":"still","m":40}} 1 1
2026-10-02T07:15:27Z 1790925327.121 e6fe83ea6b4a2b7f, [bmcam004] OK id=64091 trg 2 armed: capture + output per mode (next decision point); one action only: mode.media=still, still.message_cap=40 cfg=05bd727d
2026-10-02T07:15:27Z 1790925327.179 e6fe83ea6b4a2b7f, [bmcam004] OK id=64091 trg 2 armed: capture + output per mode (next decision point); one action only: mode.media=still, still.message_cap=40 (duplicate: original answ
2026-10-02T07:15:27Z 1790925327.230 e6fe83ea6b4a2b7f, [bmcam004] OK id=64091 trg 2 armed: capture + output per mode (next decision point); one action only: mode.media=still, still.message_cap=40 (duplicate: original answ
2026-10-02T07:15:27Z 1790925327.281 e6fe83ea6b4a2b7f, [bmcam004] OK id=64091 trg 2 armed: capture + output per mode (next decision point); one action only: mode.media=still, still.message_cap=40 (duplicate: original answ
2026-10-02T07:15:27Z 1790925327.332 e6fe83ea6b4a2b7f, [bmcam004] OK id=64091 trg 2 armed: capture + output per mode (next decision point); one action only: mode.media=still, still.message_cap=40 (duplicate: original answ
2026-10-02T07:15:27Z 2026-10-02T07:15:27.730Z [MS] [INFO] Added message(id: 2336 len: 262) to queue MS_Q_CELLULAR_ONLY: (1)!
2026-10-02T07:15:27Z 2026-10-02T07:15:27.730Z [BM_TX] [INFO] Submitted spotter/transmit-data message to cell-only queue, Len: 135
2026-10-02T07:15:27Z 2026-10-02T07:15:27.730Z [BM_TX] [DEBUG] Message:
2026-10-02T07:15:27Z  3c 57 53 20 76 3d 31 20
2026-10-02T07:15:27Z  61 3d 63 61 70 20 63 66
2026-10-02T07:15:27Z  67 3d 30 35 62 64 37 32
2026-10-02T07:15:27Z  37 64 20 75 70 3d 31 34
2026-10-02T07:15:27Z  35 35 20 74 7a 3d 41 6d
2026-10-02T07:15:27Z  65 72 69 63 61 2f 4c 6f
2026-10-02T07:15:27Z  73 5f 41 6e 67 65 6c 65
2026-10-02T07:15:27Z  73 20 6c 74 3d 6e 61 20
2026-10-02T07:15:27Z  77 73 3d 30 30 30 30 20
2026-10-02T07:15:27Z  77 65 3d 30 30 30 30 20
2026-10-02T07:15:27Z  72 6b 3d 38 30 30 78 34
2026-10-02T07:15:27Z  35 30 20 71 3d 32 30 20
2026-10-02T07:15:27Z  63 74 3d 33 39 2e 37 20
2026-10-02T07:15:27Z  73 68 61 3d 39 31 61 30
2026-10-02T07:15:27Z  38 66 36 32 34 30 31 31
2026-10-02T07:15:27Z  20 68 6e 3d 62 6d 63 61
2026-10-02T07:15:27Z  6d 30 30 34 3e 0a
2026-10-02T07:15:27Z 2026-10-02T07:15:27.785Z [MS] [DEBUG] Notecard is 33.000000 pct full.
2026-10-02T07:15:27Z 2026-10-02T07:15:27.785Z [MS] [DEBUG] Has message 2336 expired? queuedTime: 20894475, now64: 20894532, remaining: 86399943
2026-10-02T07:15:27Z 2026-10-02T07:15:27.789Z [MS] [INFO] Sending Cellular message to Notecard.
2026-10-02T07:15:27Z 2026-10-02T07:15:27.789Z [MS] [INFO] Queuing message 2336 20004E68
2026-10-02T07:15:32Z 2026-10-02T07:15:31.992Z [MS] [INFO] Added message(id: 2337 len: 410) to queue MS_Q_CELLULAR_ONLY: (1)!
2026-10-02T07:15:32Z 2026-10-02T07:15:31.992Z [BM_TX] [INFO] Submitted spotter/transmit-data message to cell-only queue, Len: 283
2026-10-02T07:15:32Z 2026-10-02T07:15:31.992Z [BM_TX] [DEBUG] Message:
2026-10-02T07:15:32Z  3c 53 54 41 52 54 20 49
2026-10-02T07:15:32Z  4d 47 3e 20 66 69 6c 65
2026-10-02T07:15:32Z  6e 61 6d 65 3a 20 32 30
2026-10-02T07:15:32Z  32 36 2d 31 30 2d 30 32
2026-10-02T07:15:32Z  54 30 37 3a 31 35 3a 32
2026-10-02T07:15:32Z  37 5a 5f 69 6d 61 67 65
2026-10-02T07:15:32Z  5f 63 6f 6d 70 72 65 73
2026-10-02T07:15:32Z  73 65 64 2e 6a 70 67 2c
2026-10-02T07:15:32Z  20 74 69 6d 65 73 74 61
2026-10-02T07:15:32Z  6d 70 3a 20 32 30 32 36
2026-10-02T07:15:32Z  2d 31 30 2d 30 32 54 30
2026-10-02T07:15:32Z  37 3a 31 35 3a 33 31 5a
2026-10-02T07:15:32Z  2c 20 6c 65 6e 67 74 68
2026-10-02T07:15:32Z  3a 20 31 30 2c 20 6b 65
2026-10-02T07:15:32Z  79 3d 30 65 33 79 74 72
2026-10-02T07:15:32Z  2c 20 63 66 67 3d 30 35
2026-10-02T07:15:32Z  62 64 37 32 37 64 2c 20
2026-10-02T07:15:32Z  74 67 3d 36 34 30 39 31
2026-10-02T07:15:32Z  2c 20 72 3d 38 30 30 78
2026-10-02T07:15:32Z  34 35 30 2b 31 39 30 34
2026-10-02T07:15:32Z  2b 31 30 37 31 2c 20 6d
2026-10-02T07:15:32Z  3d 34 30 2c 20 66 6d 74
2026-10-02T07:15:32Z  3d 70 6a 70 67 2c 20 71
2026-10-02T07:15:32Z  3d 32 30 2c 20 61 74 74
2026-10-02T07:15:32Z  3d 31 2c 20 63 6d 70 3d
2026-10-02T07:15:32Z  31 2c 20 72 6b 3d 38 30
2026-10-02T07:15:32Z  30 78 34 35 30 2c 20 77
2026-10-02T07:15:32Z  73 3d 30 30 30 30 2c 20
2026-10-02T07:15:32Z  77 65 3d 30 30 30 30 2c
2026-10-02T07:15:32Z  20 73 68 61 3d 39 31 61
2026-10-02T07:15:32Z  30 38 66 36 32 34 30 31
2026-10-02T07:15:32Z  31 2c 20 68 6e 3d 62 6d
2026-10-02T07:15:32Z  63 61 6d 30 30 34 2c 20
2026-10-02T07:15:32Z  73 66 3d 32 34 36 34 30
2026-10-02T07:15:32Z  2c 20 73 70 3d 37 34 2e
2026-10-02T07:15:32Z  39 0a
2026-10-02T07:15:32Z 2026-10-02T07:15:32.066Z [MS] [DEBUG] Notecard is 33.000000 pct full.
2026-10-02T07:15:32Z 2026-10-02T07:15:32.070Z [MS] [DEBUG] Has message 2337 expired? queuedTime: 20898738, now64: 20898815, remaining: 86399923
2026-10-02T07:15:32Z 2026-10-02T07:15:32.070Z [MS] [INFO] Sending Cellular message to Notecard.
2026-10-02T07:15:32Z 2026-10-02T07:15:32.070Z [MS] [INFO] Queuing message 2337 20004E68
2026-10-02T07:16:13Z SPOT-31593C > bm pub bmcam/cmd {"id":64100,"c":"trg","v":2,"kv":{"m":80}} 1 1
2026-10-02T07:16:16Z bm pub bmcam/cmd {"id":64100,"c":"trg","v":2,"kv":{"m":80}} 1 1
2026-10-02T07:16:16Z 1790925376.210 e6fe83ea6b4a2b7f, [bmcam004] OK id=64100 trg 2 armed: capture + output per mode (next decision point); one action only: video.send.message_cap=80 cfg=05bd727d
2026-10-02T07:16:16Z 1790925376.261 e6fe83ea6b4a2b7f, [bmcam004] OK id=64100 trg 2 armed: capture + output per mode (next decision point); one action only: video.send.message_cap=80 (duplicate: original answer) cfg=05bd7
2026-10-02T07:16:16Z 1790925376.312 e6fe83ea6b4a2b7f, [bmcam004] OK id=64100 trg 2 armed: capture + output per mode (next decision point); one action only: video.send.message_cap=80 (duplicate: original answer) cfg=05bd7
2026-10-02T07:16:16Z 1790925376.371 e6fe83ea6b4a2b7f, [bmcam004] OK id=64100 trg 2 armed: capture + output per mode (next decision point); one action only: video.send.message_cap=80 (duplicate: original answer) cfg=05bd7
2026-10-02T07:16:16Z 1790925376.421 e6fe83ea6b4a2b7f, [bmcam004] OK id=64100 trg 2 armed: capture + output per mode (next decision point); one action only: video.send.message_cap=80 (duplicate: original answer) cfg=05bd7
2026-10-02T07:18:42Z SPOT-31593C > bm pub bmcam/cmd {"id":1000021,"c":"reset","k":["camera.image_processing.contrast","camera.image_processing.saturation","camera.image_processing.brightness"]} 1 1
2026-10-02T07:18:42Z bm pub bmcam/cmd {"id":1000021,"c":"reset","k":["camera.image_processing.contrast","camera.image_processing.saturation","camera.image_processing.brightness"]} 1 1
2026-10-02T07:18:43Z 2026-10-02T07:18:42.984Z [MS] [INFO] Added message(id: 2360 len: 163) to queue MS_Q_CELLULAR_ONLY: (1)!
2026-10-02T07:18:43Z 2026-10-02T07:18:42.984Z [BM_TX] [INFO] Submitted spotter/transmit-data message to cell-only queue, Len: 37
2026-10-02T07:18:43Z 2026-10-02T07:18:42.984Z [BM_TX] [DEBUG] Message:
2026-10-02T07:18:43Z  7b 22 69 64 22 3a 31 30
2026-10-02T07:18:43Z  30 30 30 32 31 2c 22 6f
2026-10-02T07:18:43Z  6b 22 3a 31 2c 22 68 22
2026-10-02T07:18:43Z  3a 22 64 63 38 62 38 33
2026-10-02T07:18:43Z  36 38 22 7d
2026-10-02T07:18:43Z Message: 1790925523.003 e6fe83ea6b4a2b7f, [bmcam004] OK id=1000021 reset camera.image_processing.contrast, camera.image_processing.saturation, camera.image_processing.brightness -> YAML cfg=dc8b8368
2026-10-02T07:18:43Z 2026-10-02T07:18:43.015Z [MS] [DEBUG] Notecard is 34.000000 pct full.
2026-10-02T07:18:43Z 2026-10-02T07:18:43.015Z [MS] [DEBUG] Has message 2360 expired? queuedTime: 21089764, now64: 21089799, remaining: 86399965
2026-10-02T07:18:43Z 2026-10-02T07:18:43.019Z [MS] [INFO] Sending Cellular message to Notecard.
2026-10-02T07:18:43Z 2026-10-02T07:18:43.019Z [MS] [INFO] Queuing message 2360 20004E68
2026-10-02T07:18:43Z 1790925523.054 e6fe83ea6b4a2b7f, [bmcam004] OK id=1000021 reset camera.image_processing.contrast, camera.image_processing.saturation, camera.image_processing.brightness -> YAML (duplicate: original a
2026-10-02T07:18:43Z 1790925523.105 e6fe83ea6b4a2b7f, [bmcam004] OK id=1000021 reset camera.image_processing.contrast, camera.image_processing.saturation, camera.image_processing.brightness -> YAML (duplicate: original a
2026-10-02T07:18:43Z 1790925523.152 e6fe83ea6b4a2b7f, [bmcam004] OK id=1000021 reset camera.image_processing.contrast, camera.image_processing.saturation, camera.image_processing.brightness -> YAML (duplicate: original a
2026-10-02T07:18:43Z 1790925523.203 e6fe83ea6b4a2b7f, [bmcam004] OK id=1000021 reset camera.image_processing.contrast, camera.image_processing.saturation, camera.image_processing.brightness -> YAML (duplicate: original a
2026-10-02T07:18:44Z 2026-10-02T07:18:44.003Z [MS] [INFO] Added message(id: 2361 len: 265) to queue MS_Q_CELLULAR_ONLY: (1)!
2026-10-02T07:18:44Z 2026-10-02T07:18:44.003Z [BM_TX] [INFO] Submitted spotter/transmit-data message to cell-only queue, Len: 138
2026-10-02T07:18:44Z 2026-10-02T07:18:44.003Z [BM_TX] [DEBUG] Message:
2026-10-02T07:18:44Z  3c 43 46 20 76 3d 31 20
2026-10-02T07:18:44Z  68 3d 64 63 38 62 38 33
2026-10-02T07:18:44Z  36 38 20 63 61 6d 65 72
2026-10-02T07:18:44Z  61 2e 69 6d 61 67 65 5f
2026-10-02T07:18:44Z  70 72 6f 63 65 73 73 69
2026-10-02T07:18:44Z  6e 67 2e 63 6f 6e 74 72
2026-10-02T07:18:44Z  61 73 74 3d 6e 75 6c 6c
2026-10-02T07:18:44Z  20 63 61 6d 65 72 61 2e
2026-10-02T07:18:44Z  69 6d 61 67 65 5f 70 72
2026-10-02T07:18:44Z  6f 63 65 73 73 69 6e 67
2026-10-02T07:18:44Z  2e 73 61 74 75 72 61 74
2026-10-02T07:18:44Z  69 6f 6e 3d 6e 75 6c 6c
2026-10-02T07:18:44Z  20 63 61 6d 65 72 61 2e
2026-10-02T07:18:44Z  69 6d 61 67 65 5f 70 72
2026-10-02T07:18:44Z  6f 63 65 73 73 69 6e 67
2026-10-02T07:18:44Z  2e 62 72 69 67 68 74 6e
2026-10-02T07:18:44Z  65 73 73 3d 6e 75 6c 6c
2026-10-02T07:18:44Z  3e
2026-10-02T07:18:44Z 2026-10-02T07:18:44.062Z [MS] [DEBUG] Has message 2361 expired? queuedTime: 21090786, now64: 21090843, remaining: 86399943
2026-10-02T07:18:44Z 2026-10-02T07:18:44.062Z [MS] [INFO] Queuing message 2361 20026730
2026-10-02T07:18:44Z 2026-10-02T07:18:44.410Z [MS] [DEBUG] Notecard is 34.000000 pct full.
2026-10-02T07:18:54Z SPOT-31593C > bm pub bmcam/cmd {"id":64111,"c":"trg","v":2,"kv":{"med":"still","m":40}} 1 1
2026-10-02T07:18:55Z bm pub bmcam/cmd {"id":64111,"c":"trg","v":2,"kv":{"med":"still","m":40}} 1 1
2026-10-02T07:18:55Z 1790925535.871 e6fe83ea6b4a2b7f, [bmcam004] OK id=64111 trg 2 armed: capture + output per mode (next decision point); one action only: mode.media=still, still.message_cap=40 cfg=dc8b8368
2026-10-02T07:18:56Z 1790925535.921 e6fe83ea6b4a2b7f, [bmcam004] OK id=64111 trg 2 armed: capture + output per mode (next decision point); one action only: mode.media=still, still.message_cap=40 (duplicate: original answ
2026-10-02T07:18:56Z 1790925535.972 e6fe83ea6b4a2b7f, [bmcam004] OK id=64111 trg 2 armed: capture + output per mode (next decision point); one action only: mode.media=still, still.message_cap=40 (duplicate: original answ
2026-10-02T07:18:57Z 2026-10-02T07:18:57.449Z [MS] [INFO] Added message(id: 2362 len: 262) to queue MS_Q_CELLULAR_ONLY: (1)!
2026-10-02T07:18:57Z 2026-10-02T07:18:57.453Z [BM_TX] [INFO] Submitted spotter/transmit-data message to cell-only queue, Len: 135
2026-10-02T07:18:57Z 2026-10-02T07:18:57.453Z [BM_TX] [DEBUG] Message:
2026-10-02T07:18:57Z  3c 57 53 20 76 3d 31 20
2026-10-02T07:18:57Z  61 3d 63 61 70 20 63 66
2026-10-02T07:18:57Z  67 3d 64 63 38 62 38 33
2026-10-02T07:18:57Z  36 38 20 75 70 3d 31 36
2026-10-02T07:18:57Z  36 35 20 74 7a 3d 41 6d
2026-10-02T07:18:57Z  65 72 69 63 61 2f 4c 6f
2026-10-02T07:18:57Z  73 5f 41 6e 67 65 6c 65
2026-10-02T07:18:57Z  73 20 6c 74 3d 6e 61 20
2026-10-02T07:18:57Z  77 73 3d 30 30 30 30 20
2026-10-02T07:18:57Z  77 65 3d 30 30 30 30 20
2026-10-02T07:18:57Z  72 6b 3d 38 30 30 78 34
2026-10-02T07:18:57Z  35 30 20 71 3d 32 30 20
2026-10-02T07:18:57Z  63 74 3d 33 39 2e 37 20
2026-10-02T07:18:57Z  73 68 61 3d 39 31 61 30
2026-10-02T07:18:57Z  38 66 36 32 34 30 31 31
2026-10-02T07:18:57Z  20 68 6e 3d 62 6d 63 61
2026-10-02T07:18:57Z  6d 30 30 34 3e 0a
2026-10-02T07:18:57Z 2026-10-02T07:18:57.492Z [MS] [DEBUG] Notecard is 3.000000 pct full.
2026-10-02T07:18:57Z 2026-10-02T07:18:57.496Z [MS] [DEBUG] Has message 2362 expired? queuedTime: 21104235, now64: 21104278, remaining: 86399957
2026-10-02T07:18:57Z 2026-10-02T07:18:57.496Z [MS] [INFO] Sending Cellular message to Notecard.
2026-10-02T07:18:57Z 2026-10-02T07:18:57.500Z [MS] [INFO] Queuing message 2362 20004E68
2026-10-02T07:19:48Z SPOT-31593C > bm pub bmcam/cmd {"id":1000022,"c":"set","kv":{"camera.image_processing.saturation":0.0}} 1 1
2026-10-02T07:19:49Z bm pub bmcam/cmd {"id":1000022,"c":"set","kv":{"camera.image_processing.saturation":0.0}} 1 1
2026-10-02T07:19:49Z 2026-10-02T07:19:49.750Z [MS] [INFO] Added message(id: 2387 len: 163) to queue MS_Q_CELLULAR_ONLY: (1)!
2026-10-02T07:19:49Z 2026-10-02T07:19:49.750Z [BM_TX] [INFO] Submitted spotter/transmit-data message to cell-only queue, Len: 37
2026-10-02T07:19:49Z 2026-10-02T07:19:49.750Z [BM_TX] [DEBUG] Message:
2026-10-02T07:19:49Z  7b 22 69 64 22 3a 31 30
2026-10-02T07:19:49Z  30 30 30 32 32 2c 22 6f
2026-10-02T07:19:49Z  6b 22 3a 31 2c 22 68 22
2026-10-02T07:19:49Z  3a 22 64 65 64 64 37 66
2026-10-02T07:19:49Z  34 62 22 7d
2026-10-02T07:19:49Z Message: 1790925589.761 e6fe83ea6b4a2b7f, [bmcam004] OK id=1000022 camera.image_processing.saturation: none -> 0.0 (next action) cfg=dedd7f4b
2026-10-02T07:19:49Z 2026-10-02T07:19:49.796Z [MS] [DEBUG] Notecard is 5.000000 pct full.
2026-10-02T07:19:49Z 2026-10-02T07:19:49.800Z [MS] [DEBUG] Has message 2387 expired? queuedTime: 21156544, now64: 21156593, remaining: 86399951
2026-10-02T07:19:49Z 2026-10-02T07:19:49.800Z [MS] [INFO] Sending Cellular message to Notecard.
2026-10-02T07:19:49Z 2026-10-02T07:19:49.800Z [MS] [INFO] Queuing message 2387 20004E68
2026-10-02T07:19:49Z 1790925589.812 e6fe83ea6b4a2b7f, [bmcam004] OK id=1000022 camera.image_processing.saturation: none -> 0.0 (next action) (duplicate: original answer) cfg=dedd7f4b
2026-10-02T07:19:49Z 1790925589.859 e6fe83ea6b4a2b7f, [bmcam004] OK id=1000022 camera.image_processing.saturation: none -> 0.0 (next action) (duplicate: original answer) cfg=dedd7f4b
2026-10-02T07:19:49Z 1790925589.910 e6fe83ea6b4a2b7f, [bmcam004] OK id=1000022 camera.image_processing.saturation: none -> 0.0 (next action) (duplicate: original answer) cfg=dedd7f4b
2026-10-02T07:19:50Z 1790925589.972 e6fe83ea6b4a2b7f, [bmcam004] OK id=1000022 camera.image_processing.saturation: none -> 0.0 (next action) (duplicate: original answer) cfg=dedd7f4b
2026-10-02T07:19:50Z 2026-10-02T07:19:50.761Z [MS] [INFO] Added message(id: 2388 len: 194) to queue MS_Q_CELLULAR_ONLY: (1)!
2026-10-02T07:19:50Z 2026-10-02T07:19:50.761Z [BM_TX] [INFO] Submitted spotter/transmit-data message to cell-only queue, Len: 68
2026-10-02T07:19:50Z 2026-10-02T07:19:50.761Z [BM_TX] [DEBUG] Message:
2026-10-02T07:19:50Z  3c 43 46 20 76 3d 31 20
2026-10-02T07:19:50Z  68 3d 64 65 64 64 37 66
2026-10-02T07:19:50Z  34 62 20 63 61 6d 65 72
2026-10-02T07:19:50Z  61 2e 69 6d 61 67 65 5f
2026-10-02T07:19:50Z  70 72 6f 63 65 73 73 69
2026-10-02T07:19:50Z  6e 67 2e 73 61 74 75 72
2026-10-02T07:19:50Z  61 74 69 6f 6e 3d 30 2e
2026-10-02T07:19:50Z  30 40 63 31 30 30 30 30
2026-10-02T07:19:50Z  32 32 3e
2026-10-02T07:19:50Z 2026-10-02T07:19:50.796Z [MS] [DEBUG] Notecard is 5.000000 pct full.
2026-10-02T07:19:50Z 2026-10-02T07:19:50.796Z [MS] [DEBUG] Has message 2388 expired? queuedTime: 21157555, now64: 21157590, remaining: 86399965
2026-10-02T07:19:50Z 2026-10-02T07:19:50.796Z [MS] [INFO] Sending Cellular message to Notecard.
2026-10-02T07:19:50Z 2026-10-02T07:19:50.796Z [MS] [INFO] Queuing message 2388 20004E68
2026-10-02T07:20:01Z SPOT-31593C > bm pub bmcam/cmd {"id":64112,"c":"trg","v":2,"kv":{"med":"still","m":40}} 1 1
2026-10-02T07:20:02Z bm pub bmcam/cmd {"id":64112,"c":"trg","v":2,"kv":{"med":"still","m":40}} 1 1
2026-10-02T07:20:02Z 1790925602.687 e6fe83ea6b4a2b7f, [bmcam004] OK id=64112 trg 2 armed: capture + output per mode (next decision point); one action only: mode.media=still, still.message_cap=40 cfg=dedd7f4b
2026-10-02T07:20:02Z 1790925602.730 e6fe83ea6b4a2b7f, [bmcam004] OK id=64112 trg 2 armed: capture + output per mode (next decision point); one action only: mode.media=still, still.message_cap=40 (duplicate: original answ
2026-10-02T07:20:02Z 1790925602.781 e6fe83ea6b4a2b7f, [bmcam004] OK id=64112 trg 2 armed: capture + output per mode (next decision point); one action only: mode.media=still, still.message_cap=40 (duplicate: original answ
2026-10-02T07:20:03Z 1790925602.839 e6fe83ea6b4a2b7f, [bmcam004] OK id=64112 trg 2 armed: capture + output per mode (next decision point); one action only: mode.media=still, still.message_cap=40 (duplicate: original answ
2026-10-02T07:20:03Z 1790925602.890 e6fe83ea6b4a2b7f, [bmcam004] OK id=64112 trg 2 armed: capture + output per mode (next decision point); one action only: mode.media=still, still.message_cap=40 (duplicate: original answ
2026-10-02T07:20:07Z 2026-10-02T07:20:07.386Z [MS] [INFO] Added message(id: 2389 len: 262) to queue MS_Q_CELLULAR_ONLY: (1)!
2026-10-02T07:20:07Z 2026-10-02T07:20:07.386Z [BM_TX] [INFO] Submitted spotter/transmit-data message to cell-only queue, Len: 135
2026-10-02T07:20:07Z 2026-10-02T07:20:07.390Z [BM_TX] [DEBUG] Message:
2026-10-02T07:20:07Z  3c 57 53 20 76 3d 31 20
2026-10-02T07:20:07Z  61 3d 63 61 70 20 63 66
2026-10-02T07:20:07Z  67 3d 64 65 64 64 37 66
2026-10-02T07:20:07Z  34 62 20 75 70 3d 31 37
2026-10-02T07:20:07Z  33 35 20 74 7a 3d 41 6d
2026-10-02T07:20:07Z  65 72 69 63 61 2f 4c 6f
2026-10-02T07:20:07Z  73 5f 41 6e 67 65 6c 65
2026-10-02T07:20:07Z  73 20 6c 74 3d 6e 61 20
2026-10-02T07:20:07Z  77 73 3d 30 30 30 30 20
2026-10-02T07:20:07Z  77 65 3d 30 30 30 30 20
2026-10-02T07:20:07Z  72 6b 3d 38 30 30 78 34
2026-10-02T07:20:07Z  35 30 20 71 3d 32 30 20
2026-10-02T07:20:07Z  63 74 3d 33 39 2e 37 20
2026-10-02T07:20:07Z  73 68 61 3d 39 31 61 30
2026-10-02T07:20:07Z  38 66 36 32 34 30 31 31
2026-10-02T07:20:07Z  20 68 6e 3d 62 6d 63 61
2026-10-02T07:20:07Z  6d 30 30 34 3e 0a
2026-10-02T07:20:07Z 2026-10-02T07:20:07.445Z [MS] [DEBUG] Notecard is 5.000000 pct full.
2026-10-02T07:20:07Z 2026-10-02T07:20:07.445Z [MS] [DEBUG] Has message 2389 expired? queuedTime: 21174185, now64: 21174242, remaining: 86399943
2026-10-02T07:20:07Z 2026-10-02T07:20:07.445Z [MS] [INFO] Sending Cellular message to Notecard.
2026-10-02T07:20:07Z 2026-10-02T07:20:07.445Z [MS] [INFO] Queuing message 2389 20004E68
2026-10-02T07:20:55Z SPOT-31593C > bm pub bmcam/cmd {"id":1000023,"c":"reset","k":["camera.image_processing.saturation"]} 1 1
2026-10-02T07:20:56Z bm pub bmcam/cmd {"id":1000023,"c":"reset","k":["camera.image_processing.saturation"]} 1 1
2026-10-02T07:20:56Z 2026-10-02T07:20:56.109Z [MS] [INFO] Added message(id: 2414 len: 163) to queue MS_Q_CELLULAR_ONLY: (1)!
2026-10-02T07:20:56Z 2026-10-02T07:20:56.109Z [BM_TX] [INFO] Submitted spotter/transmit-data message to cell-only queue, Len: 37
2026-10-02T07:20:56Z 2026-10-02T07:20:56.109Z [BM_TX] [DEBUG] Message:
2026-10-02T07:20:56Z  7b 22 69 64 22 3a 31 30
2026-10-02T07:20:56Z  30 30 30 32 33 2c 22 6f
2026-10-02T07:20:56Z  6b 22 3a 31 2c 22 68 22
2026-10-02T07:20:56Z  3a 22 64 63 38 62 38 33
2026-10-02T07:20:56Z  36 38 22 7d
2026-10-02T07:20:56Z Message: 1790925656.121 e6fe83ea6b4a2b7f, [bmcam004] OK id=1000023 reset camera.image_processing.saturation -> YAML cfg=dc8b8368
2026-10-02T07:20:56Z 2026-10-02T07:20:56.156Z [MS] [DEBUG] Notecard is 7.000000 pct full.
2026-10-02T07:20:56Z 2026-10-02T07:20:56.156Z [MS] [DEBUG] Has message 2414 expired? queuedTime: 21222915, now64: 21222962, remaining: 86399953
2026-10-02T07:20:56Z 2026-10-02T07:20:56.160Z [MS] [INFO] Sending Cellular message to Notecard.
2026-10-02T07:20:56Z 2026-10-02T07:20:56.160Z [MS] [INFO] Queuing message 2414 20004E68
2026-10-02T07:20:56Z 1790925656.171 e6fe83ea6b4a2b7f, [bmcam004] OK id=1000023 reset camera.image_processing.saturation -> YAML (duplicate: original answer) cfg=dc8b8368
2026-10-02T07:20:56Z 1790925656.218 e6fe83ea6b4a2b7f, [bmcam004] OK id=1000023 reset camera.image_processing.saturation -> YAML (duplicate: original answer) cfg=dc8b8368
2026-10-02T07:20:56Z 1790925656.441 e6fe83ea6b4a2b7f, [bmcam004] OK id=1000023 reset camera.image_processing.saturation -> YAML (duplicate: original answer) cfg=dc8b8368
2026-10-02T07:20:56Z 1790925656.488 e6fe83ea6b4a2b7f, [bmcam004] OK id=1000023 reset camera.image_processing.saturation -> YAML (duplicate: original answer) cfg=dc8b8368
2026-10-02T07:20:57Z 2026-10-02T07:20:57.304Z [MS] [INFO] Added message(id: 2415 len: 186) to queue MS_Q_CELLULAR_ONLY: (1)!
2026-10-02T07:20:57Z 2026-10-02T07:20:57.308Z [BM_TX] [INFO] Submitted spotter/transmit-data message to cell-only queue, Len: 60
2026-10-02T07:20:57Z 2026-10-02T07:20:57.308Z [BM_TX] [DEBUG] Message:
2026-10-02T07:20:57Z  3c 43 46 20 76 3d 31 20
2026-10-02T07:20:57Z  68 3d 64 63 38 62 38 33
2026-10-02T07:20:57Z  36 38 20 63 61 6d 65 72
2026-10-02T07:20:57Z  61 2e 69 6d 61 67 65 5f
2026-10-02T07:20:57Z  70 72 6f 63 65 73 73 69
2026-10-02T07:20:57Z  6e 67 2e 73 61 74 75 72
2026-10-02T07:20:57Z  61 74 69 6f 6e 3d 6e 75
2026-10-02T07:20:57Z  6c 6c 3e
2026-10-02T07:20:57Z 2026-10-02T07:20:57.339Z [MS] [DEBUG] Notecard is 7.000000 pct full.
2026-10-02T07:20:57Z 2026-10-02T07:20:57.339Z [MS] [DEBUG] Has message 2415 expired? queuedTime: 21224112, now64: 21224146, remaining: 86399966
2026-10-02T07:20:57Z 2026-10-02T07:20:57.343Z [MS] [INFO] Sending Cellular message to Notecard.
2026-10-02T07:20:57Z 2026-10-02T07:20:57.343Z [MS] [INFO] Queuing message 2415 20004E68
2026-10-02T07:21:00Z Message: Starting cross coherence correction check.
2026-10-02T07:21:00Z Composite coherence i_gMax: 6
2026-10-02T07:21:00Z Stats Waves Basic analysis start
2026-10-02T07:21:00Z Analyzing wind data
2026-10-02T07:21:00Z Wind data analysis complete
2026-10-02T07:21:00Z stat comp end
2026-10-02T07:21:00Z stats Waves Full analysis start
2026-10-02T07:21:00Z Analyzing wind data
2026-10-02T07:21:00Z Wind data analysis complete
2026-10-02T07:21:00Z Full stat peak Szz: 0.000000
2026-10-02T07:21:00Z Full stat norm factor: 10000.000000
2026-10-02T07:21:06Z SPOT-31593C > bm pub bmcam/cmd {"id":1000024,"c":"set","kv":{"camera.image_processing.saturation":32.0}} 1 1
2026-10-02T07:21:07Z bm pub bmcam/cmd {"id":1000024,"c":"set","kv":{"camera.image_processing.saturation":32.0}} 1 1
2026-10-02T07:21:07Z 2026-10-02T07:21:07.777Z [MS] [INFO] Added message(id: 2416 len: 163) to queue MS_Q_CELLULAR_ONLY: (1)!
2026-10-02T07:21:07Z 2026-10-02T07:21:07.777Z [BM_TX] [INFO] Submitted spotter/transmit-data message to cell-only queue, Len: 37
2026-10-02T07:21:07Z 2026-10-02T07:21:07.777Z [BM_TX] [DEBUG] Message:
2026-10-02T07:21:07Z  7b 22 69 64 22 3a 31 30
2026-10-02T07:21:07Z  30 30 30 32 34 2c 22 6f
2026-10-02T07:21:07Z  6b 22 3a 31 2c 22 68 22
2026-10-02T07:21:07Z  3a 22 61 66 33 36 66 30
2026-10-02T07:21:07Z  36 35 22 7d
2026-10-02T07:21:07Z Message: 1790925667.785 e6fe83ea6b4a2b7f, [bmcam004] OK id=1000024 camera.image_processing.saturation: none -> 32.0 (next action) cfg=af36f065
2026-10-02T07:21:07Z 2026-10-02T07:21:07.824Z [MS] [DEBUG] Notecard is 7.000000 pct full.
2026-10-02T07:21:07Z 2026-10-02T07:21:07.824Z [MS] [DEBUG] Has message 2416 expired? queuedTime: 21234584, now64: 21234630, remaining: 86399954
2026-10-02T07:21:07Z 2026-10-02T07:21:07.824Z [MS] [INFO] Sending Cellular message to Notecard.
2026-10-02T07:21:07Z 2026-10-02T07:21:07.824Z [MS] [INFO] Queuing message 2416 20004ED8
2026-10-02T07:21:07Z 1790925667.835 e6fe83ea6b4a2b7f, [bmcam004] OK id=1000024 camera.image_processing.saturation: none -> 32.0 (next action) (duplicate: original answer) cfg=af36f065
2026-10-02T07:21:08Z 1790925667.886 e6fe83ea6b4a2b7f, [bmcam004] OK id=1000024 camera.image_processing.saturation: none -> 32.0 (next action) (duplicate: original answer) cfg=af36f065
2026-10-02T07:21:08Z 1790925667.937 e6fe83ea6b4a2b7f, [bmcam004] OK id=1000024 camera.image_processing.saturation: none -> 32.0 (next action) (duplicate: original answer) cfg=af36f065
2026-10-02T07:21:08Z 1790925667.996 e6fe83ea6b4a2b7f, [bmcam004] OK id=1000024 camera.image_processing.saturation: none -> 32.0 (next action) (duplicate: original answer) cfg=af36f065
2026-10-02T07:21:08Z 2026-10-02T07:21:08.789Z [MS] [INFO] Added message(id: 2417 len: 195) to queue MS_Q_CELLULAR_ONLY: (1)!
2026-10-02T07:21:08Z 2026-10-02T07:21:08.789Z [BM_TX] [INFO] Submitted spotter/transmit-data message to cell-only queue, Len: 69
2026-10-02T07:21:08Z 2026-10-02T07:21:08.789Z [BM_TX] [DEBUG] Message:
2026-10-02T07:21:08Z  3c 43 46 20 76 3d 31 20
2026-10-02T07:21:08Z  68 3d 61 66 33 36 66 30
2026-10-02T07:21:08Z  36 35 20 63 61 6d 65 72
2026-10-02T07:21:08Z  61 2e 69 6d 61 67 65 5f
2026-10-02T07:21:08Z  70 72 6f 63 65 73 73 69
2026-10-02T07:21:08Z  6e 67 2e 73 61 74 75 72
2026-10-02T07:21:08Z  61 74 69 6f 6e 3d 33 32
2026-10-02T07:21:08Z  2e 30 40 63 31 30 30 30
2026-10-02T07:21:08Z  30 32 34 3e
2026-10-02T07:21:08Z 2026-10-02T07:21:08.820Z [MS] [DEBUG] Notecard is 7.000000 pct full.
2026-10-02T07:21:08Z 2026-10-02T07:21:08.820Z [MS] [DEBUG] Has message 2417 expired? queuedTime: 21235595, now64: 21235628, remaining: 86399967
2026-10-02T07:21:08Z 2026-10-02T07:21:08.820Z [MS] [INFO] Sending Cellular message to Notecard.
2026-10-02T07:21:08Z 2026-10-02T07:21:08.824Z [MS] [INFO] Queuing message 2417 20004ED8
2026-10-02T07:21:19Z SPOT-31593C > bm pub bmcam/cmd {"id":64113,"c":"trg","v":2,"kv":{"med":"still","m":40}} 1 1
2026-10-02T07:21:20Z bm pub bmcam/cmd {"id":64113,"c":"trg","v":2,"kv":{"med":"still","m":40}} 1 1
2026-10-02T07:21:20Z 1790925680.285 e6fe83ea6b4a2b7f, [bmcam004] OK id=64113 trg 2 armed: capture + output per mode (next decision point); one action only: mode.media=still, still.message_cap=40 cfg=af36f065
2026-10-02T07:21:20Z 1790925680.335 e6fe83ea6b4a2b7f, [bmcam004] OK id=64113 trg 2 armed: capture + output per mode (next decision point); one action only: mode.media=still, still.message_cap=40 (duplicate: original answ
2026-10-02T07:21:20Z 1790925680.386 e6fe83ea6b4a2b7f, [bmcam004] OK id=64113 trg 2 armed: capture + output per mode (next decision point); one action only: mode.media=still, still.message_cap=40 (duplicate: original answ
2026-10-02T07:21:20Z 1790925680.445 e6fe83ea6b4a2b7f, [bmcam004] OK id=64113 trg 2 armed: capture + output per mode (next decision point); one action only: mode.media=still, still.message_cap=40 (duplicate: original answ
2026-10-02T07:21:20Z 1790925680.496 e6fe83ea6b4a2b7f, [bmcam004] OK id=64113 trg 2 armed: capture + output per mode (next decision point); one action only: mode.media=still, still.message_cap=40 (duplicate: original answ
2026-10-02T07:22:01Z SPOT-31593C > bm pub bmcam/cmd {"id":1000025,"c":"reset","k":["camera.image_processing.saturation"]} 1 1
2026-10-02T07:22:02Z bm pub bmcam/cmd {"id":1000025,"c":"reset","k":["camera.image_processing.saturation"]} 1 1
2026-10-02T07:22:02Z 2026-10-02T07:22:02.566Z [MS] [INFO] Added message(id: 2431 len: 163) to queue MS_Q_CELLULAR_ONLY: (1)!
2026-10-02T07:22:02Z 2026-10-02T07:22:02.566Z [BM_TX] [INFO] Submitted spotter/transmit-data message to cell-only queue, Len: 37
2026-10-02T07:22:02Z 2026-10-02T07:22:02.566Z [BM_TX] [DEBUG] Message:
2026-10-02T07:22:02Z  7b 22 69 64 22 3a 31 30
2026-10-02T07:22:02Z  30 30 30 32 35 2c 22 6f
2026-10-02T07:22:02Z  6b 22 3a 31 2c 22 68 22
2026-10-02T07:22:02Z  3a 22 64 63 38 62 38 33
2026-10-02T07:22:02Z  36 38 22 7d
2026-10-02T07:22:02Z Message: 1790925722.578 e6fe83ea6b4a2b7f, [bmcam004] OK id=1000025 reset camera.image_processing.saturation -> YAML cfg=dc8b8368
2026-10-02T07:22:02Z 2026-10-02T07:22:02.613Z [MS] [DEBUG] Notecard is 8.000000 pct full.
2026-10-02T07:22:02Z 2026-10-02T07:22:02.613Z [MS] [DEBUG] Has message 2431 expired? queuedTime: 21289385, now64: 21289430, remaining: 86399955
2026-10-02T07:22:02Z 2026-10-02T07:22:02.613Z [MS] [INFO] Sending Cellular message to Notecard.
2026-10-02T07:22:02Z 2026-10-02T07:22:02.613Z [MS] [INFO] Queuing message 2431 20004ED8
2026-10-02T07:22:02Z 1790925722.628 e6fe83ea6b4a2b7f, [bmcam004] OK id=1000025 reset camera.image_processing.saturation -> YAML (duplicate: original answer) cfg=dc8b8368
2026-10-02T07:22:02Z 1790925722.683 e6fe83ea6b4a2b7f, [bmcam004] OK id=1000025 reset camera.image_processing.saturation -> YAML (duplicate: original answer) cfg=dc8b8368
2026-10-02T07:22:02Z 1790925722.726 e6fe83ea6b4a2b7f, [bmcam004] OK id=1000025 reset camera.image_processing.saturation -> YAML (duplicate: original answer) cfg=dc8b8368
2026-10-02T07:22:02Z 1790925722.777 e6fe83ea6b4a2b7f, [bmcam004] OK id=1000025 reset camera.image_processing.saturation -> YAML (duplicate: original answer) cfg=dc8b8368
2026-10-02T07:22:03Z 2026-10-02T07:22:03.578Z [MS] [INFO] Added message(id: 2432 len: 186) to queue MS_Q_CELLULAR_ONLY: (1)!
2026-10-02T07:22:03Z 2026-10-02T07:22:03.578Z [BM_TX] [INFO] Submitted spotter/transmit-data message to cell-only queue, Len: 60
2026-10-02T07:22:03Z 2026-10-02T07:22:03.578Z [BM_TX] [DEBUG] Message:
2026-10-02T07:22:03Z  3c 43 46 20 76 3d 31 20
2026-10-02T07:22:03Z  68 3d 64 63 38 62 38 33
2026-10-02T07:22:03Z  36 38 20 63 61 6d 65 72
2026-10-02T07:22:03Z  61 2e 69 6d 61 67 65 5f
2026-10-02T07:22:03Z  70 72 6f 63 65 73 73 69
2026-10-02T07:22:03Z  6e 67 2e 73 61 74 75 72
2026-10-02T07:22:03Z  61 74 69 6f 6e 3d 6e 75
2026-10-02T07:22:03Z  6c 6c 3e
2026-10-02T07:22:03Z 2026-10-02T07:22:03.613Z [MS] [DEBUG] Notecard is 8.000000 pct full.
2026-10-02T07:22:03Z 2026-10-02T07:22:03.613Z [MS] [DEBUG] Has message 2432 expired? queuedTime: 21290396, now64: 21290430, remaining: 86399966
2026-10-02T07:22:03Z 2026-10-02T07:22:03.613Z [MS] [INFO] Sending Cellular message to Notecard.
2026-10-02T07:22:03Z 2026-10-02T07:22:03.617Z [MS] [INFO] Queuing message 2432 20004ED8
2026-10-02T07:22:12Z SPOT-31593C > bm pub bmcam/cmd {"id":1000026,"c":"set","kv":{"camera.image_processing.brightness":-1.0}} 1 1
2026-10-02T07:22:13Z bm pub bmcam/cmd {"id":1000026,"c":"set","kv":{"camera.image_processing.brightness":-1.0}} 1 1
2026-10-02T07:22:13Z 2026-10-02T07:22:13.644Z [MS] [INFO] Added message(id: 2433 len: 163) to queue MS_Q_CELLULAR_ONLY: (1)!
2026-10-02T07:22:13Z 2026-10-02T07:22:13.644Z [BM_TX] [INFO] Submitted spotter/transmit-data message to cell-only queue, Len: 37
2026-10-02T07:22:13Z 2026-10-02T07:22:13.644Z [BM_TX] [DEBUG] Message:
2026-10-02T07:22:13Z  7b 22 69 64 22 3a 31 30
2026-10-02T07:22:13Z  30 30 30 32 36 2c 22 6f
2026-10-02T07:22:13Z  6b 22 3a 31 2c 22 68 22
2026-10-02T07:22:13Z  3a 22 61 63 38 34 61 61
2026-10-02T07:22:13Z  62 61 22 7d
2026-10-02T07:22:13Z Message: 1790925733.664 e6fe83ea6b4a2b7f, [bmcam004] OK id=1000026 camera.image_processing.brightness: none -> -1.0 (next action) cfg=ac84aaba
2026-10-02T07:22:13Z 2026-10-02T07:22:13.695Z [MS] [DEBUG] Notecard is 8.000000 pct full.
2026-10-02T07:22:13Z 2026-10-02T07:22:13.695Z [MS] [DEBUG] Has message 2433 expired? queuedTime: 21300464, now64: 21300516, remaining: 86399948
2026-10-02T07:22:13Z 2026-10-02T07:22:13.699Z [MS] [INFO] Sending Cellular message to Notecard.
2026-10-02T07:22:13Z 2026-10-02T07:22:13.699Z [MS] [INFO] Queuing message 2433 20004ED8
2026-10-02T07:22:13Z 1790925733.707 e6fe83ea6b4a2b7f, [bmcam004] OK id=1000026 camera.image_processing.brightness: none -> -1.0 (next action) (duplicate: original answer) cfg=ac84aaba
2026-10-02T07:22:14Z 1790925733.925 e6fe83ea6b4a2b7f, [bmcam004] OK id=1000026 camera.image_processing.brightness: none -> -1.0 (next action) (duplicate: original answer) cfg=ac84aaba
2026-10-02T07:22:14Z 1790925733.984 e6fe83ea6b4a2b7f, [bmcam004] OK id=1000026 camera.image_processing.brightness: none -> -1.0 (next action) (duplicate: original answer) cfg=ac84aaba
2026-10-02T07:22:14Z 1790925734.035 e6fe83ea6b4a2b7f, [bmcam004] OK id=1000026 camera.image_processing.brightness: none -> -1.0 (next action) (duplicate: original answer) cfg=ac84aaba
2026-10-02T07:22:14Z 2026-10-02T07:22:14.824Z [MS] [INFO] Added message(id: 2434 len: 195) to queue MS_Q_CELLULAR_ONLY: (1)!
2026-10-02T07:22:14Z 2026-10-02T07:22:14.824Z [BM_TX] [INFO] Submitted spotter/transmit-data message to cell-only queue, Len: 69
2026-10-02T07:22:14Z 2026-10-02T07:22:14.828Z [BM_TX] [DEBUG] Message:
2026-10-02T07:22:14Z  3c 43 46 20 76 3d 31 20
2026-10-02T07:22:14Z  68 3d 61 63 38 34 61 61
2026-10-02T07:22:14Z  62 61 20 63 61 6d 65 72
2026-10-02T07:22:14Z  61 2e 69 6d 61 67 65 5f
2026-10-02T07:22:14Z  70 72 6f 63 65 73 73 69
2026-10-02T07:22:14Z  6e 67 2e 62 72 69 67 68
2026-10-02T07:22:14Z  74 6e 65 73 73 3d 2d 31
2026-10-02T07:22:14Z  2e 30 40 63 31 30 30 30
2026-10-02T07:22:14Z  30 32 36 3e
2026-10-02T07:22:14Z 2026-10-02T07:22:14.859Z [MS] [DEBUG] Notecard is 8.000000 pct full.
2026-10-02T07:22:14Z 2026-10-02T07:22:14.859Z [MS] [DEBUG] Has message 2434 expired? queuedTime: 21301645, now64: 21301677, remaining: 86399968
2026-10-02T07:22:14Z 2026-10-02T07:22:14.859Z [MS] [INFO] Sending Cellular message to Notecard.
2026-10-02T07:22:14Z 2026-10-02T07:22:14.859Z [MS] [INFO] Queuing message 2434 20004ED8
2026-10-02T07:22:25Z SPOT-31593C > bm pub bmcam/cmd {"id":64114,"c":"trg","v":2,"kv":{"med":"still","m":40}} 1 1
2026-10-02T07:22:26Z bm pub bmcam/cmd {"id":64114,"c":"trg","v":2,"kv":{"med":"still","m":40}} 1 1
2026-10-02T07:22:26Z 1790925746.503 e6fe83ea6b4a2b7f, [bmcam004] OK id=64114 trg 2 armed: capture + output per mode (next decision point); one action only: mode.media=still, still.message_cap=40 cfg=ac84aaba
2026-10-02T07:22:26Z 2026-10-02T07:22:26.554Z [BRIDGE_CFG] [INFO] Bridge topology in topology sampler:
2026-10-02T07:22:26Z 2026-10-02T07:22:26.562Z [BRIDGE_CFG] [INFO] 0e582dd12c1e1480
2026-10-02T07:22:26Z 2026-10-02T07:22:26.566Z [BRIDGE_CFG] [INFO] e6fe83ea6b4a2b7f
2026-10-02T07:22:26Z 2026-10-02T07:22:26.566Z [BRIDGE_SYS] [INFO] Checking CRC in report builder!
2026-10-02T07:22:26Z 2026-10-02T07:22:26.570Z [BRIDGE_SYS] [INFO] Got CRC f3b914aa OLD CRC f3b914aa
2026-10-02T07:22:26Z 2026-10-02T07:22:26.570Z [BRIDGE_SYS] [INFO] CRCs match, not updating
2026-10-02T07:22:26Z 1790925746.574 e6fe83ea6b4a2b7f, [bmcam004] OK id=64114 trg 2 armed: capture + output per mode (next decision point); one action only: mode.media=still, still.message_cap=40 (duplicate: original answ
2026-10-02T07:22:26Z 1790925746.617 e6fe83ea6b4a2b7f, [bmcam004] OK id=64114 trg 2 armed: capture + output per mode (next decision point); one action only: mode.media=still, still.message_cap=40 (duplicate: original answ
2026-10-02T07:22:27Z 2026-10-02T07:22:27.371Z [MS] [INFO] Added message(id: 2435 len: 262) to queue MS_Q_CELLULAR_ONLY: (1)!
2026-10-02T07:22:27Z 2026-10-02T07:22:27.375Z [BM_TX] [INFO] Submitted spotter/transmit-data message to cell-only queue, Len: 135
2026-10-02T07:22:27Z 2026-10-02T07:22:27.375Z [BM_TX] [DEBUG] Message:
2026-10-02T07:22:27Z  3c 57 53 20 76 3d 31 20
2026-10-02T07:22:27Z  61 3d 63 61 70 20 63 66
2026-10-02T07:22:27Z  67 3d 61 63 38 34 61 61
2026-10-02T07:22:27Z  62 61 20 75 70 3d 31 38
2026-10-02T07:22:27Z  37 35 20 74 7a 3d 41 6d
2026-10-02T07:22:27Z  65 72 69 63 61 2f 4c 6f
2026-10-02T07:22:27Z  73 5f 41 6e 67 65 6c 65
2026-10-02T07:22:27Z  73 20 6c 74 3d 6e 61 20
2026-10-02T07:22:27Z  77 73 3d 30 30 30 30 20
2026-10-02T07:22:27Z  77 65 3d 30 30 30 30 20
2026-10-02T07:22:27Z  72 6b 3d 38 30 30 78 34
2026-10-02T07:22:27Z  35 30 20 71 3d 32 30 20
2026-10-02T07:22:27Z  63 74 3d 33 39 2e 37 20
2026-10-02T07:22:27Z  73 68 61 3d 39 31 61 30
2026-10-02T07:22:27Z  38 66 36 32 34 30 31 31
2026-10-02T07:22:27Z  20 68 6e 3d 62 6d 63 61
2026-10-02T07:22:27Z  6d 30 30 34 3e 0a
2026-10-02T07:22:27Z 2026-10-02T07:22:27.429Z [MS] [DEBUG] Notecard is 8.000000 pct full.
2026-10-02T07:22:27Z 2026-10-02T07:22:27.429Z [MS] [DEBUG] Has message 2435 expired? queuedTime: 21314194, now64: 21314252, remaining: 86399942
2026-10-02T07:22:27Z 2026-10-02T07:22:27.433Z [MS] [INFO] Sending Cellular message to Notecard.
2026-10-02T07:22:27Z 2026-10-02T07:22:27.433Z [MS] [INFO] Queuing message 2435 20004ED8
2026-10-02T07:22:31Z 2026-10-02T07:22:31.785Z [MS] [INFO] Added message(id: 2436 len: 410) to queue MS_Q_CELLULAR_ONLY: (1)!
2026-10-02T07:22:31Z 2026-10-02T07:22:31.785Z [BM_TX] [INFO] Submitted spotter/transmit-data message to cell-only queue, Len: 283
2026-10-02T07:22:31Z 2026-10-02T07:22:31.785Z [BM_TX] [DEBUG] Message:
2026-10-02T07:22:31Z  3c 53 54 41 52 54 20 49
2026-10-02T07:22:31Z  4d 47 3e 20 66 69 6c 65
2026-10-02T07:22:31Z  6e 61 6d 65 3a 20 32 30
2026-10-02T07:22:31Z  32 36 2d 31 30 2d 30 32
2026-10-02T07:22:31Z  54 30 37 3a 32 32 3a 32
2026-10-02T07:22:31Z  37 5a 5f 69 6d 61 67 65
2026-10-02T07:22:31Z  5f 63 6f 6d 70 72 65 73
2026-10-02T07:22:31Z  73 65 64 2e 6a 70 67 2c
2026-10-02T07:22:31Z  20 74 69 6d 65 73 74 61
2026-10-02T07:22:31Z  6d 70 3a 20 32 30 32 36
2026-10-02T07:22:31Z  2d 31 30 2d 30 32 54 30
2026-10-02T07:22:31Z  37 3a 32 32 3a 33 31 5a
2026-10-02T07:22:31Z  2c 20 6c 65 6e 67 74 68
2026-10-02T07:22:31Z  3a 20 31 30 2c 20 6b 65
2026-10-02T07:22:31Z  79 3d 30 65 33 7a 35 66
2026-10-02T07:22:31Z  2c 20 63 66 67 3d 61 63
2026-10-02T07:22:31Z  38 34 61 61 62 61 2c 20
2026-10-02T07:22:31Z  74 67 3d 36 34 31 31 34
2026-10-02T07:22:31Z  2c 20 72 3d 38 30 30 78
2026-10-02T07:22:32Z  34 35 30 2b 31 39 30 34
2026-10-02T07:22:32Z  2b 31 30 37 31 2c 20 6d
2026-10-02T07:22:32Z  3d 34 30 2c 20 66 6d 74
2026-10-02T07:22:32Z  3d 70 6a 70 67 2c 20 71
2026-10-02T07:22:32Z  3d 32 30 2c 20 61 74 74
2026-10-02T07:22:32Z  3d 31 2c 20 63 6d 70 3d
2026-10-02T07:22:32Z  31 2c 20 72 6b 3d 38 30
2026-10-02T07:22:32Z  30 78 34 35 30 2c 20 77
2026-10-02T07:22:32Z  73 3d 30 30 30 30 2c 20
2026-10-02T07:22:32Z  77 65 3d 30 30 30 30 2c
2026-10-02T07:22:32Z  20 73 68 61 3d 39 31 61
2026-10-02T07:22:32Z  30 38 66 36 32 34 30 31
2026-10-02T07:22:32Z  31 2c 20 68 6e 3d 62 6d
2026-10-02T07:22:32Z  63 61 6d 30 30 34 2c 20
2026-10-02T07:22:32Z  73 66 3d 32 34 36 33 34
2026-10-02T07:22:32Z  2c 20 73 70 3d 37 34 2e
2026-10-02T07:22:32Z  39 0a
2026-10-02T07:22:32Z 2026-10-02T07:22:31.863Z [MS] [DEBUG] Notecard is 8.000000 pct full.
2026-10-02T07:22:32Z 2026-10-02T07:22:31.863Z [MS] [DEBUG] Has message 2436 expired? queuedTime: 21318608, now64: 21318684, remaining: 86399924
2026-10-02T07:22:32Z 2026-10-02T07:22:31.863Z [MS] [INFO] Sending Cellular message to Notecard.
2026-10-02T07:22:32Z 2026-10-02T07:22:31.863Z [MS] [INFO] Queuing message 2436 20004ED8
2026-10-02T07:23:07Z SPOT-31593C > bm pub bmcam/cmd {"id":1000027,"c":"reset","k":["camera.image_processing.brightness"]} 1 1
2026-10-02T07:23:08Z bm pub bmcam/cmd {"id":1000027,"c":"reset","k":["camera.image_processing.brightness"]} 1 1
2026-10-02T07:23:08Z 2026-10-02T07:23:08.464Z [MS] [INFO] Added message(id: 2448 len: 163) to queue MS_Q_CELLULAR_ONLY: (1)!
2026-10-02T07:23:08Z 2026-10-02T07:23:08.464Z [BM_TX] [INFO] Submitted spotter/transmit-data message to cell-only queue, Len: 37
2026-10-02T07:23:08Z 2026-10-02T07:23:08.464Z [BM_TX] [DEBUG] Message:
2026-10-02T07:23:08Z  7b 22 69 64 22 3a 31 30
2026-10-02T07:23:08Z  30 30 30 32 37 2c 22 6f
2026-10-02T07:23:08Z  6b 22 3a 31 2c 22 68 22
2026-10-02T07:23:08Z  3a 22 64 63 38 62 38 33
2026-10-02T07:23:08Z  36 38 22 7d
2026-10-02T07:23:08Z Message: 1790925788.476 e6fe83ea6b4a2b7f, [bmcam004] OK id=1000027 reset camera.image_processing.brightness -> YAML cfg=dc8b8368
2026-10-02T07:23:08Z 2026-10-02T07:23:08.511Z [MS] [DEBUG] Notecard is 8.000000 pct full.
2026-10-02T07:23:08Z 2026-10-02T07:23:08.511Z [MS] [DEBUG] Has message 2448 expired? queuedTime: 21355294, now64: 21355341, remaining: 86399953
2026-10-02T07:23:08Z 2026-10-02T07:23:08.511Z [MS] [INFO] Sending Cellular message to Notecard.
2026-10-02T07:23:08Z 2026-10-02T07:23:08.515Z [MS] [INFO] Queuing message 2448 20004ED8
2026-10-02T07:23:08Z 1790925788.523 e6fe83ea6b4a2b7f, [bmcam004] OK id=1000027 reset camera.image_processing.brightness -> YAML (duplicate: original answer) cfg=dc8b8368
2026-10-02T07:23:08Z 1790925788.746 e6fe83ea6b4a2b7f, [bmcam004] OK id=1000027 reset camera.image_processing.brightness -> YAML (duplicate: original answer) cfg=dc8b8368
2026-10-02T07:23:08Z 1790925788.796 e6fe83ea6b4a2b7f, [bmcam004] OK id=1000027 reset camera.image_processing.brightness -> YAML (duplicate: original answer) cfg=dc8b8368
2026-10-02T07:23:08Z 1790925788.843 e6fe83ea6b4a2b7f, [bmcam004] OK id=1000027 reset camera.image_processing.brightness -> YAML (duplicate: original answer) cfg=dc8b8368
2026-10-02T07:23:09Z 2026-10-02T07:23:09.644Z [MS] [INFO] Added message(id: 2449 len: 186) to queue MS_Q_CELLULAR_ONLY: (1)!
2026-10-02T07:23:09Z 2026-10-02T07:23:09.644Z [BM_TX] [INFO] Submitted spotter/transmit-data message to cell-only queue, Len: 60
2026-10-02T07:23:09Z 2026-10-02T07:23:09.644Z [BM_TX] [DEBUG] Message:
2026-10-02T07:23:09Z  3c 43 46 20 76 3d 31 20
2026-10-02T07:23:09Z  68 3d 64 63 38 62 38 33
2026-10-02T07:23:09Z  36 38 20 63 61 6d 65 72
2026-10-02T07:23:09Z  61 2e 69 6d 61 67 65 5f
2026-10-02T07:23:09Z  70 72 6f 63 65 73 73 69
2026-10-02T07:23:09Z  6e 67 2e 62 72 69 67 68
2026-10-02T07:23:09Z  74 6e 65 73 73 3d 6e 75
2026-10-02T07:23:09Z  6c 6c 3e
2026-10-02T07:23:09Z 2026-10-02T07:23:09.679Z [MS] [DEBUG] Notecard is 9.000000 pct full.
2026-10-02T07:23:09Z 2026-10-02T07:23:09.679Z [MS] [DEBUG] Has message 2449 expired? queuedTime: 21356474, now64: 21356508, remaining: 86399966
2026-10-02T07:23:09Z 2026-10-02T07:23:09.679Z [MS] [INFO] Sending Cellular message to Notecard.
2026-10-02T07:23:09Z 2026-10-02T07:23:09.683Z [MS] [INFO] Queuing message 2449 20004ED8
2026-10-02T07:23:18Z SPOT-31593C > bm pub bmcam/cmd {"id":1000028,"c":"set","kv":{"camera.image_processing.brightness":1.0}} 1 1
2026-10-02T07:23:19Z bm pub bmcam/cmd {"id":1000028,"c":"set","kv":{"camera.image_processing.brightness":1.0}} 1 1
2026-10-02T07:23:19Z 2026-10-02T07:23:19.710Z [MS] [INFO] Added message(id: 2450 len: 163) to queue MS_Q_CELLULAR_ONLY: (1)!
2026-10-02T07:23:19Z 2026-10-02T07:23:19.714Z [BM_TX] [INFO] Submitted spotter/transmit-data message to cell-only queue, Len: 37
2026-10-02T07:23:19Z 2026-10-02T07:23:19.714Z [BM_TX] [DEBUG] Message:
2026-10-02T07:23:19Z  7b 22 69 64 22 3a 31 30
2026-10-02T07:23:19Z  30 30 30 32 38 2c 22 6f
2026-10-02T07:23:19Z  6b 22 3a 31 2c 22 68 22
2026-10-02T07:23:19Z  3a 22 32 35 38 36 63 32
2026-10-02T07:23:19Z  30 31 22 7d
2026-10-02T07:23:19Z Message: 1790925799.734 e6fe83ea6b4a2b7f, [bmcam004] OK id=1000028 camera.image_processing.brightness: none -> 1.0 (next action) cfg=2586c201
2026-10-02T07:23:19Z 2026-10-02T07:23:19.757Z [MS] [DEBUG] Notecard is 9.000000 pct full.
2026-10-02T07:23:19Z 2026-10-02T07:23:19.757Z [MS] [DEBUG] Has message 2450 expired? queuedTime: 21366544, now64: 21366590, remaining: 86399954
2026-10-02T07:23:19Z 2026-10-02T07:23:19.761Z [MS] [INFO] Sending Cellular message to Notecard.
2026-10-02T07:23:19Z 2026-10-02T07:23:19.761Z [MS] [INFO] Queuing message 2450 20004ED8
2026-10-02T07:23:19Z 1790925799.773 e6fe83ea6b4a2b7f, [bmcam004] OK id=1000028 camera.image_processing.brightness: none -> 1.0 (next action) (duplicate: original answer) cfg=2586c201
2026-10-02T07:23:20Z 1790925799.992 e6fe83ea6b4a2b7f, [bmcam004] OK id=1000028 camera.image_processing.brightness: none -> 1.0 (next action) (duplicate: original answer) cfg=2586c201
2026-10-02T07:23:20Z 1790925800.054 e6fe83ea6b4a2b7f, [bmcam004] OK id=1000028 camera.image_processing.brightness: none -> 1.0 (next action) (duplicate: original answer) cfg=2586c201
2026-10-02T07:23:20Z 1790925800.101 e6fe83ea6b4a2b7f, [bmcam004] OK id=1000028 camera.image_processing.brightness: none -> 1.0 (next action) (duplicate: original answer) cfg=2586c201
2026-10-02T07:23:21Z 2026-10-02T07:23:20.894Z [MS] [INFO] Added message(id: 2451 len: 194) to queue MS_Q_CELLULAR_ONLY: (1)!
2026-10-02T07:23:21Z 2026-10-02T07:23:20.894Z [BM_TX] [INFO] Submitted spotter/transmit-data message to cell-only queue, Len: 68
2026-10-02T07:23:21Z 2026-10-02T07:23:20.894Z [BM_TX] [DEBUG] Message:
2026-10-02T07:23:21Z  3c 43 46 20 76 3d 31 20
2026-10-02T07:23:21Z  68 3d 32 35 38 36 63 32
2026-10-02T07:23:21Z  30 31 20 63 61 6d 65 72
2026-10-02T07:23:21Z  61 2e 69 6d 61 67 65 5f
2026-10-02T07:23:21Z  70 72 6f 63 65 73 73 69
2026-10-02T07:23:21Z  6e 67 2e 62 72 69 67 68
2026-10-02T07:23:21Z  74 6e 65 73 73 3d 31 2e
2026-10-02T07:23:21Z  30 40 63 31 30 30 30 30
2026-10-02T07:23:21Z  32 38 3e
2026-10-02T07:23:21Z 2026-10-02T07:23:20.925Z [MS] [DEBUG] Notecard is 9.000000 pct full.
2026-10-02T07:23:21Z 2026-10-02T07:23:20.925Z [MS] [DEBUG] Has message 2451 expired? queuedTime: 21367724, now64: 21367757, remaining: 86399967
2026-10-02T07:23:21Z 2026-10-02T07:23:20.925Z [MS] [INFO] Sending Cellular message to Notecard.
2026-10-02T07:23:21Z 2026-10-02T07:23:20.929Z [MS] [INFO] Queuing message 2451 20004ED8
2026-10-02T07:23:26Z 2026-10-02T07:23:26.554Z [BRIDGE_CFG] [INFO] Bridge topology in topology sampler:
2026-10-02T07:23:26Z 2026-10-02T07:23:26.558Z [BRIDGE_CFG] [INFO] 0e582dd12c1e1480
2026-10-02T07:23:26Z 2026-10-02T07:23:26.562Z [BRIDGE_CFG] [INFO] e6fe83ea6b4a2b7f
2026-10-02T07:23:26Z 2026-10-02T07:23:26.562Z [BRIDGE_SYS] [INFO] Checking CRC in report builder!
2026-10-02T07:23:26Z 2026-10-02T07:23:26.566Z [BRIDGE_SYS] [INFO] Got CRC f3b914aa OLD CRC f3b914aa
2026-10-02T07:23:26Z 2026-10-02T07:23:26.566Z [BRIDGE_SYS] [INFO] CRCs match, not updating
2026-10-02T07:23:31Z SPOT-31593C > bm pub bmcam/cmd {"id":64115,"c":"trg","v":2,"kv":{"med":"still","m":40}} 1 1
2026-10-02T07:23:32Z bm pub bmcam/cmd {"id":64115,"c":"trg","v":2,"kv":{"med":"still","m":40}} 1 1
2026-10-02T07:23:32Z 1790925812.574 e6fe83ea6b4a2b7f, [bmcam004] OK id=64115 trg 2 armed: capture + output per mode (next decision point); one action only: mode.media=still, still.message_cap=40 cfg=2586c201
2026-10-02T07:23:32Z 1790925812.621 e6fe83ea6b4a2b7f, [bmcam004] OK id=64115 trg 2 armed: capture + output per mode (next decision point); one action only: mode.media=still, still.message_cap=40 (duplicate: original answ
2026-10-02T07:23:37Z 2026-10-02T07:23:37.402Z [MS] [INFO] Added message(id: 2452 len: 262) to queue MS_Q_CELLULAR_ONLY: (1)!
2026-10-02T07:23:37Z 2026-10-02T07:23:37.402Z [BM_TX] [INFO] Submitted spotter/transmit-data message to cell-only queue, Len: 135
2026-10-02T07:23:37Z 2026-10-02T07:23:37.402Z [BM_TX] [DEBUG] Message:
2026-10-02T07:23:37Z  3c 57 53 20 76 3d 31 20
2026-10-02T07:23:37Z  61 3d 63 61 70 20 63 66
2026-10-02T07:23:37Z  67 3d 32 35 38 36 63 32
2026-10-02T07:23:37Z  30 31 20 75 70 3d 31 39
2026-10-02T07:23:37Z  34 35 20 74 7a 3d 41 6d
2026-10-02T07:23:37Z  65 72 69 63 61 2f 4c 6f
2026-10-02T07:23:37Z  73 5f 41 6e 67 65 6c 65
2026-10-02T07:23:37Z  73 20 6c 74 3d 6e 61 20
2026-10-02T07:23:37Z  77 73 3d 30 30 30 30 20
2026-10-02T07:23:37Z  77 65 3d 30 30 30 30 20
2026-10-02T07:23:37Z  72 6b 3d 38 30 30 78 34
2026-10-02T07:23:37Z  35 30 20 71 3d 32 30 20
2026-10-02T07:23:37Z  63 74 3d 33 38 2e 36 20
2026-10-02T07:23:37Z  73 68 61 3d 39 31 61 30
2026-10-02T07:23:37Z  38 66 36 32 34 30 31 31
2026-10-02T07:23:37Z  20 68 6e 3d 62 6d 63 61
2026-10-02T07:23:37Z  6d 30 30 34 3e 0a
2026-10-02T07:23:37Z 2026-10-02T07:23:37.460Z [MS] [DEBUG] Notecard is 9.000000 pct full.
2026-10-02T07:23:37Z 2026-10-02T07:23:37.460Z [MS] [DEBUG] Has message 2452 expired? queuedTime: 21384235, now64: 21384295, remaining: 86399940
2026-10-02T07:23:37Z 2026-10-02T07:23:37.460Z [MS] [INFO] Sending Cellular message to Notecard.
2026-10-02T07:23:37Z 2026-10-02T07:23:37.460Z [MS] [INFO] Queuing message 2452 20004ED8
2026-10-02T07:24:13Z SPOT-31593C > bm pub bmcam/cmd {"id":1000029,"c":"reset","k":["camera.image_processing.brightness"]} 1 1
2026-10-02T07:24:14Z bm pub bmcam/cmd {"id":1000029,"c":"reset","k":["camera.image_processing.brightness"]} 1 1
2026-10-02T07:24:14Z 2026-10-02T07:24:14.753Z [MS] [INFO] Added message(id: 2465 len: 163) to queue MS_Q_CELLULAR_ONLY: (1)!
2026-10-02T07:24:14Z 2026-10-02T07:24:14.753Z [BM_TX] [INFO] Submitted spotter/transmit-data message to cell-only queue, Len: 37
2026-10-02T07:24:14Z 2026-10-02T07:24:14.753Z [BM_TX] [DEBUG] Message:
2026-10-02T07:24:14Z  7b 22 69 64 22 3a 31 30
2026-10-02T07:24:14Z  30 30 30 32 39 2c 22 6f
2026-10-02T07:24:14Z  6b 22 3a 31 2c 22 68 22
2026-10-02T07:24:14Z  3a 22 64 63 38 62 38 33
2026-10-02T07:24:14Z  36 38 22 7d
2026-10-02T07:24:14Z Message: 1790925854.765 e6fe83ea6b4a2b7f, [bmcam004] OK id=1000029 reset camera.image_processing.brightness -> YAML cfg=dc8b8368
2026-10-02T07:24:15Z 2026-10-02T07:24:14.800Z [MS] [DEBUG] Notecard is 9.000000 pct full.
2026-10-02T07:24:15Z 2026-10-02T07:24:14.804Z [MS] [DEBUG] Has message 2465 expired? queuedTime: 21421595, now64: 21421642, remaining: 86399953
2026-10-02T07:24:15Z 2026-10-02T07:24:14.804Z [MS] [INFO] Sending Cellular message to Notecard.
2026-10-02T07:24:15Z 2026-10-02T07:24:14.804Z [MS] [INFO] Queuing message 2465 20004ED8
2026-10-02T07:24:15Z 1790925854.812 e6fe83ea6b4a2b7f, [bmcam004] OK id=1000029 reset camera.image_processing.brightness -> YAML (duplicate: original answer) cfg=dc8b8368
2026-10-02T07:24:15Z 1790925854.863 e6fe83ea6b4a2b7f, [bmcam004] OK id=1000029 reset camera.image_processing.brightness -> YAML (duplicate: original answer) cfg=dc8b8368
2026-10-02T07:24:15Z 1790925854.914 e6fe83ea6b4a2b7f, [bmcam004] OK id=1000029 reset camera.image_processing.brightness -> YAML (duplicate: original answer) cfg=dc8b8368
2026-10-02T07:24:15Z 1790925854.964 e6fe83ea6b4a2b7f, [bmcam004] OK id=1000029 reset camera.image_processing.brightness -> YAML (duplicate: original answer) cfg=dc8b8368
2026-10-02T07:24:15Z 2026-10-02T07:24:15.765Z [MS] [INFO] Added message(id: 2466 len: 186) to queue MS_Q_CELLULAR_ONLY: (1)!
2026-10-02T07:24:15Z 2026-10-02T07:24:15.765Z [BM_TX] [INFO] Submitted spotter/transmit-data message to cell-only queue, Len: 60
2026-10-02T07:24:15Z 2026-10-02T07:24:15.765Z [BM_TX] [DEBUG] Message:
2026-10-02T07:24:15Z  3c 43 46 20 76 3d 31 20
2026-10-02T07:24:15Z  68 3d 64 63 38 62 38 33
2026-10-02T07:24:15Z  36 38 20 63 61 6d 65 72
2026-10-02T07:24:15Z  61 2e 69 6d 61 67 65 5f
2026-10-02T07:24:15Z  70 72 6f 63 65 73 73 69
2026-10-02T07:24:15Z  6e 67 2e 62 72 69 67 68
2026-10-02T07:24:15Z  74 6e 65 73 73 3d 6e 75
2026-10-02T07:24:15Z  6c 6c 3e
2026-10-02T07:24:15Z 2026-10-02T07:24:15.796Z [MS] [DEBUG] Notecard is 9.000000 pct full.
2026-10-02T07:24:15Z 2026-10-02T07:24:15.796Z [MS] [DEBUG] Has message 2466 expired? queuedTime: 21422606, now64: 21422639, remaining: 86399967
2026-10-02T07:24:16Z 2026-10-02T07:24:15.800Z [MS] [INFO] Sending Cellular message to Notecard.
2026-10-02T07:24:16Z 2026-10-02T07:24:15.800Z [MS] [INFO] Queuing message 2466 20004ED8
2026-10-02T07:24:25Z SPOT-31593C > bm pub bmcam/cmd {"id":1000030,"c":"set","kv":{"camera.image_processing.contrast":0.5}} 1 1
2026-10-02T07:24:26Z bm pub bmcam/cmd {"id":1000030,"c":"set","kv":{"camera.image_processing.contrast":0.5}} 1 1
2026-10-02T07:24:26Z 2026-10-02T07:24:26.050Z [MS] [INFO] Added message(id: 2467 len: 163) to queue MS_Q_CELLULAR_ONLY: (1)!
2026-10-02T07:24:26Z 2026-10-02T07:24:26.050Z [BM_TX] [INFO] Submitted spotter/transmit-data message to cell-only queue, Len: 37
2026-10-02T07:24:26Z 2026-10-02T07:24:26.050Z [BM_TX] [DEBUG] Message:
2026-10-02T07:24:26Z  7b 22 69 64 22 3a 31 30
2026-10-02T07:24:26Z  30 30 30 33 30 2c 22 6f
2026-10-02T07:24:26Z  6b 22 3a 31 2c 22 68 22
2026-10-02T07:24:26Z  3a 22 33 63 32 33 36 31
2026-10-02T07:24:26Z  32 36 22 7d
2026-10-02T07:24:26Z Message: 1790925866.070 e6fe83ea6b4a2b7f, [bmcam004] OK id=1000030 camera.image_processing.contrast: none -> 0.5 (next action) cfg=3c236126
2026-10-02T07:24:26Z 2026-10-02T07:24:26.097Z [MS] [DEBUG] Notecard is 9.000000 pct full.
2026-10-02T07:24:26Z 2026-10-02T07:24:26.097Z [MS] [DEBUG] Has message 2467 expired? queuedTime: 21432895, now64: 21432942, remaining: 86399953
2026-10-02T07:24:26Z 2026-10-02T07:24:26.101Z [MS] [INFO] Sending Cellular message to Notecard.
2026-10-02T07:24:26Z 2026-10-02T07:24:26.101Z [MS] [INFO] Queuing message 2467 20004ED8
2026-10-02T07:24:26Z 1790925866.113 e6fe83ea6b4a2b7f, [bmcam004] OK id=1000030 camera.image_processing.contrast: none -> 0.5 (next action) (duplicate: original answer) cfg=3c236126
2026-10-02T07:24:26Z 1790925866.164 e6fe83ea6b4a2b7f, [bmcam004] OK id=1000030 camera.image_processing.contrast: none -> 0.5 (next action) (duplicate: original answer) cfg=3c236126
2026-10-02T07:24:26Z 1790925866.222 e6fe83ea6b4a2b7f, [bmcam004] OK id=1000030 camera.image_processing.contrast: none -> 0.5 (next action) (duplicate: original answer) cfg=3c236126
2026-10-02T07:24:26Z 1790925866.273 e6fe83ea6b4a2b7f, [bmcam004] OK id=1000030 camera.image_processing.contrast: none -> 0.5 (next action) (duplicate: original answer) cfg=3c236126
2026-10-02T07:24:26Z 2026-10-02T07:24:26.554Z [BRIDGE_CFG] [INFO] Bridge topology in topology sampler:
2026-10-02T07:24:26Z 2026-10-02T07:24:26.558Z [BRIDGE_CFG] [INFO] 0e582dd12c1e1480
2026-10-02T07:24:26Z 2026-10-02T07:24:26.562Z [BRIDGE_CFG] [INFO] e6fe83ea6b4a2b7f
2026-10-02T07:24:26Z 2026-10-02T07:24:26.562Z [BRIDGE_SYS] [INFO] Checking CRC in report builder!
2026-10-02T07:24:26Z 2026-10-02T07:24:26.566Z [BRIDGE_SYS] [INFO] Got CRC f3b914aa OLD CRC f3b914aa
2026-10-02T07:24:26Z 2026-10-02T07:24:26.566Z [BRIDGE_SYS] [INFO] CRCs match, not updating
2026-10-02T07:24:27Z 2026-10-02T07:24:27.062Z [MS] [INFO] Added message(id: 2468 len: 192) to queue MS_Q_CELLULAR_ONLY: (1)!
2026-10-02T07:24:27Z 2026-10-02T07:24:27.062Z [BM_TX] [INFO] Submitted spotter/transmit-data message to cell-only queue, Len: 66
2026-10-02T07:24:27Z 2026-10-02T07:24:27.062Z [BM_TX] [DEBUG] Message:
2026-10-02T07:24:27Z  3c 43 46 20 76 3d 31 20
2026-10-02T07:24:27Z  68 3d 33 63 32 33 36 31
2026-10-02T07:24:27Z  32 36 20 63 61 6d 65 72
2026-10-02T07:24:27Z  61 2e 69 6d 61 67 65 5f
2026-10-02T07:24:27Z  70 72 6f 63 65 73 73 69
2026-10-02T07:24:27Z  6e 67 2e 63 6f 6e 74 72
2026-10-02T07:24:27Z  61 73 74 3d 30 2e 35 40
2026-10-02T07:24:27Z  63 31 30 30 30 30 33 30
2026-10-02T07:24:27Z  3e
2026-10-02T07:24:27Z 2026-10-02T07:24:27.097Z [MS] [DEBUG] Notecard is 9.000000 pct full.
2026-10-02T07:24:27Z 2026-10-02T07:24:27.097Z [MS] [DEBUG] Has message 2468 expired? queuedTime: 21433905, now64: 21433939, remaining: 86399966
2026-10-02T07:24:27Z 2026-10-02T07:24:27.097Z [MS] [INFO] Sending Cellular message to Notecard.
2026-10-02T07:24:27Z 2026-10-02T07:24:27.097Z [MS] [INFO] Queuing message 2468 20004ED8
2026-10-02T07:24:37Z SPOT-31593C > bm pub bmcam/cmd {"id":64116,"c":"trg","v":2,"kv":{"med":"still","m":40}} 1 1
2026-10-02T07:24:38Z bm pub bmcam/cmd {"id":64116,"c":"trg","v":2,"kv":{"med":"still","m":40}} 1 1
2026-10-02T07:24:39Z 1790925878.960 e6fe83ea6b4a2b7f, [bmcam004] OK id=64116 trg 2 armed: capture + output per mode (next decision point); one action only: mode.media=still, still.message_cap=40 cfg=3c236126
2026-10-02T07:24:39Z 1790925879.011 e6fe83ea6b4a2b7f, [bmcam004] OK id=64116 trg 2 armed: capture + output per mode (next decision point); one action only: mode.media=still, still.message_cap=40 (duplicate: original answ
2026-10-02T07:24:39Z 1790925879.070 e6fe83ea6b4a2b7f, [bmcam004] OK id=64116 trg 2 armed: capture + output per mode (next decision point); one action only: mode.media=still, still.message_cap=40 (duplicate: original answ
2026-10-02T07:24:39Z 1790925879.121 e6fe83ea6b4a2b7f, [bmcam004] OK id=64116 trg 2 armed: capture + output per mode (next decision point); one action only: mode.media=still, still.message_cap=40 (duplicate: original answ
2026-10-02T07:24:39Z 1790925879.171 e6fe83ea6b4a2b7f, [bmcam004] OK id=64116 trg 2 armed: capture + output per mode (next decision point); one action only: mode.media=still, still.message_cap=40 (duplicate: original answ
2026-10-02T07:25:31Z SPOT-31593C > bm pub bmcam/cmd {"id":1000031,"c":"reset","k":["camera.image_processing.contrast"]} 1 1
2026-10-02T07:25:32Z bm pub bmcam/cmd {"id":1000031,"c":"reset","k":["camera.image_processing.contrast"]} 1 1
2026-10-02T07:25:33Z 2026-10-02T07:25:33.078Z [MS] [INFO] Added message(id: 2487 len: 163) to queue MS_Q_CELLULAR_ONLY: (1)!
2026-10-02T07:25:33Z 2026-10-02T07:25:33.078Z [BM_TX] [INFO] Submitted spotter/transmit-data message to cell-only queue, Len: 37
2026-10-02T07:25:33Z 2026-10-02T07:25:33.078Z [BM_TX] [DEBUG] Message:
2026-10-02T07:25:33Z  7b 22 69 64 22 3a 31 30
2026-10-02T07:25:33Z  30 30 30 33 31 2c 22 6f
2026-10-02T07:25:33Z  6b 22 3a 31 2c 22 68 22
2026-10-02T07:25:33Z  3a 22 64 63 38 62 38 33
2026-10-02T07:25:33Z  36 38 22 7d
2026-10-02T07:25:33Z Message: 1790925933.089 e6fe83ea6b4a2b7f, [bmcam004] OK id=1000031 reset camera.image_processing.contrast -> YAML cfg=dc8b8368
2026-10-02T07:25:33Z 2026-10-02T07:25:33.125Z [MS] [DEBUG] Notecard is 11.000000 pct full.
2026-10-02T07:25:33Z 2026-10-02T07:25:33.125Z [MS] [DEBUG] Has message 2487 expired? queuedTime: 21499934, now64: 21499979, remaining: 86399955
2026-10-02T07:25:33Z 2026-10-02T07:25:33.125Z [MS] [INFO] Sending Cellular message to Notecard.
2026-10-02T07:25:33Z 2026-10-02T07:25:33.125Z [MS] [INFO] Queuing message 2487 20004ED8
2026-10-02T07:25:33Z 1790925933.140 e6fe83ea6b4a2b7f, [bmcam004] OK id=1000031 reset camera.image_processing.contrast -> YAML (duplicate: original answer) cfg=dc8b8368
2026-10-02T07:25:33Z 1790925933.187 e6fe83ea6b4a2b7f, [bmcam004] OK id=1000031 reset camera.image_processing.contrast -> YAML (duplicate: original answer) cfg=dc8b8368
2026-10-02T07:25:33Z 1790925933.242 e6fe83ea6b4a2b7f, [bmcam004] OK id=1000031 reset camera.image_processing.contrast -> YAML (duplicate: original answer) cfg=dc8b8368
2026-10-02T07:25:33Z 1790925933.289 e6fe83ea6b4a2b7f, [bmcam004] OK id=1000031 reset camera.image_processing.contrast -> YAML (duplicate: original answer) cfg=dc8b8368
2026-10-02T07:25:34Z 2026-10-02T07:25:34.089Z [MS] [INFO] Added message(id: 2488 len: 184) to queue MS_Q_CELLULAR_ONLY: (1)!
2026-10-02T07:25:34Z 2026-10-02T07:25:34.089Z [BM_TX] [INFO] Submitted spotter/transmit-data message to cell-only queue, Len: 58
2026-10-02T07:25:34Z 2026-10-02T07:25:34.089Z [BM_TX] [DEBUG] Message:
2026-10-02T07:25:34Z  3c 43 46 20 76 3d 31 20
2026-10-02T07:25:34Z  68 3d 64 63 38 62 38 33
2026-10-02T07:25:34Z  36 38 20 63 61 6d 65 72
2026-10-02T07:25:34Z  61 2e 69 6d 61 67 65 5f
2026-10-02T07:25:34Z  70 72 6f 63 65 73 73 69
2026-10-02T07:25:34Z  6e 67 2e 63 6f 6e 74 72
2026-10-02T07:25:34Z  61 73 74 3d 6e 75 6c 6c
2026-10-02T07:25:34Z  3e
2026-10-02T07:25:34Z 2026-10-02T07:25:34.121Z [MS] [DEBUG] Notecard is 11.000000 pct full.
2026-10-02T07:25:34Z 2026-10-02T07:25:34.121Z [MS] [DEBUG] Has message 2488 expired? queuedTime: 21500945, now64: 21500977, remaining: 86399968
2026-10-02T07:25:34Z 2026-10-02T07:25:34.125Z [MS] [INFO] Sending Cellular message to Notecard.
2026-10-02T07:25:34Z 2026-10-02T07:25:34.125Z [MS] [INFO] Queuing message 2488 20004ED8
2026-10-02T07:25:43Z SPOT-31593C > bm pub bmcam/cmd {"id":1000032,"c":"set","kv":{"camera.image_processing.contrast":2.0}} 1 1
2026-10-02T07:25:44Z bm pub bmcam/cmd {"id":1000032,"c":"set","kv":{"camera.image_processing.contrast":2.0}} 1 1
2026-10-02T07:25:44Z 2026-10-02T07:25:44.187Z [MS] [INFO] Added message(id: 2489 len: 163) to queue MS_Q_CELLULAR_ONLY: (1)!
2026-10-02T07:25:44Z 2026-10-02T07:25:44.187Z [BM_TX] [INFO] Submitted spotter/transmit-data message to cell-only queue, Len: 37
2026-10-02T07:25:44Z 2026-10-02T07:25:44.187Z [BM_TX] [DEBUG] Message:
2026-10-02T07:25:44Z  7b 22 69 64 22 3a 31 30
2026-10-02T07:25:44Z  30 30 30 33 32 2c 22 6f
2026-10-02T07:25:44Z  6b 22 3a 31 2c 22 68 22
2026-10-02T07:25:44Z  3a 22 65 64 63 64 34 35
2026-10-02T07:25:44Z  36 30 22 7d
2026-10-02T07:25:44Z Message: 1790925944.199 e6fe83ea6b4a2b7f, [bmcam004] OK id=1000032 camera.image_processing.contrast: none -> 2.0 (next action) cfg=edcd4560
2026-10-02T07:25:44Z 2026-10-02T07:25:44.234Z [MS] [DEBUG] Notecard is 11.000000 pct full.
2026-10-02T07:25:44Z 2026-10-02T07:25:44.234Z [MS] [DEBUG] Has message 2489 expired? queuedTime: 21511044, now64: 21511090, remaining: 86399954
2026-10-02T07:25:44Z 2026-10-02T07:25:44.234Z [MS] [INFO] Sending Cellular message to Notecard.
2026-10-02T07:25:44Z 2026-10-02T07:25:44.234Z [MS] [INFO] Queuing message 2489 20004ED8
2026-10-02T07:25:44Z 1790925944.250 e6fe83ea6b4a2b7f, [bmcam004] OK id=1000032 camera.image_processing.contrast: none -> 2.0 (next action) (duplicate: original answer) cfg=edcd4560
2026-10-02T07:25:44Z 1790925944.296 e6fe83ea6b4a2b7f, [bmcam004] OK id=1000032 camera.image_processing.contrast: none -> 2.0 (next action) (duplicate: original answer) cfg=edcd4560
2026-10-02T07:25:44Z 1790925944.347 e6fe83ea6b4a2b7f, [bmcam004] OK id=1000032 camera.image_processing.contrast: none -> 2.0 (next action) (duplicate: original answer) cfg=edcd4560
2026-10-02T07:25:44Z 1790925944.398 e6fe83ea6b4a2b7f, [bmcam004] OK id=1000032 camera.image_processing.contrast: none -> 2.0 (next action) (duplicate: original answer) cfg=edcd4560
2026-10-02T07:25:45Z 2026-10-02T07:25:45.199Z [MS] [INFO] Added message(id: 2490 len: 192) to queue MS_Q_CELLULAR_ONLY: (1)!
2026-10-02T07:25:45Z 2026-10-02T07:25:45.199Z [BM_TX] [INFO] Submitted spotter/transmit-data message to cell-only queue, Len: 66
2026-10-02T07:25:45Z 2026-10-02T07:25:45.199Z [BM_TX] [DEBUG] Message:
2026-10-02T07:25:45Z  3c 43 46 20 76 3d 31 20
2026-10-02T07:25:45Z  68 3d 65 64 63 64 34 35
2026-10-02T07:25:45Z  36 30 20 63 61 6d 65 72
2026-10-02T07:25:45Z  61 2e 69 6d 61 67 65 5f
2026-10-02T07:25:45Z  70 72 6f 63 65 73 73 69
2026-10-02T07:25:45Z  6e 67 2e 63 6f 6e 74 72
2026-10-02T07:25:45Z  61 73 74 3d 32 2e 30 40
2026-10-02T07:25:45Z  63 31 30 30 30 30 33 32
2026-10-02T07:25:45Z  3e
2026-10-02T07:25:45Z 2026-10-02T07:25:45.230Z [MS] [DEBUG] Notecard is 11.000000 pct full.
2026-10-02T07:25:45Z 2026-10-02T07:25:45.230Z [MS] [DEBUG] Has message 2490 expired? queuedTime: 21512054, now64: 21512087, remaining: 86399967
2026-10-02T07:25:45Z 2026-10-02T07:25:45.230Z [MS] [INFO] Sending Cellular message to Notecard.
2026-10-02T07:25:45Z 2026-10-02T07:25:45.230Z [MS] [INFO] Queuing message 2490 20004ED8
2026-10-02T07:25:56Z SPOT-31593C > bm pub bmcam/cmd {"id":64117,"c":"trg","v":2,"kv":{"med":"still","m":40}} 1 1
2026-10-02T07:25:57Z bm pub bmcam/cmd {"id":64117,"c":"trg","v":2,"kv":{"med":"still","m":40}} 1 1
2026-10-02T07:25:57Z 1790925957.085 e6fe83ea6b4a2b7f, [bmcam004] OK id=64117 trg 2 armed: capture + output per mode (next decision point); one action only: mode.media=still, still.message_cap=40 cfg=edcd4560
2026-10-02T07:25:57Z 1790925957.136 e6fe83ea6b4a2b7f, [bmcam004] OK id=64117 trg 2 armed: capture + output per mode (next decision point); one action only: mode.media=still, still.message_cap=40 (duplicate: original answ
2026-10-02T07:25:57Z 1790925957.199 e6fe83ea6b4a2b7f, [bmcam004] OK id=64117 trg 2 armed: capture + output per mode (next decision point); one action only: mode.media=still, still.message_cap=40 (duplicate: original answ
2026-10-02T07:25:57Z 1790925957.265 e6fe83ea6b4a2b7f, [bmcam004] OK id=64117 trg 2 armed: capture + output per mode (next decision point); one action only: mode.media=still, still.message_cap=40 (duplicate: original answ
2026-10-02T07:25:57Z 1790925957.296 e6fe83ea6b4a2b7f, [bmcam004] OK id=64117 trg 2 armed: capture + output per mode (next decision point); one action only: mode.media=still, still.message_cap=40 (duplicate: original answ
2026-10-02T07:25:57Z 2026-10-02T07:25:57.667Z [MS] [INFO] Added message(id: 2491 len: 262) to queue MS_Q_CELLULAR_ONLY: (1)!
2026-10-02T07:25:57Z 2026-10-02T07:25:57.667Z [BM_TX] [INFO] Submitted spotter/transmit-data message to cell-only queue, Len: 135
2026-10-02T07:25:57Z 2026-10-02T07:25:57.667Z [BM_TX] [DEBUG] Message:
2026-10-02T07:25:57Z  3c 57 53 20 76 3d 31 20
2026-10-02T07:25:57Z  61 3d 63 61 70 20 63 66
2026-10-02T07:25:57Z  67 3d 65 64 63 64 34 35
2026-10-02T07:25:57Z  36 30 20 75 70 3d 32 30
2026-10-02T07:25:57Z  38 35 20 74 7a 3d 41 6d
2026-10-02T07:25:57Z  65 72 69 63 61 2f 4c 6f
2026-10-02T07:25:57Z  73 5f 41 6e 67 65 6c 65
2026-10-02T07:25:57Z  73 20 6c 74 3d 6e 61 20
2026-10-02T07:25:57Z  77 73 3d 30 30 30 30 20
2026-10-02T07:25:57Z  77 65 3d 30 30 30 30 20
2026-10-02T07:25:57Z  72 6b 3d 38 30 30 78 34
2026-10-02T07:25:57Z  35 30 20 71 3d 32 30 20
2026-10-02T07:25:57Z  63 74 3d 33 39 2e 37 20
2026-10-02T07:25:57Z  73 68 61 3d 39 31 61 30
2026-10-02T07:25:57Z  38 66 36 32 34 30 31 31
2026-10-02T07:25:57Z  20 68 6e 3d 62 6d 63 61
2026-10-02T07:25:57Z  6d 30 30 34 3e 0a
2026-10-02T07:25:57Z 2026-10-02T07:25:57.726Z [MS] [DEBUG] Notecard is 11.000000 pct full.
2026-10-02T07:25:57Z 2026-10-02T07:25:57.726Z [MS] [DEBUG] Has message 2491 expired? queuedTime: 21524526, now64: 21524584, remaining: 86399942
2026-10-02T07:25:57Z 2026-10-02T07:25:57.726Z [MS] [INFO] Sending Cellular message to Notecard.
2026-10-02T07:25:57Z 2026-10-02T07:25:57.726Z [MS] [INFO] Queuing message 2491 20004ED8
2026-10-02T07:26:02Z 2026-10-02T07:26:02.136Z [MS] [INFO] Added message(id: 2492 len: 410) to queue MS_Q_CELLULAR_ONLY: (1)!
2026-10-02T07:26:02Z 2026-10-02T07:26:02.136Z [BM_TX] [INFO] Submitted spotter/transmit-data message to cell-only queue, Len: 283
2026-10-02T07:26:02Z 2026-10-02T07:26:02.140Z [BM_TX] [DEBUG] Message:
2026-10-02T07:26:02Z  3c 53 54 41 52 54 20 49
2026-10-02T07:26:02Z  4d 47 3e 20 66 69 6c 65
2026-10-02T07:26:02Z  6e 61 6d 65 3a 20 32 30
2026-10-02T07:26:02Z  32 36 2d 31 30 2d 30 32
2026-10-02T07:26:02Z  54 30 37 3a 32 35 3a 35
2026-10-02T07:26:02Z  37 5a 5f 69 6d 61 67 65
2026-10-02T07:26:02Z  5f 63 6f 6d 70 72 65 73
2026-10-02T07:26:02Z  73 65 64 2e 6a 70 67 2c
2026-10-02T07:26:02Z  20 74 69 6d 65 73 74 61
2026-10-02T07:26:02Z  6d 70 3a 20 32 30 32 36
2026-10-02T07:26:02Z  2d 31 30 2d 30 32 54 30
2026-10-02T07:26:02Z  37 3a 32 36 3a 30 32 5a
2026-10-02T07:26:02Z  2c 20 6c 65 6e 67 74 68
2026-10-02T07:26:02Z  3a 20 31 32 2c 20 6b 65
2026-10-02T07:26:02Z  79 3d 30 65 33 7a 62 39
2026-10-02T07:26:02Z  2c 20 63 66 67 3d 65 64
2026-10-02T07:26:02Z  63 64 34 35 36 30 2c 20
2026-10-02T07:26:02Z  74 67 3d 36 34 31 31 37
2026-10-02T07:26:02Z  2c 20 72 3d 38 30 30 78
2026-10-02T07:26:02Z  34 35 30 2b 31 39 30 34
2026-10-02T07:26:02Z  2b 31 30 37 31 2c 20 6d
2026-10-02T07:26:02Z  3d 34 30 2c 20 66 6d 74
2026-10-02T07:26:02Z  3d 70 6a 70 67 2c 20 71
2026-10-02T07:26:02Z  3d 32 30 2c 20 61 74 74
2026-10-02T07:26:02Z  3d 31 2c 20 63 6d 70 3d
2026-10-02T07:26:02Z  31 2c 20 72 6b 3d 38 30
2026-10-02T07:26:02Z  30 78 34 35 30 2c 20 77
2026-10-02T07:26:02Z  73 3d 30 30 30 30 2c 20
2026-10-02T07:26:02Z  77 65 3d 30 30 30 30 2c
2026-10-02T07:26:02Z  20 73 68 61 3d 39 31 61
2026-10-02T07:26:02Z  30 38 66 36 32 34 30 31
2026-10-02T07:26:02Z  31 2c 20 68 6e 3d 62 6d
2026-10-02T07:26:02Z  63 61 6d 30 30 34 2c 20
2026-10-02T07:26:02Z  73 66 3d 32 34 36 33 31
2026-10-02T07:26:02Z  2c 20 73 70 3d 37 34 2e
2026-10-02T07:26:02Z  39 0a
2026-10-02T07:26:02Z 2026-10-02T07:26:02.214Z [MS] [DEBUG] Notecard is 11.000000 pct full.
2026-10-02T07:26:02Z 2026-10-02T07:26:02.214Z [MS] [DEBUG] Has message 2492 expired? queuedTime: 21528998, now64: 21529076, remaining: 86399922
2026-10-02T07:26:02Z 2026-10-02T07:26:02.218Z [MS] [INFO] Sending Cellular message to Notecard.
2026-10-02T07:26:02Z 2026-10-02T07:26:02.218Z [MS] [INFO] Queuing message 2492 20004ED8
2026-10-02T07:26:37Z SPOT-31593C > bm pub bmcam/cmd {"id":1000033,"c":"reset","k":["camera.image_processing.contrast"]} 1 1
2026-10-02T07:26:38Z bm pub bmcam/cmd {"id":1000033,"c":"reset","k":["camera.image_processing.contrast"]} 1 1
2026-10-02T07:26:38Z 2026-10-02T07:26:38.195Z [MS] [INFO] Added message(id: 2506 len: 163) to queue MS_Q_CELLULAR_ONLY: (1)!
2026-10-02T07:26:38Z 2026-10-02T07:26:38.199Z [BM_TX] [INFO] Submitted spotter/transmit-data message to cell-only queue, Len: 37
2026-10-02T07:26:38Z 2026-10-02T07:26:38.199Z [BM_TX] [DEBUG] Message:
2026-10-02T07:26:38Z  7b 22 69 64 22 3a 31 30
2026-10-02T07:26:38Z  30 30 30 33 33 2c 22 6f
2026-10-02T07:26:38Z  6b 22 3a 31 2c 22 68 22
2026-10-02T07:26:38Z  3a 22 64 63 38 62 38 33
2026-10-02T07:26:38Z  36 38 22 7d
2026-10-02T07:26:38Z Message: 1790925998.214 e6fe83ea6b4a2b7f, [bmcam004] OK id=1000033 reset camera.image_processing.contrast -> YAML cfg=dc8b8368
2026-10-02T07:26:38Z 2026-10-02T07:26:38.246Z [MS] [DEBUG] Notecard is 12.000000 pct full.
2026-10-02T07:26:38Z 2026-10-02T07:26:38.246Z [MS] [DEBUG] Has message 2506 expired? queuedTime: 21565063, now64: 21565111, remaining: 86399952
2026-10-02T07:26:38Z 2026-10-02T07:26:38.246Z [MS] [INFO] Sending Cellular message to Notecard.
2026-10-02T07:26:38Z 2026-10-02T07:26:38.246Z [MS] [INFO] Queuing message 2506 20004ED8
2026-10-02T07:26:38Z 1790925998.265 e6fe83ea6b4a2b7f, [bmcam004] OK id=1000033 reset camera.image_processing.contrast -> YAML (duplicate: original answer) cfg=dc8b8368
2026-10-02T07:26:38Z 1790925998.496 e6fe83ea6b4a2b7f, [bmcam004] OK id=1000033 reset camera.image_processing.contrast -> YAML (duplicate: original answer) cfg=dc8b8368
2026-10-02T07:26:38Z 1790925998.546 e6fe83ea6b4a2b7f, [bmcam004] OK id=1000033 reset camera.image_processing.contrast -> YAML (duplicate: original answer) cfg=dc8b8368
2026-10-02T07:26:38Z 1790925998.597 e6fe83ea6b4a2b7f, [bmcam004] OK id=1000033 reset camera.image_processing.contrast -> YAML (duplicate: original answer) cfg=dc8b8368
2026-10-02T07:26:39Z 2026-10-02T07:26:39.398Z [MS] [INFO] Added message(id: 2507 len: 184) to queue MS_Q_CELLULAR_ONLY: (1)!
2026-10-02T07:26:39Z 2026-10-02T07:26:39.398Z [BM_TX] [INFO] Submitted spotter/transmit-data message to cell-only queue, Len: 58
2026-10-02T07:26:39Z 2026-10-02T07:26:39.398Z [BM_TX] [DEBUG] Message:
2026-10-02T07:26:39Z  3c 43 46 20 76 3d 31 20
2026-10-02T07:26:39Z  68 3d 64 63 38 62 38 33
2026-10-02T07:26:39Z  36 38 20 63 61 6d 65 72
2026-10-02T07:26:39Z  61 2e 69 6d 61 67 65 5f
2026-10-02T07:26:39Z  70 72 6f 63 65 73 73 69
2026-10-02T07:26:39Z  6e 67 2e 63 6f 6e 74 72
2026-10-02T07:26:39Z  61 73 74 3d 6e 75 6c 6c
2026-10-02T07:26:39Z  3e
2026-10-02T07:26:39Z 2026-10-02T07:26:39.425Z [MS] [DEBUG] Notecard is 12.000000 pct full.
2026-10-02T07:26:39Z 2026-10-02T07:26:39.429Z [MS] [DEBUG] Has message 2507 expired? queuedTime: 21566264, now64: 21566294, remaining: 86399970
2026-10-02T07:26:39Z 2026-10-02T07:26:39.429Z [MS] [INFO] Sending Cellular message to Notecard.
2026-10-02T07:26:39Z 2026-10-02T07:26:39.429Z [MS] [INFO] Queuing message 2507 20004ED8
2026-10-02T07:27:06Z SPOT-31593C > bm pub bmcam/cmd {"id":64130,"c":"set","kv":{"camera.image_processing.sharpness":16.01}} 1 1
2026-10-02T07:27:08Z bm pub bmcam/cmd {"id":64130,"c":"set","kv":{"camera.image_processing.sharpness":16.01}} 1 1
2026-10-02T07:27:08Z 1790926028.890 e6fe83ea6b4a2b7f, [bmcam004] REJECTED id=64130 must be in 0.0..16.0 e=val k=camera.image_processing.sharpness cfg=dc8b8368
2026-10-02T07:27:08Z 1790926028.941 e6fe83ea6b4a2b7f, [bmcam004] REJECTED id=64130 (duplicate: original answer) e=val k=camera.image_processing.sharpness cfg=dc8b8368
2026-10-02T07:27:09Z 1790926029.164 e6fe83ea6b4a2b7f, [bmcam004] REJECTED id=64130 (duplicate: original answer) e=val k=camera.image_processing.sharpness cfg=dc8b8368
2026-10-02T07:27:09Z 1790926029.222 e6fe83ea6b4a2b7f, [bmcam004] REJECTED id=64130 (duplicate: original answer) e=val k=camera.image_processing.sharpness cfg=dc8b8368
2026-10-02T07:27:09Z 1790926029.273 e6fe83ea6b4a2b7f, [bmcam004] REJECTED id=64130 (duplicate: original answer) e=val k=camera.image_processing.sharpness cfg=dc8b8368
2026-10-02T07:27:16Z SPOT-31593C > bm pub bmcam/cmd {"id":64131,"c":"set","kv":{"camera.image_processing.contrast":32.1}} 1 1
2026-10-02T07:27:16Z 2026-10-02T07:27:16.824Z [ORC] [INFO] Running health check!
2026-10-02T07:27:17Z bm pub bmcam/cmd {"id":64131,"c":"set","kv":{"camera.image_processing.contrast":32.1}} 1 1
2026-10-02T07:27:17Z 1790926037.132 e6fe83ea6b4a2b7f, [bmcam004] REJECTED id=64131 must be in 0.0..32.0 e=val k=camera.image_processing.contrast cfg=dc8b8368
2026-10-02T07:27:17Z 1790926037.183 e6fe83ea6b4a2b7f, [bmcam004] REJECTED id=64131 (duplicate: original answer) e=val k=camera.image_processing.contrast cfg=dc8b8368
2026-10-02T07:27:17Z 1790926037.250 e6fe83ea6b4a2b7f, [bmcam004] REJECTED id=64131 (duplicate: original answer) e=val k=camera.image_processing.contrast cfg=dc8b8368
2026-10-02T07:27:17Z 1790926037.449 e6fe83ea6b4a2b7f, [bmcam004] REJECTED id=64131 (duplicate: original answer) e=val k=camera.image_processing.contrast cfg=dc8b8368
2026-10-02T07:27:17Z 1790926037.500 e6fe83ea6b4a2b7f, [bmcam004] REJECTED id=64131 (duplicate: original answer) e=val k=camera.image_processing.contrast cfg=dc8b8368
2026-10-02T07:27:24Z SPOT-31593C > bm pub bmcam/cmd {"id":64132,"c":"set","kv":{"camera.image_processing.saturation":-0.01}} 1 1
2026-10-02T07:27:25Z bm pub bmcam/cmd {"id":64132,"c":"set","kv":{"camera.image_processing.saturation":-0.01}} 1 1
2026-10-02T07:27:25Z 1790926045.371 e6fe83ea6b4a2b7f, [bmcam004] REJECTED id=64132 must be in 0.0..32.0 e=val k=camera.image_processing.saturation cfg=dc8b8368
2026-10-02T07:27:25Z 1790926045.421 e6fe83ea6b4a2b7f, [bmcam004] REJECTED id=64132 (duplicate: original answer) e=val k=camera.image_processing.saturation cfg=dc8b8368
2026-10-02T07:27:25Z 1790926045.660 e6fe83ea6b4a2b7f, [bmcam004] REJECTED id=64132 (duplicate: original answer) e=val k=camera.image_processing.saturation cfg=dc8b8368
2026-10-02T07:27:25Z 1790926045.710 e6fe83ea6b4a2b7f, [bmcam004] REJECTED id=64132 (duplicate: original answer) e=val k=camera.image_processing.saturation cfg=dc8b8368
2026-10-02T07:27:25Z 1790926045.761 e6fe83ea6b4a2b7f, [bmcam004] REJECTED id=64132 (duplicate: original answer) e=val k=camera.image_processing.saturation cfg=dc8b8368
2026-10-02T07:27:26Z 2026-10-02T07:27:26.546Z [BRIDGE_CFG] [INFO] Bridge topology in topology sampler:
2026-10-02T07:27:26Z 2026-10-02T07:27:26.554Z [BRIDGE_CFG] [INFO] 0e582dd12c1e1480
2026-10-02T07:27:26Z 2026-10-02T07:27:26.554Z [BRIDGE_CFG] [INFO] e6fe83ea6b4a2b7f
2026-10-02T07:27:26Z 2026-10-02T07:27:26.558Z [BRIDGE_SYS] [INFO] Checking CRC in report builder!
2026-10-02T07:27:26Z 2026-10-02T07:27:26.558Z [BRIDGE_SYS] [INFO] Got CRC f3b914aa OLD CRC f3b914aa
2026-10-02T07:27:26Z 2026-10-02T07:27:26.562Z [BRIDGE_SYS] [INFO] CRCs match, not updating
2026-10-02T07:27:32Z SPOT-31593C > bm pub bmcam/cmd {"id":64133,"c":"set","kv":{"camera.image_processing.brightness":1.01}} 1 1
2026-10-02T07:27:33Z bm pub bmcam/cmd {"id":64133,"c":"set","kv":{"camera.image_processing.brightness":1.01}} 1 1
2026-10-02T07:27:33Z 1790926053.667 e6fe83ea6b4a2b7f, [bmcam004] REJECTED id=64133 must be in -1.0..1.0 e=val k=camera.image_processing.brightness cfg=dc8b8368
2026-10-02T07:27:33Z 1790926053.718 e6fe83ea6b4a2b7f, [bmcam004] REJECTED id=64133 (duplicate: original answer) e=val k=camera.image_processing.brightness cfg=dc8b8368
2026-10-02T07:27:33Z 1790926053.769 e6fe83ea6b4a2b7f, [bmcam004] REJECTED id=64133 (duplicate: original answer) e=val k=camera.image_processing.brightness cfg=dc8b8368
2026-10-02T07:27:33Z 1790926053.820 e6fe83ea6b4a2b7f, [bmcam004] REJECTED id=64133 (duplicate: original answer) e=val k=camera.image_processing.brightness cfg=dc8b8368
2026-10-02T07:27:34Z 1790926053.878 e6fe83ea6b4a2b7f, [bmcam004] REJECTED id=64133 (duplicate: original answer) e=val k=camera.image_processing.brightness cfg=dc8b8368
2026-10-02T07:27:40Z SPOT-31593C > bm pub bmcam/cmd {"id":64134,"c":"set","kv":{"camera.image_processing.denoise":"bogus"}} 1 1
2026-10-02T07:27:41Z bm pub bmcam/cmd {"id":64134,"c":"set","kv":{"camera.image_processing.denoise":"bogus"}} 1 1
2026-10-02T07:27:42Z 1790926061.976 e6fe83ea6b4a2b7f, [bmcam004] REJECTED id=64134 must be one of 'auto', 'off', 'cdn_off', 'cdn_fast', 'cdn_hq' e=val k=camera.image_processing.denoise cfg=dc8b8368
2026-10-02T07:27:42Z 1790926062.027 e6fe83ea6b4a2b7f, [bmcam004] REJECTED id=64134 (duplicate: original answer) e=val k=camera.image_processing.denoise cfg=dc8b8368
2026-10-02T07:27:42Z 1790926062.078 e6fe83ea6b4a2b7f, [bmcam004] REJECTED id=64134 (duplicate: original answer) e=val k=camera.image_processing.denoise cfg=dc8b8368
2026-10-02T07:27:42Z 1790926062.128 e6fe83ea6b4a2b7f, [bmcam004] REJECTED id=64134 (duplicate: original answer) e=val k=camera.image_processing.denoise cfg=dc8b8368
2026-10-02T07:27:42Z 1790926062.175 e6fe83ea6b4a2b7f, [bmcam004] REJECTED id=64134 (duplicate: original answer) e=val k=camera.image_processing.denoise cfg=dc8b8368
2026-10-02T07:27:49Z SPOT-31593C > bm pub bmcam/cmd {"id":64135,"c":"set","kv":{"camera.image_processing.hdr":"bogus"}} 1 1
2026-10-02T07:27:50Z bm pub bmcam/cmd {"id":64135,"c":"set","kv":{"camera.image_processing.hdr":"bogus"}} 1 1
2026-10-02T07:27:50Z 1790926070.054 e6fe83ea6b4a2b7f, [bmcam004] REJECTED id=64135 must be one of True, False, 'off', 'auto', 'sensor', 'single-exp' e=val k=camera.image_processing.hdr cfg=dc8b8368
2026-10-02T07:27:50Z 1790926070.105 e6fe83ea6b4a2b7f, [bmcam004] REJECTED id=64135 (duplicate: original answer) e=val k=camera.image_processing.hdr cfg=dc8b8368
2026-10-02T07:27:50Z 1790926070.335 e6fe83ea6b4a2b7f, [bmcam004] REJECTED id=64135 (duplicate: original answer) e=val k=camera.image_processing.hdr cfg=dc8b8368
2026-10-02T07:27:50Z 1790926070.386 e6fe83ea6b4a2b7f, [bmcam004] REJECTED id=64135 (duplicate: original answer) e=val k=camera.image_processing.hdr cfg=dc8b8368
2026-10-02T07:27:51Z 1790926071.507 e6fe83ea6b4a2b7f, [bmcam004] REJECTED id=64135 (duplicate: original answer) e=val k=camera.image_processing.hdr cfg=dc8b8368
2026-10-02T07:27:57Z SPOT-31593C > bm pub bmcam/cmd {"id":64136,"c":"set","kv":{"video.record.encoder.denoise":"cdn_fast"}} 1 1
2026-10-02T07:27:58Z bm pub bmcam/cmd {"id":64136,"c":"set","kv":{"video.record.encoder.denoise":"cdn_fast"}} 1 1
2026-10-02T07:27:58Z 1790926078.324 e6fe83ea6b4a2b7f, [bmcam004] REJECTED id=64136 camera.image_processing.denoise and video.record.encoder.denoise would both pass --denoise to rpicam-vid, which refuses a repeated option
2026-10-02T07:27:58Z 1790926078.371 e6fe83ea6b4a2b7f, [bmcam004] REJECTED id=64136 (duplicate: original answer) e=xk k=video.record.encoder.denoise cfg=dc8b8368
2026-10-02T07:27:58Z 1790926078.601 e6fe83ea6b4a2b7f, [bmcam004] REJECTED id=64136 (duplicate: original answer) e=xk k=video.record.encoder.denoise cfg=dc8b8368
2026-10-02T07:27:58Z 1790926078.652 e6fe83ea6b4a2b7f, [bmcam004] REJECTED id=64136 (duplicate: original answer) e=xk k=video.record.encoder.denoise cfg=dc8b8368
2026-10-02T07:27:58Z 1790926078.703 e6fe83ea6b4a2b7f, [bmcam004] REJECTED id=64136 (duplicate: original answer) e=xk k=video.record.encoder.denoise cfg=dc8b8368
2026-10-02T07:28:26Z SPOT-31593C > bm pub bmcam/cmd {"id":64140,"c":"trg","v":2,"kv":{"m":80}} 1 1
2026-10-02T07:28:29Z bm pub bmcam/cmd {"id":64140,"c":"trg","v":2,"kv":{"m":80}} 1 1
2026-10-02T07:28:29Z 1790926109.207 e6fe83ea6b4a2b7f, [bmcam004] OK id=64140 trg 2 armed: capture + output per mode (next decision point); one action only: video.send.message_cap=80 cfg=dc8b8368
2026-10-02T07:28:29Z 1790926109.257 e6fe83ea6b4a2b7f, [bmcam004] OK id=64140 trg 2 armed: capture + output per mode (next decision point); one action only: video.send.message_cap=80 (duplicate: original answer) cfg=dc8b8
2026-10-02T07:28:29Z 1790926109.316 e6fe83ea6b4a2b7f, [bmcam004] OK id=64140 trg 2 armed: capture + output per mode (next decision point); one action only: video.send.message_cap=80 (duplicate: original answer) cfg=dc8b8
2026-10-02T07:32:58Z SPOT-31593C > bm pub bmcam/cmd {"id":64150,"c":"set","kv":{"camera.exposure.ev":-8.0,"camera.exposure.analogue_gain":64.0,"camera.exposure.shutter_us":1}} 1 1
2026-10-02T07:33:00Z bm pub bmcam/cmd {"id":64150,"c":"set","kv":{"camera.exposure.ev":-8.0,"camera.exposure.analogue_gain":64.0,"camera.exposure.shutter_us":1}} 1 1
2026-10-02T07:33:00Z 1790926380.765 e6fe83ea6b4a2b7f, [bmcam004] OK id=64150 camera.exposure.ev: -1.0 -> -8.0, camera.exposure.analogue_gain: 2.0 -> 64.0, camera.exposure.shutter_us: 10000 -> 1 (next action) cfg=582b7bc9
2026-10-02T07:33:00Z 1790926380.816 e6fe83ea6b4a2b7f, [bmcam004] OK id=64150 camera.exposure.ev: -1.0 -> -8.0, camera.exposure.analogue_gain: 2.0 -> 64.0, camera.exposure.shutter_us: 10000 -> 1 (ne (duplicate: original a
2026-10-02T07:33:00Z 1790926380.867 e6fe83ea6b4a2b7f, [bmcam004] OK id=64150 camera.exposure.ev: -1.0 -> -8.0, camera.exposure.analogue_gain: 2.0 -> 64.0, camera.exposure.shutter_us: 10000 -> 1 (ne (duplicate: original a
2026-10-02T07:33:01Z 1790926380.925 e6fe83ea6b4a2b7f, [bmcam004] OK id=64150 camera.exposure.ev: -1.0 -> -8.0, camera.exposure.analogue_gain: 2.0 -> 64.0, camera.exposure.shutter_us: 10000 -> 1 (ne (duplicate: original a
2026-10-02T07:33:01Z 1790926380.976 e6fe83ea6b4a2b7f, [bmcam004] OK id=64150 camera.exposure.ev: -1.0 -> -8.0, camera.exposure.analogue_gain: 2.0 -> 64.0, camera.exposure.shutter_us: 10000 -> 1 (ne (duplicate: original a
2026-10-02T07:33:10Z SPOT-31593C > bm pub bmcam/cmd {"id":64151,"c":"trg","v":2,"kv":{"med":"still","m":40}} 1 1
2026-10-02T07:33:11Z bm pub bmcam/cmd {"id":64151,"c":"trg","v":2,"kv":{"med":"still","m":40}} 1 1
2026-10-02T07:33:11Z 1790926391.695 e6fe83ea6b4a2b7f, [bmcam004] OK id=64151 trg 2 armed: capture + output per mode (next decision point); one action only: mode.media=still, still.message_cap=40 cfg=582b7bc9
2026-10-02T07:33:11Z 1790926391.699 e6fe83ea6b4a2b7f, [bmcam004] OK id=64151 trg 2 armed: capture + output per mode (next decision point); one action only: mode.media=still, still.message_cap=40 (duplicate: original answ
2026-10-02T07:33:12Z 1790926392.535 e6fe83ea6b4a2b7f, [bmcam004] OK id=64151 trg 2 armed: capture + output per mode (next decision point); one action only: mode.media=still, still.message_cap=40 (duplicate: original answ
2026-10-02T07:33:17Z 2026-10-02T07:33:17.320Z [MS] [INFO] Added message(id: 2613 len: 262) to queue MS_Q_CELLULAR_ONLY: (1)!
2026-10-02T07:33:17Z 2026-10-02T07:33:17.320Z [BM_TX] [INFO] Submitted spotter/transmit-data message to cell-only queue, Len: 135
2026-10-02T07:33:17Z 2026-10-02T07:33:17.320Z [BM_TX] [DEBUG] Message:
2026-10-02T07:33:17Z  3c 57 53 20 76 3d 31 20
2026-10-02T07:33:17Z  61 3d 63 61 70 20 63 66
2026-10-02T07:33:17Z  67 3d 35 38 32 62 37 62
2026-10-02T07:33:17Z  63 39 20 75 70 3d 32 35
2026-10-02T07:33:17Z  32 35 20 74 7a 3d 41 6d
2026-10-02T07:33:17Z  65 72 69 63 61 2f 4c 6f
2026-10-02T07:33:17Z  73 5f 41 6e 67 65 6c 65
2026-10-02T07:33:17Z  73 20 6c 74 3d 6e 61 20
2026-10-02T07:33:17Z  77 73 3d 30 30 30 30 20
2026-10-02T07:33:17Z  77 65 3d 30 30 30 30 20
2026-10-02T07:33:17Z  72 6b 3d 38 30 30 78 34
2026-10-02T07:33:17Z  35 30 20 71 3d 32 30 20
2026-10-02T07:33:17Z  63 74 3d 33 37 2e 36 20
2026-10-02T07:33:17Z  73 68 61 3d 39 31 61 30
2026-10-02T07:33:17Z  38 66 36 32 34 30 31 31
2026-10-02T07:33:17Z  20 68 6e 3d 62 6d 63 61
2026-10-02T07:33:17Z  6d 30 30 34 3e 0a
2026-10-02T07:33:17Z 2026-10-02T07:33:17.375Z [MS] [DEBUG] Notecard is 20.000000 pct full.
2026-10-02T07:33:17Z 2026-10-02T07:33:17.378Z [MS] [DEBUG] Has message 2613 expired? queuedTime: 21964259, now64: 21964315, remaining: 86399944
2026-10-02T07:33:17Z 2026-10-02T07:33:17.378Z [MS] [INFO] Sending Cellular message to Notecard.
2026-10-02T07:33:17Z 2026-10-02T07:33:17.378Z [MS] [INFO] Queuing message 2613 20004ED8
2026-10-02T07:34:58Z SPOT-31593C > bm pub bmcam/cmd {"id":64152,"c":"set","kv":{"camera.exposure.ev":8.0,"camera.focus.lens_position":32.0}} 1 1
2026-10-02T07:34:59Z bm pub bmcam/cmd {"id":64152,"c":"set","kv":{"camera.exposure.ev":8.0,"camera.focus.lens_position":32.0}} 1 1
2026-10-02T07:35:00Z 1790926499.953 e6fe83ea6b4a2b7f, [bmcam004] OK id=64152 camera.exposure.ev: -8.0 -> 8.0, camera.focus.lens_position: 0.5 -> 32.0 (next action) cfg=da50c0b3
2026-10-02T07:35:00Z 1790926500.011 e6fe83ea6b4a2b7f, [bmcam004] OK id=64152 camera.exposure.ev: -8.0 -> 8.0, camera.focus.lens_position: 0.5 -> 32.0 (next action) (duplicate: original answer) cfg=da50c0b3
2026-10-02T07:35:00Z 1790926500.062 e6fe83ea6b4a2b7f, [bmcam004] OK id=64152 camera.exposure.ev: -8.0 -> 8.0, camera.focus.lens_position: 0.5 -> 32.0 (next action) (duplicate: original answer) cfg=da50c0b3
2026-10-02T07:35:00Z 1790926500.113 e6fe83ea6b4a2b7f, [bmcam004] OK id=64152 camera.exposure.ev: -8.0 -> 8.0, camera.focus.lens_position: 0.5 -> 32.0 (next action) (duplicate: original answer) cfg=da50c0b3
2026-10-02T07:35:00Z 1790926500.164 e6fe83ea6b4a2b7f, [bmcam004] OK id=64152 camera.exposure.ev: -8.0 -> 8.0, camera.focus.lens_position: 0.5 -> 32.0 (next action) (duplicate: original answer) cfg=da50c0b3
2026-10-02T07:35:08Z SPOT-31593C > bm pub bmcam/cmd {"id":64153,"c":"trg","v":2,"kv":{"med":"still","m":40}} 1 1
2026-10-02T07:35:09Z bm pub bmcam/cmd {"id":64153,"c":"trg","v":2,"kv":{"med":"still","m":40}} 1 1
2026-10-02T07:35:09Z 1790926509.839 e6fe83ea6b4a2b7f, [bmcam004] OK id=64153 trg 2 armed: capture + output per mode (next decision point); one action only: mode.media=still, still.message_cap=40 cfg=da50c0b3
2026-10-02T07:35:09Z 1790926509.902 e6fe83ea6b4a2b7f, [bmcam004] OK id=64153 trg 2 armed: capture + output per mode (next decision point); one action only: mode.media=still, still.message_cap=40 (duplicate: original answ
2026-10-02T07:35:10Z 1790926509.953 e6fe83ea6b4a2b7f, [bmcam004] OK id=64153 trg 2 armed: capture + output per mode (next decision point); one action only: mode.media=still, still.message_cap=40 (duplicate: original answ
2026-10-02T07:35:10Z 1790926510.000 e6fe83ea6b4a2b7f, [bmcam004] OK id=64153 trg 2 armed: capture + output per mode (next decision point); one action only: mode.media=still, still.message_cap=40 (duplicate: original answ
2026-10-02T07:35:10Z 1790926510.050 e6fe83ea6b4a2b7f, [bmcam004] OK id=64153 trg 2 armed: capture + output per mode (next decision point); one action only: mode.media=still, still.message_cap=40 (duplicate: original answ
2026-10-02T07:37:07Z SPOT-31593C > bm pub bmcam/cmd {"id":64154,"c":"set","kv":{"still.message_cap":500,"still.budget_min":30}} 1 1
2026-10-02T07:37:08Z bm pub bmcam/cmd {"id":64154,"c":"set","kv":{"still.message_cap":500,"still.budget_min":30}} 1 1
2026-10-02T07:37:09Z 1790926629.078 e6fe83ea6b4a2b7f, [bmcam004] OK id=64154 still.message_cap: 195 -> 500, still.budget_min: 8 -> 30 (next action) cfg=9a739b71
2026-10-02T07:37:09Z 1790926629.128 e6fe83ea6b4a2b7f, [bmcam004] OK id=64154 still.message_cap: 195 -> 500, still.budget_min: 8 -> 30 (next action) (duplicate: original answer) cfg=9a739b71
2026-10-02T07:37:09Z 1790926629.179 e6fe83ea6b4a2b7f, [bmcam004] OK id=64154 still.message_cap: 195 -> 500, still.budget_min: 8 -> 30 (next action) (duplicate: original answer) cfg=9a739b71
2026-10-02T07:37:09Z 1790926629.230 e6fe83ea6b4a2b7f, [bmcam004] OK id=64154 still.message_cap: 195 -> 500, still.budget_min: 8 -> 30 (next action) (duplicate: original answer) cfg=9a739b71
2026-10-02T07:37:09Z 1790926629.289 e6fe83ea6b4a2b7f, [bmcam004] OK id=64154 still.message_cap: 195 -> 500, still.budget_min: 8 -> 30 (next action) (duplicate: original answer) cfg=9a739b71
2026-10-02T07:37:17Z SPOT-31593C > bm pub bmcam/cmd {"id":64155,"c":"reset","k":["still.message_cap","still.budget_min"]} 1 1
2026-10-02T07:37:18Z bm pub bmcam/cmd {"id":64155,"c":"reset","k":["still.message_cap","still.budget_min"]} 1 1
2026-10-02T07:37:18Z 1790926638.207 e6fe83ea6b4a2b7f, [bmcam004] OK id=64155 reset still.message_cap, still.budget_min -> YAML cfg=da50c0b3
2026-10-02T07:37:18Z 1790926638.257 e6fe83ea6b4a2b7f, [bmcam004] OK id=64155 reset still.message_cap, still.budget_min -> YAML (duplicate: original answer) cfg=da50c0b3
2026-10-02T07:37:18Z 1790926638.308 e6fe83ea6b4a2b7f, [bmcam004] OK id=64155 reset still.message_cap, still.budget_min -> YAML (duplicate: original answer) cfg=da50c0b3
2026-10-02T07:37:18Z 1790926638.359 e6fe83ea6b4a2b7f, [bmcam004] OK id=64155 reset still.message_cap, still.budget_min -> YAML (duplicate: original answer) cfg=da50c0b3
2026-10-02T07:37:18Z 1790926638.406 e6fe83ea6b4a2b7f, [bmcam004] OK id=64155 reset still.message_cap, still.budget_min -> YAML (duplicate: original answer) cfg=da50c0b3
2026-10-02T07:37:28Z SPOT-31593C > bm pub bmcam/cmd {"id":64156,"c":"set","kv":{"video.record.bitrate_mbps":0.1,"video.send.duration_s":1.0}} 1 1
2026-10-02T07:37:29Z bm pub bmcam/cmd {"id":64156,"c":"set","kv":{"video.record.bitrate_mbps":0.1,"video.send.duration_s":1.0}} 1 1
2026-10-02T07:37:29Z 1790926649.304 e6fe83ea6b4a2b7f, [bmcam004] OK id=64156 video.record.bitrate_mbps: 6.0 -> 0.1, video.send.duration_s: 8.0 -> 1.0 (next action) cfg=dfb1d8f5
2026-10-02T07:37:29Z 1790926649.367 e6fe83ea6b4a2b7f, [bmcam004] OK id=64156 video.record.bitrate_mbps: 6.0 -> 0.1, video.send.duration_s: 8.0 -> 1.0 (next action) (duplicate: original answer) cfg=dfb1d8f5
2026-10-02T07:37:29Z 1790926649.414 e6fe83ea6b4a2b7f, [bmcam004] OK id=64156 video.record.bitrate_mbps: 6.0 -> 0.1, video.send.duration_s: 8.0 -> 1.0 (next action) (duplicate: original answer) cfg=dfb1d8f5
2026-10-02T07:37:29Z 1790926649.464 e6fe83ea6b4a2b7f, [bmcam004] OK id=64156 video.record.bitrate_mbps: 6.0 -> 0.1, video.send.duration_s: 8.0 -> 1.0 (next action) (duplicate: original answer) cfg=dfb1d8f5
2026-10-02T07:37:29Z 1790926649.515 e6fe83ea6b4a2b7f, [bmcam004] OK id=64156 video.record.bitrate_mbps: 6.0 -> 0.1, video.send.duration_s: 8.0 -> 1.0 (next action) (duplicate: original answer) cfg=dfb1d8f5
2026-10-02T07:37:38Z SPOT-31593C > bm pub bmcam/cmd {"id":64157,"c":"trg","v":2,"kv":{"m":80}} 1 1
2026-10-02T07:37:39Z bm pub bmcam/cmd {"id":64157,"c":"trg","v":2,"kv":{"m":80}} 1 1
2026-10-02T07:37:39Z 1790926659.394 e6fe83ea6b4a2b7f, [bmcam004] OK id=64157 trg 2 armed: capture + output per mode (next decision point); one action only: video.send.message_cap=80 cfg=dfb1d8f5
2026-10-02T07:37:39Z 1790926659.457 e6fe83ea6b4a2b7f, [bmcam004] OK id=64157 trg 2 armed: capture + output per mode (next decision point); one action only: video.send.message_cap=80 (duplicate: original answer) cfg=dfb1d
2026-10-02T07:37:39Z 1790926659.503 e6fe83ea6b4a2b7f, [bmcam004] OK id=64157 trg 2 armed: capture + output per mode (next decision point); one action only: video.send.message_cap=80 (duplicate: original answer) cfg=dfb1d
2026-10-02T07:37:39Z 1790926659.554 e6fe83ea6b4a2b7f, [bmcam004] OK id=64157 trg 2 armed: capture + output per mode (next decision point); one action only: video.send.message_cap=80 (duplicate: original answer) cfg=dfb1d
2026-10-02T07:37:39Z 1790926659.605 e6fe83ea6b4a2b7f, [bmcam004] OK id=64157 trg 2 armed: capture + output per mode (next decision point); one action only: video.send.message_cap=80 (duplicate: original answer) cfg=dfb1d
2026-10-02T07:41:05Z SPOT-31593C > bm pub bmcam/cmd {"id":64154,"c":"set","kv":{"still.message_cap":500,"still.budget_min":30}} 1 1
2026-10-02T07:41:07Z bm pub bmcam/cmd {"id":64154,"c":"set","kv":{"still.message_cap":500,"still.budget_min":30}} 1 1
2026-10-02T07:41:07Z 1790926867.746 e6fe83ea6b4a2b7f, [bmcam004] OK id=64154 still.message_cap: 195 -> 500, still.budget_min: 8 -> 30 (next action) (duplicate: original answer) cfg=dfb1d8f5
2026-10-02T07:41:07Z 1790926867.808 e6fe83ea6b4a2b7f, [bmcam004] OK id=64154 still.message_cap: 195 -> 500, still.budget_min: 8 -> 30 (next action) (duplicate: original answer) cfg=dfb1d8f5
2026-10-02T07:41:07Z 1790926867.855 e6fe83ea6b4a2b7f, [bmcam004] OK id=64154 still.message_cap: 195 -> 500, still.budget_min: 8 -> 30 (next action) (duplicate: original answer) cfg=dfb1d8f5
2026-10-02T07:41:07Z 1790926867.906 e6fe83ea6b4a2b7f, [bmcam004] OK id=64154 still.message_cap: 195 -> 500, still.budget_min: 8 -> 30 (next action) (duplicate: original answer) cfg=dfb1d8f5
2026-10-02T07:41:08Z 1790926867.957 e6fe83ea6b4a2b7f, [bmcam004] OK id=64154 still.message_cap: 195 -> 500, still.budget_min: 8 -> 30 (next action) (duplicate: original answer) cfg=dfb1d8f5
2026-10-02T07:41:17Z SPOT-31593C > bm pub bmcam/cmd {"id":64160,"c":"reset","k":["schedule.timezone"]} 1 1
2026-10-02T07:41:18Z bm pub bmcam/cmd {"id":64160,"c":"reset","k":["schedule.timezone"]} 1 1
2026-10-02T07:41:19Z 1790926879.035 e6fe83ea6b4a2b7f, [bmcam004] OK id=64160 reset: nothing to reset cfg=dfb1d8f5
2026-10-02T07:41:19Z 1790926879.085 e6fe83ea6b4a2b7f, [bmcam004] OK id=64160 reset: nothing to reset (duplicate: original answer) cfg=dfb1d8f5
2026-10-02T07:41:19Z 1790926879.132 e6fe83ea6b4a2b7f, [bmcam004] OK id=64160 reset: nothing to reset (duplicate: original answer) cfg=dfb1d8f5
2026-10-02T07:41:19Z 1790926879.183 e6fe83ea6b4a2b7f, [bmcam004] OK id=64160 reset: nothing to reset (duplicate: original answer) cfg=dfb1d8f5
2026-10-02T07:41:19Z 1790926879.234 e6fe83ea6b4a2b7f, [bmcam004] OK id=64160 reset: nothing to reset (duplicate: original answer) cfg=dfb1d8f5
2026-10-02T07:41:26Z 2026-10-02T07:41:26.527Z [BRIDGE_CFG] [INFO] Bridge topology in topology sampler:
2026-10-02T07:41:26Z 2026-10-02T07:41:26.531Z [BRIDGE_CFG] [INFO] 0e582dd12c1e1480
2026-10-02T07:41:26Z 2026-10-02T07:41:26.535Z [BRIDGE_CFG] [INFO] e6fe83ea6b4a2b7f
2026-10-02T07:41:26Z 2026-10-02T07:41:26.539Z [BRIDGE_SYS] [INFO] Checking CRC in report builder!
2026-10-02T07:41:26Z 2026-10-02T07:41:26.539Z [BRIDGE_SYS] [INFO] Got CRC f3b914aa OLD CRC f3b914aa
2026-10-02T07:41:26Z 2026-10-02T07:41:26.542Z [BRIDGE_SYS] [INFO] CRCs match, not updating
2026-10-02T07:41:27Z SPOT-31593C > bm pub bmcam/cmd {"id":64161,"c":"set","kv":{"schedule.timezone":"America/Los_Angeles","schedule.window.enabled":false,"schedule.window.start":"00:00","schedule.window.end":"00:00","video.send.fps":10,"still.budget_min":8}} 1 1
2026-10-02T07:41:28Z bm pub bmcam/cmd {"id":64161,"c":"set","kv":{"schedule.timezone":"America/Los_Angeles","schedule.window.enabled":false,"schedule.window.start":"00:00","schedule.window.end":"00:00","video.send.fps":1
2026-10-02T07:41:28Z 1790926888.382 e6fe83ea6b4a2b7f, [bmcam004] OK id=64161 schedule.window.enabled: true -> false (next action) cfg=6d4c05eb
2026-10-02T07:41:28Z 1790926888.441 e6fe83ea6b4a2b7f, [bmcam004] OK id=64161 schedule.window.enabled: true -> false (next action) (duplicate: original answer) cfg=6d4c05eb
2026-10-02T07:41:28Z 1790926888.492 e6fe83ea6b4a2b7f, [bmcam004] OK id=64161 schedule.window.enabled: true -> false (next action) (duplicate: original answer) cfg=6d4c05eb
2026-10-02T07:41:28Z 1790926888.542 e6fe83ea6b4a2b7f, [bmcam004] OK id=64161 schedule.window.enabled: true -> false (next action) (duplicate: original answer) cfg=6d4c05eb
2026-10-02T07:41:28Z 1790926888.593 e6fe83ea6b4a2b7f, [bmcam004] OK id=64161 schedule.window.enabled: true -> false (next action) (duplicate: original answer) cfg=6d4c05eb
2026-10-02T07:41:36Z SPOT-31593C > bm pub bmcam/cmd {"id":64162,"c":"set","kv":{"schedule.timezone":"America/Los_Angeles","schedule.window.enabled":false,"schedule.window.start":"00:00","schedule.window.end":"00:00","video.send.fps":10,"still.budget_min":8,"still.message_cap":195}} 1 1
2026-10-02T07:41:37Z bm pub bmcam/cmd {"id":64162,"c":"set","kv":{"schedule.timezone":"America/Los_Angeles","schedule.window.enabled":false,"schedule.window.start":"00:00","schedule.window.end":"00:00","video.send.fps":1
2026-10-02T07:41:37Z 1790926897.500 e6fe83ea6b4a2b7f, [bmcam004] OK id=64162 no change (already in effect) (next action) cfg=6d4c05eb
2026-10-02T07:41:37Z 1790926897.550 e6fe83ea6b4a2b7f, [bmcam004] OK id=64162 no change (already in effect) (next action) (duplicate: original answer) cfg=6d4c05eb
2026-10-02T07:41:37Z 1790926897.613 e6fe83ea6b4a2b7f, [bmcam004] OK id=64162 no change (already in effect) (next action) (duplicate: original answer) cfg=6d4c05eb
2026-10-02T07:41:37Z 1790926897.660 e6fe83ea6b4a2b7f, [bmcam004] OK id=64162 no change (already in effect) (next action) (duplicate: original answer) cfg=6d4c05eb
2026-10-02T07:41:38Z 1790926897.871 e6fe83ea6b4a2b7f, [bmcam004] OK id=64162 no change (already in effect) (next action) (duplicate: original answer) cfg=6d4c05eb
2026-10-02T07:41:58Z SPOT-31593C > bm pub bmcam/cmd {"id":64163,"c":"reset","k":["schedule.window.enabled"]} 1 1
2026-10-02T07:41:59Z bm pub bmcam/cmd {"id":64163,"c":"reset","k":["schedule.window.enabled"]} 1 1
2026-10-02T07:41:59Z 1790926919.398 e6fe83ea6b4a2b7f, [bmcam004] OK id=64163 reset schedule.window.enabled -> YAML cfg=dfb1d8f5
2026-10-02T07:41:59Z 1790926919.457 e6fe83ea6b4a2b7f, [bmcam004] OK id=64163 reset schedule.window.enabled -> YAML (duplicate: original answer) cfg=dfb1d8f5
2026-10-02T07:41:59Z 1790926919.507 e6fe83ea6b4a2b7f, [bmcam004] OK id=64163 reset schedule.window.enabled -> YAML (duplicate: original answer) cfg=dfb1d8f5
2026-10-02T07:41:59Z 1790926919.558 e6fe83ea6b4a2b7f, [bmcam004] OK id=64163 reset schedule.window.enabled -> YAML (duplicate: original answer) cfg=dfb1d8f5
2026-10-02T07:41:59Z 1790926919.609 e6fe83ea6b4a2b7f, [bmcam004] OK id=64163 reset schedule.window.enabled -> YAML (duplicate: original answer) cfg=dfb1d8f5
2026-10-02T07:42:17Z SPOT-31593C > bm pub bmcam/cmd {"id":64165,"c":"set","kv":{"mode.heartbeat_s":600}} 1 1
2026-10-02T07:42:19Z bm pub bmcam/cmd {"id":64165,"c":"set","kv":{"mode.heartbeat_s":600}} 1 1
2026-10-02T07:42:20Z 1790926940.144 e6fe83ea6b4a2b7f, [bmcam004] OK id=64165 mode.heartbeat_s: 300 -> 600 (next boot) cfg=d1ac6f70
2026-10-02T07:42:20Z 1790926940.195 e6fe83ea6b4a2b7f, [bmcam004] OK id=64165 mode.heartbeat_s: 300 -> 600 (next boot) (duplicate: original answer) cfg=d1ac6f70
2026-10-02T07:42:20Z 1790926940.246 e6fe83ea6b4a2b7f, [bmcam004] OK id=64165 mode.heartbeat_s: 300 -> 600 (next boot) (duplicate: original answer) cfg=d1ac6f70
2026-10-02T07:42:20Z 1790926940.292 e6fe83ea6b4a2b7f, [bmcam004] OK id=64165 mode.heartbeat_s: 300 -> 600 (next boot) (duplicate: original answer) cfg=d1ac6f70
2026-10-02T07:42:20Z 1790926940.343 e6fe83ea6b4a2b7f, [bmcam004] OK id=64165 mode.heartbeat_s: 300 -> 600 (next boot) (duplicate: original answer) cfg=d1ac6f70
2026-10-02T07:42:22Z SPOT-31593C > bm pub bmcam/cmd {"id":64166,"c":"ping"} 1 1
2026-10-02T07:42:23Z bm pub bmcam/cmd {"id":64166,"c":"ping"} 1 1
2026-10-02T07:42:26Z 2026-10-02T07:42:26.527Z [BRIDGE_CFG] [INFO] Bridge topology in topology sampler:
2026-10-02T07:42:26Z 2026-10-02T07:42:26.535Z [BRIDGE_CFG] [INFO] 0e582dd12c1e1480
2026-10-02T07:42:26Z 2026-10-02T07:42:26.535Z [BRIDGE_CFG] [INFO] e6fe83ea6b4a2b7f
2026-10-02T07:42:26Z 2026-10-02T07:42:26.539Z [BRIDGE_SYS] [INFO] Checking CRC in report builder!
2026-10-02T07:42:26Z 2026-10-02T07:42:26.539Z [BRIDGE_SYS] [INFO] Got CRC f3b914aa OLD CRC f3b914aa
2026-10-02T07:42:26Z 2026-10-02T07:42:26.542Z [BRIDGE_SYS] [INFO] CRCs match, not updating
2026-10-02T07:43:16Z SPOT-31593C > bm pub bmcam/cmd {"id":64166,"c":"ping"} 1 1
2026-10-02T07:43:19Z bm pub bmcam/cmd {"id":64166,"c":"ping"} 1 1
2026-10-02T07:43:19Z 1790926999.113 e6fe83ea6b4a2b7f, [bmcam004] OK id=64166 ping cfg=d1ac6f70
2026-10-02T07:43:19Z 1790926999.171 e6fe83ea6b4a2b7f, [bmcam004] OK id=64166 ping (duplicate: original answer) cfg=d1ac6f70
2026-10-02T07:43:19Z 1790926999.222 e6fe83ea6b4a2b7f, [bmcam004] OK id=64166 ping (duplicate: original answer) cfg=d1ac6f70
2026-10-02T07:43:19Z 1790926999.273 e6fe83ea6b4a2b7f, [bmcam004] OK id=64166 ping (duplicate: original answer) cfg=d1ac6f70
2026-10-02T07:43:19Z 1790926999.324 e6fe83ea6b4a2b7f, [bmcam004] OK id=64166 ping (duplicate: original answer) cfg=d1ac6f70
2026-10-02T07:43:19Z 1790926999.371 e6fe83ea6b4a2b7f, [bmcam004] OK id=64166 ping (duplicate: original answer) cfg=d1ac6f70
2026-10-02T07:43:26Z 2026-10-02T07:43:26.527Z [BRIDGE_CFG] [INFO] Bridge topology in topology sampler:
2026-10-02T07:43:26Z 2026-10-02T07:43:26.531Z [BRIDGE_CFG] [INFO] 0e582dd12c1e1480
2026-10-02T07:43:26Z 2026-10-02T07:43:26.535Z [BRIDGE_CFG] [INFO] e6fe83ea6b4a2b7f
2026-10-02T07:43:26Z 2026-10-02T07:43:26.535Z [BRIDGE_SYS] [INFO] Checking CRC in report builder!
2026-10-02T07:43:26Z 2026-10-02T07:43:26.539Z [BRIDGE_SYS] [INFO] Got CRC f3b914aa OLD CRC f3b914aa
2026-10-02T07:43:26Z 2026-10-02T07:43:26.539Z [BRIDGE_SYS] [INFO] CRCs match, not updating
2026-10-02T07:43:27Z SPOT-31593C > bm pub bmcam/cmd {"id":64167,"c":"reset","k":["mode.heartbeat_s"]} 1 1
2026-10-02T07:43:28Z bm pub bmcam/cmd {"id":64167,"c":"reset","k":["mode.heartbeat_s"]} 1 1
2026-10-02T07:43:28Z 1790927008.460 e6fe83ea6b4a2b7f, [bmcam004] OK id=64167 reset mode.heartbeat_s -> YAML cfg=dfb1d8f5
2026-10-02T07:43:28Z 1790927008.523 e6fe83ea6b4a2b7f, [bmcam004] OK id=64167 reset mode.heartbeat_s -> YAML (duplicate: original answer) cfg=dfb1d8f5
2026-10-02T07:43:28Z 1790927008.570 e6fe83ea6b4a2b7f, [bmcam004] OK id=64167 reset mode.heartbeat_s -> YAML (duplicate: original answer) cfg=dfb1d8f5
2026-10-02T07:43:28Z 1790927008.621 e6fe83ea6b4a2b7f, [bmcam004] OK id=64167 reset mode.heartbeat_s -> YAML (duplicate: original answer) cfg=dfb1d8f5
2026-10-02T07:43:28Z 1790927008.671 e6fe83ea6b4a2b7f, [bmcam004] OK id=64167 reset mode.heartbeat_s -> YAML (duplicate: original answer) cfg=dfb1d8f5
2026-10-02T07:43:28Z 1790927008.722 e6fe83ea6b4a2b7f, [bmcam004] OK id=64167 reset mode.heartbeat_s -> YAML (duplicate: original answer) cfg=dfb1d8f5
2026-10-02T07:44:09Z SPOT-31593C > bm pub bmcam/cmd {"id":64170,"c":"reset","k":["camera.controls_enabled","camera.exposure.analogue_gain","camera.exposure.enabled","camera.exposure.ev"]} 1 1
2026-10-02T07:44:11Z bm pub bmcam/cmd {"id":64170,"c":"reset","k":["camera.controls_enabled","camera.exposure.analogue_gain","camera.exposure.enabled","camera.exposure.ev"]} 1 1
2026-10-02T07:44:11Z 1790927051.734 e6fe83ea6b4a2b7f, [bmcam004] OK id=64170 reset camera.controls_enabled, camera.exposure.analogue_gain, camera.exposure.enabled, camera.exposure.ev -> YAML cfg=39a00b66
2026-10-02T07:44:11Z 1790927051.785 e6fe83ea6b4a2b7f, [bmcam004] OK id=64170 reset camera.controls_enabled, camera.exposure.analogue_gain, camera.exposure.enabled, camera.exposure.ev -> YAML (duplicate: original answer) 
2026-10-02T07:44:11Z 1790927051.835 e6fe83ea6b4a2b7f, [bmcam004] OK id=64170 reset camera.controls_enabled, camera.exposure.analogue_gain, camera.exposure.enabled, camera.exposure.ev -> YAML (duplicate: original answer) 
2026-10-02T07:44:11Z 1790927051.894 e6fe83ea6b4a2b7f, [bmcam004] OK id=64170 reset camera.controls_enabled, camera.exposure.analogue_gain, camera.exposure.enabled, camera.exposure.ev -> YAML (duplicate: original answer) 
2026-10-02T07:44:11Z 1790927051.945 e6fe83ea6b4a2b7f, [bmcam004] OK id=64170 reset camera.controls_enabled, camera.exposure.analogue_gain, camera.exposure.enabled, camera.exposure.ev -> YAML (duplicate: original answer) 
2026-10-02T07:44:12Z 1790927051.996 e6fe83ea6b4a2b7f, [bmcam004] OK id=64170 reset camera.controls_enabled, camera.exposure.analogue_gain, camera.exposure.enabled, camera.exposure.ev -> YAML (duplicate: original answer) 
2026-10-02T07:44:12Z 1790927052.046 e6fe83ea6b4a2b7f, [bmcam004] OK id=64170 reset camera.controls_enabled, camera.exposure.analogue_gain, camera.exposure.enabled, camera.exposure.ev -> YAML (duplicate: original answer) 
2026-10-02T07:44:19Z SPOT-31593C > bm pub bmcam/cmd {"id":64171,"c":"reset","k":["camera.exposure.shutter_us","camera.focus.lens_position","camera.focus.mode","camera.image_processing.enabled"]} 1 1
2026-10-02T07:44:20Z bm pub bmcam/cmd {"id":64171,"c":"reset","k":["camera.exposure.shutter_us","camera.focus.lens_position","camera.focus.mode","camera.image_processing.enabled"]} 1 1
2026-10-02T07:44:20Z 1790927060.984 e6fe83ea6b4a2b7f, [bmcam004] OK id=64171 reset camera.exposure.shutter_us, camera.focus.lens_position, camera.focus.mode, camera.image_processing.enabled -> YAML cfg=f74cd3b9
2026-10-02T07:44:21Z 1790927061.031 e6fe83ea6b4a2b7f, [bmcam004] OK id=64171 reset camera.exposure.shutter_us, camera.focus.lens_position, camera.focus.mode, camera.image_processing.enabled -> YAML (duplicate: original a
2026-10-02T07:44:21Z 1790927061.082 e6fe83ea6b4a2b7f, [bmcam004] OK id=64171 reset camera.exposure.shutter_us, camera.focus.lens_position, camera.focus.mode, camera.image_processing.enabled -> YAML (duplicate: original a
2026-10-02T07:44:21Z 1790927061.132 e6fe83ea6b4a2b7f, [bmcam004] OK id=64171 reset camera.exposure.shutter_us, camera.focus.lens_position, camera.focus.mode, camera.image_processing.enabled -> YAML (duplicate: original a
2026-10-02T07:44:21Z 1790927061.183 e6fe83ea6b4a2b7f, [bmcam004] OK id=64171 reset camera.exposure.shutter_us, camera.focus.lens_position, camera.focus.mode, camera.image_processing.enabled -> YAML (duplicate: original a
2026-10-02T07:44:21Z 1790927061.234 e6fe83ea6b4a2b7f, [bmcam004] OK id=64171 reset camera.exposure.shutter_us, camera.focus.lens_position, camera.focus.mode, camera.image_processing.enabled -> YAML (duplicate: original a
2026-10-02T07:44:21Z 1790927061.292 e6fe83ea6b4a2b7f, [bmcam004] OK id=64171 reset camera.exposure.shutter_us, camera.focus.lens_position, camera.focus.mode, camera.image_processing.enabled -> YAML (duplicate: original a
2026-10-02T07:44:26Z 2026-10-02T07:44:26.523Z [BRIDGE_CFG] [INFO] Bridge topology in topology sampler:
2026-10-02T07:44:26Z 2026-10-02T07:44:26.531Z [BRIDGE_CFG] [INFO] 0e582dd12c1e1480
2026-10-02T07:44:26Z 2026-10-02T07:44:26.531Z [BRIDGE_CFG] [INFO] e6fe83ea6b4a2b7f
2026-10-02T07:44:26Z 2026-10-02T07:44:26.535Z [BRIDGE_SYS] [INFO] Checking CRC in report builder!
2026-10-02T07:44:26Z 2026-10-02T07:44:26.535Z [BRIDGE_SYS] [INFO] Got CRC f3b914aa OLD CRC f3b914aa
2026-10-02T07:44:26Z 2026-10-02T07:44:26.539Z [BRIDGE_SYS] [INFO] CRCs match, not updating
2026-10-02T07:44:29Z SPOT-31593C > bm pub bmcam/cmd {"id":64172,"c":"reset","k":["camera.white_balance.enabled","camera.white_balance.gains","camera.white_balance.mode","schedule.timezone"]} 1 1
2026-10-02T07:44:29Z bm pub bmcam/cmd {"id":64172,"c":"reset","k":["camera.white_balance.enabled","camera.white_balance.gains","camera.white_balance.mode","schedule.timezone"]} 1 1
2026-10-02T07:44:30Z 1790927070.222 e6fe83ea6b4a2b7f, [bmcam004] OK id=64172 reset camera.white_balance.enabled, camera.white_balance.gains, camera.white_balance.mode, schedule.timezone -> YAML cfg=45d43c52
2026-10-02T07:44:30Z 1790927070.281 e6fe83ea6b4a2b7f, [bmcam004] OK id=64172 reset camera.white_balance.enabled, camera.white_balance.gains, camera.white_balance.mode, schedule.timezone -> YAML (duplicate: original answe
2026-10-02T07:44:30Z 1790927070.332 e6fe83ea6b4a2b7f, [bmcam004] OK id=64172 reset camera.white_balance.enabled, camera.white_balance.gains, camera.white_balance.mode, schedule.timezone -> YAML (duplicate: original answe
2026-10-02T07:44:30Z 1790927070.382 e6fe83ea6b4a2b7f, [bmcam004] OK id=64172 reset camera.white_balance.enabled, camera.white_balance.gains, camera.white_balance.mode, schedule.timezone -> YAML (duplicate: original answe
2026-10-02T07:44:30Z 1790927070.433 e6fe83ea6b4a2b7f, [bmcam004] OK id=64172 reset camera.white_balance.enabled, camera.white_balance.gains, camera.white_balance.mode, schedule.timezone -> YAML (duplicate: original answe
2026-10-02T07:44:30Z 1790927070.480 e6fe83ea6b4a2b7f, [bmcam004] OK id=64172 reset camera.white_balance.enabled, camera.white_balance.gains, camera.white_balance.mode, schedule.timezone -> YAML (duplicate: original answe
2026-10-02T07:44:30Z 1790927070.531 e6fe83ea6b4a2b7f, [bmcam004] OK id=64172 reset camera.white_balance.enabled, camera.white_balance.gains, camera.white_balance.mode, schedule.timezone -> YAML (duplicate: original answe
2026-10-02T07:44:38Z SPOT-31593C > bm pub bmcam/cmd {"id":64173,"c":"reset","k":["schedule.window.end","schedule.window.start","still.budget_min","still.crop"]} 1 1
2026-10-02T07:44:39Z bm pub bmcam/cmd {"id":64173,"c":"reset","k":["schedule.window.end","schedule.window.start","still.budget_min","still.crop"]} 1 1
2026-10-02T07:44:39Z 1790927079.460 e6fe83ea6b4a2b7f, [bmcam004] OK id=64173 reset schedule.window.end, schedule.window.start, still.budget_min, still.crop -> YAML cfg=eee738c7
2026-10-02T07:44:39Z 1790927079.511 e6fe83ea6b4a2b7f, [bmcam004] OK id=64173 reset schedule.window.end, schedule.window.start, still.budget_min, still.crop -> YAML (duplicate: original answer) cfg=eee738c7
2026-10-02T07:44:39Z 1790927079.570 e6fe83ea6b4a2b7f, [bmcam004] OK id=64173 reset schedule.window.end, schedule.window.start, still.budget_min, still.crop -> YAML (duplicate: original answer) cfg=eee738c7
2026-10-02T07:44:39Z 1790927079.621 e6fe83ea6b4a2b7f, [bmcam004] OK id=64173 reset schedule.window.end, schedule.window.start, still.budget_min, still.crop -> YAML (duplicate: original answer) cfg=eee738c7
2026-10-02T07:44:39Z 1790927079.671 e6fe83ea6b4a2b7f, [bmcam004] OK id=64173 reset schedule.window.end, schedule.window.start, still.budget_min, still.crop -> YAML (duplicate: original answer) cfg=eee738c7
2026-10-02T07:44:39Z 1790927079.718 e6fe83ea6b4a2b7f, [bmcam004] OK id=64173 reset schedule.window.end, schedule.window.start, still.budget_min, still.crop -> YAML (duplicate: original answer) cfg=eee738c7
2026-10-02T07:44:39Z 1790927079.769 e6fe83ea6b4a2b7f, [bmcam004] OK id=64173 reset schedule.window.end, schedule.window.start, still.budget_min, still.crop -> YAML (duplicate: original answer) cfg=eee738c7
2026-10-02T07:44:47Z SPOT-31593C > bm pub bmcam/cmd {"id":64174,"c":"reset","k":["still.message_cap","still.quality_ladder","video.record.bitrate_mbps","video.send.duration_s"]} 1 1
2026-10-02T07:44:48Z bm pub bmcam/cmd {"id":64174,"c":"reset","k":["still.message_cap","still.quality_ladder","video.record.bitrate_mbps","video.send.duration_s"]} 1 1
2026-10-02T07:44:48Z 1790927088.707 e6fe83ea6b4a2b7f, [bmcam004] OK id=64174 reset still.message_cap, still.quality_ladder, video.record.bitrate_mbps, video.send.duration_s -> YAML cfg=12c8947f
2026-10-02T07:44:48Z 1790927088.757 e6fe83ea6b4a2b7f, [bmcam004] OK id=64174 reset still.message_cap, still.quality_ladder, video.record.bitrate_mbps, video.send.duration_s -> YAML (duplicate: original answer) cfg=12c894
2026-10-02T07:44:48Z 1790927088.808 e6fe83ea6b4a2b7f, [bmcam004] OK id=64174 reset still.message_cap, still.quality_ladder, video.record.bitrate_mbps, video.send.duration_s -> YAML (duplicate: original answer) cfg=12c894
2026-10-02T07:44:48Z 1790927088.867 e6fe83ea6b4a2b7f, [bmcam004] OK id=64174 reset still.message_cap, still.quality_ladder, video.record.bitrate_mbps, video.send.duration_s -> YAML (duplicate: original answer) cfg=12c894
2026-10-02T07:44:48Z 1790927088.917 e6fe83ea6b4a2b7f, [bmcam004] OK id=64174 reset still.message_cap, still.quality_ladder, video.record.bitrate_mbps, video.send.duration_s -> YAML (duplicate: original answer) cfg=12c894
2026-10-02T07:44:49Z 1790927088.968 e6fe83ea6b4a2b7f, [bmcam004] OK id=64174 reset still.message_cap, still.quality_ladder, video.record.bitrate_mbps, video.send.duration_s -> YAML (duplicate: original answer) cfg=12c894
2026-10-02T07:44:49Z 1790927089.019 e6fe83ea6b4a2b7f, [bmcam004] OK id=64174 reset still.message_cap, still.quality_ladder, video.record.bitrate_mbps, video.send.duration_s -> YAML (duplicate: original answer) cfg=12c894
2026-10-02T07:44:56Z SPOT-31593C > bm pub bmcam/cmd {"id":64175,"c":"reset","k":["video.send.fps","video.send.size","mode.media"]} 1 1
2026-10-02T07:44:57Z bm pub bmcam/cmd {"id":64175,"c":"reset","k":["video.send.fps","video.send.size","mode.media"]} 1 1
2026-10-02T07:44:57Z 1790927097.726 e6fe83ea6b4a2b7f, [bmcam004] OK id=64175 reset video.send.fps, video.send.size, mode.media -> YAML cfg=c2c105bb
2026-10-02T07:44:57Z 1790927097.777 e6fe83ea6b4a2b7f, [bmcam004] OK id=64175 reset video.send.fps, video.send.size, mode.media -> YAML (duplicate: original answer) cfg=c2c105bb
2026-10-02T07:44:57Z 1790927097.824 e6fe83ea6b4a2b7f, [bmcam004] OK id=64175 reset video.send.fps, video.send.size, mode.media -> YAML (duplicate: original answer) cfg=c2c105bb
2026-10-02T07:44:57Z 1790927097.875 e6fe83ea6b4a2b7f, [bmcam004] OK id=64175 reset video.send.fps, video.send.size, mode.media -> YAML (duplicate: original answer) cfg=c2c105bb
2026-10-02T07:44:57Z 1790927097.894 e6fe83ea6b4a2b7f, [bmcam004] OK id=64175 reset video.send.fps, video.send.size, mode.media -> YAML (duplicate: original answer) cfg=c2c105bb
2026-10-02T07:44:57Z 1790927097.945 e6fe83ea6b4a2b7f, [bmcam004] OK id=64175 reset video.send.fps, video.send.size, mode.media -> YAML (duplicate: original answer) cfg=c2c105bb
2026-10-02T07:44:58Z 1790927097.996 e6fe83ea6b4a2b7f, [bmcam004] OK id=64175 reset video.send.fps, video.send.size, mode.media -> YAML (duplicate: original answer) cfg=c2c105bb
2026-10-02T07:47:11Z SPOT-33507C > bm pub bmcam/cmd {"id":54001,"c":"get","k":["mode.media","mode.run","video.record.framing","video.record.encoder.sharpness"],"to":"con"} 1 1
2026-10-02T07:47:12Z bm pub bmcam/cmd {"id":54001,"c":"get","k":["mode.media","mode.run","video.record.framing","video.record.encoder.sharpness"],"to":"con"} 1 1
2026-10-02T07:47:12Z 1790927234.234 53171fa3d81a8e6f, [bmcam003] OK id=54001 get mode.media, mode.run, video.record.framing, video.record.encoder.sharpness: 4 key(s) cfg=f7c9194f
2026-10-02T07:47:12Z 1790927234.273 53171fa3d81a8e6f,   mode.media = video (yaml)
2026-10-02T07:47:12Z 1790927234.324 53171fa3d81a8e6f,   mode.run = stay_on (cmd 52101)
2026-10-02T07:47:12Z 1790927234.371 53171fa3d81a8e6f,   video.record.framing = wide_1080p_lean (yaml)
2026-10-02T07:47:12Z 1790927234.421 53171fa3d81a8e6f,   video.record.encoder.sharpness = 1.0 (yaml)
2026-10-02T07:47:12Z 1790927234.492 53171fa3d81a8e6f, [bmcam003] OK id=54001 get mode.media, mode.run, video.record.framing, video.record.encoder.sharpness: 4 key(s) (duplicate: original answer) cfg=f7c9194f
2026-10-02T07:47:12Z 1790927234.542 53171fa3d81a8e6f, [bmcam003] OK id=54001 get mode.media, mode.run, video.record.framing, video.record.encoder.sharpness: 4 key(s) (duplicate: original answer) cfg=f7c9194f
2026-10-02T07:47:22Z SPOT-33507C > bm pub bmcam/cmd {"id":54002,"c":"set","kv":{"camera.controls_enabled":true,"camera.exposure.enabled":true,"camera.exposure.ev":-1.0,"camera.exposure.shutter_us":10000,"camera.exposure.analogue_gain":2.0}} 1 1
2026-10-02T07:47:23Z bm pub bmcam/cmd {"id":54002,"c":"set","kv":{"camera.controls_enabled":true,"camera.exposure.enabled":true,"camera.exposure.ev":-1.0,"camera.exposure.shutter_us":10000,"camera.exposure.analogue_gain"
2026-10-02T07:47:24Z 1790927245.640 53171fa3d81a8e6f, [bmcam003] OK id=54002 camera.exposure.enabled: false -> true, camera.exposure.ev: none -> -1.0, camera.exposure.shutter_us: none -> 10000, camera.exposure.analogue_g
2026-10-02T07:47:24Z 1790927245.691 53171fa3d81a8e6f, [bmcam003] OK id=54002 camera.exposure.enabled: false -> true, camera.exposure.ev: none -> -1.0, camera.exposure.shutter_us: none -> 10000, cam (duplicate: original a
2026-10-02T07:47:24Z 1790927245.742 53171fa3d81a8e6f, [bmcam003] OK id=54002 camera.exposure.enabled: false -> true, camera.exposure.ev: none -> -1.0, camera.exposure.shutter_us: none -> 10000, cam (duplicate: original a
2026-10-02T07:47:33Z SPOT-33507C > bm pub bmcam/cmd {"id":54003,"c":"set","kv":{"camera.white_balance.enabled":true,"camera.white_balance.mode":"manual","camera.white_balance.gains":[1.8,1.6],"camera.focus.mode":"manual","camera.focus.lens_position":0.5}} 1 1
2026-10-02T07:47:34Z bm pub bmcam/cmd {"id":54003,"c":"set","kv":{"camera.white_balance.enabled":true,"camera.white_balance.mode":"manual","camera.white_balance.gains":[1.8,1.6],"camera.focus.mode":"manual","camera.focus
2026-10-02T07:47:35Z 1790927256.640 53171fa3d81a8e6f, [bmcam003] OK id=54003 camera.white_balance.enabled: false -> true, camera.white_balance.mode: none -> manual, camera.white_balance.gains: none -> 1.8,1.6, camera.foc
2026-10-02T07:47:35Z 1790927256.691 53171fa3d81a8e6f, [bmcam003] OK id=54003 camera.white_balance.enabled: false -> true, camera.white_balance.mode: none -> manual, camera.white_balance.gains: none (duplicate: original a
2026-10-02T07:47:35Z 1790927256.738 53171fa3d81a8e6f, [bmcam003] OK id=54003 camera.white_balance.enabled: false -> true, camera.white_balance.mode: none -> manual, camera.white_balance.gains: none (duplicate: original a
2026-10-02T07:47:43Z SPOT-33507C > bm pub bmcam/cmd {"id":54004,"c":"trg","v":2,"kv":{"med":"still","m":40}} 1 1
2026-10-02T07:47:44Z bm pub bmcam/cmd {"id":54004,"c":"trg","v":2,"kv":{"med":"still","m":40}} 1 1
2026-10-02T07:47:44Z 1790927266.597 53171fa3d81a8e6f, [bmcam003] OK id=54004 trg 2 armed: capture + output per mode (next decision point); one action only: mode.media=still, still.message_cap=40 cfg=2e83a43a
2026-10-02T07:47:44Z 1790927266.656 53171fa3d81a8e6f, [bmcam003] OK id=54004 trg 2 armed: capture + output per mode (next decision point); one action only: mode.media=still, still.message_cap=40 (duplicate: original answ
2026-10-02T07:47:45Z 1790927266.707 53171fa3d81a8e6f, [bmcam003] OK id=54004 trg 2 armed: capture + output per mode (next decision point); one action only: mode.media=still, still.message_cap=40 (duplicate: original answ
2026-10-02T07:49:22Z SPOT-33507C > bm pub bmcam/cmd {"id":54005,"c":"set","kv":{"still.crop":[1904,1071,800,450]}} 1 1
2026-10-02T07:49:23Z bm pub bmcam/cmd {"id":54005,"c":"set","kv":{"still.crop":[1904,1071,800,450]}} 1 1
2026-10-02T07:49:23Z 1790927365.300 53171fa3d81a8e6f, [bmcam003] OK id=54005 still.crop: 1504,846,1600,900 -> 1904,1071,800,450 (next action) cfg=b6c0e763
2026-10-02T07:49:23Z 1790927365.351 53171fa3d81a8e6f, [bmcam003] OK id=54005 still.crop: 1504,846,1600,900 -> 1904,1071,800,450 (next action) (duplicate: original answer) cfg=b6c0e763
2026-10-02T07:49:23Z 1790927365.398 53171fa3d81a8e6f, [bmcam003] OK id=54005 still.crop: 1504,846,1600,900 -> 1904,1071,800,450 (next action) (duplicate: original answer) cfg=b6c0e763
2026-10-02T07:49:32Z SPOT-33507C > bm pub bmcam/cmd {"id":54006,"c":"trg","v":2,"kv":{"med":"still","m":40}} 1 1
2026-10-02T07:49:33Z bm pub bmcam/cmd {"id":54006,"c":"trg","v":2,"kv":{"med":"still","m":40}} 1 1
2026-10-02T07:49:33Z 1790927375.070 53171fa3d81a8e6f, [bmcam003] OK id=54006 trg 2 armed: capture + output per mode (next decision point); one action only: mode.media=still, still.message_cap=40 cfg=b6c0e763
2026-10-02T07:49:33Z 1790927375.117 53171fa3d81a8e6f, [bmcam003] OK id=54006 trg 2 armed: capture + output per mode (next decision point); one action only: mode.media=still, still.message_cap=40 (duplicate: original answ
2026-10-02T07:49:33Z 1790927375.167 53171fa3d81a8e6f, [bmcam003] OK id=54006 trg 2 armed: capture + output per mode (next decision point); one action only: mode.media=still, still.message_cap=40 (duplicate: original answ
2026-10-02T07:49:33Z 2026-10-02T07:49:35.636Z [MS] [INFO] Added message(id: 45146 len: 261) to queue MS_Q_CELLULAR_ONLY: (1)!
2026-10-02T07:49:33Z 2026-10-02T07:49:35.640Z [BM_TX] [INFO] Submitted spotter/transmit-data message to cell-only queue, Len: 135
2026-10-02T07:49:33Z 2026-10-02T07:49:35.640Z [BM_TX] [DEBUG] Message:
2026-10-02T07:49:33Z  3c 57 53 20 76 3d 31 20
2026-10-02T07:49:33Z  61 3d 63 61 70 20 63 66
2026-10-02T07:49:33Z  67 3d 62 36 63 30 65 37
2026-10-02T07:49:33Z  36 33 20 75 70 3d 35 38
2026-10-02T07:49:33Z  39 35 20 74 7a 3d 41 6d
2026-10-02T07:49:33Z  65 72 69 63 61 2f 4c 6f
2026-10-02T07:49:33Z  73 5f 41 6e 67 65 6c 65
2026-10-02T07:49:33Z  73 20 6c 74 3d 6e 61 20
2026-10-02T07:49:33Z  77 73 3d 30 30 30 30 20
2026-10-02T07:49:33Z  77 65 3d 30 30 30 30 20
2026-10-02T07:49:33Z  72 6b 3d 38 30 30 78 34
2026-10-02T07:49:33Z  35 30 20 71 3d 39 30 20
2026-10-02T07:49:33Z  63 74 3d 33 36 2e 35 20
2026-10-02T07:49:33Z  73 68 61 3d 39 31 61 30
2026-10-02T07:49:33Z  38 66 36 32 34 30 31 31
2026-10-02T07:49:33Z  20 68 6e 3d 62 6d 63 61
2026-10-02T07:49:33Z  6d 30 30 33 3e 0a
2026-10-02T07:49:33Z 2026-10-02T07:49:35.687Z [MS] [DEBUG] Notecard is 5.000000 pct full.
2026-10-02T07:49:33Z 2026-10-02T07:49:35.691Z [MS] [DEBUG] Has message 45146 expired? queuedTime: 562049120, now64: 562049172, remaining: 86399948
2026-10-02T07:49:33Z 2026-10-02T07:49:35.691Z [MS] [INFO] Sending Cellular message to Notecard.
2026-10-02T07:49:33Z 2026-10-02T07:49:35.691Z [MS] [INFO] Queuing message 45146 20026FE0
2026-10-02T07:49:38Z 2026-10-02T07:49:40.410Z [MS] [INFO] Added message(id: 45147 len: 409) to queue MS_Q_CELLULAR_ONLY: (1)!
2026-10-02T07:49:38Z 2026-10-02T07:49:40.410Z [BM_TX] [INFO] Submitted spotter/transmit-data message to cell-only queue, Len: 283
2026-10-02T07:49:38Z 2026-10-02T07:49:40.410Z [BM_TX] [DEBUG] Message:
2026-10-02T07:49:38Z  3c 53 54 41 52 54 20 49
2026-10-02T07:49:38Z  4d 47 3e 20 66 69 6c 65
2026-10-02T07:49:38Z  6e 61 6d 65 3a 20 32 30
2026-10-02T07:49:38Z  32 36 2d 31 30 2d 30 32
2026-10-02T07:49:38Z  54 30 37 3a 34 39 3a 33
2026-10-02T07:49:38Z  33 5a 5f 69 6d 61 67 65
2026-10-02T07:49:38Z  5f 63 6f 6d 70 72 65 73
2026-10-02T07:49:38Z  73 65 64 2e 6a 70 67 2c
2026-10-02T07:49:38Z  20 74 69 6d 65 73 74 61
2026-10-02T07:49:38Z  6d 70 3a 20 32 30 32 36
2026-10-02T07:49:38Z  2d 31 30 2d 30 32 54 30
2026-10-02T07:49:38Z  37 3a 34 39 3a 33 38 5a
2026-10-02T07:49:38Z  2c 20 6c 65 6e 67 74 68
2026-10-02T07:49:38Z  3a 20 33 39 2c 20 6b 65
2026-10-02T07:49:38Z  79 3d 30 65 34 30 65 6e
2026-10-02T07:49:38Z  2c 20 63 66 67 3d 62 36
2026-10-02T07:49:38Z  63 30 65 37 36 33 2c 20
2026-10-02T07:49:38Z  74 67 3d 35 34 30 30 36
2026-10-02T07:49:38Z  2c 20 72 3d 38 30 30 78
2026-10-02T07:49:38Z  34 35 30 2b 31 39 30 34
2026-10-02T07:49:38Z  2b 31 30 37 31 2c 20 6d
2026-10-02T07:49:38Z  3d 34 30 2c 20 66 6d 74
2026-10-02T07:49:38Z  3d 70 6a 70 67 2c 20 71
2026-10-02T07:49:38Z  3d 37 30 2c 20 61 74 74
2026-10-02T07:49:38Z  3d 33 2c 20 63 6d 70 3d
2026-10-02T07:49:38Z  31 2c 20 72 6b 3d 38 30
2026-10-02T07:49:38Z  30 78 34 35 30 2c 20 77
2026-10-02T07:49:38Z  73 3d 30 30 30 30 2c 20
2026-10-02T07:49:38Z  77 65 3d 30 30 30 30 2c
2026-10-02T07:49:38Z  20 73 68 61 3d 39 31 61
2026-10-02T07:49:38Z  30 38 66 36 32 34 30 31
2026-10-02T07:49:38Z  31 2c 20 68 6e 3d 62 6d
2026-10-02T07:49:38Z  63 61 6d 30 30 33 2c 20
2026-10-02T07:49:38Z  73 66 3d 32 34 37 32 34
2026-10-02T07:49:38Z  2c 20 73 70 3d 37 34 2e
2026-10-02T07:49:38Z  39 0a
2026-10-02T07:49:38Z 2026-10-02T07:49:40.476Z [MS] [DEBUG] Notecard is 5.000000 pct full.
2026-10-02T07:49:38Z 2026-10-02T07:49:40.476Z [MS] [DEBUG] Has message 45147 expired? queuedTime: 562053892, now64: 562053958, remaining: 86399934
2026-10-02T07:49:38Z 2026-10-02T07:49:40.476Z [MS] [INFO] Sending Cellular message to Notecard.
2026-10-02T07:49:38Z 2026-10-02T07:49:40.476Z [MS] [INFO] Queuing message 45147 20026FE0
2026-10-02T07:50:45Z SPOT-33507C > bm pub bmcam/cmd {"id":54007,"c":"set","kv":{"video.record.framing":"wide_720p"}} 1 1
2026-10-02T07:50:46Z bm pub bmcam/cmd {"id":54007,"c":"set","kv":{"video.record.framing":"wide_720p"}} 1 1
2026-10-02T07:50:46Z 1790927448.304 53171fa3d81a8e6f, [bmcam003] OK id=54007 video.record.framing: wide_1080p_lean -> wide_720p (next action) cfg=403a251f
2026-10-02T07:50:46Z 1790927448.355 53171fa3d81a8e6f, [bmcam003] OK id=54007 video.record.framing: wide_1080p_lean -> wide_720p (next action) (duplicate: original answer) cfg=403a251f
2026-10-02T07:50:46Z 1790927448.562 53171fa3d81a8e6f, [bmcam003] OK id=54007 video.record.framing: wide_1080p_lean -> wide_720p (next action) (duplicate: original answer) cfg=403a251f
2026-10-02T07:50:55Z SPOT-33507C > bm pub bmcam/cmd {"id":54008,"c":"trg","v":2,"kv":{"m":80}} 1 1
2026-10-02T07:50:56Z bm pub bmcam/cmd {"id":54008,"c":"trg","v":2,"kv":{"m":80}} 1 1
2026-10-02T07:50:56Z 1790927457.824 53171fa3d81a8e6f, [bmcam003] OK id=54008 trg 2 armed: capture + output per mode (next decision point); one action only: video.send.message_cap=80 cfg=403a251f
2026-10-02T07:50:56Z 1790927457.882 53171fa3d81a8e6f, [bmcam003] OK id=54008 trg 2 armed: capture + output per mode (next decision point); one action only: video.send.message_cap=80 (duplicate: original answer) cfg=403a2
2026-10-02T07:50:56Z 1790927457.933 53171fa3d81a8e6f, [bmcam003] OK id=54008 trg 2 armed: capture + output per mode (next decision point); one action only: video.send.message_cap=80 (duplicate: original answer) cfg=403a2
2026-10-02T07:50:58Z Starting cross coherence correction check.
2026-10-02T07:50:58Z Composite coherence i_gMax: 6
2026-10-02T07:50:58Z Stats Waves Basic analysis start
2026-10-02T07:50:58Z Analyzing wind data
2026-10-02T07:50:58Z Wind data analysis complete
2026-10-02T07:50:58Z stat comp end
2026-10-02T07:50:58Z stats Waves Full analysis start
2026-10-02T07:50:58Z Analyzing wind data
2026-10-02T07:50:58Z Wind data analysis complete
2026-10-02T07:50:58Z Full stat peak Szz: 2844935.500000
2026-10-02T07:50:58Z Full stat norm factor: 2850000.000000
2026-10-02T07:54:04Z SPOT-33507C > bm pub bmcam/cmd {"id":54009,"c":"reset","k":["video.record.framing"]} 1 1
2026-10-02T07:54:05Z bm pub bmcam/cmd {"id":54009,"c":"reset","k":["video.record.framing"]} 1 1
2026-10-02T07:54:05Z 1790927647.308 53171fa3d81a8e6f, [bmcam003] OK id=54009 reset video.record.framing -> YAML cfg=b6c0e763
2026-10-02T07:54:05Z 1790927647.371 53171fa3d81a8e6f, [bmcam003] OK id=54009 reset video.record.framing -> YAML (duplicate: original answer) cfg=b6c0e763
2026-10-02T07:54:05Z 1790927647.421 53171fa3d81a8e6f, [bmcam003] OK id=54009 reset video.record.framing -> YAML (duplicate: original answer) cfg=b6c0e763
2026-10-02T07:54:11Z 2026-10-02T07:54:12.718Z [BRIDGE_CFG] [INFO] Bridge topology in topology sampler:
2026-10-02T07:54:11Z 2026-10-02T07:54:12.722Z [BRIDGE_CFG] [INFO] c3c564b91856226c
2026-10-02T07:54:11Z 2026-10-02T07:54:12.726Z [BRIDGE_CFG] [INFO] 53171fa3d81a8e6f
2026-10-02T07:54:11Z 2026-10-02T07:54:12.726Z [BRIDGE_SYS] [INFO] Checking CRC in report builder!
2026-10-02T07:54:11Z 2026-10-02T07:54:12.730Z [BRIDGE_SYS] [INFO] Got CRC ba829098 OLD CRC ba829098
2026-10-02T07:54:11Z 2026-10-02T07:54:12.734Z [BRIDGE_SYS] [INFO] CRCs match, not updating
2026-10-02T07:54:13Z SPOT-33507C > bm pub bmcam/cmd {"id":54010,"c":"set","kv":{"video.record.fps":30}} 1 1
2026-10-02T07:54:14Z bm pub bmcam/cmd {"id":54010,"c":"set","kv":{"video.record.fps":30}} 1 1
2026-10-02T07:54:15Z 1790927656.742 53171fa3d81a8e6f, [bmcam003] REJECTED id=54010 video recording geometry does not resolve: GeometryError: video.fps 30 at 1920x1080 is blocked: 1080p30 aborted on encoder teardown (rc=1
2026-10-02T07:54:15Z 1790927656.777 53171fa3d81a8e6f, [bmcam003] REJECTED id=54010 (duplicate: original answer) e=xk k=video.record.fps cfg=b6c0e763
2026-10-02T07:54:15Z 1790927656.828 53171fa3d81a8e6f, [bmcam003] REJECTED id=54010 (duplicate: original answer) e=xk k=video.record.fps cfg=b6c0e763
2026-10-02T07:54:23Z SPOT-33507C > bm pub bmcam/cmd {"id":54011,"c":"set","kv":{"video.record.sensor_mode":"1536x864"}} 1 1
2026-10-02T07:54:24Z bm pub bmcam/cmd {"id":54011,"c":"set","kv":{"video.record.sensor_mode":"1536x864"}} 1 1
2026-10-02T07:54:24Z 1790927665.929 53171fa3d81a8e6f, [bmcam003] REJECTED id=54011 video recording geometry does not resolve: GeometryError: crop (0, 0, 4608, 2592) (native px) falls outside sensor mode 1536x864's field 
2026-10-02T07:54:24Z 1790927665.968 53171fa3d81a8e6f, [bmcam003] REJECTED id=54011 (duplicate: original answer) e=xk k=video.record.sensor_mode cfg=b6c0e763
2026-10-02T07:54:24Z 1790927666.019 53171fa3d81a8e6f, [bmcam003] REJECTED id=54011 (duplicate: original answer) e=xk k=video.record.sensor_mode cfg=b6c0e763
2026-10-02T07:54:32Z SPOT-33507C > bm pub bmcam/cmd {"id":54012,"c":"set","kv":{"video.send.size":"481x271"}} 1 1
2026-10-02T07:54:33Z bm pub bmcam/cmd {"id":54012,"c":"set","kv":{"video.send.size":"481x271"}} 1 1
2026-10-02T07:54:33Z 1790927675.097 53171fa3d81a8e6f, [bmcam003] REJECTED id=54012 video.send.size 481x271 must be even and at least 16x16 e=xk k=video.send.size cfg=b6c0e763
2026-10-02T07:54:33Z 1790927675.148 53171fa3d81a8e6f, [bmcam003] REJECTED id=54012 (duplicate: original answer) e=xk k=video.send.size cfg=b6c0e763
2026-10-02T07:54:33Z 1790927675.195 53171fa3d81a8e6f, [bmcam003] REJECTED id=54012 (duplicate: original answer) e=xk k=video.send.size cfg=b6c0e763
2026-10-02T07:54:41Z SPOT-33507C > bm pub bmcam/cmd {"id":54013,"c":"set","kv":{"video.record.framing":"stills_roi_1000p","video.send.size":"1280x720"}} 1 1
2026-10-02T07:54:42Z bm pub bmcam/cmd {"id":54013,"c":"set","kv":{"video.record.framing":"stills_roi_1000p","video.send.size":"1280x720"}} 1 1
2026-10-02T07:54:42Z 1790927684.296 53171fa3d81a8e6f, [bmcam003] REJECTED id=54013 video.send.size 1280x720 is larger than the recording 1000x562 (the clip fit refuses to upscale) e=xk k=video.send.size cfg=b6c0e763
2026-10-02T07:54:42Z 1790927684.335 53171fa3d81a8e6f, [bmcam003] REJECTED id=54013 (duplicate: original answer) e=xk k=video.send.size cfg=b6c0e763
2026-10-02T07:54:42Z 1790927684.382 53171fa3d81a8e6f, [bmcam003] REJECTED id=54013 (duplicate: original answer) e=xk k=video.send.size cfg=b6c0e763
2026-10-02T07:55:06Z SPOT-33507C > bm pub bmcam/cmd {"id":1000001,"c":"set","kv":{"camera.image_processing.enabled":true,"camera.image_processing.denoise":"cdn_fast","camera.image_processing.hdr":"sensor"}} 1 1
2026-10-02T07:55:07Z bm pub bmcam/cmd {"id":1000001,"c":"set","kv":{"camera.image_processing.enabled":true,"camera.image_processing.denoise":"cdn_fast","camera.image_processing.hdr":"sensor"}} 1 1
2026-10-02T07:55:07Z 2026-10-02T07:55:09.320Z [MS] [INFO] Added message(id: 45300 len: 162) to queue MS_Q_CELLULAR_ONLY: (1)!
2026-10-02T07:55:07Z 2026-10-02T07:55:09.320Z [BM_TX] [INFO] Submitted spotter/transmit-data message to cell-only queue, Len: 37
2026-10-02T07:55:07Z 2026-10-02T07:55:09.320Z [BM_TX] [DEBUG] Message:
2026-10-02T07:55:07Z  7b 22 69 64 22 3a 31 30
2026-10-02T07:55:07Z  30 30 30 30 31 2c 22 6f
2026-10-02T07:55:07Z  6b 22 3a 31 2c 22 68 22
2026-10-02T07:55:07Z  3a 22 34 65 39 37 64 32
2026-10-02T07:55:07Z  61 65 22 7d
2026-10-02T07:55:07Z Message: 1790927709.339 53171fa3d81a8e6f, [bmcam003] OK id=1000001 camera.image_processing.enabled: false -> true, camera.image_processing.denoise: none -> cdn_fast, camera.image_processing.hdr: none
2026-10-02T07:55:07Z 2026-10-02T07:55:09.355Z [MS] [DEBUG] Notecard is 14.000000 pct full.
2026-10-02T07:55:07Z 2026-10-02T07:55:09.355Z [MS] [DEBUG] Has message 45300 expired? queuedTime: 562382862, now64: 562382899, remaining: 86399963
2026-10-02T07:55:07Z 2026-10-02T07:55:09.359Z [MS] [INFO] Sending Cellular message to Notecard.
2026-10-02T07:55:07Z 2026-10-02T07:55:09.359Z [MS] [INFO] Queuing message 45300 20027488
2026-10-02T07:55:07Z 1790927709.390 53171fa3d81a8e6f, [bmcam003] OK id=1000001 camera.image_processing.enabled: false -> true, camera.image_processing.denoise: none -> cdn_fast, camera.image_processi (duplicate: original
2026-10-02T07:55:07Z 1790927709.441 53171fa3d81a8e6f, [bmcam003] OK id=1000001 camera.image_processing.enabled: false -> true, camera.image_processing.denoise: none -> cdn_fast, camera.image_processi (duplicate: original
2026-10-02T07:55:08Z 2026-10-02T07:55:10.449Z [MS] [INFO] Added message(id: 45301 len: 283) to queue MS_Q_CELLULAR_ONLY: (1)!
2026-10-02T07:55:08Z 2026-10-02T07:55:10.449Z [BM_TX] [INFO] Submitted spotter/transmit-data message to cell-only queue, Len: 157
2026-10-02T07:55:08Z 2026-10-02T07:55:10.453Z [BM_TX] [DEBUG] Message:
2026-10-02T07:55:08Z  3c 43 46 20 76 3d 31 20
2026-10-02T07:55:08Z  68 3d 34 65 39 37 64 32
2026-10-02T07:55:08Z  61 65 20 63 61 6d 65 72
2026-10-02T07:55:08Z  61 2e 69 6d 61 67 65 5f
2026-10-02T07:55:08Z  70 72 6f 63 65 73 73 69
2026-10-02T07:55:08Z  6e 67 2e 65 6e 61 62 6c
2026-10-02T07:55:08Z  65 64 3d 31 40 63 31 30
2026-10-02T07:55:08Z  30 30 30 30 31 20 63 61
2026-10-02T07:55:08Z  6d 65 72 61 2e 69 6d 61
2026-10-02T07:55:08Z  67 65 5f 70 72 6f 63 65
2026-10-02T07:55:08Z  73 73 69 6e 67 2e 64 65
2026-10-02T07:55:08Z  6e 6f 69 73 65 3d 63 64
2026-10-02T07:55:08Z  6e 5f 66 61 73 74 40 63
2026-10-02T07:55:08Z  31 30 30 30 30 30 31 20
2026-10-02T07:55:08Z  63 61 6d 65 72 61 2e 69
2026-10-02T07:55:08Z  6d 61 67 65 5f 70 72 6f
2026-10-02T07:55:08Z  63 65 73 73 69 6e 67 2e
2026-10-02T07:55:08Z  68 64 72 3d 73 65 6e 73
2026-10-02T07:55:08Z  6f 72 40 63 31 30 30 30
2026-10-02T07:55:08Z  30 30 31 3e
2026-10-02T07:55:08Z 2026-10-02T07:55:10.488Z [MS] [DEBUG] Notecard is 14.000000 pct full.
2026-10-02T07:55:08Z 2026-10-02T07:55:10.488Z [MS] [DEBUG] Has message 45301 expired? queuedTime: 562383993, now64: 562384031, remaining: 86399962
2026-10-02T07:55:08Z 2026-10-02T07:55:10.488Z [MS] [INFO] Sending Cellular message to Notecard.
2026-10-02T07:55:08Z 2026-10-02T07:55:10.488Z [MS] [INFO] Queuing message 45301 20027488
2026-10-02T07:55:11Z 2026-10-02T07:55:12.714Z [BRIDGE_CFG] [INFO] Bridge topology in topology sampler:
2026-10-02T07:55:11Z 2026-10-02T07:55:12.718Z [BRIDGE_CFG] [INFO] c3c564b91856226c
2026-10-02T07:55:11Z 2026-10-02T07:55:12.722Z [BRIDGE_CFG] [INFO] 53171fa3d81a8e6f
2026-10-02T07:55:11Z 2026-10-02T07:55:12.722Z [BRIDGE_SYS] [INFO] Checking CRC in report builder!
2026-10-02T07:55:11Z 2026-10-02T07:55:12.726Z [BRIDGE_SYS] [INFO] Got CRC ba829098 OLD CRC ba829098
2026-10-02T07:55:11Z 2026-10-02T07:55:12.730Z [BRIDGE_SYS] [INFO] CRCs match, not updating
2026-10-02T07:55:19Z SPOT-33507C > bm pub bmcam/cmd {"id":54020,"c":"trg","v":2,"kv":{"med":"still","m":40}} 1 1
2026-10-02T07:55:20Z bm pub bmcam/cmd {"id":54020,"c":"trg","v":2,"kv":{"med":"still","m":40}} 1 1
2026-10-02T07:55:20Z 1790927722.117 53171fa3d81a8e6f, [bmcam003] OK id=54020 trg 2 armed: capture + output per mode (next decision point); one action only: mode.media=still, still.message_cap=40 cfg=4e97d2ae
2026-10-02T07:55:20Z 1790927722.167 53171fa3d81a8e6f, [bmcam003] OK id=54020 trg 2 armed: capture + output per mode (next decision point); one action only: mode.media=still, still.message_cap=40 (duplicate: original answ
2026-10-02T07:55:20Z 1790927722.218 53171fa3d81a8e6f, [bmcam003] OK id=54020 trg 2 armed: capture + output per mode (next decision point); one action only: mode.media=still, still.message_cap=40 (duplicate: original answ
2026-10-02T07:55:23Z 2026-10-02T07:55:25.609Z [MS] [INFO] Added message(id: 45302 len: 261) to queue MS_Q_CELLULAR_ONLY: (1)!
2026-10-02T07:55:23Z 2026-10-02T07:55:25.609Z [BM_TX] [INFO] Submitted spotter/transmit-data message to cell-only queue, Len: 135
2026-10-02T07:55:23Z 2026-10-02T07:55:25.609Z [BM_TX] [DEBUG] Message:
2026-10-02T07:55:23Z  3c 57 53 20 76 3d 31 20
2026-10-02T07:55:23Z  61 3d 63 61 70 20 63 66
2026-10-02T07:55:23Z  67 3d 34 65 39 37 64 32
2026-10-02T07:55:23Z  61 65 20 75 70 3d 36 32
2026-10-02T07:55:23Z  34 35 20 74 7a 3d 41 6d
2026-10-02T07:55:23Z  65 72 69 63 61 2f 4c 6f
2026-10-02T07:55:23Z  73 5f 41 6e 67 65 6c 65
2026-10-02T07:55:23Z  73 20 6c 74 3d 6e 61 20
2026-10-02T07:55:23Z  77 73 3d 30 30 30 30 20
2026-10-02T07:55:23Z  77 65 3d 30 30 30 30 20
2026-10-02T07:55:23Z  72 6b 3d 38 30 30 78 34
2026-10-02T07:55:23Z  35 30 20 71 3d 39 30 20
2026-10-02T07:55:23Z  63 74 3d 33 35 2e 39 20
2026-10-02T07:55:23Z  73 68 61 3d 39 31 61 30
2026-10-02T07:55:23Z  38 66 36 32 34 30 31 31
2026-10-02T07:55:23Z  20 68 6e 3d 62 6d 63 61
2026-10-02T07:55:23Z  6d 30 30 33 3e 0a
2026-10-02T07:55:23Z 2026-10-02T07:55:25.656Z [MS] [DEBUG] Notecard is 14.000000 pct full.
2026-10-02T07:55:23Z 2026-10-02T07:55:25.656Z [MS] [DEBUG] Has message 45302 expired? queuedTime: 562399153, now64: 562399202, remaining: 86399951
2026-10-02T07:55:23Z 2026-10-02T07:55:25.656Z [MS] [INFO] Sending Cellular message to Notecard.
2026-10-02T07:55:23Z 2026-10-02T07:55:25.656Z [MS] [INFO] Queuing message 45302 20027488
2026-10-02T07:56:35Z SPOT-33507C > bm pub bmcam/cmd {"id":54021,"c":"trg","v":2,"kv":{"m":80}} 1 1
2026-10-02T07:56:36Z bm pub bmcam/cmd {"id":54021,"c":"trg","v":2,"kv":{"m":80}} 1 1
2026-10-02T07:56:36Z 1790927798.015 53171fa3d81a8e6f, [bmcam003] OK id=54021 trg 2 armed: capture + output per mode (next decision point); one action only: video.send.message_cap=80 cfg=4e97d2ae
2026-10-02T07:56:36Z 1790927798.074 53171fa3d81a8e6f, [bmcam003] OK id=54021 trg 2 armed: capture + output per mode (next decision point); one action only: video.send.message_cap=80 (duplicate: original answer) cfg=4e97d
2026-10-02T07:56:36Z 1790927798.125 53171fa3d81a8e6f, [bmcam003] OK id=54021 trg 2 armed: capture + output per mode (next decision point); one action only: video.send.message_cap=80 (duplicate: original answer) cfg=4e97d
2026-10-02T08:04:43Z SPOT-31593C > bm pub bmcam/cmd {"id":64180,"c":"set","kv":{"still.crop":[4000,0,800,450]}} 1 1
2026-10-02T08:04:46Z bm pub bmcam/cmd {"id":64180,"c":"set","kv":{"still.crop":[4000,0,800,450]}} 1 1
2026-10-02T08:04:46Z 1790928286.503 e6fe83ea6b4a2b7f, [bmcam004] REJECTED id=64180 [4000, 0, 800, 450] does not fit the native frame 4608x2592 e=xk k=still.crop cfg=f7c9194f
2026-10-02T08:04:46Z 1790928286.554 e6fe83ea6b4a2b7f, [bmcam004] REJECTED id=64180 (duplicate: original answer) e=xk k=still.crop cfg=f7c9194f
2026-10-02T08:04:46Z 1790928286.601 e6fe83ea6b4a2b7f, [bmcam004] REJECTED id=64180 (duplicate: original answer) e=xk k=still.crop cfg=f7c9194f
2026-10-02T08:04:46Z 1790928286.652 e6fe83ea6b4a2b7f, [bmcam004] REJECTED id=64180 (duplicate: original answer) e=xk k=still.crop cfg=f7c9194f
2026-10-02T08:04:46Z 1790928286.703 e6fe83ea6b4a2b7f, [bmcam004] REJECTED id=64180 (duplicate: original answer) e=xk k=still.crop cfg=f7c9194f
2026-10-02T08:04:46Z 1790928286.753 e6fe83ea6b4a2b7f, [bmcam004] REJECTED id=64180 (duplicate: original answer) e=xk k=still.crop cfg=f7c9194f
2026-10-02T08:04:46Z 1790928286.804 e6fe83ea6b4a2b7f, [bmcam004] REJECTED id=64180 (duplicate: original answer) e=xk k=still.crop cfg=f7c9194f
2026-10-02T08:04:46Z 1790928286.871 e6fe83ea6b4a2b7f, [bmcam004] REJECTED id=64180 (duplicate: original answer) e=xk k=still.crop cfg=f7c9194f
2026-10-02T08:04:54Z SPOT-31593C > bm pub bmcam/cmd {"id":64181,"c":"set","kv":{"still.crop":[0,0,4609,2592]}} 1 1
2026-10-02T08:04:55Z bm pub bmcam/cmd {"id":64181,"c":"set","kv":{"still.crop":[0,0,4609,2592]}} 1 1
2026-10-02T08:04:55Z 1790928295.582 e6fe83ea6b4a2b7f, [bmcam004] REJECTED id=64181 [0, 0, 4609, 2592] does not fit the native frame 4608x2592 e=xk k=still.crop cfg=f7c9194f
2026-10-02T08:04:55Z 1790928295.632 e6fe83ea6b4a2b7f, [bmcam004] REJECTED id=64181 (duplicate: original answer) e=xk k=still.crop cfg=f7c9194f
2026-10-02T08:04:55Z 1790928295.683 e6fe83ea6b4a2b7f, [bmcam004] REJECTED id=64181 (duplicate: original answer) e=xk k=still.crop cfg=f7c9194f
2026-10-02T08:04:55Z 1790928295.734 e6fe83ea6b4a2b7f, [bmcam004] REJECTED id=64181 (duplicate: original answer) e=xk k=still.crop cfg=f7c9194f
2026-10-02T08:04:55Z 1790928295.785 e6fe83ea6b4a2b7f, [bmcam004] REJECTED id=64181 (duplicate: original answer) e=xk k=still.crop cfg=f7c9194f
2026-10-02T08:04:55Z 1790928295.832 e6fe83ea6b4a2b7f, [bmcam004] REJECTED id=64181 (duplicate: original answer) e=xk k=still.crop cfg=f7c9194f
2026-10-02T08:04:55Z 1790928295.882 e6fe83ea6b4a2b7f, [bmcam004] REJECTED id=64181 (duplicate: original answer) e=xk k=still.crop cfg=f7c9194f
2026-10-02T08:04:55Z 1790928295.933 e6fe83ea6b4a2b7f, [bmcam004] REJECTED id=64181 (duplicate: original answer) e=xk k=still.crop cfg=f7c9194f
2026-10-02T08:05:03Z SPOT-31593C > bm pub bmcam/cmd {"id":64182,"c":"set","kv":{"video.record.crop":[4000,0,800,450],"video.record.output":"800x450"}} 1 1
2026-10-02T08:05:04Z bm pub bmcam/cmd {"id":64182,"c":"set","kv":{"video.record.crop":[4000,0,800,450],"video.record.output":"800x450"}} 1 1
2026-10-02T08:05:04Z 1790928305.062 e6fe83ea6b4a2b7f, [bmcam004] REJECTED id=64182 [4000, 0, 800, 450] does not fit the native frame 4608x2592 e=xk k=video.record.crop cfg=f7c9194f
2026-10-02T08:05:05Z 1790928305.109 e6fe83ea6b4a2b7f, [bmcam004] REJECTED id=64182 (duplicate: original answer) e=xk k=video.record.crop cfg=f7c9194f
2026-10-02T08:05:05Z 1790928305.160 e6fe83ea6b4a2b7f, [bmcam004] REJECTED id=64182 (duplicate: original answer) e=xk k=video.record.crop cfg=f7c9194f
2026-10-02T08:05:05Z 1790928305.210 e6fe83ea6b4a2b7f, [bmcam004] REJECTED id=64182 (duplicate: original answer) e=xk k=video.record.crop cfg=f7c9194f
2026-10-02T08:05:05Z 1790928305.269 e6fe83ea6b4a2b7f, [bmcam004] REJECTED id=64182 (duplicate: original answer) e=xk k=video.record.crop cfg=f7c9194f
2026-10-02T08:05:05Z 1790928305.320 e6fe83ea6b4a2b7f, [bmcam004] REJECTED id=64182 (duplicate: original answer) e=xk k=video.record.crop cfg=f7c9194f
2026-10-02T08:05:05Z 1790928305.371 e6fe83ea6b4a2b7f, [bmcam004] REJECTED id=64182 (duplicate: original answer) e=xk k=video.record.crop cfg=f7c9194f
2026-10-02T08:05:05Z 1790928305.582 e6fe83ea6b4a2b7f, [bmcam004] REJECTED id=64182 (duplicate: original answer) e=xk k=video.record.crop cfg=f7c9194f
2026-10-02T08:05:13Z SPOT-31593C > bm pub bmcam/cmd {"id":64183,"c":"set","kv":{"camera.exposure.ev":8.01}} 1 1
2026-10-02T08:05:14Z bm pub bmcam/cmd {"id":64183,"c":"set","kv":{"camera.exposure.ev":8.01}} 1 1
2026-10-02T08:05:14Z 1790928314.289 e6fe83ea6b4a2b7f, [bmcam004] REJECTED id=64183 must be in -8.0..8.0 e=val k=camera.exposure.ev cfg=f7c9194f
2026-10-02T08:05:14Z 1790928314.339 e6fe83ea6b4a2b7f, [bmcam004] REJECTED id=64183 (duplicate: original answer) e=val k=camera.exposure.ev cfg=f7c9194f
2026-10-02T08:05:14Z 1790928314.390 e6fe83ea6b4a2b7f, [bmcam004] REJECTED id=64183 (duplicate: original answer) e=val k=camera.exposure.ev cfg=f7c9194f
2026-10-02T08:05:14Z 1790928314.437 e6fe83ea6b4a2b7f, [bmcam004] REJECTED id=64183 (duplicate: original answer) e=val k=camera.exposure.ev cfg=f7c9194f
2026-10-02T08:05:14Z 1790928314.488 e6fe83ea6b4a2b7f, [bmcam004] REJECTED id=64183 (duplicate: original answer) e=val k=camera.exposure.ev cfg=f7c9194f
2026-10-02T08:05:14Z 1790928314.539 e6fe83ea6b4a2b7f, [bmcam004] REJECTED id=64183 (duplicate: original answer) e=val k=camera.exposure.ev cfg=f7c9194f
2026-10-02T08:05:14Z 1790928314.750 e6fe83ea6b4a2b7f, [bmcam004] REJECTED id=64183 (duplicate: original answer) e=val k=camera.exposure.ev cfg=f7c9194f
2026-10-02T08:05:14Z 1790928314.800 e6fe83ea6b4a2b7f, [bmcam004] REJECTED id=64183 (duplicate: original answer) e=val k=camera.exposure.ev cfg=f7c9194f
2026-10-02T08:05:22Z SPOT-31593C > bm pub bmcam/cmd {"id":64184,"c":"set","kv":{"camera.exposure.analogue_gain":64.1}} 1 1
2026-10-02T08:05:23Z bm pub bmcam/cmd {"id":64184,"c":"set","kv":{"camera.exposure.analogue_gain":64.1}} 1 1
2026-10-02T08:05:23Z 1790928323.714 e6fe83ea6b4a2b7f, [bmcam004] REJECTED id=64184 must be in 0.0..64.0 e=val k=camera.exposure.analogue_gain cfg=f7c9194f
2026-10-02T08:05:23Z 1790928323.765 e6fe83ea6b4a2b7f, [bmcam004] REJECTED id=64184 (duplicate: original answer) e=val k=camera.exposure.analogue_gain cfg=f7c9194f
2026-10-02T08:05:23Z 1790928323.816 e6fe83ea6b4a2b7f, [bmcam004] REJECTED id=64184 (duplicate: original answer) e=val k=camera.exposure.analogue_gain cfg=f7c9194f
2026-10-02T08:05:23Z 1790928323.867 e6fe83ea6b4a2b7f, [bmcam004] REJECTED id=64184 (duplicate: original answer) e=val k=camera.exposure.analogue_gain cfg=f7c9194f
2026-10-02T08:05:23Z 1790928323.925 e6fe83ea6b4a2b7f, [bmcam004] REJECTED id=64184 (duplicate: original answer) e=val k=camera.exposure.analogue_gain cfg=f7c9194f
2026-10-02T08:05:24Z 1790928323.976 e6fe83ea6b4a2b7f, [bmcam004] REJECTED id=64184 (duplicate: original answer) e=val k=camera.exposure.analogue_gain cfg=f7c9194f
2026-10-02T08:05:24Z 1790928324.027 e6fe83ea6b4a2b7f, [bmcam004] REJECTED id=64184 (duplicate: original answer) e=val k=camera.exposure.analogue_gain cfg=f7c9194f
2026-10-02T08:05:24Z 1790928324.078 e6fe83ea6b4a2b7f, [bmcam004] REJECTED id=64184 (duplicate: original answer) e=val k=camera.exposure.analogue_gain cfg=f7c9194f
2026-10-02T08:05:26Z 2026-10-02T08:05:26.492Z [BRIDGE_CFG] [INFO] Bridge topology in topology sampler:
2026-10-02T08:05:26Z 2026-10-02T08:05:26.500Z [BRIDGE_CFG] [INFO] 0e582dd12c1e1480
2026-10-02T08:05:26Z 2026-10-02T08:05:26.500Z [BRIDGE_CFG] [INFO] e6fe83ea6b4a2b7f
2026-10-02T08:05:26Z 2026-10-02T08:05:26.503Z [BRIDGE_SYS] [INFO] Checking CRC in report builder!
2026-10-02T08:05:26Z 2026-10-02T08:05:26.503Z [BRIDGE_SYS] [INFO] Got CRC f3b914aa OLD CRC f3b914aa
2026-10-02T08:05:26Z 2026-10-02T08:05:26.507Z [BRIDGE_SYS] [INFO] CRCs match, not updating
2026-10-02T08:05:31Z SPOT-31593C > bm pub bmcam/cmd {"id":64185,"c":"set","kv":{"still.message_cap":501}} 1 1
2026-10-02T08:05:32Z bm pub bmcam/cmd {"id":64185,"c":"set","kv":{"still.message_cap":501}} 1 1
2026-10-02T08:05:32Z 1790928332.785 e6fe83ea6b4a2b7f, [bmcam004] OK id=64185 still.message_cap: 195 -> 501 (next action) cfg=4e9e4995
2026-10-02T08:05:32Z 1790928332.835 e6fe83ea6b4a2b7f, [bmcam004] OK id=64185 still.message_cap: 195 -> 501 (next action) (duplicate: original answer) cfg=4e9e4995
2026-10-02T08:05:32Z 1790928332.882 e6fe83ea6b4a2b7f, [bmcam004] OK id=64185 still.message_cap: 195 -> 501 (next action) (duplicate: original answer) cfg=4e9e4995
2026-10-02T08:05:32Z 1790928332.933 e6fe83ea6b4a2b7f, [bmcam004] OK id=64185 still.message_cap: 195 -> 501 (next action) (duplicate: original answer) cfg=4e9e4995
2026-10-02T08:05:32Z 1790928332.984 e6fe83ea6b4a2b7f, [bmcam004] OK id=64185 still.message_cap: 195 -> 501 (next action) (duplicate: original answer) cfg=4e9e4995
2026-10-02T08:05:33Z 1790928333.035 e6fe83ea6b4a2b7f, [bmcam004] OK id=64185 still.message_cap: 195 -> 501 (next action) (duplicate: original answer) cfg=4e9e4995
2026-10-02T08:05:33Z 1790928333.253 e6fe83ea6b4a2b7f, [bmcam004] OK id=64185 still.message_cap: 195 -> 501 (next action) (duplicate: original answer) cfg=4e9e4995
2026-10-02T08:05:33Z 1790928333.304 e6fe83ea6b4a2b7f, [bmcam004] OK id=64185 still.message_cap: 195 -> 501 (next action) (duplicate: original answer) cfg=4e9e4995
2026-10-02T08:05:52Z SPOT-31593C > bm pub bmcam/cmd {"id":64186,"c":"reset","k":["still.message_cap"]} 1 1
2026-10-02T08:05:53Z bm pub bmcam/cmd {"id":64186,"c":"reset","k":["still.message_cap"]} 1 1
2026-10-02T08:05:54Z 1790928354.210 e6fe83ea6b4a2b7f, [bmcam004] OK id=64186 reset still.message_cap -> YAML cfg=f7c9194f
2026-10-02T08:05:54Z 1790928354.261 e6fe83ea6b4a2b7f, [bmcam004] OK id=64186 reset still.message_cap -> YAML (duplicate: original answer) cfg=f7c9194f
2026-10-02T08:05:54Z 1790928354.312 e6fe83ea6b4a2b7f, [bmcam004] OK id=64186 reset still.message_cap -> YAML (duplicate: original answer) cfg=f7c9194f
2026-10-02T08:05:54Z 1790928354.363 e6fe83ea6b4a2b7f, [bmcam004] OK id=64186 reset still.message_cap -> YAML (duplicate: original answer) cfg=f7c9194f
2026-10-02T08:05:54Z 1790928354.421 e6fe83ea6b4a2b7f, [bmcam004] OK id=64186 reset still.message_cap -> YAML (duplicate: original answer) cfg=f7c9194f
2026-10-02T08:05:54Z 1790928354.472 e6fe83ea6b4a2b7f, [bmcam004] OK id=64186 reset still.message_cap -> YAML (duplicate: original answer) cfg=f7c9194f
2026-10-02T08:05:54Z 1790928354.519 e6fe83ea6b4a2b7f, [bmcam004] OK id=64186 reset still.message_cap -> YAML (duplicate: original answer) cfg=f7c9194f
2026-10-02T08:05:54Z 1790928354.570 e6fe83ea6b4a2b7f, [bmcam004] OK id=64186 reset still.message_cap -> YAML (duplicate: original answer) cfg=f7c9194f
