----- 2026-10-02T06:21:58Z STATE B0.before bmcam004
sha256 0f45dae3dd6186bb bm_command_state_v2.json 0L
sha256 c8a9c0c989ab6e7e camera_config.yaml 145L
sha256 f5bea6c9a0e50a25 config_journal.jsonl 43L
overlay {"mode.run": "stay_on"}
guarded {}
boot 28 hw {"service": 100000032} trg null cache 178
===== 2026-10-02T06:22:00Z B0.get SPOT-31593C  bm pub bmcam/cmd {"id":64001,"c":"get","k":["mode","camera","still","video.record","video.send"],"to":"con"} 1 1  (113 B line)
CON  2026-10-02T06:22:02Z bm pub bmcam/cmd {"id":64001,"c":"get","k":["mode","camera","still","video.record","video.send"],"to":"con"} 1 1
CON  2026-10-02T06:22:02Z 1790922122.453 e6fe83ea6b4a2b7f, [bmcam004] REJECTED id=64001 k is a list of 1..4 names e=val k=k cfg=f7c9194f
CON  2026-10-02T06:22:02Z 1790922122.503 e6fe83ea6b4a2b7f, [bmcam004] REJECTED id=64001 (duplicate: original answer) e=val k=k cfg=f7c9194f
CON  2026-10-02T06:22:03Z 1790922122.714 e6fe83ea6b4a2b7f, [bmcam004] REJECTED id=64001 (duplicate: original answer) e=val k=k cfg=f7c9194f
SUMMARY cell=0 con=4
===== 2026-10-02T06:22:20Z B0.get1 SPOT-31593C  bm pub bmcam/cmd {"id":64002,"c":"get","k":["mode","camera","still"],"to":"con"} 1 1  (85 B line)
CON  2026-10-02T06:22:21Z bm pub bmcam/cmd {"id":64002,"c":"get","k":["mode","camera","still"],"to":"con"} 1 1
CON  2026-10-02T06:22:21Z 1790922141.000 e6fe83ea6b4a2b7f, [bmcam004] OK id=64002 get mode, camera, still: 36 key(s) cfg=f7c9194f
CON  2026-10-02T06:22:21Z 1790922141.050 e6fe83ea6b4a2b7f,   mode.media = video (yaml)
CON  2026-10-02T06:22:21Z 1790922141.101 e6fe83ea6b4a2b7f,   mode.run = stay_on (cmd 62101)
CON  2026-10-02T06:22:21Z 1790922141.148 e6fe83ea6b4a2b7f,   mode.interval_s = 0 (yaml)
CON  2026-10-02T06:22:21Z 1790922141.199 e6fe83ea6b4a2b7f,   mode.heartbeat_s = 300 (yaml)
CON  2026-10-02T06:22:21Z 1790922141.250 e6fe83ea6b4a2b7f,   mode.output = transmit (yaml)
CON  2026-10-02T06:22:21Z 1790922141.300 e6fe83ea6b4a2b7f,   camera.backend = rpicam (yaml)
CON  2026-10-02T06:22:21Z 1790922141.351 e6fe83ea6b4a2b7f,   camera.native.width = 4608 (yaml)
CON  2026-10-02T06:22:21Z 1790922141.398 e6fe83ea6b4a2b7f,   camera.native.height = 2592 (yaml)
CON  2026-10-02T06:22:21Z 1790922141.449 e6fe83ea6b4a2b7f,   camera.native.jpeg_quality = 95 (yaml)
CON  2026-10-02T06:22:21Z 1790922141.500 e6fe83ea6b4a2b7f,   camera.controls_enabled = true (yaml)
CON  2026-10-02T06:22:21Z 1790922141.558 e6fe83ea6b4a2b7f,   camera.focus.enabled = true (yaml)
CON  2026-10-02T06:22:21Z 1790922141.609 e6fe83ea6b4a2b7f,   camera.focus.mode = auto (yaml)
CON  2026-10-02T06:22:21Z 1790922141.660 e6fe83ea6b4a2b7f,   camera.focus.lens_position = 1.82 (yaml)
CON  2026-10-02T06:22:21Z 1790922141.710 e6fe83ea6b4a2b7f,   camera.focus.range = none (yaml)
CON  2026-10-02T06:22:21Z 1790922141.761 e6fe83ea6b4a2b7f,   camera.focus.speed = none (yaml)
CON  2026-10-02T06:22:22Z 1790922141.808 e6fe83ea6b4a2b7f,   camera.white_balance.enabled = false (yaml)
CON  2026-10-02T06:22:22Z 1790922141.859 e6fe83ea6b4a2b7f,   camera.white_balance.mode = none (yaml)
CON  2026-10-02T06:22:22Z 1790922141.910 e6fe83ea6b4a2b7f,   camera.white_balance.gains = none (yaml)
CON  2026-10-02T06:22:22Z 1790922141.960 e6fe83ea6b4a2b7f,   camera.exposure.enabled = false (yaml)
CON  2026-10-02T06:22:22Z 1790922142.011 e6fe83ea6b4a2b7f,   camera.exposure.mode = none (yaml)
CON  2026-10-02T06:22:22Z 1790922142.058 e6fe83ea6b4a2b7f,   camera.exposure.ev = none (yaml)
CON  2026-10-02T06:22:22Z 1790922142.121 e6fe83ea6b4a2b7f,   camera.exposure.shutter_us = none (yaml)
CON  2026-10-02T06:22:22Z 1790922142.171 e6fe83ea6b4a2b7f,   camera.exposure.analogue_gain = none (yaml)
CON  2026-10-02T06:22:22Z 1790922142.218 e6fe83ea6b4a2b7f,   camera.image_processing.enabled = false (yaml)
CON  2026-10-02T06:22:22Z 1790922142.269 e6fe83ea6b4a2b7f,   camera.image_processing.sharpness = none (yaml)
CON  2026-10-02T06:22:22Z 1790922142.320 e6fe83ea6b4a2b7f,   camera.image_processing.contrast = none (yaml)
CON  2026-10-02T06:22:22Z 1790922142.371 e6fe83ea6b4a2b7f,   camera.image_processing.saturation = none (yaml)
CON  2026-10-02T06:22:22Z 1790922142.421 e6fe83ea6b4a2b7f,   camera.image_processing.brightness = none (yaml)
CON  2026-10-02T06:22:22Z 1790922142.468 e6fe83ea6b4a2b7f,   camera.image_processing.denoise = none (yaml)
CON  2026-10-02T06:22:22Z 1790922142.519 e6fe83ea6b4a2b7f,   camera.image_processing.hdr = none (yaml)
CON  2026-10-02T06:22:22Z 1790922142.582 e6fe83ea6b4a2b7f,   still.crop = 1504,846,1600,900 (yaml)
CON  2026-10-02T06:22:22Z 1790922142.628 e6fe83ea6b4a2b7f,   still.output_width = 1000 (yaml)
CON  2026-10-02T06:22:22Z 1790922142.679 e6fe83ea6b4a2b7f,   still.quality_ladder = 90,80,70,60,50,40,30,25,20,15,13,11,9 (yaml)
CON  2026-10-02T06:22:22Z 1790922142.730 e6fe83ea6b4a2b7f,   still.save.quality = 85 (yaml)
CON  2026-10-02T06:22:22Z 1790922142.781 e6fe83ea6b4a2b7f,   still.message_cap = 195 (yaml)
CON  2026-10-02T06:22:23Z 1790922142.832 e6fe83ea6b4a2b7f,   still.budget_min = 8 (yaml)
CON  2026-10-02T06:22:23Z 1790922142.890 e6fe83ea6b4a2b7f, [bmcam004] OK id=64002 get mode, camera, still: 36 key(s) (duplicate: original answer) cfg=f7c9194f
CON  2026-10-02T06:22:23Z 1790922142.941 e6fe83ea6b4a2b7f, [bmcam004] OK id=64002 get mode, camera, still: 36 key(s) (duplicate: original answer) cfg=f7c9194f
SUMMARY cell=0 con=40
===== 2026-10-02T06:22:33Z B0.get2 SPOT-31593C  bm pub bmcam/cmd {"id":64003,"c":"get","k":["video.record","video.send"],"to":"con"} 1 1  (89 B line)
CON  2026-10-02T06:22:34Z bm pub bmcam/cmd {"id":64003,"c":"get","k":["video.record","video.send"],"to":"con"} 1 1
CON  2026-10-02T06:22:34Z 1790922154.207 e6fe83ea6b4a2b7f, [bmcam004] OK id=64003 get video.record, video.send: 20 key(s) cfg=f7c9194f
CON  2026-10-02T06:22:34Z 1790922154.257 e6fe83ea6b4a2b7f,   video.record.framing = wide_1080p_lean (yaml)
CON  2026-10-02T06:22:34Z 1790922154.308 e6fe83ea6b4a2b7f,   video.record.crop = none (yaml)
CON  2026-10-02T06:22:34Z 1790922154.359 e6fe83ea6b4a2b7f,   video.record.output = none (yaml)
CON  2026-10-02T06:22:34Z 1790922154.406 e6fe83ea6b4a2b7f,   video.record.sensor_mode = none (yaml)
CON  2026-10-02T06:22:34Z 1790922154.457 e6fe83ea6b4a2b7f,   video.record.fps = 15 (yaml)
CON  2026-10-02T06:22:34Z 1790922154.519 e6fe83ea6b4a2b7f,   video.record.bitrate_mbps = 6.0 (yaml)
CON  2026-10-02T06:22:34Z 1790922154.566 e6fe83ea6b4a2b7f,   video.record.dir = /home/pi/BM_Devel_Pi/videos (yaml)
CON  2026-10-02T06:22:34Z 1790922154.617 e6fe83ea6b4a2b7f,   video.record.encoder.profile =  (yaml)
CON  2026-10-02T06:22:35Z 1790922154.667 e6fe83ea6b4a2b7f,   video.record.encoder.level =  (yaml)
CON  2026-10-02T06:22:35Z 1790922154.718 e6fe83ea6b4a2b7f,   video.record.encoder.intra = 0 (yaml)
CON  2026-10-02T06:22:35Z 1790922154.769 e6fe83ea6b4a2b7f,   video.record.encoder.denoise =  (yaml)
CON  2026-10-02T06:22:35Z 1790922154.816 e6fe83ea6b4a2b7f,   video.record.encoder.sharpness = 1.0 (yaml)
CON  2026-10-02T06:22:35Z 1790922154.867 e6fe83ea6b4a2b7f,   video.send.duration_s = 5.0 (yaml)
CON  2026-10-02T06:22:35Z 1790922154.917 e6fe83ea6b4a2b7f,   video.send.lead_in_s = 2.0 (yaml)
CON  2026-10-02T06:22:35Z 1790922154.968 e6fe83ea6b4a2b7f,   video.send.fps = 10 (yaml)
CON  2026-10-02T06:22:35Z 1790922155.019 e6fe83ea6b4a2b7f,   video.send.message_cap = 190 (yaml)
CON  2026-10-02T06:22:35Z 1790922155.078 e6fe83ea6b4a2b7f,   video.send.keyframe_repeat_max = 30 (yaml)
CON  2026-10-02T06:22:35Z 1790922155.128 e6fe83ea6b4a2b7f,   video.send.size = 480x270 (yaml)
CON  2026-10-02T06:22:35Z 1790922155.179 e6fe83ea6b4a2b7f,   video.send.x264_preset = medium (yaml)
CON  2026-10-02T06:22:35Z 1790922155.226 e6fe83ea6b4a2b7f,   video.send.budget_min = 8 (yaml)
CON  2026-10-02T06:22:35Z 1790922155.289 e6fe83ea6b4a2b7f, [bmcam004] OK id=64003 get video.record, video.send: 20 key(s) (duplicate: original answer) cfg=f7c9194f
CON  2026-10-02T06:22:35Z 1790922155.339 e6fe83ea6b4a2b7f, [bmcam004] OK id=64003 get video.record, video.send: 20 key(s) (duplicate: original answer) cfg=f7c9194f
SUMMARY cell=0 con=24
===== 2026-10-02T06:23:01Z L1.ping SPOT-31593C  bm pub bmcam/cmd {"id":64004,"c":"ping"} 1 1  (45 B line)
CON  2026-10-02T06:23:03Z bm pub bmcam/cmd {"id":64004,"c":"ping"} 1 1
CON  2026-10-02T06:23:03Z 1790922183.632 e6fe83ea6b4a2b7f, [bmcam004] OK id=64004 ping cfg=f7c9194f
CON  2026-10-02T06:23:03Z 1790922183.695 e6fe83ea6b4a2b7f, [bmcam004] OK id=64004 ping (duplicate: original answer) cfg=f7c9194f
CON  2026-10-02T06:23:03Z 1790922183.746 e6fe83ea6b4a2b7f, [bmcam004] OK id=64004 ping (duplicate: original answer) cfg=f7c9194f
SUMMARY cell=0 con=4
----- 2026-10-02T06:23:10Z STATE L2.before bmcam004
sha256 bf277d461b397544 bm_command_state_v2.json 0L
sha256 c8a9c0c989ab6e7e camera_config.yaml 145L
sha256 f5bea6c9a0e50a25 config_journal.jsonl 43L
overlay {"mode.run": "stay_on"}
guarded {}
boot 28 hw {"service": 100000032} trg null cache 182
===== 2026-10-02T06:23:12Z L2.set SPOT-31593C  bm pub bmcam/cmd {"id":64005,"c":"set","kv":{"camera.controls_enabled":true,"camera.exposure.enabled":true,"camera.exposure.ev":-1.0}} 1 1  (139 B line)
CON  2026-10-02T06:23:13Z bm pub bmcam/cmd {"id":64005,"c":"set","kv":{"camera.controls_enabled":true,"camera.exposure.enabled":true,"camera.exposure.ev":-1.0}} 1 1
CON  2026-10-02T06:23:13Z 1790922192.820 e6fe83ea6b4a2b7f, [bmcam004] OK id=64005 camera.exposure.enabled: false -> true, camera.exposure.ev: none -> -1.0 (next action) cfg=9bb7c063
CON  2026-10-02T06:23:13Z 1790922192.882 e6fe83ea6b4a2b7f, [bmcam004] OK id=64005 camera.exposure.enabled: false -> true, camera.exposure.ev: none -> -1.0 (next action) (duplicate: original answer) cfg=9bb7c063
CON  2026-10-02T06:23:13Z 1790922192.933 e6fe83ea6b4a2b7f, [bmcam004] OK id=64005 camera.exposure.enabled: false -> true, camera.exposure.ev: none -> -1.0 (next action) (duplicate: original answer) cfg=9bb7c063
SUMMARY cell=0 con=4
===== 2026-10-02T06:23:28Z L2.trg SPOT-31593C  bm pub bmcam/cmd {"id":64006,"c":"trg","v":2,"kv":{"med":"still","o":"save_local"}} 1 1  (88 B line)
CON  2026-10-02T06:23:29Z bm pub bmcam/cmd {"id":64006,"c":"trg","v":2,"kv":{"med":"still","o":"save_local"}} 1 1
CON  2026-10-02T06:23:29Z 1790922209.617 e6fe83ea6b4a2b7f, [bmcam004] OK id=64006 trg 2 armed: capture + output per mode (next decision point); one action only: mode.media=still, mode.output=save_local cfg=9bb7c063
CON  2026-10-02T06:23:29Z 1790922209.679 e6fe83ea6b4a2b7f, [bmcam004] OK id=64006 trg 2 armed: capture + output per mode (next decision point); one action only: mode.media=still, mode.output=save_local (duplicate: original an
CON  2026-10-02T06:23:30Z 1790922209.730 e6fe83ea6b4a2b7f, [bmcam004] OK id=64006 trg 2 armed: capture + output per mode (next decision point); one action only: mode.media=still, mode.output=save_local (duplicate: original an
SUMMARY cell=0 con=4
===== 2026-10-02T06:24:17Z L2.trg2 SPOT-31593C  bm pub bmcam/cmd {"id":64007,"c":"trg","v":2,"kv":{"med":"still","m":30}} 1 1  (78 B line)
CON  2026-10-02T06:24:20Z bm pub bmcam/cmd {"id":64007,"c":"trg","v":2,"kv":{"med":"still","m":30}} 1 1
CON  2026-10-02T06:24:20Z 1790922260.101 e6fe83ea6b4a2b7f, [bmcam004] OK id=64007 trg 2 armed: capture + output per mode (next decision point); one action only: mode.media=still, still.message_cap=30 cfg=9bb7c063
CON  2026-10-02T06:24:20Z 1790922260.148 e6fe83ea6b4a2b7f, [bmcam004] OK id=64007 trg 2 armed: capture + output per mode (next decision point); one action only: mode.media=still, still.message_cap=30 (duplicate: original answ
CON  2026-10-02T06:24:20Z 1790922260.210 e6fe83ea6b4a2b7f, [bmcam004] OK id=64007 trg 2 armed: capture + output per mode (next decision point); one action only: mode.media=still, still.message_cap=30 (duplicate: original answ
CELL 2026-10-02T06:24:28Z len=135 <WS v=1 a=cap cfg=9bb7c063 up=899 tz=America/Los_Angeles lt=na ws=0000 we=0000 rk=1000x562 q=90 ct=36.5 sha=91a08f624011 hn=bmcam004>

SUMMARY cell=1 con=4
===== 2026-10-02T06:26:26Z L1.ping-backend SPOT-31593C  bm pub bmcam/cmd {"id":1000000,"c":"ping"} 1 1  (47 B line)
CON  2026-10-02T06:26:27Z bm pub bmcam/cmd {"id":1000000,"c":"ping"} 1 1
CELL 2026-10-02T06:26:27Z len=37 {"id":1000000,"ok":1,"h":"9bb7c063"}
CON  2026-10-02T06:26:27Z Message: 1790922387.289 e6fe83ea6b4a2b7f, [bmcam004] OK id=1000000 ping cfg=9bb7c063
CON  2026-10-02T06:26:27Z 1790922387.328 e6fe83ea6b4a2b7f, [bmcam004] OK id=1000000 ping (duplicate: original answer) cfg=9bb7c063
CON  2026-10-02T06:26:27Z 1790922387.390 e6fe83ea6b4a2b7f, [bmcam004] OK id=1000000 ping (duplicate: original answer) cfg=9bb7c063
SUMMARY cell=1 con=4
===== 2026-10-02T06:26:47Z L1.ping-backend-003 SPOT-33507C  bm pub bmcam/cmd {"id":1000000,"c":"ping"} 1 1  (47 B line)
CON  2026-10-02T06:26:48Z bm pub bmcam/cmd {"id":1000000,"c":"ping"} 1 1
CELL 2026-10-02T06:26:48Z len=37 {"id":1000000,"ok":1,"h":"f7c9194f"}
CON  2026-10-02T06:26:48Z Message: 1790922409.945 53171fa3d81a8e6f, [bmcam003] OK id=1000000 ping cfg=f7c9194f
CON  2026-10-02T06:26:48Z 1790922409.980 53171fa3d81a8e6f, [bmcam003] OK id=1000000 ping (duplicate: original answer) cfg=f7c9194f
CON  2026-10-02T06:26:54Z 1790922416.437 53171fa3d81a8e6f, [bmcam003] OK id=1000000 ping (duplicate: original answer) cfg=f7c9194f
SUMMARY cell=1 con=4
----- 2026-10-02T06:27:43Z STATE L3.before bmcam004
sha256 818b79a9e7e8a512 bm_command_state_v2.json 0L
sha256 c8a9c0c989ab6e7e camera_config.yaml 145L
sha256 2400f20bb2018718 config_journal.jsonl 47L
overlay {"camera.controls_enabled": true, "camera.exposure.enabled": true, "camera.exposure.ev": -1.0, "mode.run": "stay_on"}
guarded {}
boot 28 hw {"remote": 1000000, "service": 100000032} trg null cache 186
===== 2026-10-02T06:27:45Z L3.cmd SPOT-31593C  bm pub bmcam/cmd {"id":64010,"c":"set","kv":{"camera.exposure.shutter_us":10000,"camera.exposure.analogue_gain":2.0}} 1 1  (122 B line)
CON  2026-10-02T06:27:48Z bm pub bmcam/cmd {"id":64010,"c":"set","kv":{"camera.exposure.shutter_us":10000,"camera.exposure.analogue_gain":2.0}} 1 1
CON  2026-10-02T06:27:48Z 1790922467.984 e6fe83ea6b4a2b7f, [bmcam004] OK id=64010 camera.exposure.shutter_us: none -> 10000, camera.exposure.analogue_gain: none -> 2.0 (next action) cfg=8b5a56bd
CON  2026-10-02T06:27:48Z 1790922468.035 e6fe83ea6b4a2b7f, [bmcam004] OK id=64010 camera.exposure.shutter_us: none -> 10000, camera.exposure.analogue_gain: none -> 2.0 (next action) (duplicate: original answer) cfg=8b5a56bd
CON  2026-10-02T06:27:48Z 1790922468.082 e6fe83ea6b4a2b7f, [bmcam004] OK id=64010 camera.exposure.shutter_us: none -> 10000, camera.exposure.analogue_gain: none -> 2.0 (next action) (duplicate: original answer) cfg=8b5a56bd
SUMMARY cell=0 con=4
===== 2026-10-02T06:27:57Z L3.trg SPOT-31593C  bm pub bmcam/cmd {"id":64011,"c":"trg","v":2,"kv":{"med":"still","m":40}} 1 1  (78 B line)
CON  2026-10-02T06:27:58Z bm pub bmcam/cmd {"id":64011,"c":"trg","v":2,"kv":{"med":"still","m":40}} 1 1
CON  2026-10-02T06:27:58Z 1790922478.750 e6fe83ea6b4a2b7f, [bmcam004] OK id=64011 trg 2 armed: capture + output per mode (next decision point); one action only: mode.media=still, still.message_cap=40 cfg=8b5a56bd
CON  2026-10-02T06:27:59Z 1790922478.800 e6fe83ea6b4a2b7f, [bmcam004] OK id=64011 trg 2 armed: capture + output per mode (next decision point); one action only: mode.media=still, still.message_cap=40 (duplicate: original answ
CON  2026-10-02T06:27:59Z 1790922478.851 e6fe83ea6b4a2b7f, [bmcam004] OK id=64011 trg 2 armed: capture + output per mode (next decision point); one action only: mode.media=still, still.message_cap=40 (duplicate: original answ
SUMMARY cell=0 con=4
----- 2026-10-02T06:29:10Z STATE L3.after bmcam004
sha256 fce05bfdf1e700af bm_command_state_v2.json 0L
sha256 c8a9c0c989ab6e7e camera_config.yaml 145L
sha256 91c38a4fa6e88aeb config_journal.jsonl 49L
overlay {"camera.controls_enabled": true, "camera.exposure.analogue_gain": 2.0, "camera.exposure.enabled": true, "camera.exposure.ev": -1.0, "camera.exposure.shutter_us": 10000, "mode.run": "stay_on"}
guarded {}
boot 28 hw {"remote": 1000000, "service": 100000032} trg null cache 188
STEP L3 ack=OK action=none files=action.log 
----- 2026-10-02T06:30:05Z STATE L4.before bmcam004
sha256 fce05bfdf1e700af bm_command_state_v2.json 0L
sha256 c8a9c0c989ab6e7e camera_config.yaml 145L
sha256 91c38a4fa6e88aeb config_journal.jsonl 49L
overlay {"camera.controls_enabled": true, "camera.exposure.analogue_gain": 2.0, "camera.exposure.enabled": true, "camera.exposure.ev": -1.0, "camera.exposure.shutter_us": 10000, "mode.run": "stay_on"}
guarded {}
boot 28 hw {"remote": 1000000, "service": 100000032} trg null cache 188
===== 2026-10-02T06:30:07Z L4.cmd SPOT-31593C  bm pub bmcam/cmd {"id":64012,"c":"set","kv":{"camera.white_balance.enabled":true,"camera.white_balance.mode":"daylight"}} 1 1  (126 B line)
CON  2026-10-02T06:30:08Z bm pub bmcam/cmd {"id":64012,"c":"set","kv":{"camera.white_balance.enabled":true,"camera.white_balance.mode":"daylight"}} 1 1
CON  2026-10-02T06:30:08Z 1790922607.929 e6fe83ea6b4a2b7f, [bmcam004] OK id=64012 camera.white_balance.enabled: false -> true, camera.white_balance.mode: none -> daylight (next action) cfg=976272f9
CON  2026-10-02T06:30:08Z 1790922607.980 e6fe83ea6b4a2b7f, [bmcam004] OK id=64012 camera.white_balance.enabled: false -> true, camera.white_balance.mode: none -> daylight (next action) (duplicate: original answer) cfg=976272f
CON  2026-10-02T06:30:08Z 1790922608.039 e6fe83ea6b4a2b7f, [bmcam004] OK id=64012 camera.white_balance.enabled: false -> true, camera.white_balance.mode: none -> daylight (next action) (duplicate: original answer) cfg=976272f
SUMMARY cell=0 con=4
===== 2026-10-02T06:30:17Z L4.trg SPOT-31593C  bm pub bmcam/cmd {"id":64013,"c":"trg","v":2,"kv":{"med":"still","m":40}} 1 1  (78 B line)
CON  2026-10-02T06:30:18Z bm pub bmcam/cmd {"id":64013,"c":"trg","v":2,"kv":{"med":"still","m":40}} 1 1
CON  2026-10-02T06:30:18Z 1790922618.097 e6fe83ea6b4a2b7f, [bmcam004] OK id=64013 trg 2 armed: capture + output per mode (next decision point); one action only: mode.media=still, still.message_cap=40 cfg=976272f9
CON  2026-10-02T06:30:18Z 1790922618.148 e6fe83ea6b4a2b7f, [bmcam004] OK id=64013 trg 2 armed: capture + output per mode (next decision point); one action only: mode.media=still, still.message_cap=40 (duplicate: original answ
CON  2026-10-02T06:30:18Z 1790922618.195 e6fe83ea6b4a2b7f, [bmcam004] OK id=64013 trg 2 armed: capture + output per mode (next decision point); one action only: mode.media=still, still.message_cap=40 (duplicate: original answ
SUMMARY cell=0 con=4
----- 2026-10-02T06:31:41Z STATE L4.after bmcam004
sha256 85b9ff1fc3c95283 bm_command_state_v2.json 0L
sha256 c8a9c0c989ab6e7e camera_config.yaml 145L
sha256 227f1a631f60d7bd config_journal.jsonl 51L
overlay {"camera.controls_enabled": true, "camera.exposure.analogue_gain": 2.0, "camera.exposure.enabled": true, "camera.exposure.ev": -1.0, "camera.exposure.shutter_us": 10000, "camera.white_balance.enabled": true, "camera.white_balance.mode": "daylight", "mode.run": "stay_on"}
guarded {}
boot 28 hw {"remote": 1000000, "service": 100000032} trg null cache 190
STEP L4 ack=OK action=stage=None files=2026-10-02T06:30:28Z_image_compressed.jpg.capture_metadata.json 2026-10-02T06:30:28Z_image_native_full.metadata.json action.log 
----- 2026-10-02T06:31:48Z STATE L4b.before bmcam004
sha256 85b9ff1fc3c95283 bm_command_state_v2.json 0L
sha256 c8a9c0c989ab6e7e camera_config.yaml 145L
sha256 227f1a631f60d7bd config_journal.jsonl 51L
overlay {"camera.controls_enabled": true, "camera.exposure.analogue_gain": 2.0, "camera.exposure.enabled": true, "camera.exposure.ev": -1.0, "camera.exposure.shutter_us": 10000, "camera.white_balance.enabled": true, "camera.white_balance.mode": "daylight", "mode.run": "stay_on"}
guarded {}
boot 28 hw {"remote": 1000000, "service": 100000032} trg null cache 190
===== 2026-10-02T06:31:49Z L4b.cmd SPOT-31593C  bm pub bmcam/cmd {"id":64014,"c":"set","kv":{"camera.white_balance.mode":"manual","camera.white_balance.gains":[1.8,1.6]}} 1 1  (127 B line)
CON  2026-10-02T06:31:52Z bm pub bmcam/cmd {"id":64014,"c":"set","kv":{"camera.white_balance.mode":"manual","camera.white_balance.gains":[1.8,1.6]}} 1 1
CON  2026-10-02T06:31:52Z 1790922712.019 e6fe83ea6b4a2b7f, [bmcam004] OK id=64014 camera.white_balance.mode: daylight -> manual, camera.white_balance.gains: none -> 1.8,1.6 (next action) cfg=c8db3742
CON  2026-10-02T06:31:52Z 1790922712.023 e6fe83ea6b4a2b7f, [bmcam004] OK id=64014 camera.white_balance.mode: daylight -> manual, camera.white_balance.gains: none -> 1.8,1.6 (next action) (duplicate: original answer) cfg=c8db3
CON  2026-10-02T06:31:52Z 1790922712.625 e6fe83ea6b4a2b7f, [bmcam004] OK id=64014 camera.white_balance.mode: daylight -> manual, camera.white_balance.gains: none -> 1.8,1.6 (next action) (duplicate: original answer) cfg=c8db3
SUMMARY cell=0 con=4
===== 2026-10-02T06:32:01Z L4b.trg SPOT-31593C  bm pub bmcam/cmd {"id":64015,"c":"trg","v":2,"kv":{"med":"still","m":40}} 1 1  (78 B line)
CON  2026-10-02T06:32:02Z bm pub bmcam/cmd {"id":64015,"c":"trg","v":2,"kv":{"med":"still","m":40}} 1 1
CON  2026-10-02T06:32:02Z 1790922722.718 e6fe83ea6b4a2b7f, [bmcam004] OK id=64015 trg 2 armed: capture + output per mode (next decision point); one action only: mode.media=still, still.message_cap=40 cfg=c8db3742
CELL 2026-10-02T06:32:08Z len=136 <WS v=1 a=cap cfg=c8db3742 up=1359 tz=America/Los_Angeles lt=na ws=0000 we=0000 rk=1000x562 q=90 ct=37.6 sha=91a08f624011 hn=bmcam004>

SUMMARY cell=1 con=2
----- 2026-10-02T06:33:14Z STATE L4b.after bmcam004
sha256 7ed8cbeeee16d3cb bm_command_state_v2.json 0L
sha256 c8a9c0c989ab6e7e camera_config.yaml 145L
sha256 aa144604d723e774 config_journal.jsonl 53L
overlay {"camera.controls_enabled": true, "camera.exposure.analogue_gain": 2.0, "camera.exposure.enabled": true, "camera.exposure.ev": -1.0, "camera.exposure.shutter_us": 10000, "camera.white_balance.enabled": true, "camera.white_balance.gains": [1.8, 1.6], "camera.white_balance.mode": "manual", "mo
guarded {}
boot 28 hw {"remote": 1000000, "service": 100000032} trg null cache 192
STEP L4b ack=OK action=stage=None files=2026-10-02T06:32:08Z_image_compressed.jpg.capture_metadata.json 2026-10-02T06:32:08Z_image_native_full.metadata.json action.log 
----- 2026-10-02T06:33:23Z STATE L5.before bmcam004
sha256 7ed8cbeeee16d3cb bm_command_state_v2.json 0L
sha256 c8a9c0c989ab6e7e camera_config.yaml 145L
sha256 aa144604d723e774 config_journal.jsonl 53L
overlay {"camera.controls_enabled": true, "camera.exposure.analogue_gain": 2.0, "camera.exposure.enabled": true, "camera.exposure.ev": -1.0, "camera.exposure.shutter_us": 10000, "camera.white_balance.enabled": true, "camera.white_balance.gains": [1.8, 1.6], "camera.white_balance.mode": "manual", "mo
guarded {}
boot 28 hw {"remote": 1000000, "service": 100000032} trg null cache 192
===== 2026-10-02T06:33:24Z L5.cmd SPOT-31593C  bm pub bmcam/cmd {"id":64016,"c":"set","kv":{"camera.focus.mode":"manual","camera.focus.lens_position":0.5}} 1 1  (113 B line)
CON  2026-10-02T06:33:26Z bm pub bmcam/cmd {"id":64016,"c":"set","kv":{"camera.focus.mode":"manual","camera.focus.lens_position":0.5}} 1 1
CON  2026-10-02T06:33:26Z 1790922806.574 e6fe83ea6b4a2b7f, [bmcam004] OK id=64016 camera.focus.mode: auto -> manual, camera.focus.lens_position: 1.82 -> 0.5 (next action) cfg=2e83a43a
CON  2026-10-02T06:33:26Z 1790922806.636 e6fe83ea6b4a2b7f, [bmcam004] OK id=64016 camera.focus.mode: auto -> manual, camera.focus.lens_position: 1.82 -> 0.5 (next action) (duplicate: original answer) cfg=2e83a43a
CON  2026-10-02T06:33:26Z 1790922806.675 e6fe83ea6b4a2b7f, [bmcam004] OK id=64016 camera.focus.mode: auto -> manual, camera.focus.lens_position: 1.82 -> 0.5 (next action) (duplicate: original answer) cfg=2e83a43a
SUMMARY cell=0 con=4
===== 2026-10-02T06:33:36Z L5.trg SPOT-31593C  bm pub bmcam/cmd {"id":64017,"c":"trg","v":2,"kv":{"med":"still","m":40}} 1 1  (78 B line)
CON  2026-10-02T06:33:37Z bm pub bmcam/cmd {"id":64017,"c":"trg","v":2,"kv":{"med":"still","m":40}} 1 1
CON  2026-10-02T06:33:37Z 1790922817.542 e6fe83ea6b4a2b7f, [bmcam004] OK id=64017 trg 2 armed: capture + output per mode (next decision point); one action only: mode.media=still, still.message_cap=40 cfg=2e83a43a
CON  2026-10-02T06:33:37Z 1790922817.593 e6fe83ea6b4a2b7f, [bmcam004] OK id=64017 trg 2 armed: capture + output per mode (next decision point); one action only: mode.media=still, still.message_cap=40 (duplicate: original answ
CON  2026-10-02T06:33:38Z 1790922817.644 e6fe83ea6b4a2b7f, [bmcam004] OK id=64017 trg 2 armed: capture + output per mode (next decision point); one action only: mode.media=still, still.message_cap=40 (duplicate: original answ
SUMMARY cell=0 con=4
----- 2026-10-02T06:35:00Z STATE L5.after bmcam004
sha256 cc2044a69f3f2fcb bm_command_state_v2.json 0L
sha256 c8a9c0c989ab6e7e camera_config.yaml 145L
sha256 875abe74515af7b3 config_journal.jsonl 55L
overlay {"camera.controls_enabled": true, "camera.exposure.analogue_gain": 2.0, "camera.exposure.enabled": true, "camera.exposure.ev": -1.0, "camera.exposure.shutter_us": 10000, "camera.focus.lens_position": 0.5, "camera.focus.mode": "manual", "camera.white_balance.enabled": true, "camera.white_bala
guarded {}
boot 28 hw {"remote": 1000000, "service": 100000032} trg null cache 194
STEP L5 ack=OK action=stage=None files=2026-10-02T06:33:48Z_image_compressed.jpg.capture_metadata.json 2026-10-02T06:33:48Z_image_native_full.metadata.json action.log 
----- 2026-10-02T06:35:08Z STATE L6.before bmcam004
sha256 cc2044a69f3f2fcb bm_command_state_v2.json 0L
sha256 c8a9c0c989ab6e7e camera_config.yaml 145L
sha256 875abe74515af7b3 config_journal.jsonl 55L
overlay {"camera.controls_enabled": true, "camera.exposure.analogue_gain": 2.0, "camera.exposure.enabled": true, "camera.exposure.ev": -1.0, "camera.exposure.shutter_us": 10000, "camera.focus.lens_position": 0.5, "camera.focus.mode": "manual", "camera.white_balance.enabled": true, "camera.white_bala
guarded {}
boot 28 hw {"remote": 1000000, "service": 100000032} trg null cache 194
===== 2026-10-02T06:35:08Z L6.cmd SPOT-31593C  bm pub bmcam/cmd {"id":64018,"c":"set","kv":{"still.crop":[1904,1071,800,450]}} 1 1  (84 B line)
CON  2026-10-02T06:35:11Z bm pub bmcam/cmd {"id":64018,"c":"set","kv":{"still.crop":[1904,1071,800,450]}} 1 1
CON  2026-10-02T06:35:11Z 1790922911.207 e6fe83ea6b4a2b7f, [bmcam004] OK id=64018 still.crop: 1504,846,1600,900 -> 1904,1071,800,450 (next action) cfg=b6c0e763
CON  2026-10-02T06:35:11Z 1790922911.257 e6fe83ea6b4a2b7f, [bmcam004] OK id=64018 still.crop: 1504,846,1600,900 -> 1904,1071,800,450 (next action) (duplicate: original answer) cfg=b6c0e763
CON  2026-10-02T06:35:11Z 1790922911.308 e6fe83ea6b4a2b7f, [bmcam004] OK id=64018 still.crop: 1504,846,1600,900 -> 1904,1071,800,450 (next action) (duplicate: original answer) cfg=b6c0e763
SUMMARY cell=0 con=4
===== 2026-10-02T06:35:21Z L6.trg SPOT-31593C  bm pub bmcam/cmd {"id":64019,"c":"trg","v":2,"kv":{"med":"still","m":40}} 1 1  (78 B line)
CON  2026-10-02T06:35:22Z bm pub bmcam/cmd {"id":64019,"c":"trg","v":2,"kv":{"med":"still","m":40}} 1 1
CON  2026-10-02T06:35:22Z 1790922921.976 e6fe83ea6b4a2b7f, [bmcam004] OK id=64019 trg 2 armed: capture + output per mode (next decision point); one action only: mode.media=still, still.message_cap=40 cfg=b6c0e763
CON  2026-10-02T06:35:22Z 1790922922.035 e6fe83ea6b4a2b7f, [bmcam004] OK id=64019 trg 2 armed: capture + output per mode (next decision point); one action only: mode.media=still, still.message_cap=40 (duplicate: original answ
CON  2026-10-02T06:35:22Z 1790922922.085 e6fe83ea6b4a2b7f, [bmcam004] OK id=64019 trg 2 armed: capture + output per mode (next decision point); one action only: mode.media=still, still.message_cap=40 (duplicate: original answ
CELL 2026-10-02T06:35:28Z len=135 <WS v=1 a=cap cfg=b6c0e763 up=1559 tz=America/Los_Angeles lt=na ws=0000 we=0000 rk=800x450 q=90 ct=37.0 sha=91a08f624011 hn=bmcam004>

SUMMARY cell=1 con=4
----- 2026-10-02T06:36:33Z STATE L6.after bmcam004
sha256 b512375736eafd0f bm_command_state_v2.json 0L
sha256 c8a9c0c989ab6e7e camera_config.yaml 145L
sha256 c2b8399fd338ebec config_journal.jsonl 56L
overlay {"camera.controls_enabled": true, "camera.exposure.analogue_gain": 2.0, "camera.exposure.enabled": true, "camera.exposure.ev": -1.0, "camera.exposure.shutter_us": 10000, "camera.focus.lens_position": 0.5, "camera.focus.mode": "manual", "camera.white_balance.enabled": true, "camera.white_bala
guarded {}
boot 28 hw {"remote": 1000000, "service": 100000032} trg null cache 196
STEP L6 ack=OK action=stage=None files=2026-10-02T06:35:28Z_image_compressed.jpg.capture_metadata.json 2026-10-02T06:35:28Z_image_native_full.metadata.json action.log 
----- 2026-10-02T06:36:41Z STATE L7.before bmcam004
sha256 b512375736eafd0f bm_command_state_v2.json 0L
sha256 c8a9c0c989ab6e7e camera_config.yaml 145L
sha256 c2b8399fd338ebec config_journal.jsonl 56L
overlay {"camera.controls_enabled": true, "camera.exposure.analogue_gain": 2.0, "camera.exposure.enabled": true, "camera.exposure.ev": -1.0, "camera.exposure.shutter_us": 10000, "camera.focus.lens_position": 0.5, "camera.focus.mode": "manual", "camera.white_balance.enabled": true, "camera.white_bala
guarded {}
boot 28 hw {"remote": 1000000, "service": 100000032} trg null cache 196
===== 2026-10-02T06:36:42Z L7.cmd SPOT-31593C  bm pub bmcam/cmd {"id":64020,"c":"set","kv":{"still.quality_ladder":[20,15,11,9]}} 1 1  (87 B line)
CON  2026-10-02T06:36:44Z bm pub bmcam/cmd {"id":64020,"c":"set","kv":{"still.quality_ladder":[20,15,11,9]}} 1 1
CON  2026-10-02T06:36:44Z 1790923004.292 e6fe83ea6b4a2b7f, [bmcam004] OK id=64020 still.quality_ladder: 90,80,70,60,50,40,30,25,20,15,13,11,9 -> 20,15,11,9 (next action) cfg=d28e1733
CON  2026-10-02T06:36:44Z 1790923004.351 e6fe83ea6b4a2b7f, [bmcam004] OK id=64020 still.quality_ladder: 90,80,70,60,50,40,30,25,20,15,13,11,9 -> 20,15,11,9 (next action) (duplicate: original answer) cfg=d28e1733
CON  2026-10-02T06:36:44Z 1790923004.562 e6fe83ea6b4a2b7f, [bmcam004] OK id=64020 still.quality_ladder: 90,80,70,60,50,40,30,25,20,15,13,11,9 -> 20,15,11,9 (next action) (duplicate: original answer) cfg=d28e1733
SUMMARY cell=0 con=4
===== 2026-10-02T06:36:54Z L7.trg SPOT-31593C  bm pub bmcam/cmd {"id":64021,"c":"trg","v":2,"kv":{"med":"still","m":40}} 1 1  (78 B line)
CON  2026-10-02T06:36:55Z bm pub bmcam/cmd {"id":64021,"c":"trg","v":2,"kv":{"med":"still","m":40}} 1 1
CON  2026-10-02T06:36:55Z 1790923015.222 e6fe83ea6b4a2b7f, [bmcam004] OK id=64021 trg 2 armed: capture + output per mode (next decision point); one action only: mode.media=still, still.message_cap=40 cfg=d28e1733
CON  2026-10-02T06:36:55Z 1790923015.281 e6fe83ea6b4a2b7f, [bmcam004] OK id=64021 trg 2 armed: capture + output per mode (next decision point); one action only: mode.media=still, still.message_cap=40 (duplicate: original answ
CON  2026-10-02T06:36:55Z 1790923015.332 e6fe83ea6b4a2b7f, [bmcam004] OK id=64021 trg 2 armed: capture + output per mode (next decision point); one action only: mode.media=still, still.message_cap=40 (duplicate: original answ
CELL 2026-10-02T06:36:58Z len=135 <WS v=1 a=cap cfg=d28e1733 up=1649 tz=America/Los_Angeles lt=na ws=0000 we=0000 rk=800x450 q=20 ct=38.6 sha=91a08f624011 hn=bmcam004>

SUMMARY cell=1 con=4
----- 2026-10-02T06:37:31Z STATE L7.after bmcam004
sha256 c08b796be4c49265 bm_command_state_v2.json 0L
sha256 c8a9c0c989ab6e7e camera_config.yaml 145L
sha256 cf4ea4f740e5aead config_journal.jsonl 57L
overlay {"camera.controls_enabled": true, "camera.exposure.analogue_gain": 2.0, "camera.exposure.enabled": true, "camera.exposure.ev": -1.0, "camera.exposure.shutter_us": 10000, "camera.focus.lens_position": 0.5, "camera.focus.mode": "manual", "camera.white_balance.enabled": true, "camera.white_bala
guarded {}
boot 28 hw {"remote": 1000000, "service": 100000032} trg null cache 198
STEP L7 ack=OK action=stage=None files=2026-10-02T06:36:58Z_image_compressed.jpg.capture_metadata.json 2026-10-02T06:36:58Z_image_native_full.metadata.json action.log 
----- 2026-10-02T06:37:54Z STATE L8.before bmcam004
sha256 c08b796be4c49265 bm_command_state_v2.json 0L
sha256 c8a9c0c989ab6e7e camera_config.yaml 145L
sha256 cf4ea4f740e5aead config_journal.jsonl 57L
overlay {"camera.controls_enabled": true, "camera.exposure.analogue_gain": 2.0, "camera.exposure.enabled": true, "camera.exposure.ev": -1.0, "camera.exposure.shutter_us": 10000, "camera.focus.lens_position": 0.5, "camera.focus.mode": "manual", "camera.white_balance.enabled": true, "camera.white_bala
guarded {}
boot 28 hw {"remote": 1000000, "service": 100000032} trg null cache 198
===== 2026-10-02T06:37:56Z L8.cmd SPOT-31593C  bm pub bmcam/cmd {"id":64022,"c":"set","kv":{"video.record.framing":"wide_720p"}} 1 1  (86 B line)
CON  2026-10-02T06:37:59Z bm pub bmcam/cmd {"id":64022,"c":"set","kv":{"video.record.framing":"wide_720p"}} 1 1
CON  2026-10-02T06:37:59Z 1790923078.976 e6fe83ea6b4a2b7f, [bmcam004] OK id=64022 video.record.framing: wide_1080p_lean -> wide_720p (next action) cfg=a9b8acf4
CON  2026-10-02T06:37:59Z 1790923079.027 e6fe83ea6b4a2b7f, [bmcam004] OK id=64022 video.record.framing: wide_1080p_lean -> wide_720p (next action) (duplicate: original answer) cfg=a9b8acf4
CON  2026-10-02T06:37:59Z 1790923079.085 e6fe83ea6b4a2b7f, [bmcam004] OK id=64022 video.record.framing: wide_1080p_lean -> wide_720p (next action) (duplicate: original answer) cfg=a9b8acf4
SUMMARY cell=0 con=4
===== 2026-10-02T06:38:09Z L8.trg SPOT-31593C  bm pub bmcam/cmd {"id":64023,"c":"trg","v":2,"kv":{"m":80}} 1 1  (64 B line)
CON  2026-10-02T06:38:10Z bm pub bmcam/cmd {"id":64023,"c":"trg","v":2,"kv":{"m":80}} 1 1
CON  2026-10-02T06:38:10Z 1790923089.945 e6fe83ea6b4a2b7f, [bmcam004] OK id=64023 trg 2 armed: capture + output per mode (next decision point); one action only: video.send.message_cap=80 cfg=a9b8acf4
CON  2026-10-02T06:38:10Z 1790923090.007 e6fe83ea6b4a2b7f, [bmcam004] OK id=64023 trg 2 armed: capture + output per mode (next decision point); one action only: video.send.message_cap=80 (duplicate: original answer) cfg=a9b8a
CON  2026-10-02T06:38:10Z 1790923090.058 e6fe83ea6b4a2b7f, [bmcam004] OK id=64023 trg 2 armed: capture + output per mode (next decision point); one action only: video.send.message_cap=80 (duplicate: original answer) cfg=a9b8a
SUMMARY cell=0 con=4
----- 2026-10-02T06:41:18Z STATE L8.after bmcam004
sha256 6918ac15eb628161 bm_command_state_v2.json 0L
sha256 c8a9c0c989ab6e7e camera_config.yaml 145L
sha256 722ee01936c98f85 config_journal.jsonl 58L
overlay {"camera.controls_enabled": true, "camera.exposure.analogue_gain": 2.0, "camera.exposure.enabled": true, "camera.exposure.ev": -1.0, "camera.exposure.shutter_us": 10000, "camera.focus.lens_position": 0.5, "camera.focus.mode": "manual", "camera.white_balance.enabled": true, "camera.white_bala
guarded {}
boot 28 hw {"remote": 1000000, "service": 100000032} trg null cache 200
STEP L8 ack=OK action=stage=done files=action.log 
----- 2026-10-02T06:41:27Z STATE L9.before bmcam004
sha256 6918ac15eb628161 bm_command_state_v2.json 0L
sha256 c8a9c0c989ab6e7e camera_config.yaml 145L
sha256 722ee01936c98f85 config_journal.jsonl 58L
overlay {"camera.controls_enabled": true, "camera.exposure.analogue_gain": 2.0, "camera.exposure.enabled": true, "camera.exposure.ev": -1.0, "camera.exposure.shutter_us": 10000, "camera.focus.lens_position": 0.5, "camera.focus.mode": "manual", "camera.white_balance.enabled": true, "camera.white_bala
guarded {}
boot 28 hw {"remote": 1000000, "service": 100000032} trg null cache 200
===== 2026-10-02T06:41:28Z L9.cmd SPOT-31593C  bm pub bmcam/cmd {"id":64024,"c":"set","kv":{"video.send.fps":8,"video.send.size":"640x360"}} 1 1  (98 B line)
CON  2026-10-02T06:41:31Z bm pub bmcam/cmd {"id":64024,"c":"set","kv":{"video.send.fps":8,"video.send.size":"640x360"}} 1 1
CON  2026-10-02T06:41:31Z 1790923291.281 e6fe83ea6b4a2b7f, [bmcam004] OK id=64024 video.send.fps: 10 -> 8, video.send.size: 480x270 -> 640x360 (next action) cfg=42b2e2ce
CON  2026-10-02T06:41:31Z 1790923291.332 e6fe83ea6b4a2b7f, [bmcam004] OK id=64024 video.send.fps: 10 -> 8, video.send.size: 480x270 -> 640x360 (next action) (duplicate: original answer) cfg=42b2e2ce
CON  2026-10-02T06:41:31Z 1790923291.382 e6fe83ea6b4a2b7f, [bmcam004] OK id=64024 video.send.fps: 10 -> 8, video.send.size: 480x270 -> 640x360 (next action) (duplicate: original answer) cfg=42b2e2ce
SUMMARY cell=0 con=4
===== 2026-10-02T06:41:41Z L9.trg SPOT-31593C  bm pub bmcam/cmd {"id":64025,"c":"trg","v":2,"kv":{"m":80}} 1 1  (64 B line)
CON  2026-10-02T06:41:42Z bm pub bmcam/cmd {"id":64025,"c":"trg","v":2,"kv":{"m":80}} 1 1
CON  2026-10-02T06:41:42Z 1790923302.050 e6fe83ea6b4a2b7f, [bmcam004] OK id=64025 trg 2 armed: capture + output per mode (next decision point); one action only: video.send.message_cap=80 cfg=42b2e2ce
CON  2026-10-02T06:41:42Z 1790923302.101 e6fe83ea6b4a2b7f, [bmcam004] OK id=64025 trg 2 armed: capture + output per mode (next decision point); one action only: video.send.message_cap=80 (duplicate: original answer) cfg=42b2e
CON  2026-10-02T06:41:42Z 1790923302.152 e6fe83ea6b4a2b7f, [bmcam004] OK id=64025 trg 2 armed: capture + output per mode (next decision point); one action only: video.send.message_cap=80 (duplicate: original answer) cfg=42b2e
SUMMARY cell=0 con=4
----- 2026-10-02T06:44:39Z STATE L9.after bmcam004
sha256 20b58926a640d77d bm_command_state_v2.json 0L
sha256 c8a9c0c989ab6e7e camera_config.yaml 145L
sha256 1abd4df77ef2a83e config_journal.jsonl 60L
overlay {"camera.controls_enabled": true, "camera.exposure.analogue_gain": 2.0, "camera.exposure.enabled": true, "camera.exposure.ev": -1.0, "camera.exposure.shutter_us": 10000, "camera.focus.lens_position": 0.5, "camera.focus.mode": "manual", "camera.white_balance.enabled": true, "camera.white_bala
guarded {}
boot 28 hw {"remote": 1000000, "service": 100000032} trg null cache 202
STEP L9 ack=OK action=stage=done files=action.log 
----- 2026-10-02T06:44:59Z STATE L10.before bmcam004
sha256 20b58926a640d77d bm_command_state_v2.json 0L
sha256 c8a9c0c989ab6e7e camera_config.yaml 145L
sha256 1abd4df77ef2a83e config_journal.jsonl 60L
overlay {"camera.controls_enabled": true, "camera.exposure.analogue_gain": 2.0, "camera.exposure.enabled": true, "camera.exposure.ev": -1.0, "camera.exposure.shutter_us": 10000, "camera.focus.lens_position": 0.5, "camera.focus.mode": "manual", "camera.white_balance.enabled": true, "camera.white_bala
guarded {}
boot 28 hw {"remote": 1000000, "service": 100000032} trg null cache 202
===== 2026-10-02T06:45:01Z L10.cmd SPOT-31593C  bm pub bmcam/cmd {"id":64026,"c":"set","kv":{"video.send.duration_s":8.0}} 1 1  (79 B line)
CON  2026-10-02T06:45:03Z bm pub bmcam/cmd {"id":64026,"c":"set","kv":{"video.send.duration_s":8.0}} 1 1
CON  2026-10-02T06:45:03Z 1790923503.457 e6fe83ea6b4a2b7f, [bmcam004] OK id=64026 video.send.duration_s: 5.0 -> 8.0 (next action) cfg=2b7f1d7f
CON  2026-10-02T06:45:03Z 1790923503.515 e6fe83ea6b4a2b7f, [bmcam004] OK id=64026 video.send.duration_s: 5.0 -> 8.0 (next action) (duplicate: original answer) cfg=2b7f1d7f
CON  2026-10-02T06:45:03Z 1790923503.566 e6fe83ea6b4a2b7f, [bmcam004] OK id=64026 video.send.duration_s: 5.0 -> 8.0 (next action) (duplicate: original answer) cfg=2b7f1d7f
SUMMARY cell=0 con=4
===== 2026-10-02T06:45:12Z L10.trg SPOT-31593C  bm pub bmcam/cmd {"id":64027,"c":"trg","v":2,"kv":{"m":80}} 1 1  (64 B line)
CON  2026-10-02T06:45:13Z bm pub bmcam/cmd {"id":64027,"c":"trg","v":2,"kv":{"m":80}} 1 1
CON  2026-10-02T06:45:13Z 1790923513.437 e6fe83ea6b4a2b7f, [bmcam004] OK id=64027 trg 2 armed: capture + output per mode (next decision point); one action only: video.send.message_cap=80 cfg=2b7f1d7f
CON  2026-10-02T06:45:13Z 1790923513.484 e6fe83ea6b4a2b7f, [bmcam004] OK id=64027 trg 2 armed: capture + output per mode (next decision point); one action only: video.send.message_cap=80 (duplicate: original answer) cfg=2b7f1
CON  2026-10-02T06:45:13Z 1790923513.535 e6fe83ea6b4a2b7f, [bmcam004] OK id=64027 trg 2 armed: capture + output per mode (next decision point); one action only: video.send.message_cap=80 (duplicate: original answer) cfg=2b7f1
SUMMARY cell=0 con=4
===== 2026-10-02T06:45:25Z L13.set-during-clip SPOT-31593C  bm pub bmcam/cmd {"id":64028,"c":"set","kv":{"video.send.fps":10}} 1 1  (71 B line)
CON  2026-10-02T06:45:26Z bm pub bmcam/cmd {"id":64028,"c":"set","kv":{"video.send.fps":10}} 1 1
SUMMARY cell=0 con=1
----- 2026-10-02T06:48:23Z STATE L10.after bmcam004
sha256 395cb236aa29f83a bm_command_state_v2.json 0L
sha256 c8a9c0c989ab6e7e camera_config.yaml 145L
sha256 51d7458614d705c1 config_journal.jsonl 62L
overlay {"camera.controls_enabled": true, "camera.exposure.analogue_gain": 2.0, "camera.exposure.enabled": true, "camera.exposure.ev": -1.0, "camera.exposure.shutter_us": 10000, "camera.focus.lens_position": 0.5, "camera.focus.mode": "manual", "camera.white_balance.enabled": true, "camera.white_bala
guarded {}
boot 28 hw {"remote": 1000000, "service": 100000032} trg null cache 205
STEP L10 ack=OK action=stage=done files=action.log 
===== 2026-10-02T06:48:44Z R.framing SPOT-31593C  bm pub bmcam/cmd {"id":64029,"c":"reset","k":["video.record.framing"]} 1 1  (75 B line)
CON  2026-10-02T06:48:47Z bm pub bmcam/cmd {"id":64029,"c":"reset","k":["video.record.framing"]} 1 1
CON  2026-10-02T06:48:47Z 1790923726.910 e6fe83ea6b4a2b7f, [bmcam004] OK id=64029 reset video.record.framing -> YAML cfg=7d373851
CON  2026-10-02T06:48:47Z 1790923726.968 e6fe83ea6b4a2b7f, [bmcam004] OK id=64029 reset video.record.framing -> YAML (duplicate: original answer) cfg=7d373851
CON  2026-10-02T06:48:47Z 1790923727.019 e6fe83ea6b4a2b7f, [bmcam004] OK id=64029 reset video.record.framing -> YAML (duplicate: original answer) cfg=7d373851
SUMMARY cell=0 con=4
----- 2026-10-02T06:48:55Z STATE N.before bmcam004
sha256 dd51d3cc9cf879b0 bm_command_state_v2.json 0L
sha256 c8a9c0c989ab6e7e camera_config.yaml 145L
sha256 83e5c1b23469cf2d config_journal.jsonl 63L
overlay {"camera.controls_enabled": true, "camera.exposure.analogue_gain": 2.0, "camera.exposure.enabled": true, "camera.exposure.ev": -1.0, "camera.exposure.shutter_us": 10000, "camera.focus.lens_position": 0.5, "camera.focus.mode": "manual", "camera.white_balance.enabled": true, "camera.white_bala
guarded {}
boot 28 hw {"remote": 1000000, "service": 100000032} trg null cache 206
===== 2026-10-02T06:48:57Z N1 SPOT-31593C  bm pub bmcam/cmd {"id":64030,"c":"set","kv":{"video.record.fps":30}} 1 1  (73 B line)
CON  2026-10-02T06:48:58Z bm pub bmcam/cmd {"id":64030,"c":"set","kv":{"video.record.fps":30}} 1 1
CON  2026-10-02T06:48:58Z 1790923738.507 e6fe83ea6b4a2b7f, [bmcam004] REJECTED id=64030 video recording geometry does not resolve: GeometryError: video.fps 30 at 1920x1080 is blocked: 1080p30 aborted on encoder teardown (rc=1
CON  2026-10-02T06:48:58Z 1790923738.542 e6fe83ea6b4a2b7f, [bmcam004] REJECTED id=64030 (duplicate: original answer) e=xk k=video.record.fps cfg=7d373851
CON  2026-10-02T06:48:58Z 1790923738.593 e6fe83ea6b4a2b7f, [bmcam004] REJECTED id=64030 (duplicate: original answer) e=xk k=video.record.fps cfg=7d373851
SUMMARY cell=0 con=4
===== 2026-10-02T06:49:06Z N2 SPOT-31593C  bm pub bmcam/cmd {"id":64031,"c":"set","kv":{"video.record.sensor_mode":"1536x864"}} 1 1  (89 B line)
CON  2026-10-02T06:49:07Z bm pub bmcam/cmd {"id":64031,"c":"set","kv":{"video.record.sensor_mode":"1536x864"}} 1 1
CON  2026-10-02T06:49:07Z 1790923747.687 e6fe83ea6b4a2b7f, [bmcam004] REJECTED id=64031 video recording geometry does not resolve: GeometryError: crop (0, 0, 4608, 2592) (native px) falls outside sensor mode 1536x864's field 
CON  2026-10-02T06:49:07Z 1790923747.722 e6fe83ea6b4a2b7f, [bmcam004] REJECTED id=64031 (duplicate: original answer) e=xk k=video.record.sensor_mode cfg=7d373851
CON  2026-10-02T06:49:07Z 1790923747.773 e6fe83ea6b4a2b7f, [bmcam004] REJECTED id=64031 (duplicate: original answer) e=xk k=video.record.sensor_mode cfg=7d373851
SUMMARY cell=0 con=4
===== 2026-10-02T06:49:16Z N3 SPOT-31593C  bm pub bmcam/cmd {"id":64032,"c":"set","kv":{"video.send.size":"481x271"}} 1 1  (79 B line)
CON  2026-10-02T06:49:17Z bm pub bmcam/cmd {"id":64032,"c":"set","kv":{"video.send.size":"481x271"}} 1 1
CON  2026-10-02T06:49:17Z 1790923757.054 e6fe83ea6b4a2b7f, [bmcam004] REJECTED id=64032 video.send.size 481x271 must be even and at least 16x16 e=xk k=video.send.size cfg=7d373851
CON  2026-10-02T06:49:17Z 1790923757.105 e6fe83ea6b4a2b7f, [bmcam004] REJECTED id=64032 (duplicate: original answer) e=xk k=video.send.size cfg=7d373851
CON  2026-10-02T06:49:17Z 1790923757.156 e6fe83ea6b4a2b7f, [bmcam004] REJECTED id=64032 (duplicate: original answer) e=xk k=video.send.size cfg=7d373851
SUMMARY cell=0 con=4
===== 2026-10-02T06:49:25Z N4 SPOT-31593C  bm pub bmcam/cmd {"id":64033,"c":"set","kv":{"video.record.framing":"stills_roi_1000p","video.send.size":"1280x720"}} 1 1  (122 B line)
CON  2026-10-02T06:49:26Z bm pub bmcam/cmd {"id":64033,"c":"set","kv":{"video.record.framing":"stills_roi_1000p","video.send.size":"1280x720"}} 1 1
CON  2026-10-02T06:49:26Z 1790923766.035 e6fe83ea6b4a2b7f, [bmcam004] REJECTED id=64033 video.send.size 1280x720 is larger than the recording 1000x562 (the clip fit refuses to upscale) e=xk k=video.send.size cfg=7d373851
CON  2026-10-02T06:49:26Z 1790923766.082 e6fe83ea6b4a2b7f, [bmcam004] REJECTED id=64033 (duplicate: original answer) e=xk k=video.send.size cfg=7d373851
CON  2026-10-02T06:49:26Z 1790923766.292 e6fe83ea6b4a2b7f, [bmcam004] REJECTED id=64033 (duplicate: original answer) e=xk k=video.send.size cfg=7d373851
SUMMARY cell=0 con=4
----- 2026-10-02T06:49:34Z STATE N.after bmcam004
sha256 3288d3fcffcdf075 bm_command_state_v2.json 0L
sha256 c8a9c0c989ab6e7e camera_config.yaml 145L
sha256 83e5c1b23469cf2d config_journal.jsonl 63L
overlay {"camera.controls_enabled": true, "camera.exposure.analogue_gain": 2.0, "camera.exposure.enabled": true, "camera.exposure.ev": -1.0, "camera.exposure.shutter_us": 10000, "camera.focus.lens_position": 0.5, "camera.focus.mode": "manual", "camera.white_balance.enabled": true, "camera.white_bala
guarded {}
boot 28 hw {"remote": 1000000, "service": 100000032} trg null cache 210
===== 2026-10-02T06:49:35Z N.get SPOT-31593C  bm pub bmcam/cmd {"id":64034,"c":"get","k":["video.record.fps","video.record.sensor_mode","video.send.size","video.record.framing"],"to":"con"} 1 1  (148 B line)
CON  2026-10-02T06:49:37Z bm pub bmcam/cmd {"id":64034,"c":"get","k":["video.record.fps","video.record.sensor_mode","video.send.size","video.record.framing"],"to":"con"} 1 1
CON  2026-10-02T06:49:37Z 1790923776.960 e6fe83ea6b4a2b7f, [bmcam004] OK id=64034 get video.record.fps, video.record.sensor_mode, video.send.size, video.record.framing: 4 key(s) cfg=7d373851
CON  2026-10-02T06:49:37Z 1790923777.000 e6fe83ea6b4a2b7f,   video.record.fps = 15 (yaml)
CON  2026-10-02T06:49:37Z 1790923777.050 e6fe83ea6b4a2b7f,   video.record.sensor_mode = none (yaml)
CON  2026-10-02T06:49:37Z 1790923777.097 e6fe83ea6b4a2b7f,   video.send.size = 640x360 (cmd 64024)
CON  2026-10-02T06:49:37Z 1790923777.160 e6fe83ea6b4a2b7f,   video.record.framing = wide_1080p_lean (yaml)
CON  2026-10-02T06:49:37Z 1790923777.218 e6fe83ea6b4a2b7f, [bmcam004] OK id=64034 get video.record.fps, video.record.sensor_mode, video.send.size, video.record.framing: 4 key(s) (duplicate: original answer) cfg=7d373851
CON  2026-10-02T06:49:37Z 1790923777.269 e6fe83ea6b4a2b7f, [bmcam004] OK id=64034 get video.record.fps, video.record.sensor_mode, video.send.size, video.record.framing: 4 key(s) (duplicate: original answer) cfg=7d373851
SUMMARY cell=0 con=8
===== 2026-10-02T06:49:55Z L11.still SPOT-31593C  bm pub bmcam/cmd {"id":64035,"c":"set","kv":{"mode.media":"still"}} 1 1  (72 B line)
CON  2026-10-02T06:49:57Z bm pub bmcam/cmd {"id":64035,"c":"set","kv":{"mode.media":"still"}} 1 1
CON  2026-10-02T06:49:57Z 1790923797.753 e6fe83ea6b4a2b7f, [bmcam004] OK id=64035 mode.media: video -> still (next boot) cfg=ebee5b36
CON  2026-10-02T06:49:58Z 1790923797.816 e6fe83ea6b4a2b7f, [bmcam004] OK id=64035 mode.media: video -> still (next boot) (duplicate: original answer) cfg=ebee5b36
CON  2026-10-02T06:49:58Z 1790923797.824 e6fe83ea6b4a2b7f, [bmcam004] OK id=64035 mode.media: video -> still (next boot) (duplicate: original answer) cfg=ebee5b36
SUMMARY cell=0 con=4
----- 2026-10-02T06:50:21Z STATE L11b.before bmcam004
sha256 4a6172d5568e1cdd bm_command_state_v2.json 0L
sha256 c8a9c0c989ab6e7e camera_config.yaml 145L
sha256 82271e377fbeadf8 config_journal.jsonl 64L
overlay {"camera.controls_enabled": true, "camera.exposure.analogue_gain": 2.0, "camera.exposure.enabled": true, "camera.exposure.ev": -1.0, "camera.exposure.shutter_us": 10000, "camera.focus.lens_position": 0.5, "camera.focus.mode": "manual", "camera.white_balance.enabled": true, "camera.white_bala
guarded {}
boot 29 hw {"remote": 1000000, "service": 100000032} trg null cache 212
===== 2026-10-02T06:50:23Z L11b.trg SPOT-31593C  bm pub bmcam/cmd {"id":64036,"c":"trg","v":2,"kv":{"m":40}} 1 1  (64 B line)
CON  2026-10-02T06:50:25Z bm pub bmcam/cmd {"id":64036,"c":"trg","v":2,"kv":{"m":40}} 1 1
CON  2026-10-02T06:50:25Z 1790923825.441 e6fe83ea6b4a2b7f, [bmcam004] OK id=64036 trg 2 armed: capture + output per mode (next decision point); one action only: still.message_cap=40 cfg=ebee5b36
CON  2026-10-02T06:50:25Z 1790923825.492 e6fe83ea6b4a2b7f, [bmcam004] OK id=64036 trg 2 armed: capture + output per mode (next decision point); one action only: still.message_cap=40 (duplicate: original answer) cfg=ebee5b36
CON  2026-10-02T06:50:25Z 1790923825.542 e6fe83ea6b4a2b7f, [bmcam004] OK id=64036 trg 2 armed: capture + output per mode (next decision point); one action only: still.message_cap=40 (duplicate: original answer) cfg=ebee5b36
CELL 2026-10-02T06:50:27Z len=133 <WS v=1 a=cap cfg=ebee5b36 up=22 tz=America/Los_Angeles lt=na ws=0000 we=0000 rk=800x450 q=20 ct=37.6 sha=91a08f624011 hn=bmcam004>

SUMMARY cell=1 con=4
----- 2026-10-02T06:51:01Z STATE L11b.after bmcam004
sha256 a87ab0541dfe65bc bm_command_state_v2.json 0L
sha256 c8a9c0c989ab6e7e camera_config.yaml 145L
sha256 82271e377fbeadf8 config_journal.jsonl 64L
overlay {"camera.controls_enabled": true, "camera.exposure.analogue_gain": 2.0, "camera.exposure.enabled": true, "camera.exposure.ev": -1.0, "camera.exposure.shutter_us": 10000, "camera.focus.lens_position": 0.5, "camera.focus.mode": "manual", "camera.white_balance.enabled": true, "camera.white_bala
guarded {}
boot 29 hw {"remote": 1000000, "service": 100000032} trg null cache 213
STEP L11b ack=none action=stage=None files=2026-10-02T06:50:27Z_image_compressed.jpg.capture_metadata.json action.log 
===== 2026-10-02T06:51:02Z L11.video SPOT-31593C  bm pub bmcam/cmd {"id":64037,"c":"set","kv":{"mode.media":"video"}} 1 1  (72 B line)
CON  2026-10-02T06:51:04Z bm pub bmcam/cmd {"id":64037,"c":"set","kv":{"mode.media":"video"}} 1 1
CON  2026-10-02T06:51:04Z 1790923864.574 e6fe83ea6b4a2b7f, [bmcam004] OK id=64037 mode.media: still -> video (next boot) cfg=7d373851
CON  2026-10-02T06:51:04Z 1790923864.632 e6fe83ea6b4a2b7f, [bmcam004] OK id=64037 mode.media: still -> video (next boot) (duplicate: original answer) cfg=7d373851
CON  2026-10-02T06:51:04Z 1790923864.683 e6fe83ea6b4a2b7f, [bmcam004] OK id=64037 mode.media: still -> video (next boot) (duplicate: original answer) cfg=7d373851
CON  2026-10-02T06:51:05Z 1790923864.734 e6fe83ea6b4a2b7f, [bmcam004] OK id=64037 mode.media: still -> video (next boot) (duplicate: original answer) cfg=7d373851
SUMMARY cell=0 con=5
===== 2026-10-02T06:52:21Z IP0.enable SPOT-31593C  bm pub bmcam/cmd {"id":1000001,"c":"set","kv":{"camera.image_processing.enabled":true}} 1 1  (92 B line)
CON  2026-10-02T06:52:22Z bm pub bmcam/cmd {"id":1000001,"c":"set","kv":{"camera.image_processing.enabled":true}} 1 1
CELL 2026-10-02T06:52:22Z len=37 {"id":1000001,"ok":1,"h":"2d08bb7e"}
CON  2026-10-02T06:52:22Z Message: 1790923942.160 e6fe83ea6b4a2b7f, [bmcam004] OK id=1000001 camera.image_processing.enabled: false -> true (next action) cfg=2d08bb7e
CON  2026-10-02T06:52:22Z 1790923942.199 e6fe83ea6b4a2b7f, [bmcam004] OK id=1000001 camera.image_processing.enabled: false -> true (next action) (duplicate: original answer) cfg=2d08bb7e
CON  2026-10-02T06:52:22Z 1790923942.250 e6fe83ea6b4a2b7f, [bmcam004] OK id=1000001 camera.image_processing.enabled: false -> true (next action) (duplicate: original answer) cfg=2d08bb7e
CON  2026-10-02T06:52:22Z 1790923942.468 e6fe83ea6b4a2b7f, [bmcam004] OK id=1000001 camera.image_processing.enabled: false -> true (next action) (duplicate: original answer) cfg=2d08bb7e
CON  2026-10-02T06:52:22Z 1790923942.519 e6fe83ea6b4a2b7f, [bmcam004] OK id=1000001 camera.image_processing.enabled: false -> true (next action) (duplicate: original answer) cfg=2d08bb7e
CELL 2026-10-02T06:52:23Z len=63 <CF v=1 h=2d08bb7e camera.image_processing.enabled=1@c1000001>
SUMMARY cell=2 con=6
----- 2026-10-02T06:52:41Z STATE IP.sharpness 0.0..cap.before bmcam004
sha256 0872c2cd64b036bb bm_command_state_v2.json 0L
sha256 c8a9c0c989ab6e7e camera_config.yaml 145L
sha256 20dde2f7be4c3481 config_journal.jsonl 67L
overlay {"camera.controls_enabled": true, "camera.exposure.analogue_gain": 2.0, "camera.exposure.enabled": true, "camera.exposure.ev": -1.0, "camera.exposure.shutter_us": 10000, "camera.focus.lens_position": 0.5, "camera.focus.mode": "manual", "camera.image_processing.enabled": true, "camera.white_b
guarded {}
boot 30 hw {"remote": 1000001, "service": 100000032} trg null cache 215
===== 2026-10-02T06:52:43Z IP.sharpness 0.0..cap.trg SPOT-31593C  bm pub bmcam/cmd {"id":64041,"c":"trg","v":2,"kv":{"med":"still","m":40}} 1 1  (78 B line)
CON  2026-10-02T06:52:44Z bm pub bmcam/cmd {"id":64041,"c":"trg","v":2,"kv":{"med":"still","m":40}} 1 1
CON  2026-10-02T06:52:44Z 1790923964.417 e6fe83ea6b4a2b7f, [bmcam004] OK id=64041 trg 2 armed: capture + output per mode (next decision point); one action only: mode.media=still, still.message_cap=40 cfg=2d08bb7e
CON  2026-10-02T06:52:44Z 1790923964.468 e6fe83ea6b4a2b7f, [bmcam004] OK id=64041 trg 2 armed: capture + output per mode (next decision point); one action only: mode.media=still, still.message_cap=40 (duplicate: original answ
CON  2026-10-02T06:52:44Z 1790923964.515 e6fe83ea6b4a2b7f, [bmcam004] OK id=64041 trg 2 armed: capture + output per mode (next decision point); one action only: mode.media=still, still.message_cap=40 (duplicate: original answ
CON  2026-10-02T06:52:44Z 1790923964.566 e6fe83ea6b4a2b7f, [bmcam004] OK id=64041 trg 2 armed: capture + output per mode (next decision point); one action only: mode.media=still, still.message_cap=40 (duplicate: original answ
CELL 2026-10-02T06:52:47Z len=133 <WS v=1 a=cap cfg=2d08bb7e up=95 tz=America/Los_Angeles lt=na ws=0000 we=0000 rk=800x450 q=20 ct=37.6 sha=91a08f624011 hn=bmcam004>

SUMMARY cell=1 con=5
----- 2026-10-02T06:53:20Z STATE IP.sharpness 0.0..cap.after bmcam004
sha256 e7150f7750a30878 bm_command_state_v2.json 0L
sha256 c8a9c0c989ab6e7e camera_config.yaml 145L
sha256 20dde2f7be4c3481 config_journal.jsonl 67L
overlay {"camera.controls_enabled": true, "camera.exposure.analogue_gain": 2.0, "camera.exposure.enabled": true, "camera.exposure.ev": -1.0, "camera.exposure.shutter_us": 10000, "camera.focus.lens_position": 0.5, "camera.focus.mode": "manual", "camera.image_processing.enabled": true, "camera.white_b
guarded {}
boot 30 hw {"remote": 1000001, "service": 100000032} trg null cache 216
STEP IP.sharpness 0.0..cap ack=none action=stage=None files=2026-10-02T06:52:47Z_image_compressed.jpg.capture_metadata.json 2026-10-02T06:52:47Z_image_native_full.metadata.json action.log 
----- 2026-10-02T06:53:22Z STATE IP.sharpness 16.0..cap.before bmcam004
sha256 e7150f7750a30878 bm_command_state_v2.json 0L
sha256 c8a9c0c989ab6e7e camera_config.yaml 145L
sha256 20dde2f7be4c3481 config_journal.jsonl 67L
overlay {"camera.controls_enabled": true, "camera.exposure.analogue_gain": 2.0, "camera.exposure.enabled": true, "camera.exposure.ev": -1.0, "camera.exposure.shutter_us": 10000, "camera.focus.lens_position": 0.5, "camera.focus.mode": "manual", "camera.image_processing.enabled": true, "camera.white_b
guarded {}
boot 30 hw {"remote": 1000001, "service": 100000032} trg null cache 216
===== 2026-10-02T06:53:23Z IP.sharpness 16.0..cap.trg SPOT-31593C  bm pub bmcam/cmd {"id":64042,"c":"trg","v":2,"kv":{"med":"still","m":40}} 1 1  (78 B line)
CON  2026-10-02T06:53:24Z bm pub bmcam/cmd {"id":64042,"c":"trg","v":2,"kv":{"med":"still","m":40}} 1 1
CON  2026-10-02T06:53:25Z 1790924004.781 e6fe83ea6b4a2b7f, [bmcam004] OK id=64042 trg 2 armed: capture + output per mode (next decision point); one action only: mode.media=still, still.message_cap=40 cfg=2d08bb7e
CON  2026-10-02T06:53:25Z 1790924004.832 e6fe83ea6b4a2b7f, [bmcam004] OK id=64042 trg 2 armed: capture + output per mode (next decision point); one action only: mode.media=still, still.message_cap=40 (duplicate: original answ
CON  2026-10-02T06:53:25Z 1790924004.878 e6fe83ea6b4a2b7f, [bmcam004] OK id=64042 trg 2 armed: capture + output per mode (next decision point); one action only: mode.media=still, still.message_cap=40 (duplicate: original answ
CON  2026-10-02T06:53:25Z 1790924004.929 e6fe83ea6b4a2b7f, [bmcam004] OK id=64042 trg 2 armed: capture + output per mode (next decision point); one action only: mode.media=still, still.message_cap=40 (duplicate: original answ
CON  2026-10-02T06:53:25Z 1790924004.992 e6fe83ea6b4a2b7f, [bmcam004] OK id=64042 trg 2 armed: capture + output per mode (next decision point); one action only: mode.media=still, still.message_cap=40 (duplicate: original answ
CELL 2026-10-02T06:53:27Z len=134 <WS v=1 a=cap cfg=2d08bb7e up=135 tz=America/Los_Angeles lt=na ws=0000 we=0000 rk=800x450 q=20 ct=38.6 sha=91a08f624011 hn=bmcam004>

SUMMARY cell=1 con=6
----- 2026-10-02T06:54:00Z STATE IP.sharpness 16.0..cap.after bmcam004
sha256 3b37f2c47b52ed53 bm_command_state_v2.json 0L
sha256 c8a9c0c989ab6e7e camera_config.yaml 145L
sha256 20dde2f7be4c3481 config_journal.jsonl 67L
overlay {"camera.controls_enabled": true, "camera.exposure.analogue_gain": 2.0, "camera.exposure.enabled": true, "camera.exposure.ev": -1.0, "camera.exposure.shutter_us": 10000, "camera.focus.lens_position": 0.5, "camera.focus.mode": "manual", "camera.image_processing.enabled": true, "camera.white_b
guarded {}
boot 30 hw {"remote": 1000001, "service": 100000032} trg null cache 217
STEP IP.sharpness 16.0..cap ack=none action=stage=None files=2026-10-02T06:53:27Z_image_compressed.jpg.capture_metadata.json 2026-10-02T06:53:27Z_image_native_full.metadata.json action.log 
----- 2026-10-02T06:54:02Z STATE IP.contrast 0.0..cap.before bmcam004
sha256 3b37f2c47b52ed53 bm_command_state_v2.json 0L
sha256 c8a9c0c989ab6e7e camera_config.yaml 145L
sha256 20dde2f7be4c3481 config_journal.jsonl 67L
overlay {"camera.controls_enabled": true, "camera.exposure.analogue_gain": 2.0, "camera.exposure.enabled": true, "camera.exposure.ev": -1.0, "camera.exposure.shutter_us": 10000, "camera.focus.lens_position": 0.5, "camera.focus.mode": "manual", "camera.image_processing.enabled": true, "camera.white_b
guarded {}
boot 30 hw {"remote": 1000001, "service": 100000032} trg null cache 217
===== 2026-10-02T06:54:04Z IP.contrast 0.0..cap.trg SPOT-31593C  bm pub bmcam/cmd {"id":64043,"c":"trg","v":2,"kv":{"med":"still","m":40}} 1 1  (78 B line)
CON  2026-10-02T06:54:05Z bm pub bmcam/cmd {"id":64043,"c":"trg","v":2,"kv":{"med":"still","m":40}} 1 1
CON  2026-10-02T06:54:05Z 1790924045.023 e6fe83ea6b4a2b7f, [bmcam004] OK id=64043 trg 2 armed: capture + output per mode (next decision point); one action only: mode.media=still, still.message_cap=40 cfg=2d08bb7e
CON  2026-10-02T06:54:05Z 1790924045.082 e6fe83ea6b4a2b7f, [bmcam004] OK id=64043 trg 2 armed: capture + output per mode (next decision point); one action only: mode.media=still, still.message_cap=40 (duplicate: original answ
CON  2026-10-02T06:54:05Z 1790924045.132 e6fe83ea6b4a2b7f, [bmcam004] OK id=64043 trg 2 armed: capture + output per mode (next decision point); one action only: mode.media=still, still.message_cap=40 (duplicate: original answ
CON  2026-10-02T06:54:05Z 1790924045.183 e6fe83ea6b4a2b7f, [bmcam004] OK id=64043 trg 2 armed: capture + output per mode (next decision point); one action only: mode.media=still, still.message_cap=40 (duplicate: original answ
CON  2026-10-02T06:54:05Z 1790924045.230 e6fe83ea6b4a2b7f, [bmcam004] OK id=64043 trg 2 armed: capture + output per mode (next decision point); one action only: mode.media=still, still.message_cap=40 (duplicate: original answ
CELL 2026-10-02T06:54:07Z len=134 <WS v=1 a=cap cfg=2d08bb7e up=175 tz=America/Los_Angeles lt=na ws=0000 we=0000 rk=800x450 q=20 ct=38.6 sha=91a08f624011 hn=bmcam004>

SUMMARY cell=1 con=6
----- 2026-10-02T06:54:41Z STATE IP.contrast 0.0..cap.after bmcam004
sha256 55cd5edf8a6cbbb8 bm_command_state_v2.json 0L
sha256 c8a9c0c989ab6e7e camera_config.yaml 145L
sha256 20dde2f7be4c3481 config_journal.jsonl 67L
overlay {"camera.controls_enabled": true, "camera.exposure.analogue_gain": 2.0, "camera.exposure.enabled": true, "camera.exposure.ev": -1.0, "camera.exposure.shutter_us": 10000, "camera.focus.lens_position": 0.5, "camera.focus.mode": "manual", "camera.image_processing.enabled": true, "camera.white_b
guarded {}
boot 30 hw {"remote": 1000001, "service": 100000032} trg null cache 218
STEP IP.contrast 0.0..cap ack=none action=stage=None files=2026-10-02T06:54:07Z_image_compressed.jpg.capture_metadata.json 2026-10-02T06:54:07Z_image_native_full.metadata.json action.log 
----- 2026-10-02T06:54:43Z STATE IP.contrast 32.0..cap.before bmcam004
sha256 55cd5edf8a6cbbb8 bm_command_state_v2.json 0L
sha256 c8a9c0c989ab6e7e camera_config.yaml 145L
sha256 20dde2f7be4c3481 config_journal.jsonl 67L
overlay {"camera.controls_enabled": true, "camera.exposure.analogue_gain": 2.0, "camera.exposure.enabled": true, "camera.exposure.ev": -1.0, "camera.exposure.shutter_us": 10000, "camera.focus.lens_position": 0.5, "camera.focus.mode": "manual", "camera.image_processing.enabled": true, "camera.white_b
guarded {}
boot 30 hw {"remote": 1000001, "service": 100000032} trg null cache 218
===== 2026-10-02T06:54:44Z IP.contrast 32.0..cap.trg SPOT-31593C  bm pub bmcam/cmd {"id":64044,"c":"trg","v":2,"kv":{"med":"still","m":40}} 1 1  (78 B line)
CON  2026-10-02T06:54:45Z bm pub bmcam/cmd {"id":64044,"c":"trg","v":2,"kv":{"med":"still","m":40}} 1 1
CON  2026-10-02T06:54:45Z 1790924085.386 e6fe83ea6b4a2b7f, [bmcam004] OK id=64044 trg 2 armed: capture + output per mode (next decision point); one action only: mode.media=still, still.message_cap=40 cfg=2d08bb7e
CON  2026-10-02T06:54:45Z 1790924085.433 e6fe83ea6b4a2b7f, [bmcam004] OK id=64044 trg 2 armed: capture + output per mode (next decision point); one action only: mode.media=still, still.message_cap=40 (duplicate: original answ
CON  2026-10-02T06:54:45Z 1790924085.484 e6fe83ea6b4a2b7f, [bmcam004] OK id=64044 trg 2 armed: capture + output per mode (next decision point); one action only: mode.media=still, still.message_cap=40 (duplicate: original answ
CON  2026-10-02T06:54:45Z 1790924085.535 e6fe83ea6b4a2b7f, [bmcam004] OK id=64044 trg 2 armed: capture + output per mode (next decision point); one action only: mode.media=still, still.message_cap=40 (duplicate: original answ
CON  2026-10-02T06:54:45Z 1790924085.593 e6fe83ea6b4a2b7f, [bmcam004] OK id=64044 trg 2 armed: capture + output per mode (next decision point); one action only: mode.media=still, still.message_cap=40 (duplicate: original answ
CELL 2026-10-02T06:54:47Z len=134 <WS v=1 a=cap cfg=2d08bb7e up=215 tz=America/Los_Angeles lt=na ws=0000 we=0000 rk=800x450 q=20 ct=38.6 sha=91a08f624011 hn=bmcam004>

SUMMARY cell=1 con=6
----- 2026-10-02T06:55:21Z STATE IP.contrast 32.0..cap.after bmcam004
sha256 5ebb3b24851c3e19 bm_command_state_v2.json 0L
sha256 c8a9c0c989ab6e7e camera_config.yaml 145L
sha256 20dde2f7be4c3481 config_journal.jsonl 67L
overlay {"camera.controls_enabled": true, "camera.exposure.analogue_gain": 2.0, "camera.exposure.enabled": true, "camera.exposure.ev": -1.0, "camera.exposure.shutter_us": 10000, "camera.focus.lens_position": 0.5, "camera.focus.mode": "manual", "camera.image_processing.enabled": true, "camera.white_b
guarded {}
boot 30 hw {"remote": 1000001, "service": 100000032} trg null cache 219
STEP IP.contrast 32.0..cap ack=none action=stage=None files=2026-10-02T06:54:47Z_image_compressed.jpg.capture_metadata.json 2026-10-02T06:54:47Z_image_native_full.metadata.json action.log 
----- 2026-10-02T06:55:23Z STATE IP.saturation 0.0..cap.before bmcam004
sha256 5ebb3b24851c3e19 bm_command_state_v2.json 0L
sha256 c8a9c0c989ab6e7e camera_config.yaml 145L
sha256 20dde2f7be4c3481 config_journal.jsonl 67L
overlay {"camera.controls_enabled": true, "camera.exposure.analogue_gain": 2.0, "camera.exposure.enabled": true, "camera.exposure.ev": -1.0, "camera.exposure.shutter_us": 10000, "camera.focus.lens_position": 0.5, "camera.focus.mode": "manual", "camera.image_processing.enabled": true, "camera.white_b
guarded {}
boot 30 hw {"remote": 1000001, "service": 100000032} trg null cache 219
===== 2026-10-02T06:55:24Z IP.saturation 0.0..cap.trg SPOT-31593C  bm pub bmcam/cmd {"id":64045,"c":"trg","v":2,"kv":{"med":"still","m":40}} 1 1  (78 B line)
CON  2026-10-02T06:55:25Z bm pub bmcam/cmd {"id":64045,"c":"trg","v":2,"kv":{"med":"still","m":40}} 1 1
CON  2026-10-02T06:55:25Z 1790924125.468 e6fe83ea6b4a2b7f, [bmcam004] OK id=64045 trg 2 armed: capture + output per mode (next decision point); one action only: mode.media=still, still.message_cap=40 cfg=2d08bb7e
CON  2026-10-02T06:55:25Z 1790924125.519 e6fe83ea6b4a2b7f, [bmcam004] OK id=64045 trg 2 armed: capture + output per mode (next decision point); one action only: mode.media=still, still.message_cap=40 (duplicate: original answ
CON  2026-10-02T06:55:25Z 1790924125.570 e6fe83ea6b4a2b7f, [bmcam004] OK id=64045 trg 2 armed: capture + output per mode (next decision point); one action only: mode.media=still, still.message_cap=40 (duplicate: original answ
CON  2026-10-02T06:55:25Z 1790924125.617 e6fe83ea6b4a2b7f, [bmcam004] OK id=64045 trg 2 armed: capture + output per mode (next decision point); one action only: mode.media=still, still.message_cap=40 (duplicate: original answ
CON  2026-10-02T06:55:25Z 1790924125.679 e6fe83ea6b4a2b7f, [bmcam004] OK id=64045 trg 2 armed: capture + output per mode (next decision point); one action only: mode.media=still, still.message_cap=40 (duplicate: original answ
CELL 2026-10-02T06:55:27Z len=134 <WS v=1 a=cap cfg=2d08bb7e up=255 tz=America/Los_Angeles lt=na ws=0000 we=0000 rk=800x450 q=20 ct=39.7 sha=91a08f624011 hn=bmcam004>

SUMMARY cell=1 con=6
----- 2026-10-02T06:56:01Z STATE IP.saturation 0.0..cap.after bmcam004
sha256 ddf576db175b6326 bm_command_state_v2.json 0L
sha256 c8a9c0c989ab6e7e camera_config.yaml 145L
sha256 20dde2f7be4c3481 config_journal.jsonl 67L
overlay {"camera.controls_enabled": true, "camera.exposure.analogue_gain": 2.0, "camera.exposure.enabled": true, "camera.exposure.ev": -1.0, "camera.exposure.shutter_us": 10000, "camera.focus.lens_position": 0.5, "camera.focus.mode": "manual", "camera.image_processing.enabled": true, "camera.white_b
guarded {}
boot 30 hw {"remote": 1000001, "service": 100000032} trg null cache 220
STEP IP.saturation 0.0..cap ack=none action=stage=None files=2026-10-02T06:55:27Z_image_compressed.jpg.capture_metadata.json 2026-10-02T06:55:27Z_image_native_full.metadata.json action.log 
----- 2026-10-02T06:56:03Z STATE IP.saturation 32.0..cap.before bmcam004
sha256 ddf576db175b6326 bm_command_state_v2.json 0L
sha256 c8a9c0c989ab6e7e camera_config.yaml 145L
sha256 20dde2f7be4c3481 config_journal.jsonl 67L
overlay {"camera.controls_enabled": true, "camera.exposure.analogue_gain": 2.0, "camera.exposure.enabled": true, "camera.exposure.ev": -1.0, "camera.exposure.shutter_us": 10000, "camera.focus.lens_position": 0.5, "camera.focus.mode": "manual", "camera.image_processing.enabled": true, "camera.white_b
guarded {}
boot 30 hw {"remote": 1000001, "service": 100000032} trg null cache 220
===== 2026-10-02T06:56:04Z IP.saturation 32.0..cap.trg SPOT-31593C  bm pub bmcam/cmd {"id":64046,"c":"trg","v":2,"kv":{"med":"still","m":40}} 1 1  (78 B line)
CON  2026-10-02T06:56:05Z bm pub bmcam/cmd {"id":64046,"c":"trg","v":2,"kv":{"med":"still","m":40}} 1 1
CON  2026-10-02T06:56:06Z 1790924165.769 e6fe83ea6b4a2b7f, [bmcam004] OK id=64046 trg 2 armed: capture + output per mode (next decision point); one action only: mode.media=still, still.message_cap=40 cfg=2d08bb7e
CON  2026-10-02T06:56:06Z 1790924165.820 e6fe83ea6b4a2b7f, [bmcam004] OK id=64046 trg 2 armed: capture + output per mode (next decision point); one action only: mode.media=still, still.message_cap=40 (duplicate: original answ
CON  2026-10-02T06:56:06Z 1790924165.878 e6fe83ea6b4a2b7f, [bmcam004] OK id=64046 trg 2 armed: capture + output per mode (next decision point); one action only: mode.media=still, still.message_cap=40 (duplicate: original answ
CON  2026-10-02T06:56:06Z 1790924165.929 e6fe83ea6b4a2b7f, [bmcam004] OK id=64046 trg 2 armed: capture + output per mode (next decision point); one action only: mode.media=still, still.message_cap=40 (duplicate: original answ
CON  2026-10-02T06:56:06Z 1790924165.980 e6fe83ea6b4a2b7f, [bmcam004] OK id=64046 trg 2 armed: capture + output per mode (next decision point); one action only: mode.media=still, still.message_cap=40 (duplicate: original answ
CELL 2026-10-02T06:56:07Z len=134 <WS v=1 a=cap cfg=2d08bb7e up=295 tz=America/Los_Angeles lt=na ws=0000 we=0000 rk=800x450 q=20 ct=39.7 sha=91a08f624011 hn=bmcam004>

CELL 2026-10-02T06:56:12Z len=283 <START IMG> filename: 2026-10-02T06:56:07Z_image_compressed.jpg, timestamp: 2026-10-02T06:56:11Z, length: 14, key=0e3xxj, cfg=2d08bb7e, tg=64046
SUMMARY cell=2 con=6
----- 2026-10-02T06:56:41Z STATE IP.saturation 32.0..cap.after bmcam004
sha256 ee6b2c66b0e190d5 bm_command_state_v2.json 0L
sha256 c8a9c0c989ab6e7e camera_config.yaml 145L
sha256 20dde2f7be4c3481 config_journal.jsonl 67L
overlay {"camera.controls_enabled": true, "camera.exposure.analogue_gain": 2.0, "camera.exposure.enabled": true, "camera.exposure.ev": -1.0, "camera.exposure.shutter_us": 10000, "camera.focus.lens_position": 0.5, "camera.focus.mode": "manual", "camera.image_processing.enabled": true, "camera.white_b
guarded {}
boot 30 hw {"remote": 1000001, "service": 100000032} trg null cache 221
STEP IP.saturation 32.0..cap ack=none action=stage=None files=2026-10-02T06:56:07Z_image_compressed.jpg.capture_metadata.json action.log 
----- 2026-10-02T06:56:42Z STATE IP.brightness -1.0..cap.before bmcam004
sha256 ee6b2c66b0e190d5 bm_command_state_v2.json 0L
sha256 c8a9c0c989ab6e7e camera_config.yaml 145L
sha256 20dde2f7be4c3481 config_journal.jsonl 67L
overlay {"camera.controls_enabled": true, "camera.exposure.analogue_gain": 2.0, "camera.exposure.enabled": true, "camera.exposure.ev": -1.0, "camera.exposure.shutter_us": 10000, "camera.focus.lens_position": 0.5, "camera.focus.mode": "manual", "camera.image_processing.enabled": true, "camera.white_b
guarded {}
boot 30 hw {"remote": 1000001, "service": 100000032} trg null cache 221
===== 2026-10-02T06:56:44Z IP.brightness -1.0..cap.trg SPOT-31593C  bm pub bmcam/cmd {"id":64047,"c":"trg","v":2,"kv":{"med":"still","m":40}} 1 1  (78 B line)
CON  2026-10-02T06:56:45Z bm pub bmcam/cmd {"id":64047,"c":"trg","v":2,"kv":{"med":"still","m":40}} 1 1
CON  2026-10-02T06:56:45Z 1790924205.484 e6fe83ea6b4a2b7f, [bmcam004] OK id=64047 trg 2 armed: capture + output per mode (next decision point); one action only: mode.media=still, still.message_cap=40 cfg=2d08bb7e
CON  2026-10-02T06:56:45Z 1790924205.542 e6fe83ea6b4a2b7f, [bmcam004] OK id=64047 trg 2 armed: capture + output per mode (next decision point); one action only: mode.media=still, still.message_cap=40 (duplicate: original answ
CON  2026-10-02T06:56:45Z 1790924205.593 e6fe83ea6b4a2b7f, [bmcam004] OK id=64047 trg 2 armed: capture + output per mode (next decision point); one action only: mode.media=still, still.message_cap=40 (duplicate: original answ
CON  2026-10-02T06:56:45Z 1790924205.644 e6fe83ea6b4a2b7f, [bmcam004] OK id=64047 trg 2 armed: capture + output per mode (next decision point); one action only: mode.media=still, still.message_cap=40 (duplicate: original answ
CON  2026-10-02T06:56:45Z 1790924205.695 e6fe83ea6b4a2b7f, [bmcam004] OK id=64047 trg 2 armed: capture + output per mode (next decision point); one action only: mode.media=still, still.message_cap=40 (duplicate: original answ
CELL 2026-10-02T06:56:47Z len=134 <WS v=1 a=cap cfg=2d08bb7e up=335 tz=America/Los_Angeles lt=na ws=0000 we=0000 rk=800x450 q=20 ct=39.7 sha=91a08f624011 hn=bmcam004>

SUMMARY cell=1 con=6
----- 2026-10-02T06:57:20Z STATE IP.brightness -1.0..cap.after bmcam004
sha256 751655b543a28e29 bm_command_state_v2.json 0L
sha256 c8a9c0c989ab6e7e camera_config.yaml 145L
sha256 20dde2f7be4c3481 config_journal.jsonl 67L
overlay {"camera.controls_enabled": true, "camera.exposure.analogue_gain": 2.0, "camera.exposure.enabled": true, "camera.exposure.ev": -1.0, "camera.exposure.shutter_us": 10000, "camera.focus.lens_position": 0.5, "camera.focus.mode": "manual", "camera.image_processing.enabled": true, "camera.white_b
guarded {}
boot 30 hw {"remote": 1000001, "service": 100000032} trg null cache 222
STEP IP.brightness -1.0..cap ack=none action=stage=None files=2026-10-02T06:56:47Z_image_compressed.jpg.capture_metadata.json action.log 
----- 2026-10-02T06:57:22Z STATE IP.brightness 1.0..cap.before bmcam004
sha256 751655b543a28e29 bm_command_state_v2.json 0L
sha256 c8a9c0c989ab6e7e camera_config.yaml 145L
sha256 20dde2f7be4c3481 config_journal.jsonl 67L
overlay {"camera.controls_enabled": true, "camera.exposure.analogue_gain": 2.0, "camera.exposure.enabled": true, "camera.exposure.ev": -1.0, "camera.exposure.shutter_us": 10000, "camera.focus.lens_position": 0.5, "camera.focus.mode": "manual", "camera.image_processing.enabled": true, "camera.white_b
guarded {}
boot 30 hw {"remote": 1000001, "service": 100000032} trg null cache 222
===== 2026-10-02T06:57:23Z IP.brightness 1.0..cap.trg SPOT-31593C  bm pub bmcam/cmd {"id":64048,"c":"trg","v":2,"kv":{"med":"still","m":40}} 1 1  (78 B line)
CON  2026-10-02T06:57:24Z bm pub bmcam/cmd {"id":64048,"c":"trg","v":2,"kv":{"med":"still","m":40}} 1 1
CON  2026-10-02T06:57:24Z 1790924244.718 e6fe83ea6b4a2b7f, [bmcam004] OK id=64048 trg 2 armed: capture + output per mode (next decision point); one action only: mode.media=still, still.message_cap=40 cfg=2d08bb7e
CON  2026-10-02T06:57:24Z 1790924244.781 e6fe83ea6b4a2b7f, [bmcam004] OK id=64048 trg 2 armed: capture + output per mode (next decision point); one action only: mode.media=still, still.message_cap=40 (duplicate: original answ
CON  2026-10-02T06:57:25Z 1790924244.832 e6fe83ea6b4a2b7f, [bmcam004] OK id=64048 trg 2 armed: capture + output per mode (next decision point); one action only: mode.media=still, still.message_cap=40 (duplicate: original answ
CON  2026-10-02T06:57:25Z 1790924244.878 e6fe83ea6b4a2b7f, [bmcam004] OK id=64048 trg 2 armed: capture + output per mode (next decision point); one action only: mode.media=still, still.message_cap=40 (duplicate: original answ
CON  2026-10-02T06:57:25Z 1790924244.929 e6fe83ea6b4a2b7f, [bmcam004] OK id=64048 trg 2 armed: capture + output per mode (next decision point); one action only: mode.media=still, still.message_cap=40 (duplicate: original answ
CELL 2026-10-02T06:57:27Z len=134 <WS v=1 a=cap cfg=2d08bb7e up=375 tz=America/Los_Angeles lt=na ws=0000 we=0000 rk=800x450 q=20 ct=39.2 sha=91a08f624011 hn=bmcam004>

SUMMARY cell=1 con=6
----- 2026-10-02T06:57:59Z STATE IP.brightness 1.0..cap.after bmcam004
sha256 5c180ab6fb7b5e60 bm_command_state_v2.json 0L
sha256 c8a9c0c989ab6e7e camera_config.yaml 145L
sha256 20dde2f7be4c3481 config_journal.jsonl 67L
overlay {"camera.controls_enabled": true, "camera.exposure.analogue_gain": 2.0, "camera.exposure.enabled": true, "camera.exposure.ev": -1.0, "camera.exposure.shutter_us": 10000, "camera.focus.lens_position": 0.5, "camera.focus.mode": "manual", "camera.image_processing.enabled": true, "camera.white_b
guarded {}
boot 30 hw {"remote": 1000001, "service": 100000032} trg null cache 223
STEP IP.brightness 1.0..cap ack=none action=stage=None files=2026-10-02T06:57:27Z_image_compressed.jpg.capture_metadata.json action.log 
===== 2026-10-02T06:58:20Z IP.sharpness.0.0 SPOT-31593C  bm pub bmcam/cmd {"id":1000002,"c":"set","kv":{"camera.image_processing.sharpness":0.0}} 1 1  (93 B line)
CON  2026-10-02T06:58:21Z bm pub bmcam/cmd {"id":1000002,"c":"set","kv":{"camera.image_processing.sharpness":0.0}} 1 1
CELL 2026-10-02T06:58:21Z len=86 {"id":1000002,"ok":0,"h":"2d08bb7e","e":"xk","k":"camera.image_processing.sharpness"}
CON  2026-10-02T06:58:21Z Message: 1790924301.218 e6fe83ea6b4a2b7f, [bmcam004] REJECTED id=1000002 camera.image_processing.sharpness and video.record.encoder.sharpness would both pass --sharpness to rpicam-vid, which refuses 
CON  2026-10-02T06:58:21Z 1790924301.265 e6fe83ea6b4a2b7f, [bmcam004] REJECTED id=1000002 (duplicate: original answer) e=xk k=camera.image_processing.sharpness cfg=2d08bb7e
CON  2026-10-02T06:58:21Z 1790924301.316 e6fe83ea6b4a2b7f, [bmcam004] REJECTED id=1000002 (duplicate: original answer) e=xk k=camera.image_processing.sharpness cfg=2d08bb7e
CON  2026-10-02T06:58:21Z 1790924301.367 e6fe83ea6b4a2b7f, [bmcam004] REJECTED id=1000002 (duplicate: original answer) e=xk k=camera.image_processing.sharpness cfg=2d08bb7e
CON  2026-10-02T06:58:21Z 1790924301.417 e6fe83ea6b4a2b7f, [bmcam004] REJECTED id=1000002 (duplicate: original answer) e=xk k=camera.image_processing.sharpness cfg=2d08bb7e
SUMMARY cell=1 con=6
----- 2026-10-02T06:58:30Z STATE IP.sharpness.0.0.cap.before bmcam004
sha256 0b7c091a5353d645 bm_command_state_v2.json 0L
sha256 c8a9c0c989ab6e7e camera_config.yaml 145L
sha256 20dde2f7be4c3481 config_journal.jsonl 67L
overlay {"camera.controls_enabled": true, "camera.exposure.analogue_gain": 2.0, "camera.exposure.enabled": true, "camera.exposure.ev": -1.0, "camera.exposure.shutter_us": 10000, "camera.focus.lens_position": 0.5, "camera.focus.mode": "manual", "camera.image_processing.enabled": true, "camera.white_b
guarded {}
boot 30 hw {"remote": 1000001, "service": 100000032} trg null cache 224
===== 2026-10-02T06:58:33Z IP.sharpness.0.0.cap.trg SPOT-31593C  bm pub bmcam/cmd {"id":64051,"c":"trg","v":2,"kv":{"med":"still","m":40}} 1 1  (78 B line)
CON  2026-10-02T06:58:34Z bm pub bmcam/cmd {"id":64051,"c":"trg","v":2,"kv":{"med":"still","m":40}} 1 1
CON  2026-10-02T06:58:34Z 1790924313.886 e6fe83ea6b4a2b7f, [bmcam004] OK id=64051 trg 2 armed: capture + output per mode (next decision point); one action only: mode.media=still, still.message_cap=40 cfg=2d08bb7e
CON  2026-10-02T06:58:34Z 1790924313.949 e6fe83ea6b4a2b7f, [bmcam004] OK id=64051 trg 2 armed: capture + output per mode (next decision point); one action only: mode.media=still, still.message_cap=40 (duplicate: original answ
CON  2026-10-02T06:58:34Z 1790924313.996 e6fe83ea6b4a2b7f, [bmcam004] OK id=64051 trg 2 armed: capture + output per mode (next decision point); one action only: mode.media=still, still.message_cap=40 (duplicate: original answ
CELL 2026-10-02T06:58:37Z len=134 <WS v=1 a=cap cfg=2d08bb7e up=445 tz=America/Los_Angeles lt=na ws=0000 we=0000 rk=800x450 q=20 ct=38.6 sha=91a08f624011 hn=bmcam004>

SUMMARY cell=1 con=4
----- 2026-10-02T06:59:09Z STATE IP.sharpness.0.0.cap.after bmcam004
sha256 13ed73fed8dfe74b bm_command_state_v2.json 0L
sha256 c8a9c0c989ab6e7e camera_config.yaml 145L
sha256 20dde2f7be4c3481 config_journal.jsonl 67L
overlay {"camera.controls_enabled": true, "camera.exposure.analogue_gain": 2.0, "camera.exposure.enabled": true, "camera.exposure.ev": -1.0, "camera.exposure.shutter_us": 10000, "camera.focus.lens_position": 0.5, "camera.focus.mode": "manual", "camera.image_processing.enabled": true, "camera.white_b
guarded {}
boot 30 hw {"remote": 1000001, "service": 100000032} trg null cache 225
STEP IP.sharpness.0.0.cap ack=none action=stage=None files=2026-10-02T06:58:37Z_image_compressed.jpg.capture_metadata.json 2026-10-02T06:58:37Z_image_native_full.metadata.json action.log 
===== 2026-10-02T06:59:11Z IP.sharpness.16.0 SPOT-31593C  bm pub bmcam/cmd {"id":1000003,"c":"set","kv":{"camera.image_processing.sharpness":16.0}} 1 1  (94 B line)
CON  2026-10-02T06:59:12Z bm pub bmcam/cmd {"id":1000003,"c":"set","kv":{"camera.image_processing.sharpness":16.0}} 1 1
CELL 2026-10-02T06:59:12Z len=86 {"id":1000003,"ok":0,"h":"2d08bb7e","e":"xk","k":"camera.image_processing.sharpness"}
CON  2026-10-02T06:59:12Z 1790924352.695 e6fe83ea6b4a2b7f, [bmcam004] REJECTED id=1000003 camera.image_processing.sharpness and video.record.encoder.sharpness would both pass --sharpness to rpicam-vid, which refuses a repeate
CON  2026-10-02T06:59:12Z 1790924352.730 e6fe83ea6b4a2b7f, [bmcam004] REJECTED id=1000003 (duplicate: original answer) e=xk k=camera.image_processing.sharpness cfg=2d08bb7e
CON  2026-10-02T06:59:12Z 1790924352.781 e6fe83ea6b4a2b7f, [bmcam004] REJECTED id=1000003 (duplicate: original answer) e=xk k=camera.image_processing.sharpness cfg=2d08bb7e
CON  2026-10-02T06:59:13Z 1790924352.828 e6fe83ea6b4a2b7f, [bmcam004] REJECTED id=1000003 (duplicate: original answer) e=xk k=camera.image_processing.sharpness cfg=2d08bb7e
CON  2026-10-02T06:59:13Z 1790924352.878 e6fe83ea6b4a2b7f, [bmcam004] REJECTED id=1000003 (duplicate: original answer) e=xk k=camera.image_processing.sharpness cfg=2d08bb7e
SUMMARY cell=1 con=6
----- 2026-10-02T06:59:21Z STATE IP.sharpness.16.0.cap.before bmcam004
sha256 c9b8442130ca898a bm_command_state_v2.json 0L
sha256 c8a9c0c989ab6e7e camera_config.yaml 145L
sha256 20dde2f7be4c3481 config_journal.jsonl 67L
overlay {"camera.controls_enabled": true, "camera.exposure.analogue_gain": 2.0, "camera.exposure.enabled": true, "camera.exposure.ev": -1.0, "camera.exposure.shutter_us": 10000, "camera.focus.lens_position": 0.5, "camera.focus.mode": "manual", "camera.image_processing.enabled": true, "camera.white_b
guarded {}
boot 30 hw {"remote": 1000001, "service": 100000032} trg null cache 226
===== 2026-10-02T06:59:24Z IP.sharpness.16.0.cap.trg SPOT-31593C  bm pub bmcam/cmd {"id":64052,"c":"trg","v":2,"kv":{"med":"still","m":40}} 1 1  (78 B line)
CON  2026-10-02T06:59:25Z bm pub bmcam/cmd {"id":64052,"c":"trg","v":2,"kv":{"med":"still","m":40}} 1 1
CON  2026-10-02T06:59:25Z 1790924365.156 e6fe83ea6b4a2b7f, [bmcam004] OK id=64052 trg 2 armed: capture + output per mode (next decision point); one action only: mode.media=still, still.message_cap=40 cfg=2d08bb7e
CON  2026-10-02T06:59:25Z 1790924365.207 e6fe83ea6b4a2b7f, [bmcam004] OK id=64052 trg 2 armed: capture + output per mode (next decision point); one action only: mode.media=still, still.message_cap=40 (duplicate: original answ
CON  2026-10-02T06:59:25Z 1790924365.257 e6fe83ea6b4a2b7f, [bmcam004] OK id=64052 trg 2 armed: capture + output per mode (next decision point); one action only: mode.media=still, still.message_cap=40 (duplicate: original answ
CELL 2026-10-02T06:59:27Z len=134 <WS v=1 a=cap cfg=2d08bb7e up=495 tz=America/Los_Angeles lt=na ws=0000 we=0000 rk=800x450 q=20 ct=38.1 sha=91a08f624011 hn=bmcam004>

SUMMARY cell=1 con=4
----- 2026-10-02T07:00:00Z STATE IP.sharpness.16.0.cap.after bmcam004
sha256 f6a39fe32ad8cccd bm_command_state_v2.json 0L
sha256 c8a9c0c989ab6e7e camera_config.yaml 145L
sha256 20dde2f7be4c3481 config_journal.jsonl 67L
overlay {"camera.controls_enabled": true, "camera.exposure.analogue_gain": 2.0, "camera.exposure.enabled": true, "camera.exposure.ev": -1.0, "camera.exposure.shutter_us": 10000, "camera.focus.lens_position": 0.5, "camera.focus.mode": "manual", "camera.image_processing.enabled": true, "camera.white_b
guarded {}
boot 30 hw {"remote": 1000001, "service": 100000032} trg null cache 227
STEP IP.sharpness.16.0.cap ack=none action=stage=None files=2026-10-02T06:59:27Z_image_compressed.jpg.capture_metadata.json action.log 
===== 2026-10-02T07:00:02Z IP.contrast.0.0 SPOT-31593C  bm pub bmcam/cmd {"id":1000004,"c":"set","kv":{"camera.image_processing.contrast":0.0}} 1 1  (92 B line)
CON  2026-10-02T07:00:03Z bm pub bmcam/cmd {"id":1000004,"c":"set","kv":{"camera.image_processing.contrast":0.0}} 1 1
CELL 2026-10-02T07:00:03Z len=37 {"id":1000004,"ok":1,"h":"af653d23"}
CON  2026-10-02T07:00:03Z Message: 1790924403.601 e6fe83ea6b4a2b7f, [bmcam004] OK id=1000004 camera.image_processing.contrast: none -> 0.0 (next action) cfg=af653d23
CON  2026-10-02T07:00:03Z 1790924403.652 e6fe83ea6b4a2b7f, [bmcam004] OK id=1000004 camera.image_processing.contrast: none -> 0.0 (next action) (duplicate: original answer) cfg=af653d23
CON  2026-10-02T07:00:03Z 1790924403.703 e6fe83ea6b4a2b7f, [bmcam004] OK id=1000004 camera.image_processing.contrast: none -> 0.0 (next action) (duplicate: original answer) cfg=af653d23
CON  2026-10-02T07:00:03Z 1790924403.753 e6fe83ea6b4a2b7f, [bmcam004] OK id=1000004 camera.image_processing.contrast: none -> 0.0 (next action) (duplicate: original answer) cfg=af653d23
CON  2026-10-02T07:00:03Z 1790924403.804 e6fe83ea6b4a2b7f, [bmcam004] OK id=1000004 camera.image_processing.contrast: none -> 0.0 (next action) (duplicate: original answer) cfg=af653d23
CELL 2026-10-02T07:00:04Z len=66 <CF v=1 h=af653d23 camera.image_processing.contrast=0.0@c1000004>
SUMMARY cell=2 con=6
----- 2026-10-02T07:00:12Z STATE IP.contrast.0.0.cap.before bmcam004
sha256 e18459dfd8f871a7 bm_command_state_v2.json 0L
sha256 c8a9c0c989ab6e7e camera_config.yaml 145L
sha256 5a0211858b503502 config_journal.jsonl 69L
overlay {"camera.controls_enabled": true, "camera.exposure.analogue_gain": 2.0, "camera.exposure.enabled": true, "camera.exposure.ev": -1.0, "camera.exposure.shutter_us": 10000, "camera.focus.lens_position": 0.5, "camera.focus.mode": "manual", "camera.image_processing.contrast": 0.0, "camera.image_p
guarded {}
boot 30 hw {"remote": 1000004, "service": 100000032} trg null cache 228
===== 2026-10-02T07:00:15Z IP.contrast.0.0.cap.trg SPOT-31593C  bm pub bmcam/cmd {"id":64053,"c":"trg","v":2,"kv":{"med":"still","m":40}} 1 1  (78 B line)
CON  2026-10-02T07:00:16Z bm pub bmcam/cmd {"id":64053,"c":"trg","v":2,"kv":{"med":"still","m":40}} 1 1
CON  2026-10-02T07:00:16Z 1790924416.082 e6fe83ea6b4a2b7f, [bmcam004] OK id=64053 trg 2 armed: capture + output per mode (next decision point); one action only: mode.media=still, still.message_cap=40 cfg=af653d23
CON  2026-10-02T07:00:16Z 1790924416.140 e6fe83ea6b4a2b7f, [bmcam004] OK id=64053 trg 2 armed: capture + output per mode (next decision point); one action only: mode.media=still, still.message_cap=40 (duplicate: original answ
CON  2026-10-02T07:00:16Z 1790924416.191 e6fe83ea6b4a2b7f, [bmcam004] OK id=64053 trg 2 armed: capture + output per mode (next decision point); one action only: mode.media=still, still.message_cap=40 (duplicate: original answ
CELL 2026-10-02T07:00:17Z len=134 <WS v=1 a=cap cfg=af653d23 up=545 tz=America/Los_Angeles lt=na ws=0000 we=0000 rk=800x450 q=20 ct=39.2 sha=91a08f624011 hn=bmcam004>

CELL 2026-10-02T07:00:22Z len=283 <START IMG> filename: 2026-10-02T07:00:17Z_image_compressed.jpg, timestamp: 2026-10-02T07:00:21Z, length: 10, key=0e3y4h, cfg=af653d23, tg=64053, r=800x450+1904+1071, m=40, fmt=pjpg, q=20, att=1, cmp=1, rk=800x450, ws=0000, we=0000, sha=91a08f624011, hn=bmcam004, sf=24643, sp=74.9

SUMMARY cell=2 con=4
----- 2026-10-02T07:00:51Z STATE IP.contrast.0.0.cap.after bmcam004
sha256 77621f7b692e181b bm_command_state_v2.json 0L
sha256 c8a9c0c989ab6e7e camera_config.yaml 145L
sha256 5a0211858b503502 config_journal.jsonl 69L
overlay {"camera.controls_enabled": true, "camera.exposure.analogue_gain": 2.0, "camera.exposure.enabled": true, "camera.exposure.ev": -1.0, "camera.exposure.shutter_us": 10000, "camera.focus.lens_position": 0.5, "camera.focus.mode": "manual", "camera.image_processing.contrast": 0.0, "camera.image_p
guarded {}
boot 30 hw {"remote": 1000004, "service": 100000032} trg null cache 229
STEP IP.contrast.0.0.cap ack=none action=stage=None files=2026-10-02T07:00:17Z_image_compressed.jpg.capture_metadata.json action.log 
===== 2026-10-02T07:00:53Z IP.contrast.32.0 SPOT-31593C  bm pub bmcam/cmd {"id":1000005,"c":"set","kv":{"camera.image_processing.contrast":32.0}} 1 1  (93 B line)
CON  2026-10-02T07:00:54Z bm pub bmcam/cmd {"id":1000005,"c":"set","kv":{"camera.image_processing.contrast":32.0}} 1 1
CELL 2026-10-02T07:00:54Z len=37 {"id":1000005,"ok":1,"h":"6410bddf"}
CON  2026-10-02T07:00:54Z Message: 1790924454.035 e6fe83ea6b4a2b7f, [bmcam004] OK id=1000005 camera.image_processing.contrast: 0.0 -> 32.0 (next action) cfg=6410bddf
CON  2026-10-02T07:00:54Z 1790924454.085 e6fe83ea6b4a2b7f, [bmcam004] OK id=1000005 camera.image_processing.contrast: 0.0 -> 32.0 (next action) (duplicate: original answer) cfg=6410bddf
CON  2026-10-02T07:00:54Z 1790924454.304 e6fe83ea6b4a2b7f, [bmcam004] OK id=1000005 camera.image_processing.contrast: 0.0 -> 32.0 (next action) (duplicate: original answer) cfg=6410bddf
CON  2026-10-02T07:00:54Z 1790924454.355 e6fe83ea6b4a2b7f, [bmcam004] OK id=1000005 camera.image_processing.contrast: 0.0 -> 32.0 (next action) (duplicate: original answer) cfg=6410bddf
CON  2026-10-02T07:00:54Z 1790924454.406 e6fe83ea6b4a2b7f, [bmcam004] OK id=1000005 camera.image_processing.contrast: 0.0 -> 32.0 (next action) (duplicate: original answer) cfg=6410bddf
CELL 2026-10-02T07:00:55Z len=67 <CF v=1 h=6410bddf camera.image_processing.contrast=32.0@c1000005>
SUMMARY cell=2 con=6
----- 2026-10-02T07:01:03Z STATE IP.contrast.32.0.cap.before bmcam004
sha256 198b11aec0f8ec12 bm_command_state_v2.json 0L
sha256 c8a9c0c989ab6e7e camera_config.yaml 145L
sha256 71429a7a2521024e config_journal.jsonl 71L
overlay {"camera.controls_enabled": true, "camera.exposure.analogue_gain": 2.0, "camera.exposure.enabled": true, "camera.exposure.ev": -1.0, "camera.exposure.shutter_us": 10000, "camera.focus.lens_position": 0.5, "camera.focus.mode": "manual", "camera.image_processing.contrast": 32.0, "camera.image_
guarded {}
boot 30 hw {"remote": 1000005, "service": 100000032} trg null cache 230
===== 2026-10-02T07:01:05Z IP.contrast.32.0.cap.trg SPOT-31593C  bm pub bmcam/cmd {"id":64054,"c":"trg","v":2,"kv":{"med":"still","m":40}} 1 1  (78 B line)
CON  2026-10-02T07:01:06Z bm pub bmcam/cmd {"id":64054,"c":"trg","v":2,"kv":{"med":"still","m":40}} 1 1
CON  2026-10-02T07:01:07Z 1790924466.894 e6fe83ea6b4a2b7f, [bmcam004] OK id=64054 trg 2 armed: capture + output per mode (next decision point); one action only: mode.media=still, still.message_cap=40 cfg=6410bddf
CON  2026-10-02T07:01:07Z 1790924466.953 e6fe83ea6b4a2b7f, [bmcam004] OK id=64054 trg 2 armed: capture + output per mode (next decision point); one action only: mode.media=still, still.message_cap=40 (duplicate: original answ
CON  2026-10-02T07:01:07Z 1790924467.003 e6fe83ea6b4a2b7f, [bmcam004] OK id=64054 trg 2 armed: capture + output per mode (next decision point); one action only: mode.media=still, still.message_cap=40 (duplicate: original answ
CON  2026-10-02T07:01:07Z 1790924467.054 e6fe83ea6b4a2b7f, [bmcam004] OK id=64054 trg 2 armed: capture + output per mode (next decision point); one action only: mode.media=still, still.message_cap=40 (duplicate: original answ
CON  2026-10-02T07:01:07Z 1790924467.101 e6fe83ea6b4a2b7f, [bmcam004] OK id=64054 trg 2 armed: capture + output per mode (next decision point); one action only: mode.media=still, still.message_cap=40 (duplicate: original answ
CELL 2026-10-02T07:01:07Z len=134 <WS v=1 a=cap cfg=6410bddf up=595 tz=America/Los_Angeles lt=na ws=0000 we=0000 rk=800x450 q=20 ct=39.7 sha=91a08f624011 hn=bmcam004>

CELL 2026-10-02T07:01:11Z len=283 <START IMG> filename: 2026-10-02T07:01:07Z_image_compressed.jpg, timestamp: 2026-10-02T07:01:11Z, length: 10, key=0e3y5v, cfg=6410bddf, tg=64054, r=800x450+1904+1071, m=40, fmt=pjpg, q=20, att=1, cmp=1, rk=800x450, ws=0000, we=0000, sha=91a08f624011, hn=bmcam004, sf=24643, sp=74.9

CELL 2026-10-02T07:01:12Z len=400 <I0e3y5v.0/10>/9j/4AAQSkZJRgABAQ
SUMMARY cell=3 con=6
----- 2026-10-02T07:01:41Z STATE IP.contrast.32.0.cap.after bmcam004
sha256 3d5edcd1873dbda4 bm_command_state_v2.json 0L
sha256 c8a9c0c989ab6e7e camera_config.yaml 145L
sha256 71429a7a2521024e config_journal.jsonl 71L
overlay {"camera.controls_enabled": true, "camera.exposure.analogue_gain": 2.0, "camera.exposure.enabled": true, "camera.exposure.ev": -1.0, "camera.exposure.shutter_us": 10000, "camera.focus.lens_position": 0.5, "camera.focus.mode": "manual", "camera.image_processing.contrast": 32.0, "camera.image_
guarded {}
boot 30 hw {"remote": 1000005, "service": 100000032} trg null cache 231
STEP IP.contrast.32.0.cap ack=none action=stage=None files=2026-10-02T07:01:07Z_image_compressed.jpg.capture_metadata.json action.log 
===== 2026-10-02T07:01:43Z IP.saturation.0.0 SPOT-31593C  bm pub bmcam/cmd {"id":1000006,"c":"set","kv":{"camera.image_processing.saturation":0.0}} 1 1  (94 B line)
CON  2026-10-02T07:01:44Z bm pub bmcam/cmd {"id":1000006,"c":"set","kv":{"camera.image_processing.saturation":0.0}} 1 1
CELL 2026-10-02T07:01:44Z len=37 {"id":1000006,"ok":1,"h":"c0641210"}
CON  2026-10-02T07:01:45Z Message: 1790924504.855 e6fe83ea6b4a2b7f, [bmcam004] OK id=1000006 camera.image_processing.saturation: none -> 0.0 (next action) cfg=c0641210
CON  2026-10-02T07:01:45Z 1790924504.906 e6fe83ea6b4a2b7f, [bmcam004] OK id=1000006 camera.image_processing.saturation: none -> 0.0 (next action) (duplicate: original answer) cfg=c0641210
CON  2026-10-02T07:01:45Z 1790924504.957 e6fe83ea6b4a2b7f, [bmcam004] OK id=1000006 camera.image_processing.saturation: none -> 0.0 (next action) (duplicate: original answer) cfg=c0641210
CON  2026-10-02T07:01:45Z 1790924505.003 e6fe83ea6b4a2b7f, [bmcam004] OK id=1000006 camera.image_processing.saturation: none -> 0.0 (next action) (duplicate: original answer) cfg=c0641210
CON  2026-10-02T07:01:45Z 1790924505.054 e6fe83ea6b4a2b7f, [bmcam004] OK id=1000006 camera.image_processing.saturation: none -> 0.0 (next action) (duplicate: original answer) cfg=c0641210
CELL 2026-10-02T07:01:46Z len=68 <CF v=1 h=c0641210 camera.image_processing.saturation=0.0@c1000006>
SUMMARY cell=2 con=6
----- 2026-10-02T07:01:53Z STATE IP.saturation.0.0.cap.before bmcam004
sha256 618ab3fdc0c98bd0 bm_command_state_v2.json 0L
sha256 c8a9c0c989ab6e7e camera_config.yaml 145L
sha256 45b271a3cc9e4ed8 config_journal.jsonl 73L
overlay {"camera.controls_enabled": true, "camera.exposure.analogue_gain": 2.0, "camera.exposure.enabled": true, "camera.exposure.ev": -1.0, "camera.exposure.shutter_us": 10000, "camera.focus.lens_position": 0.5, "camera.focus.mode": "manual", "camera.image_processing.contrast": 32.0, "camera.image_
guarded {}
boot 30 hw {"remote": 1000006, "service": 100000032} trg null cache 232
===== 2026-10-02T07:01:56Z IP.saturation.0.0.cap.trg SPOT-31593C  bm pub bmcam/cmd {"id":64055,"c":"trg","v":2,"kv":{"med":"still","m":40}} 1 1  (78 B line)
CON  2026-10-02T07:01:57Z bm pub bmcam/cmd {"id":64055,"c":"trg","v":2,"kv":{"med":"still","m":40}} 1 1
CON  2026-10-02T07:01:57Z 1790924517.332 e6fe83ea6b4a2b7f, [bmcam004] OK id=64055 trg 2 armed: capture + output per mode (next decision point); one action only: mode.media=still, still.message_cap=40 cfg=c0641210
CON  2026-10-02T07:01:57Z 1790924517.382 e6fe83ea6b4a2b7f, [bmcam004] OK id=64055 trg 2 armed: capture + output per mode (next decision point); one action only: mode.media=still, still.message_cap=40 (duplicate: original answ
CON  2026-10-02T07:01:57Z 1790924517.433 e6fe83ea6b4a2b7f, [bmcam004] OK id=64055 trg 2 armed: capture + output per mode (next decision point); one action only: mode.media=still, still.message_cap=40 (duplicate: original answ
SUMMARY cell=0 con=4
----- 2026-10-02T07:02:33Z STATE IP.saturation.0.0.cap.after bmcam004
sha256 4cd2f922f6c45e02 bm_command_state_v2.json 0L
sha256 c8a9c0c989ab6e7e camera_config.yaml 145L
sha256 45b271a3cc9e4ed8 config_journal.jsonl 73L
overlay {"camera.controls_enabled": true, "camera.exposure.analogue_gain": 2.0, "camera.exposure.enabled": true, "camera.exposure.ev": -1.0, "camera.exposure.shutter_us": 10000, "camera.focus.lens_position": 0.5, "camera.focus.mode": "manual", "camera.image_processing.contrast": 32.0, "camera.image_
guarded {}
boot 30 hw {"remote": 1000006, "service": 100000032} trg null cache 233
STEP IP.saturation.0.0.cap ack=none action=stage=None files=2026-10-02T07:02:07Z_image_compressed.jpg.capture_metadata.json 2026-10-02T07:02:07Z_image_native_full.metadata.json action.log 
===== 2026-10-02T07:02:35Z IP.saturation.32.0 SPOT-31593C  bm pub bmcam/cmd {"id":1000007,"c":"set","kv":{"camera.image_processing.saturation":32.0}} 1 1  (95 B line)
CON  2026-10-02T07:02:36Z bm pub bmcam/cmd {"id":1000007,"c":"set","kv":{"camera.image_processing.saturation":32.0}} 1 1
CELL 2026-10-02T07:02:36Z len=37 {"id":1000007,"ok":1,"h":"cb7da258"}
CON  2026-10-02T07:02:36Z Message: 1790924556.015 e6fe83ea6b4a2b7f, [bmcam004] OK id=1000007 camera.image_processing.saturation: 0.0 -> 32.0 (next action) cfg=cb7da258
CON  2026-10-02T07:02:36Z 1790924556.066 e6fe83ea6b4a2b7f, [bmcam004] OK id=1000007 camera.image_processing.saturation: 0.0 -> 32.0 (next action) (duplicate: original answer) cfg=cb7da258
CON  2026-10-02T07:02:36Z 1790924556.117 e6fe83ea6b4a2b7f, [bmcam004] OK id=1000007 camera.image_processing.saturation: 0.0 -> 32.0 (next action) (duplicate: original answer) cfg=cb7da258
CON  2026-10-02T07:02:36Z 1790924556.167 e6fe83ea6b4a2b7f, [bmcam004] OK id=1000007 camera.image_processing.saturation: 0.0 -> 32.0 (next action) (duplicate: original answer) cfg=cb7da258
CON  2026-10-02T07:02:36Z 1790924556.218 e6fe83ea6b4a2b7f, [bmcam004] OK id=1000007 camera.image_processing.saturation: 0.0 -> 32.0 (next action) (duplicate: original answer) cfg=cb7da258
CELL 2026-10-02T07:02:37Z len=69 <CF v=1 h=cb7da258 camera.image_processing.saturation=32.0@c1000007>
SUMMARY cell=2 con=6
----- 2026-10-02T07:02:45Z STATE IP.saturation.32.0.cap.before bmcam004
sha256 64f39a9f787fa70c bm_command_state_v2.json 0L
sha256 c8a9c0c989ab6e7e camera_config.yaml 145L
sha256 02b120d3f5804b46 config_journal.jsonl 75L
overlay {"camera.controls_enabled": true, "camera.exposure.analogue_gain": 2.0, "camera.exposure.enabled": true, "camera.exposure.ev": -1.0, "camera.exposure.shutter_us": 10000, "camera.focus.lens_position": 0.5, "camera.focus.mode": "manual", "camera.image_processing.contrast": 32.0, "camera.image_
guarded {}
boot 30 hw {"remote": 1000007, "service": 100000032} trg null cache 234
===== 2026-10-02T07:02:47Z IP.saturation.32.0.cap.trg SPOT-31593C  bm pub bmcam/cmd {"id":64056,"c":"trg","v":2,"kv":{"med":"still","m":40}} 1 1  (78 B line)
CON  2026-10-02T07:02:48Z bm pub bmcam/cmd {"id":64056,"c":"trg","v":2,"kv":{"med":"still","m":40}} 1 1
CON  2026-10-02T07:02:48Z 1790924568.714 e6fe83ea6b4a2b7f, [bmcam004] OK id=64056 trg 2 armed: capture + output per mode (next decision point); one action only: mode.media=still, still.message_cap=40 cfg=cb7da258
CON  2026-10-02T07:02:48Z 1790924568.765 e6fe83ea6b4a2b7f, [bmcam004] OK id=64056 trg 2 armed: capture + output per mode (next decision point); one action only: mode.media=still, still.message_cap=40 (duplicate: original answ
CON  2026-10-02T07:02:48Z 1790924568.812 e6fe83ea6b4a2b7f, [bmcam004] OK id=64056 trg 2 armed: capture + output per mode (next decision point); one action only: mode.media=still, still.message_cap=40 (duplicate: original answ
CON  2026-10-02T07:02:49Z 1790924568.863 e6fe83ea6b4a2b7f, [bmcam004] OK id=64056 trg 2 armed: capture + output per mode (next decision point); one action only: mode.media=still, still.message_cap=40 (duplicate: original answ
CON  2026-10-02T07:02:49Z 1790924568.914 e6fe83ea6b4a2b7f, [bmcam004] OK id=64056 trg 2 armed: capture + output per mode (next decision point); one action only: mode.media=still, still.message_cap=40 (duplicate: original answ
SUMMARY cell=0 con=6
----- 2026-10-02T07:03:24Z STATE IP.saturation.32.0.cap.after bmcam004
sha256 689a895e1a11d4fe bm_command_state_v2.json 0L
sha256 c8a9c0c989ab6e7e camera_config.yaml 145L
sha256 02b120d3f5804b46 config_journal.jsonl 75L
overlay {"camera.controls_enabled": true, "camera.exposure.analogue_gain": 2.0, "camera.exposure.enabled": true, "camera.exposure.ev": -1.0, "camera.exposure.shutter_us": 10000, "camera.focus.lens_position": 0.5, "camera.focus.mode": "manual", "camera.image_processing.contrast": 32.0, "camera.image_
guarded {}
boot 30 hw {"remote": 1000007, "service": 100000032} trg null cache 235
STEP IP.saturation.32.0.cap ack=none action=stage=None files=2026-10-02T07:02:57Z_image_compressed.jpg.capture_metadata.json 2026-10-02T07:02:57Z_image_native_full.metadata.json action.log 
===== 2026-10-02T07:03:26Z IP.brightness.-1.0 SPOT-31593C  bm pub bmcam/cmd {"id":1000008,"c":"set","kv":{"camera.image_processing.brightness":-1.0}} 1 1  (95 B line)
CON  2026-10-02T07:03:27Z bm pub bmcam/cmd {"id":1000008,"c":"set","kv":{"camera.image_processing.brightness":-1.0}} 1 1
CELL 2026-10-02T07:03:27Z len=37 {"id":1000008,"ok":1,"h":"a8ac4de6"}
CON  2026-10-02T07:03:27Z Message: 1790924607.355 e6fe83ea6b4a2b7f, [bmcam004] OK id=1000008 camera.image_processing.brightness: none -> -1.0 (next action) cfg=a8ac4de6
CON  2026-10-02T07:03:27Z 1790924607.398 e6fe83ea6b4a2b7f, [bmcam004] OK id=1000008 camera.image_processing.brightness: none -> -1.0 (next action) (duplicate: original answer) cfg=a8ac4de6
CON  2026-10-02T07:03:27Z 1790924607.457 e6fe83ea6b4a2b7f, [bmcam004] OK id=1000008 camera.image_processing.brightness: none -> -1.0 (next action) (duplicate: original answer) cfg=a8ac4de6
CON  2026-10-02T07:03:27Z 1790924607.507 e6fe83ea6b4a2b7f, [bmcam004] OK id=1000008 camera.image_processing.brightness: none -> -1.0 (next action) (duplicate: original answer) cfg=a8ac4de6
CON  2026-10-02T07:03:31Z 1790924611.542 e6fe83ea6b4a2b7f, [bmcam004] OK id=1000008 camera.image_processing.brightness: none -> -1.0 (next action) (duplicate: original answer) cfg=a8ac4de6
CELL 2026-10-02T07:03:31Z len=69 <CF v=1 h=a8ac4de6 camera.image_processing.brightness=-1.0@c1000008>
SUMMARY cell=2 con=6
----- 2026-10-02T07:03:36Z STATE IP.brightness.-1.0.cap.before bmcam004
sha256 a1d9598b2e6bdb23 bm_command_state_v2.json 0L
sha256 c8a9c0c989ab6e7e camera_config.yaml 145L
sha256 8e383880211ae472 config_journal.jsonl 77L
overlay {"camera.controls_enabled": true, "camera.exposure.analogue_gain": 2.0, "camera.exposure.enabled": true, "camera.exposure.ev": -1.0, "camera.exposure.shutter_us": 10000, "camera.focus.lens_position": 0.5, "camera.focus.mode": "manual", "camera.image_processing.brightness": -1.0, "camera.imag
guarded {}
boot 30 hw {"remote": 1000008, "service": 100000032} trg null cache 236
===== 2026-10-02T07:03:39Z IP.brightness.-1.0.cap.trg SPOT-31593C  bm pub bmcam/cmd {"id":64057,"c":"trg","v":2,"kv":{"med":"still","m":40}} 1 1  (78 B line)
CON  2026-10-02T07:03:40Z bm pub bmcam/cmd {"id":64057,"c":"trg","v":2,"kv":{"med":"still","m":40}} 1 1
CON  2026-10-02T07:03:40Z 1790924620.046 e6fe83ea6b4a2b7f, [bmcam004] OK id=64057 trg 2 armed: capture + output per mode (next decision point); one action only: mode.media=still, still.message_cap=40 cfg=a8ac4de6
CON  2026-10-02T07:03:40Z 1790924620.093 e6fe83ea6b4a2b7f, [bmcam004] OK id=64057 trg 2 armed: capture + output per mode (next decision point); one action only: mode.media=still, still.message_cap=40 (duplicate: original answ
CON  2026-10-02T07:03:40Z 1790924620.144 e6fe83ea6b4a2b7f, [bmcam004] OK id=64057 trg 2 armed: capture + output per mode (next decision point); one action only: mode.media=still, still.message_cap=40 (duplicate: original answ
CON  2026-10-02T07:03:40Z 1790924620.195 e6fe83ea6b4a2b7f, [bmcam004] OK id=64057 trg 2 armed: capture + output per mode (next decision point); one action only: mode.media=still, still.message_cap=40 (duplicate: original answ
CON  2026-10-02T07:03:40Z 1790924620.246 e6fe83ea6b4a2b7f, [bmcam004] OK id=64057 trg 2 armed: capture + output per mode (next decision point); one action only: mode.media=still, still.message_cap=40 (duplicate: original answ
SUMMARY cell=0 con=6
----- 2026-10-02T07:04:15Z STATE IP.brightness.-1.0.cap.after bmcam004
sha256 789840320ae9d060 bm_command_state_v2.json 0L
sha256 c8a9c0c989ab6e7e camera_config.yaml 145L
sha256 8e383880211ae472 config_journal.jsonl 77L
overlay {"camera.controls_enabled": true, "camera.exposure.analogue_gain": 2.0, "camera.exposure.enabled": true, "camera.exposure.ev": -1.0, "camera.exposure.shutter_us": 10000, "camera.focus.lens_position": 0.5, "camera.focus.mode": "manual", "camera.image_processing.brightness": -1.0, "camera.imag
guarded {}
boot 30 hw {"remote": 1000008, "service": 100000032} trg null cache 237
STEP IP.brightness.-1.0.cap ack=none action=stage=None files=2026-10-02T07:03:47Z_image_compressed.jpg.capture_metadata.json 2026-10-02T07:03:47Z_image_native_full.metadata.json action.log 
===== 2026-10-02T07:04:17Z IP.brightness.1.0 SPOT-31593C  bm pub bmcam/cmd {"id":1000009,"c":"set","kv":{"camera.image_processing.brightness":1.0}} 1 1  (94 B line)
CON  2026-10-02T07:04:18Z bm pub bmcam/cmd {"id":1000009,"c":"set","kv":{"camera.image_processing.brightness":1.0}} 1 1
CELL 2026-10-02T07:04:18Z len=37 {"id":1000009,"ok":1,"h":"fb314a09"}
CON  2026-10-02T07:04:18Z Message: 1790924658.527 e6fe83ea6b4a2b7f, [bmcam004] OK id=1000009 camera.image_processing.brightness: -1.0 -> 1.0 (next action) cfg=fb314a09
CON  2026-10-02T07:04:18Z 1790924658.566 e6fe83ea6b4a2b7f, [bmcam004] OK id=1000009 camera.image_processing.brightness: -1.0 -> 1.0 (next action) (duplicate: original answer) cfg=fb314a09
CON  2026-10-02T07:04:18Z 1790924658.617 e6fe83ea6b4a2b7f, [bmcam004] OK id=1000009 camera.image_processing.brightness: -1.0 -> 1.0 (next action) (duplicate: original answer) cfg=fb314a09
CON  2026-10-02T07:04:18Z 1790924658.667 e6fe83ea6b4a2b7f, [bmcam004] OK id=1000009 camera.image_processing.brightness: -1.0 -> 1.0 (next action) (duplicate: original answer) cfg=fb314a09
CON  2026-10-02T07:04:18Z 1790924658.726 e6fe83ea6b4a2b7f, [bmcam004] OK id=1000009 camera.image_processing.brightness: -1.0 -> 1.0 (next action) (duplicate: original answer) cfg=fb314a09
CELL 2026-10-02T07:04:19Z len=68 <CF v=1 h=fb314a09 camera.image_processing.brightness=1.0@c1000009>
SUMMARY cell=2 con=6
----- 2026-10-02T07:04:27Z STATE IP.brightness.1.0.cap.before bmcam004
sha256 edf0a383e578da9c bm_command_state_v2.json 0L
sha256 c8a9c0c989ab6e7e camera_config.yaml 145L
sha256 23a25bcbba83ba22 config_journal.jsonl 79L
overlay {"camera.controls_enabled": true, "camera.exposure.analogue_gain": 2.0, "camera.exposure.enabled": true, "camera.exposure.ev": -1.0, "camera.exposure.shutter_us": 10000, "camera.focus.lens_position": 0.5, "camera.focus.mode": "manual", "camera.image_processing.brightness": 1.0, "camera.image
guarded {}
boot 30 hw {"remote": 1000009, "service": 100000032} trg null cache 238
===== 2026-10-02T07:04:30Z IP.brightness.1.0.cap.trg SPOT-31593C  bm pub bmcam/cmd {"id":64058,"c":"trg","v":2,"kv":{"med":"still","m":40}} 1 1  (78 B line)
CON  2026-10-02T07:04:31Z bm pub bmcam/cmd {"id":64058,"c":"trg","v":2,"kv":{"med":"still","m":40}} 1 1
CON  2026-10-02T07:04:31Z 1790924671.187 e6fe83ea6b4a2b7f, [bmcam004] OK id=64058 trg 2 armed: capture + output per mode (next decision point); one action only: mode.media=still, still.message_cap=40 cfg=fb314a09
SUMMARY cell=0 con=2
----- 2026-10-02T07:05:07Z STATE IP.brightness.1.0.cap.after bmcam004
sha256 e99657ea13e176b5 bm_command_state_v2.json 0L
sha256 c8a9c0c989ab6e7e camera_config.yaml 145L
sha256 23a25bcbba83ba22 config_journal.jsonl 79L
overlay {"camera.controls_enabled": true, "camera.exposure.analogue_gain": 2.0, "camera.exposure.enabled": true, "camera.exposure.ev": -1.0, "camera.exposure.shutter_us": 10000, "camera.focus.lens_position": 0.5, "camera.focus.mode": "manual", "camera.image_processing.brightness": 1.0, "camera.image
guarded {}
boot 30 hw {"remote": 1000009, "service": 100000032} trg null cache 239
STEP IP.brightness.1.0.cap ack=none action=stage=None files=2026-10-02T07:04:37Z_image_compressed.jpg.capture_metadata.json 2026-10-02T07:04:37Z_image_native_full.metadata.json action.log 
===== 2026-10-02T07:05:42Z E.recout SPOT-31593C  bm pub bmcam/cmd {"id":64070,"c":"set","kv":{"video.record.output":"481x271"}} 1 1  (83 B line)
CON  2026-10-02T07:05:44Z bm pub bmcam/cmd {"id":64070,"c":"set","kv":{"video.record.output":"481x271"}} 1 1
CON  2026-10-02T07:05:44Z 1790924744.285 e6fe83ea6b4a2b7f, [bmcam004] REJECTED id=64070 video.send.size 640x360 is larger than the recording 480x270 (the clip fit refuses to upscale) e=xk k=video.record.output cfg=fb314a09
CON  2026-10-02T07:05:44Z 1790924744.332 e6fe83ea6b4a2b7f, [bmcam004] REJECTED id=64070 (duplicate: original answer) e=xk k=video.record.output cfg=fb314a09
CON  2026-10-02T07:05:44Z 1790924744.562 e6fe83ea6b4a2b7f, [bmcam004] REJECTED id=64070 (duplicate: original answer) e=xk k=video.record.output cfg=fb314a09
CON  2026-10-02T07:05:44Z 1790924744.613 e6fe83ea6b4a2b7f, [bmcam004] REJECTED id=64070 (duplicate: original answer) e=xk k=video.record.output cfg=fb314a09
CON  2026-10-02T07:05:44Z 1790924744.664 e6fe83ea6b4a2b7f, [bmcam004] REJECTED id=64070 (duplicate: original answer) e=xk k=video.record.output cfg=fb314a09
SUMMARY cell=0 con=6
===== 2026-10-02T07:05:52Z E.recout SPOT-31593C  bm pub bmcam/cmd {"id":64071,"c":"set","kv":{"video.record.output":"14x16"}} 1 1  (81 B line)
CON  2026-10-02T07:05:53Z bm pub bmcam/cmd {"id":64071,"c":"set","kv":{"video.record.output":"14x16"}} 1 1
CON  2026-10-02T07:05:53Z 1790924753.359 e6fe83ea6b4a2b7f, [bmcam004] REJECTED id=64071 video.send.size 640x360 is larger than the recording 14x16 (the clip fit refuses to upscale) e=xk k=video.record.output cfg=fb314a09
CON  2026-10-02T07:05:53Z 1790924753.410 e6fe83ea6b4a2b7f, [bmcam004] REJECTED id=64071 (duplicate: original answer) e=xk k=video.record.output cfg=fb314a09
CON  2026-10-02T07:05:53Z 1790924753.460 e6fe83ea6b4a2b7f, [bmcam004] REJECTED id=64071 (duplicate: original answer) e=xk k=video.record.output cfg=fb314a09
CON  2026-10-02T07:05:53Z 1790924753.511 e6fe83ea6b4a2b7f, [bmcam004] REJECTED id=64071 (duplicate: original answer) e=xk k=video.record.output cfg=fb314a09
CON  2026-10-02T07:05:53Z 1790924753.730 e6fe83ea6b4a2b7f, [bmcam004] REJECTED id=64071 (duplicate: original answer) e=xk k=video.record.output cfg=fb314a09
SUMMARY cell=0 con=6
===== 2026-10-02T07:06:24Z IP.denoise.auto SPOT-31593C  bm pub bmcam/cmd {"id":1000010,"c":"set","kv":{"camera.image_processing.denoise":"auto"}} 1 1  (94 B line)
CON  2026-10-02T07:06:25Z bm pub bmcam/cmd {"id":1000010,"c":"set","kv":{"camera.image_processing.denoise":"auto"}} 1 1
CELL 2026-10-02T07:06:25Z len=37 {"id":1000010,"ok":1,"h":"5f68cef1"}
CON  2026-10-02T07:06:25Z Message: 1790924785.253 e6fe83ea6b4a2b7f, [bmcam004] OK id=1000010 camera.image_processing.denoise: none -> auto (next action) cfg=5f68cef1
CON  2026-10-02T07:06:25Z 1790924785.304 e6fe83ea6b4a2b7f, [bmcam004] OK id=1000010 camera.image_processing.denoise: none -> auto (next action) (duplicate: original answer) cfg=5f68cef1
CON  2026-10-02T07:06:25Z 1790924785.535 e6fe83ea6b4a2b7f, [bmcam004] OK id=1000010 camera.image_processing.denoise: none -> auto (next action) (duplicate: original answer) cfg=5f68cef1
CON  2026-10-02T07:06:25Z 1790924785.593 e6fe83ea6b4a2b7f, [bmcam004] OK id=1000010 camera.image_processing.denoise: none -> auto (next action) (duplicate: original answer) cfg=5f68cef1
CON  2026-10-02T07:06:25Z 1790924785.644 e6fe83ea6b4a2b7f, [bmcam004] OK id=1000010 camera.image_processing.denoise: none -> auto (next action) (duplicate: original answer) cfg=5f68cef1
CELL 2026-10-02T07:06:26Z len=66 <CF v=1 h=5f68cef1 camera.image_processing.denoise=auto@c1000010>
SUMMARY cell=2 con=6
----- 2026-10-02T07:06:34Z STATE IP.denoise.auto.cap.before bmcam004
sha256 b4997246a9fcaab4 bm_command_state_v2.json 0L
sha256 c8a9c0c989ab6e7e camera_config.yaml 145L
sha256 a938acfd9a01a531 config_journal.jsonl 81L
overlay {"camera.controls_enabled": true, "camera.exposure.analogue_gain": 2.0, "camera.exposure.enabled": true, "camera.exposure.ev": -1.0, "camera.exposure.shutter_us": 10000, "camera.focus.lens_position": 0.5, "camera.focus.mode": "manual", "camera.image_processing.brightness": 1.0, "camera.image
guarded {}
boot 30 hw {"remote": 1000010, "service": 100000032} trg null cache 242
===== 2026-10-02T07:06:37Z IP.denoise.auto.cap.trg SPOT-31593C  bm pub bmcam/cmd {"id":64081,"c":"trg","v":2,"kv":{"med":"still","m":40}} 1 1  (78 B line)
CON  2026-10-02T07:06:38Z bm pub bmcam/cmd {"id":64081,"c":"trg","v":2,"kv":{"med":"still","m":40}} 1 1
CON  2026-10-02T07:06:38Z 1790924798.113 e6fe83ea6b4a2b7f, [bmcam004] OK id=64081 trg 2 armed: capture + output per mode (next decision point); one action only: mode.media=still, still.message_cap=40 cfg=5f68cef1
SUMMARY cell=0 con=2
----- 2026-10-02T07:07:13Z STATE IP.denoise.auto.cap.after bmcam004
sha256 dab8c915c2c6ef06 bm_command_state_v2.json 0L
sha256 c8a9c0c989ab6e7e camera_config.yaml 145L
sha256 a938acfd9a01a531 config_journal.jsonl 81L
overlay {"camera.controls_enabled": true, "camera.exposure.analogue_gain": 2.0, "camera.exposure.enabled": true, "camera.exposure.ev": -1.0, "camera.exposure.shutter_us": 10000, "camera.focus.lens_position": 0.5, "camera.focus.mode": "manual", "camera.image_processing.brightness": 1.0, "camera.image
guarded {}
boot 30 hw {"remote": 1000010, "service": 100000032} trg null cache 243
STEP IP.denoise.auto.cap ack=none action=stage=None files=2026-10-02T07:06:47Z_image_compressed.jpg.capture_metadata.json 2026-10-02T07:06:47Z_image_native_full.metadata.json action.log 
===== 2026-10-02T07:07:17Z IP.denoise.off SPOT-31593C  bm pub bmcam/cmd {"id":1000011,"c":"set","kv":{"camera.image_processing.denoise":"off"}} 1 1  (93 B line)
CON  2026-10-02T07:07:18Z bm pub bmcam/cmd {"id":1000011,"c":"set","kv":{"camera.image_processing.denoise":"off"}} 1 1
CELL 2026-10-02T07:07:18Z len=37 {"id":1000011,"ok":1,"h":"f8bcd030"}
CON  2026-10-02T07:07:18Z Message: 1790924838.175 e6fe83ea6b4a2b7f, [bmcam004] OK id=1000011 camera.image_processing.denoise: auto -> off (next action) cfg=f8bcd030
CON  2026-10-02T07:07:18Z 1790924838.214 e6fe83ea6b4a2b7f, [bmcam004] OK id=1000011 camera.image_processing.denoise: auto -> off (next action) (duplicate: original answer) cfg=f8bcd030
CON  2026-10-02T07:07:18Z 1790924838.265 e6fe83ea6b4a2b7f, [bmcam004] OK id=1000011 camera.image_processing.denoise: auto -> off (next action) (duplicate: original answer) cfg=f8bcd030
CON  2026-10-02T07:07:18Z 1790924838.316 e6fe83ea6b4a2b7f, [bmcam004] OK id=1000011 camera.image_processing.denoise: auto -> off (next action) (duplicate: original answer) cfg=f8bcd030
CON  2026-10-02T07:07:18Z 1790924838.375 e6fe83ea6b4a2b7f, [bmcam004] OK id=1000011 camera.image_processing.denoise: auto -> off (next action) (duplicate: original answer) cfg=f8bcd030
CELL 2026-10-02T07:07:19Z len=65 <CF v=1 h=f8bcd030 camera.image_processing.denoise=off@c1000011>
SUMMARY cell=2 con=6
----- 2026-10-02T07:07:27Z STATE IP.denoise.off.cap.before bmcam004
sha256 9048bfdb2553b40f bm_command_state_v2.json 0L
sha256 c8a9c0c989ab6e7e camera_config.yaml 145L
sha256 b6fafb7bb399ef4a config_journal.jsonl 83L
overlay {"camera.controls_enabled": true, "camera.exposure.analogue_gain": 2.0, "camera.exposure.enabled": true, "camera.exposure.ev": -1.0, "camera.exposure.shutter_us": 10000, "camera.focus.lens_position": 0.5, "camera.focus.mode": "manual", "camera.image_processing.brightness": 1.0, "camera.image
guarded {}
boot 30 hw {"remote": 1000011, "service": 100000032} trg null cache 244
===== 2026-10-02T07:07:29Z IP.denoise.off.cap.trg SPOT-31593C  bm pub bmcam/cmd {"id":64082,"c":"trg","v":2,"kv":{"med":"still","m":40}} 1 1  (78 B line)
CON  2026-10-02T07:07:31Z bm pub bmcam/cmd {"id":64082,"c":"trg","v":2,"kv":{"med":"still","m":40}} 1 1
CON  2026-10-02T07:07:31Z 1790924851.082 e6fe83ea6b4a2b7f, [bmcam004] OK id=64082 trg 2 armed: capture + output per mode (next decision point); one action only: mode.media=still, still.message_cap=40 cfg=f8bcd030
CON  2026-10-02T07:07:31Z 1790924851.132 e6fe83ea6b4a2b7f, [bmcam004] OK id=64082 trg 2 armed: capture + output per mode (next decision point); one action only: mode.media=still, still.message_cap=40 (duplicate: original answ
CON  2026-10-02T07:07:31Z 1790924851.195 e6fe83ea6b4a2b7f, [bmcam004] OK id=64082 trg 2 armed: capture + output per mode (next decision point); one action only: mode.media=still, still.message_cap=40 (duplicate: original answ
CON  2026-10-02T07:07:31Z 1790924851.242 e6fe83ea6b4a2b7f, [bmcam004] OK id=64082 trg 2 armed: capture + output per mode (next decision point); one action only: mode.media=still, still.message_cap=40 (duplicate: original answ
CON  2026-10-02T07:07:31Z 1790924851.292 e6fe83ea6b4a2b7f, [bmcam004] OK id=64082 trg 2 armed: capture + output per mode (next decision point); one action only: mode.media=still, still.message_cap=40 (duplicate: original answ
SUMMARY cell=0 con=6
----- 2026-10-02T07:08:06Z STATE IP.denoise.off.cap.after bmcam004
sha256 2834ba1ed8328d4a bm_command_state_v2.json 0L
sha256 c8a9c0c989ab6e7e camera_config.yaml 145L
sha256 b6fafb7bb399ef4a config_journal.jsonl 83L
overlay {"camera.controls_enabled": true, "camera.exposure.analogue_gain": 2.0, "camera.exposure.enabled": true, "camera.exposure.ev": -1.0, "camera.exposure.shutter_us": 10000, "camera.focus.lens_position": 0.5, "camera.focus.mode": "manual", "camera.image_processing.brightness": 1.0, "camera.image
guarded {}
boot 30 hw {"remote": 1000011, "service": 100000032} trg null cache 245
STEP IP.denoise.off.cap ack=none action=stage=None files=2026-10-02T07:07:37Z_image_compressed.jpg.capture_metadata.json 2026-10-02T07:07:37Z_image_native_full.metadata.json action.log 
===== 2026-10-02T07:08:10Z IP.denoise.cdn_off SPOT-31593C  bm pub bmcam/cmd {"id":1000012,"c":"set","kv":{"camera.image_processing.denoise":"cdn_off"}} 1 1  (97 B line)
CON  2026-10-02T07:08:11Z bm pub bmcam/cmd {"id":1000012,"c":"set","kv":{"camera.image_processing.denoise":"cdn_off"}} 1 1
CELL 2026-10-02T07:08:11Z len=37 {"id":1000012,"ok":1,"h":"6af1cee2"}
CON  2026-10-02T07:08:11Z Message: 1790924891.515 e6fe83ea6b4a2b7f, [bmcam004] OK id=1000012 camera.image_processing.denoise: off -> cdn_off (next action) cfg=6af1cee2
CON  2026-10-02T07:08:11Z 1790924891.566 e6fe83ea6b4a2b7f, [bmcam004] OK id=1000012 camera.image_processing.denoise: off -> cdn_off (next action) (duplicate: original answer) cfg=6af1cee2
CON  2026-10-02T07:08:11Z 1790924891.617 e6fe83ea6b4a2b7f, [bmcam004] OK id=1000012 camera.image_processing.denoise: off -> cdn_off (next action) (duplicate: original answer) cfg=6af1cee2
CON  2026-10-02T07:08:11Z 1790924891.664 e6fe83ea6b4a2b7f, [bmcam004] OK id=1000012 camera.image_processing.denoise: off -> cdn_off (next action) (duplicate: original answer) cfg=6af1cee2
CON  2026-10-02T07:08:11Z 1790924891.714 e6fe83ea6b4a2b7f, [bmcam004] OK id=1000012 camera.image_processing.denoise: off -> cdn_off (next action) (duplicate: original answer) cfg=6af1cee2
CELL 2026-10-02T07:08:12Z len=69 <CF v=1 h=6af1cee2 camera.image_processing.denoise=cdn_off@c1000012>
SUMMARY cell=2 con=6
----- 2026-10-02T07:08:20Z STATE IP.denoise.cdn_off.cap.before bmcam004
sha256 af65b52508806974 bm_command_state_v2.json 0L
sha256 c8a9c0c989ab6e7e camera_config.yaml 145L
sha256 30511693160c415d config_journal.jsonl 85L
overlay {"camera.controls_enabled": true, "camera.exposure.analogue_gain": 2.0, "camera.exposure.enabled": true, "camera.exposure.ev": -1.0, "camera.exposure.shutter_us": 10000, "camera.focus.lens_position": 0.5, "camera.focus.mode": "manual", "camera.image_processing.brightness": 1.0, "camera.image
guarded {}
boot 30 hw {"remote": 1000012, "service": 100000032} trg null cache 246
===== 2026-10-02T07:08:23Z IP.denoise.cdn_off.cap.trg SPOT-31593C  bm pub bmcam/cmd {"id":64083,"c":"trg","v":2,"kv":{"med":"still","m":40}} 1 1  (78 B line)
CON  2026-10-02T07:08:24Z bm pub bmcam/cmd {"id":64083,"c":"trg","v":2,"kv":{"med":"still","m":40}} 1 1
CON  2026-10-02T07:08:24Z 1790924904.203 e6fe83ea6b4a2b7f, [bmcam004] OK id=64083 trg 2 armed: capture + output per mode (next decision point); one action only: mode.media=still, still.message_cap=40 cfg=6af1cee2
CON  2026-10-02T07:08:24Z 1790924904.257 e6fe83ea6b4a2b7f, [bmcam004] OK id=64083 trg 2 armed: capture + output per mode (next decision point); one action only: mode.media=still, still.message_cap=40 (duplicate: original answ
CON  2026-10-02T07:08:24Z 1790924904.304 e6fe83ea6b4a2b7f, [bmcam004] OK id=64083 trg 2 armed: capture + output per mode (next decision point); one action only: mode.media=still, still.message_cap=40 (duplicate: original answ
CON  2026-10-02T07:08:24Z 1790924904.355 e6fe83ea6b4a2b7f, [bmcam004] OK id=64083 trg 2 armed: capture + output per mode (next decision point); one action only: mode.media=still, still.message_cap=40 (duplicate: original answ
CON  2026-10-02T07:08:24Z 1790924904.414 e6fe83ea6b4a2b7f, [bmcam004] OK id=64083 trg 2 armed: capture + output per mode (next decision point); one action only: mode.media=still, still.message_cap=40 (duplicate: original answ
CELL 2026-10-02T07:08:27Z len=135 <WS v=1 a=cap cfg=6af1cee2 up=1035 tz=America/Los_Angeles lt=na ws=0000 we=0000 rk=800x450 q=20 ct=38.6 sha=91a08f624011 hn=bmcam004>

SUMMARY cell=1 con=6
----- 2026-10-02T07:09:00Z STATE IP.denoise.cdn_off.cap.after bmcam004
sha256 fd18d163036b8284 bm_command_state_v2.json 0L
sha256 c8a9c0c989ab6e7e camera_config.yaml 145L
sha256 30511693160c415d config_journal.jsonl 85L
overlay {"camera.controls_enabled": true, "camera.exposure.analogue_gain": 2.0, "camera.exposure.enabled": true, "camera.exposure.ev": -1.0, "camera.exposure.shutter_us": 10000, "camera.focus.lens_position": 0.5, "camera.focus.mode": "manual", "camera.image_processing.brightness": 1.0, "camera.image
guarded {}
boot 30 hw {"remote": 1000012, "service": 100000032} trg null cache 247
STEP IP.denoise.cdn_off.cap ack=none action=stage=None files=2026-10-02T07:08:27Z_image_compressed.jpg.capture_metadata.json 2026-10-02T07:08:27Z_image_native_full.metadata.json action.log 
===== 2026-10-02T07:09:03Z IP.denoise.cdn_fast SPOT-31593C  bm pub bmcam/cmd {"id":1000013,"c":"set","kv":{"camera.image_processing.denoise":"cdn_fast"}} 1 1  (98 B line)
CON  2026-10-02T07:09:04Z bm pub bmcam/cmd {"id":1000013,"c":"set","kv":{"camera.image_processing.denoise":"cdn_fast"}} 1 1
CELL 2026-10-02T07:09:04Z len=37 {"id":1000013,"ok":1,"h":"a6e6fa35"}
CON  2026-10-02T07:09:04Z Message: 1790924944.777 e6fe83ea6b4a2b7f, [bmcam004] OK id=1000013 camera.image_processing.denoise: cdn_off -> cdn_fast (next action) cfg=a6e6fa35
CON  2026-10-02T07:09:04Z 1790924944.828 e6fe83ea6b4a2b7f, [bmcam004] OK id=1000013 camera.image_processing.denoise: cdn_off -> cdn_fast (next action) (duplicate: original answer) cfg=a6e6fa35
CON  2026-10-02T07:09:04Z 1790924944.878 e6fe83ea6b4a2b7f, [bmcam004] OK id=1000013 camera.image_processing.denoise: cdn_off -> cdn_fast (next action) (duplicate: original answer) cfg=a6e6fa35
CON  2026-10-02T07:09:05Z 1790924944.925 e6fe83ea6b4a2b7f, [bmcam004] OK id=1000013 camera.image_processing.denoise: cdn_off -> cdn_fast (next action) (duplicate: original answer) cfg=a6e6fa35
CON  2026-10-02T07:09:05Z 1790924944.976 e6fe83ea6b4a2b7f, [bmcam004] OK id=1000013 camera.image_processing.denoise: cdn_off -> cdn_fast (next action) (duplicate: original answer) cfg=a6e6fa35
CELL 2026-10-02T07:09:05Z len=70 <CF v=1 h=a6e6fa35 camera.image_processing.denoise=cdn_fast@c1000013>
SUMMARY cell=2 con=6
----- 2026-10-02T07:09:14Z STATE IP.denoise.cdn_fast.cap.before bmcam004
sha256 8ed02e9c57bdfc26 bm_command_state_v2.json 0L
sha256 c8a9c0c989ab6e7e camera_config.yaml 145L
sha256 d91b57907bd5e03e config_journal.jsonl 87L
overlay {"camera.controls_enabled": true, "camera.exposure.analogue_gain": 2.0, "camera.exposure.enabled": true, "camera.exposure.ev": -1.0, "camera.exposure.shutter_us": 10000, "camera.focus.lens_position": 0.5, "camera.focus.mode": "manual", "camera.image_processing.brightness": 1.0, "camera.image
guarded {}
boot 30 hw {"remote": 1000013, "service": 100000032} trg null cache 248
===== 2026-10-02T07:09:16Z IP.denoise.cdn_fast.cap.trg SPOT-31593C  bm pub bmcam/cmd {"id":64084,"c":"trg","v":2,"kv":{"med":"still","m":40}} 1 1  (78 B line)
CON  2026-10-02T07:09:17Z bm pub bmcam/cmd {"id":64084,"c":"trg","v":2,"kv":{"med":"still","m":40}} 1 1
CON  2026-10-02T07:09:18Z 1790924957.863 e6fe83ea6b4a2b7f, [bmcam004] OK id=64084 trg 2 armed: capture + output per mode (next decision point); one action only: mode.media=still, still.message_cap=40 cfg=a6e6fa35
CON  2026-10-02T07:09:18Z 1790924957.921 e6fe83ea6b4a2b7f, [bmcam004] OK id=64084 trg 2 armed: capture + output per mode (next decision point); one action only: mode.media=still, still.message_cap=40 (duplicate: original answ
CON  2026-10-02T07:09:18Z 1790924957.972 e6fe83ea6b4a2b7f, [bmcam004] OK id=64084 trg 2 armed: capture + output per mode (next decision point); one action only: mode.media=still, still.message_cap=40 (duplicate: original answ
CON  2026-10-02T07:09:18Z 1790924958.023 e6fe83ea6b4a2b7f, [bmcam004] OK id=64084 trg 2 armed: capture + output per mode (next decision point); one action only: mode.media=still, still.message_cap=40 (duplicate: original answ
CON  2026-10-02T07:09:18Z 1790924958.074 e6fe83ea6b4a2b7f, [bmcam004] OK id=64084 trg 2 armed: capture + output per mode (next decision point); one action only: mode.media=still, still.message_cap=40 (duplicate: original answ
SUMMARY cell=0 con=6
----- 2026-10-02T07:09:53Z STATE IP.denoise.cdn_fast.cap.after bmcam004
sha256 1ea2222d4b3615e7 bm_command_state_v2.json 0L
sha256 c8a9c0c989ab6e7e camera_config.yaml 145L
sha256 d91b57907bd5e03e config_journal.jsonl 87L
overlay {"camera.controls_enabled": true, "camera.exposure.analogue_gain": 2.0, "camera.exposure.enabled": true, "camera.exposure.ev": -1.0, "camera.exposure.shutter_us": 10000, "camera.focus.lens_position": 0.5, "camera.focus.mode": "manual", "camera.image_processing.brightness": 1.0, "camera.image
guarded {}
boot 30 hw {"remote": 1000013, "service": 100000032} trg null cache 249
STEP IP.denoise.cdn_fast.cap ack=none action=stage=None files=2026-10-02T07:09:27Z_image_compressed.jpg.capture_metadata.json 2026-10-02T07:09:27Z_image_native_full.metadata.json action.log 
===== 2026-10-02T07:09:57Z IP.denoise.cdn_hq SPOT-31593C  bm pub bmcam/cmd {"id":1000014,"c":"set","kv":{"camera.image_processing.denoise":"cdn_hq"}} 1 1  (96 B line)
CON  2026-10-02T07:09:58Z bm pub bmcam/cmd {"id":1000014,"c":"set","kv":{"camera.image_processing.denoise":"cdn_hq"}} 1 1
CELL 2026-10-02T07:09:58Z len=37 {"id":1000014,"ok":1,"h":"e93bf4b7"}
CON  2026-10-02T07:09:58Z Message: 1790924998.164 e6fe83ea6b4a2b7f, [bmcam004] OK id=1000014 camera.image_processing.denoise: cdn_fast -> cdn_hq (next action) cfg=e93bf4b7
CON  2026-10-02T07:09:58Z 1790924998.207 e6fe83ea6b4a2b7f, [bmcam004] OK id=1000014 camera.image_processing.denoise: cdn_fast -> cdn_hq (next action) (duplicate: original answer) cfg=e93bf4b7
CON  2026-10-02T07:09:58Z 1790924998.257 e6fe83ea6b4a2b7f, [bmcam004] OK id=1000014 camera.image_processing.denoise: cdn_fast -> cdn_hq (next action) (duplicate: original answer) cfg=e93bf4b7
CON  2026-10-02T07:09:58Z 1790924998.316 e6fe83ea6b4a2b7f, [bmcam004] OK id=1000014 camera.image_processing.denoise: cdn_fast -> cdn_hq (next action) (duplicate: original answer) cfg=e93bf4b7
CON  2026-10-02T07:09:58Z 1790924998.367 e6fe83ea6b4a2b7f, [bmcam004] OK id=1000014 camera.image_processing.denoise: cdn_fast -> cdn_hq (next action) (duplicate: original answer) cfg=e93bf4b7
CELL 2026-10-02T07:09:59Z len=68 <CF v=1 h=e93bf4b7 camera.image_processing.denoise=cdn_hq@c1000014>
SUMMARY cell=2 con=6
----- 2026-10-02T07:10:07Z STATE IP.denoise.cdn_hq.cap.before bmcam004
sha256 beacff530ae615c2 bm_command_state_v2.json 0L
sha256 c8a9c0c989ab6e7e camera_config.yaml 145L
sha256 227c91639987b6cd config_journal.jsonl 89L
overlay {"camera.controls_enabled": true, "camera.exposure.analogue_gain": 2.0, "camera.exposure.enabled": true, "camera.exposure.ev": -1.0, "camera.exposure.shutter_us": 10000, "camera.focus.lens_position": 0.5, "camera.focus.mode": "manual", "camera.image_processing.brightness": 1.0, "camera.image
guarded {}
boot 30 hw {"remote": 1000014, "service": 100000032} trg null cache 250
===== 2026-10-02T07:10:09Z IP.denoise.cdn_hq.cap.trg SPOT-31593C  bm pub bmcam/cmd {"id":64085,"c":"trg","v":2,"kv":{"med":"still","m":40}} 1 1  (78 B line)
CON  2026-10-02T07:10:11Z bm pub bmcam/cmd {"id":64085,"c":"trg","v":2,"kv":{"med":"still","m":40}} 1 1
CON  2026-10-02T07:10:11Z 1790925011.074 e6fe83ea6b4a2b7f, [bmcam004] OK id=64085 trg 2 armed: capture + output per mode (next decision point); one action only: mode.media=still, still.message_cap=40 cfg=e93bf4b7
CON  2026-10-02T07:10:11Z 1790925011.136 e6fe83ea6b4a2b7f, [bmcam004] OK id=64085 trg 2 armed: capture + output per mode (next decision point); one action only: mode.media=still, still.message_cap=40 (duplicate: original answ
CON  2026-10-02T07:10:11Z 1790925011.183 e6fe83ea6b4a2b7f, [bmcam004] OK id=64085 trg 2 armed: capture + output per mode (next decision point); one action only: mode.media=still, still.message_cap=40 (duplicate: original answ
CON  2026-10-02T07:10:11Z 1790925011.234 e6fe83ea6b4a2b7f, [bmcam004] OK id=64085 trg 2 armed: capture + output per mode (next decision point); one action only: mode.media=still, still.message_cap=40 (duplicate: original answ
CON  2026-10-02T07:10:11Z 1790925011.285 e6fe83ea6b4a2b7f, [bmcam004] OK id=64085 trg 2 armed: capture + output per mode (next decision point); one action only: mode.media=still, still.message_cap=40 (duplicate: original answ
SUMMARY cell=0 con=6
----- 2026-10-02T07:10:46Z STATE IP.denoise.cdn_hq.cap.after bmcam004
sha256 357e0bbd7ee40b1c bm_command_state_v2.json 0L
sha256 c8a9c0c989ab6e7e camera_config.yaml 145L
sha256 227c91639987b6cd config_journal.jsonl 89L
overlay {"camera.controls_enabled": true, "camera.exposure.analogue_gain": 2.0, "camera.exposure.enabled": true, "camera.exposure.ev": -1.0, "camera.exposure.shutter_us": 10000, "camera.focus.lens_position": 0.5, "camera.focus.mode": "manual", "camera.image_processing.brightness": 1.0, "camera.image
guarded {}
boot 30 hw {"remote": 1000014, "service": 100000032} trg null cache 251
STEP IP.denoise.cdn_hq.cap ack=none action=stage=None files=2026-10-02T07:10:17Z_image_compressed.jpg.capture_metadata.json 2026-10-02T07:10:17Z_image_native_full.metadata.json action.log 
===== 2026-10-02T07:10:50Z IP.hdr.off SPOT-31593C  bm pub bmcam/cmd {"id":1000015,"c":"set","kv":{"camera.image_processing.hdr":"off"}} 1 1  (89 B line)
CON  2026-10-02T07:10:51Z bm pub bmcam/cmd {"id":1000015,"c":"set","kv":{"camera.image_processing.hdr":"off"}} 1 1
CELL 2026-10-02T07:10:51Z len=37 {"id":1000015,"ok":1,"h":"8517acf6"}
CON  2026-10-02T07:10:51Z Message: 1790925051.265 e6fe83ea6b4a2b7f, [bmcam004] OK id=1000015 camera.image_processing.hdr: none -> off (next action) cfg=8517acf6
CON  2026-10-02T07:10:51Z 1790925051.316 e6fe83ea6b4a2b7f, [bmcam004] OK id=1000015 camera.image_processing.hdr: none -> off (next action) (duplicate: original answer) cfg=8517acf6
CON  2026-10-02T07:10:51Z 1790925051.367 e6fe83ea6b4a2b7f, [bmcam004] OK id=1000015 camera.image_processing.hdr: none -> off (next action) (duplicate: original answer) cfg=8517acf6
CON  2026-10-02T07:10:51Z 1790925051.417 e6fe83ea6b4a2b7f, [bmcam004] OK id=1000015 camera.image_processing.hdr: none -> off (next action) (duplicate: original answer) cfg=8517acf6
CON  2026-10-02T07:10:51Z 1790925051.468 e6fe83ea6b4a2b7f, [bmcam004] OK id=1000015 camera.image_processing.hdr: none -> off (next action) (duplicate: original answer) cfg=8517acf6
CELL 2026-10-02T07:10:52Z len=61 <CF v=1 h=8517acf6 camera.image_processing.hdr=off@c1000015>
SUMMARY cell=2 con=6
----- 2026-10-02T07:11:00Z STATE IP.hdr.off.cap.before bmcam004
sha256 262c45a41e0669b3 bm_command_state_v2.json 0L
sha256 c8a9c0c989ab6e7e camera_config.yaml 145L
sha256 3379b07f1f889d84 config_journal.jsonl 91L
overlay {"camera.controls_enabled": true, "camera.exposure.analogue_gain": 2.0, "camera.exposure.enabled": true, "camera.exposure.ev": -1.0, "camera.exposure.shutter_us": 10000, "camera.focus.lens_position": 0.5, "camera.focus.mode": "manual", "camera.image_processing.brightness": 1.0, "camera.image
guarded {}
boot 30 hw {"remote": 1000015, "service": 100000032} trg null cache 252
===== 2026-10-02T07:11:03Z IP.hdr.off.cap.trg SPOT-31593C  bm pub bmcam/cmd {"id":64086,"c":"trg","v":2,"kv":{"med":"still","m":40}} 1 1  (78 B line)
CON  2026-10-02T07:11:04Z bm pub bmcam/cmd {"id":64086,"c":"trg","v":2,"kv":{"med":"still","m":40}} 1 1
CON  2026-10-02T07:11:04Z 1790925064.347 e6fe83ea6b4a2b7f, [bmcam004] OK id=64086 trg 2 armed: capture + output per mode (next decision point); one action only: mode.media=still, still.message_cap=40 cfg=8517acf6
CON  2026-10-02T07:11:04Z 1790925064.394 e6fe83ea6b4a2b7f, [bmcam004] OK id=64086 trg 2 armed: capture + output per mode (next decision point); one action only: mode.media=still, still.message_cap=40 (duplicate: original answ
CON  2026-10-02T07:11:04Z 1790925064.445 e6fe83ea6b4a2b7f, [bmcam004] OK id=64086 trg 2 armed: capture + output per mode (next decision point); one action only: mode.media=still, still.message_cap=40 (duplicate: original answ
CELL 2026-10-02T07:11:07Z len=135 <WS v=1 a=cap cfg=8517acf6 up=1195 tz=America/Los_Angeles lt=na ws=0000 we=0000 rk=800x450 q=20 ct=38.6 sha=91a08f624011 hn=bmcam004>

SUMMARY cell=1 con=4
----- 2026-10-02T07:11:40Z STATE IP.hdr.off.cap.after bmcam004
sha256 aa123a793cc3416e bm_command_state_v2.json 0L
sha256 c8a9c0c989ab6e7e camera_config.yaml 145L
sha256 3379b07f1f889d84 config_journal.jsonl 91L
overlay {"camera.controls_enabled": true, "camera.exposure.analogue_gain": 2.0, "camera.exposure.enabled": true, "camera.exposure.ev": -1.0, "camera.exposure.shutter_us": 10000, "camera.focus.lens_position": 0.5, "camera.focus.mode": "manual", "camera.image_processing.brightness": 1.0, "camera.image
guarded {}
boot 30 hw {"remote": 1000015, "service": 100000032} trg null cache 253
STEP IP.hdr.off.cap ack=none action=stage=None files=2026-10-02T07:11:07Z_image_compressed.jpg.capture_metadata.json 2026-10-02T07:11:07Z_image_native_full.metadata.json action.log 
===== 2026-10-02T07:11:43Z IP.hdr.auto SPOT-31593C  bm pub bmcam/cmd {"id":1000016,"c":"set","kv":{"camera.image_processing.hdr":"auto"}} 1 1  (90 B line)
CON  2026-10-02T07:11:44Z bm pub bmcam/cmd {"id":1000016,"c":"set","kv":{"camera.image_processing.hdr":"auto"}} 1 1
CELL 2026-10-02T07:11:44Z len=37 {"id":1000016,"ok":1,"h":"08b7b24e"}
CON  2026-10-02T07:11:44Z Message: 1790925104.457 e6fe83ea6b4a2b7f, [bmcam004] OK id=1000016 camera.image_processing.hdr: off -> auto (next action) cfg=08b7b24e
CON  2026-10-02T07:11:44Z 1790925104.507 e6fe83ea6b4a2b7f, [bmcam004] OK id=1000016 camera.image_processing.hdr: off -> auto (next action) (duplicate: original answer) cfg=08b7b24e
CON  2026-10-02T07:11:44Z 1790925104.558 e6fe83ea6b4a2b7f, [bmcam004] OK id=1000016 camera.image_processing.hdr: off -> auto (next action) (duplicate: original answer) cfg=08b7b24e
CON  2026-10-02T07:11:44Z 1790925104.609 e6fe83ea6b4a2b7f, [bmcam004] OK id=1000016 camera.image_processing.hdr: off -> auto (next action) (duplicate: original answer) cfg=08b7b24e
CON  2026-10-02T07:11:44Z 1790925104.660 e6fe83ea6b4a2b7f, [bmcam004] OK id=1000016 camera.image_processing.hdr: off -> auto (next action) (duplicate: original answer) cfg=08b7b24e
CELL 2026-10-02T07:11:45Z len=62 <CF v=1 h=08b7b24e camera.image_processing.hdr=auto@c1000016>
SUMMARY cell=2 con=6
----- 2026-10-02T07:11:53Z STATE IP.hdr.auto.cap.before bmcam004
sha256 fe9529bb4a246131 bm_command_state_v2.json 0L
sha256 c8a9c0c989ab6e7e camera_config.yaml 145L
sha256 83a67098599de37b config_journal.jsonl 93L
overlay {"camera.controls_enabled": true, "camera.exposure.analogue_gain": 2.0, "camera.exposure.enabled": true, "camera.exposure.ev": -1.0, "camera.exposure.shutter_us": 10000, "camera.focus.lens_position": 0.5, "camera.focus.mode": "manual", "camera.image_processing.brightness": 1.0, "camera.image
guarded {}
boot 30 hw {"remote": 1000016, "service": 100000032} trg null cache 254
===== 2026-10-02T07:11:56Z IP.hdr.auto.cap.trg SPOT-31593C  bm pub bmcam/cmd {"id":64087,"c":"trg","v":2,"kv":{"med":"still","m":40}} 1 1  (78 B line)
CON  2026-10-02T07:11:57Z bm pub bmcam/cmd {"id":64087,"c":"trg","v":2,"kv":{"med":"still","m":40}} 1 1
CON  2026-10-02T07:11:57Z 1790925116.949 e6fe83ea6b4a2b7f, [bmcam004] OK id=64087 trg 2 armed: capture + output per mode (next decision point); one action only: mode.media=still, still.message_cap=40 cfg=08b7b24e
CON  2026-10-02T07:11:57Z 1790925117.007 e6fe83ea6b4a2b7f, [bmcam004] OK id=64087 trg 2 armed: capture + output per mode (next decision point); one action only: mode.media=still, still.message_cap=40 (duplicate: original answ
CON  2026-10-02T07:11:57Z 1790925117.058 e6fe83ea6b4a2b7f, [bmcam004] OK id=64087 trg 2 armed: capture + output per mode (next decision point); one action only: mode.media=still, still.message_cap=40 (duplicate: original answ
CELL 2026-10-02T07:11:57Z len=135 <WS v=1 a=cap cfg=08b7b24e up=1245 tz=America/Los_Angeles lt=na ws=0000 we=0000 rk=800x450 q=20 ct=39.7 sha=91a08f624011 hn=bmcam004>

CELL 2026-10-02T07:12:02Z len=283 <START IMG> filename: 2026-10-02T07:11:57Z_image_compressed.jpg, timestamp: 2026-10-02T07:12:01Z, length: 10, key=0e3ynx, cfg=08b7b24e, tg=64087, r=800x450+1904+1071, m=40, fmt=pjpg, q=20, att=1, cmp=1, rk=800x450, ws=0000, we=0000, sha=91a08f624011, hn=bmcam004, sf=24641, sp=74.9

CELL 2026-10-02T07:12:03Z len=400 <I0e3ynx.0/10>/9j/4AAQSkZJRgABAQAAAQABAAD/2wBDACgcHiMeGSgjISMtKygwPGRBPDc3PHtYXUlkkYCZlo+AjIqgtObDoKrarYqMyP/L2u71////m8H////6/+b9//j/2wBDASstLTw1PHZBQXb4pYyl+Pj4+Pj4+Pj4+Pj4+Pj4+Pj4+Pj4+Pj4+Pj4+Pj4+Pj4+Pj4+Pj4+Pj4+Pj4+Pj4+Pj/wgARCAHCAyADASIAAhEBAxEB/8QAFQABAQAAAAAAAAAAAAAAAAAAAAT/xAAUAQEAAAAAAAAAAAAAAAAAAAAA/9oADAMBAAIQAxAAAAGIAAAAAAAAAAAAAAAAAAAAAAAAAAAAAAAAAAAAAAAAAAAAAAAAAAAAAAAAAAAAAAAAAAAA

SUMMARY cell=3 con=4
----- 2026-10-02T07:12:32Z STATE IP.hdr.auto.cap.after bmcam004
sha256 2e113da51cdc94af bm_command_state_v2.json 0L
sha256 c8a9c0c989ab6e7e camera_config.yaml 145L
sha256 83a67098599de37b config_journal.jsonl 93L
overlay {"camera.controls_enabled": true, "camera.exposure.analogue_gain": 2.0, "camera.exposure.enabled": true, "camera.exposure.ev": -1.0, "camera.exposure.shutter_us": 10000, "camera.focus.lens_position": 0.5, "camera.focus.mode": "manual", "camera.image_processing.brightness": 1.0, "camera.image
guarded {}
boot 30 hw {"remote": 1000016, "service": 100000032} trg null cache 255
STEP IP.hdr.auto.cap ack=none action=stage=None files=2026-10-02T07:11:57Z_image_compressed.jpg.capture_metadata.json action.log 
===== 2026-10-02T07:12:35Z IP.hdr.sensor SPOT-31593C  bm pub bmcam/cmd {"id":1000017,"c":"set","kv":{"camera.image_processing.hdr":"sensor"}} 1 1  (92 B line)
CON  2026-10-02T07:12:36Z bm pub bmcam/cmd {"id":1000017,"c":"set","kv":{"camera.image_processing.hdr":"sensor"}} 1 1
CELL 2026-10-02T07:12:36Z len=37 {"id":1000017,"ok":1,"h":"b749641f"}
CON  2026-10-02T07:12:36Z Message: 1790925156.519 e6fe83ea6b4a2b7f, [bmcam004] OK id=1000017 camera.image_processing.hdr: auto -> sensor (next action) cfg=b749641f
CON  2026-10-02T07:12:36Z 1790925156.570 e6fe83ea6b4a2b7f, [bmcam004] OK id=1000017 camera.image_processing.hdr: auto -> sensor (next action) (duplicate: original answer) cfg=b749641f
CON  2026-10-02T07:12:36Z 1790925156.621 e6fe83ea6b4a2b7f, [bmcam004] OK id=1000017 camera.image_processing.hdr: auto -> sensor (next action) (duplicate: original answer) cfg=b749641f
CON  2026-10-02T07:12:36Z 1790925156.671 e6fe83ea6b4a2b7f, [bmcam004] OK id=1000017 camera.image_processing.hdr: auto -> sensor (next action) (duplicate: original answer) cfg=b749641f
CON  2026-10-02T07:12:36Z 1790925156.718 e6fe83ea6b4a2b7f, [bmcam004] OK id=1000017 camera.image_processing.hdr: auto -> sensor (next action) (duplicate: original answer) cfg=b749641f
CELL 2026-10-02T07:12:37Z len=64 <CF v=1 h=b749641f camera.image_processing.hdr=sensor@c1000017>
SUMMARY cell=2 con=6
----- 2026-10-02T07:12:45Z STATE IP.hdr.sensor.cap.before bmcam004
sha256 dec65b47fcf22d9a bm_command_state_v2.json 0L
sha256 c8a9c0c989ab6e7e camera_config.yaml 145L
sha256 640e68554de9642a config_journal.jsonl 95L
overlay {"camera.controls_enabled": true, "camera.exposure.analogue_gain": 2.0, "camera.exposure.enabled": true, "camera.exposure.ev": -1.0, "camera.exposure.shutter_us": 10000, "camera.focus.lens_position": 0.5, "camera.focus.mode": "manual", "camera.image_processing.brightness": 1.0, "camera.image
guarded {}
boot 30 hw {"remote": 1000017, "service": 100000032} trg null cache 256
===== 2026-10-02T07:12:48Z IP.hdr.sensor.cap.trg SPOT-31593C  bm pub bmcam/cmd {"id":64088,"c":"trg","v":2,"kv":{"med":"still","m":40}} 1 1  (78 B line)
CON  2026-10-02T07:12:49Z bm pub bmcam/cmd {"id":64088,"c":"trg","v":2,"kv":{"med":"still","m":40}} 1 1
CON  2026-10-02T07:12:49Z 1790925169.234 e6fe83ea6b4a2b7f, [bmcam004] OK id=64088 trg 2 armed: capture + output per mode (next decision point); one action only: mode.media=still, still.message_cap=40 cfg=b749641f
CON  2026-10-02T07:12:49Z 1790925169.285 e6fe83ea6b4a2b7f, [bmcam004] OK id=64088 trg 2 armed: capture + output per mode (next decision point); one action only: mode.media=still, still.message_cap=40 (duplicate: original answ
CON  2026-10-02T07:12:49Z 1790925169.335 e6fe83ea6b4a2b7f, [bmcam004] OK id=64088 trg 2 armed: capture + output per mode (next decision point); one action only: mode.media=still, still.message_cap=40 (duplicate: original answ
CON  2026-10-02T07:12:49Z 1790925169.386 e6fe83ea6b4a2b7f, [bmcam004] OK id=64088 trg 2 armed: capture + output per mode (next decision point); one action only: mode.media=still, still.message_cap=40 (duplicate: original answ
CON  2026-10-02T07:12:49Z 1790925169.445 e6fe83ea6b4a2b7f, [bmcam004] OK id=64088 trg 2 armed: capture + output per mode (next decision point); one action only: mode.media=still, still.message_cap=40 (duplicate: original answ
SUMMARY cell=0 con=6
----- 2026-10-02T07:13:24Z STATE IP.hdr.sensor.cap.after bmcam004
sha256 bcf939070f2d6657 bm_command_state_v2.json 0L
sha256 c8a9c0c989ab6e7e camera_config.yaml 145L
sha256 640e68554de9642a config_journal.jsonl 95L
overlay {"camera.controls_enabled": true, "camera.exposure.analogue_gain": 2.0, "camera.exposure.enabled": true, "camera.exposure.ev": -1.0, "camera.exposure.shutter_us": 10000, "camera.focus.lens_position": 0.5, "camera.focus.mode": "manual", "camera.image_processing.brightness": 1.0, "camera.image
guarded {}
boot 30 hw {"remote": 1000017, "service": 100000032} trg null cache 256
STEP IP.hdr.sensor.cap ack=none action=stage=None files=2026-10-02T07:12:57Z_image_compressed.jpg.capture_metadata.json 2026-10-02T07:12:57Z_image_native_full.metadata.json action.log 
===== 2026-10-02T07:13:28Z IP.hdr.single-exp SPOT-31593C  bm pub bmcam/cmd {"id":1000018,"c":"set","kv":{"camera.image_processing.hdr":"single-exp"}} 1 1  (96 B line)
CON  2026-10-02T07:13:29Z bm pub bmcam/cmd {"id":1000018,"c":"set","kv":{"camera.image_processing.hdr":"single-exp"}} 1 1
CELL 2026-10-02T07:13:29Z len=37 {"id":1000018,"ok":1,"h":"7fd328b4"}
CON  2026-10-02T07:13:29Z Message: 1790925209.308 e6fe83ea6b4a2b7f, [bmcam004] OK id=1000018 camera.image_processing.hdr: sensor -> single-exp (next action) cfg=7fd328b4
CON  2026-10-02T07:13:29Z 1790925209.359 e6fe83ea6b4a2b7f, [bmcam004] OK id=1000018 camera.image_processing.hdr: sensor -> single-exp (next action) (duplicate: original answer) cfg=7fd328b4
CON  2026-10-02T07:13:29Z 1790925209.410 e6fe83ea6b4a2b7f, [bmcam004] OK id=1000018 camera.image_processing.hdr: sensor -> single-exp (next action) (duplicate: original answer) cfg=7fd328b4
CON  2026-10-02T07:13:29Z 1790925209.460 e6fe83ea6b4a2b7f, [bmcam004] OK id=1000018 camera.image_processing.hdr: sensor -> single-exp (next action) (duplicate: original answer) cfg=7fd328b4
CON  2026-10-02T07:13:29Z 1790925209.511 e6fe83ea6b4a2b7f, [bmcam004] OK id=1000018 camera.image_processing.hdr: sensor -> single-exp (next action) (duplicate: original answer) cfg=7fd328b4
CELL 2026-10-02T07:13:30Z len=68 <CF v=1 h=7fd328b4 camera.image_processing.hdr=single-exp@c1000018>
SUMMARY cell=2 con=6
----- 2026-10-02T07:13:38Z STATE IP.hdr.single-exp.cap.before bmcam004
sha256 b038b55483dfefd8 bm_command_state_v2.json 0L
sha256 c8a9c0c989ab6e7e camera_config.yaml 145L
sha256 dfdfd017612719b2 config_journal.jsonl 97L
overlay {"camera.controls_enabled": true, "camera.exposure.analogue_gain": 2.0, "camera.exposure.enabled": true, "camera.exposure.ev": -1.0, "camera.exposure.shutter_us": 10000, "camera.focus.lens_position": 0.5, "camera.focus.mode": "manual", "camera.image_processing.brightness": 1.0, "camera.image
guarded {}
boot 30 hw {"remote": 1000018, "service": 100000032} trg null cache 256
===== 2026-10-02T07:13:41Z IP.hdr.single-exp.cap.trg SPOT-31593C  bm pub bmcam/cmd {"id":64089,"c":"trg","v":2,"kv":{"med":"still","m":40}} 1 1  (78 B line)
CON  2026-10-02T07:13:42Z bm pub bmcam/cmd {"id":64089,"c":"trg","v":2,"kv":{"med":"still","m":40}} 1 1
CON  2026-10-02T07:13:42Z 1790925221.996 e6fe83ea6b4a2b7f, [bmcam004] OK id=64089 trg 2 armed: capture + output per mode (next decision point); one action only: mode.media=still, still.message_cap=40 cfg=7fd328b4
CON  2026-10-02T07:13:42Z 1790925222.058 e6fe83ea6b4a2b7f, [bmcam004] OK id=64089 trg 2 armed: capture + output per mode (next decision point); one action only: mode.media=still, still.message_cap=40 (duplicate: original answ
CON  2026-10-02T07:13:42Z 1790925222.109 e6fe83ea6b4a2b7f, [bmcam004] OK id=64089 trg 2 armed: capture + output per mode (next decision point); one action only: mode.media=still, still.message_cap=40 (duplicate: original answ
CON  2026-10-02T07:13:42Z 1790925222.160 e6fe83ea6b4a2b7f, [bmcam004] OK id=64089 trg 2 armed: capture + output per mode (next decision point); one action only: mode.media=still, still.message_cap=40 (duplicate: original answ
CON  2026-10-02T07:13:42Z 1790925222.207 e6fe83ea6b4a2b7f, [bmcam004] OK id=64089 trg 2 armed: capture + output per mode (next decision point); one action only: mode.media=still, still.message_cap=40 (duplicate: original answ
CELL 2026-10-02T07:13:47Z len=135 <WS v=1 a=cap cfg=7fd328b4 up=1355 tz=America/Los_Angeles lt=na ws=0000 we=0000 rk=800x450 q=20 ct=38.6 sha=91a08f624011 hn=bmcam004>

SUMMARY cell=1 con=6
----- 2026-10-02T07:14:17Z STATE IP.hdr.single-exp.cap.after bmcam004
sha256 69735b767a50651d bm_command_state_v2.json 0L
sha256 c8a9c0c989ab6e7e camera_config.yaml 145L
sha256 dfdfd017612719b2 config_journal.jsonl 97L
overlay {"camera.controls_enabled": true, "camera.exposure.analogue_gain": 2.0, "camera.exposure.enabled": true, "camera.exposure.ev": -1.0, "camera.exposure.shutter_us": 10000, "camera.focus.lens_position": 0.5, "camera.focus.mode": "manual", "camera.image_processing.brightness": 1.0, "camera.image
guarded {}
boot 30 hw {"remote": 1000018, "service": 100000032} trg null cache 256
STEP IP.hdr.single-exp.cap ack=none action=stage=None files=2026-10-02T07:13:47Z_image_compressed.jpg.capture_metadata.json 2026-10-02T07:13:47Z_image_native_full.metadata.json action.log 
===== 2026-10-02T07:14:21Z IP.hdr.false SPOT-31593C  bm pub bmcam/cmd {"id":1000019,"c":"set","kv":{"camera.image_processing.hdr":false}} 1 1  (89 B line)
CON  2026-10-02T07:14:22Z bm pub bmcam/cmd {"id":1000019,"c":"set","kv":{"camera.image_processing.hdr":false}} 1 1
CELL 2026-10-02T07:14:22Z len=37 {"id":1000019,"ok":1,"h":"0ca9597d"}
CON  2026-10-02T07:14:22Z Message: 1790925262.250 e6fe83ea6b4a2b7f, [bmcam004] OK id=1000019 camera.image_processing.hdr: single-exp -> false (next action) cfg=0ca9597d
CON  2026-10-02T07:14:22Z 1790925262.289 e6fe83ea6b4a2b7f, [bmcam004] OK id=1000019 camera.image_processing.hdr: single-exp -> false (next action) (duplicate: original answer) cfg=0ca9597d
CON  2026-10-02T07:14:22Z 1790925262.339 e6fe83ea6b4a2b7f, [bmcam004] OK id=1000019 camera.image_processing.hdr: single-exp -> false (next action) (duplicate: original answer) cfg=0ca9597d
CON  2026-10-02T07:14:22Z 1790925262.398 e6fe83ea6b4a2b7f, [bmcam004] OK id=1000019 camera.image_processing.hdr: single-exp -> false (next action) (duplicate: original answer) cfg=0ca9597d
CON  2026-10-02T07:14:22Z 1790925262.449 e6fe83ea6b4a2b7f, [bmcam004] OK id=1000019 camera.image_processing.hdr: single-exp -> false (next action) (duplicate: original answer) cfg=0ca9597d
CELL 2026-10-02T07:14:23Z len=59 <CF v=1 h=0ca9597d camera.image_processing.hdr=0@c1000019>
SUMMARY cell=2 con=6
----- 2026-10-02T07:14:31Z STATE IP.hdr.false.cap.before bmcam004
sha256 0299af7c0e9ef053 bm_command_state_v2.json 0L
sha256 c8a9c0c989ab6e7e camera_config.yaml 145L
sha256 83c3f2c3c256ea12 config_journal.jsonl 99L
overlay {"camera.controls_enabled": true, "camera.exposure.analogue_gain": 2.0, "camera.exposure.enabled": true, "camera.exposure.ev": -1.0, "camera.exposure.shutter_us": 10000, "camera.focus.lens_position": 0.5, "camera.focus.mode": "manual", "camera.image_processing.brightness": 1.0, "camera.image
guarded {}
boot 30 hw {"remote": 1000019, "service": 100000032} trg null cache 256
===== 2026-10-02T07:14:33Z IP.hdr.false.cap.trg SPOT-31593C  bm pub bmcam/cmd {"id":64090,"c":"trg","v":2,"kv":{"med":"still","m":40}} 1 1  (78 B line)
CON  2026-10-02T07:14:35Z bm pub bmcam/cmd {"id":64090,"c":"trg","v":2,"kv":{"med":"still","m":40}} 1 1
CON  2026-10-02T07:14:35Z 1790925274.949 e6fe83ea6b4a2b7f, [bmcam004] OK id=64090 trg 2 armed: capture + output per mode (next decision point); one action only: mode.media=still, still.message_cap=40 cfg=0ca9597d
CON  2026-10-02T07:14:35Z 1790925275.007 e6fe83ea6b4a2b7f, [bmcam004] OK id=64090 trg 2 armed: capture + output per mode (next decision point); one action only: mode.media=still, still.message_cap=40 (duplicate: original answ
CON  2026-10-02T07:14:35Z 1790925275.058 e6fe83ea6b4a2b7f, [bmcam004] OK id=64090 trg 2 armed: capture + output per mode (next decision point); one action only: mode.media=still, still.message_cap=40 (duplicate: original answ
CELL 2026-10-02T07:14:37Z len=135 <WS v=1 a=cap cfg=0ca9597d up=1405 tz=America/Los_Angeles lt=na ws=0000 we=0000 rk=800x450 q=20 ct=38.6 sha=91a08f624011 hn=bmcam004>

SUMMARY cell=1 con=4
----- 2026-10-02T07:15:09Z STATE IP.hdr.false.cap.after bmcam004
sha256 4de5e9fd8c6cf068 bm_command_state_v2.json 0L
sha256 c8a9c0c989ab6e7e camera_config.yaml 145L
sha256 83c3f2c3c256ea12 config_journal.jsonl 99L
overlay {"camera.controls_enabled": true, "camera.exposure.analogue_gain": 2.0, "camera.exposure.enabled": true, "camera.exposure.ev": -1.0, "camera.exposure.shutter_us": 10000, "camera.focus.lens_position": 0.5, "camera.focus.mode": "manual", "camera.image_processing.brightness": 1.0, "camera.image
guarded {}
boot 30 hw {"remote": 1000019, "service": 100000032} trg null cache 256
STEP IP.hdr.false.cap ack=none action=stage=None files=2026-10-02T07:14:37Z_image_compressed.jpg.capture_metadata.json action.log 
===== 2026-10-02T07:15:13Z IP.hdr.true SPOT-31593C  bm pub bmcam/cmd {"id":1000020,"c":"set","kv":{"camera.image_processing.hdr":true}} 1 1  (88 B line)
CON  2026-10-02T07:15:14Z bm pub bmcam/cmd {"id":1000020,"c":"set","kv":{"camera.image_processing.hdr":true}} 1 1
CELL 2026-10-02T07:15:14Z len=37 {"id":1000020,"ok":1,"h":"05bd727d"}
CON  2026-10-02T07:15:14Z Message: 1790925314.410 e6fe83ea6b4a2b7f, [bmcam004] OK id=1000020 camera.image_processing.hdr: false -> true (next action) cfg=05bd727d
CON  2026-10-02T07:15:14Z 1790925314.453 e6fe83ea6b4a2b7f, [bmcam004] OK id=1000020 camera.image_processing.hdr: false -> true (next action) (duplicate: original answer) cfg=05bd727d
CON  2026-10-02T07:15:14Z 1790925314.500 e6fe83ea6b4a2b7f, [bmcam004] OK id=1000020 camera.image_processing.hdr: false -> true (next action) (duplicate: original answer) cfg=05bd727d
CON  2026-10-02T07:15:14Z 1790925314.550 e6fe83ea6b4a2b7f, [bmcam004] OK id=1000020 camera.image_processing.hdr: false -> true (next action) (duplicate: original answer) cfg=05bd727d
CON  2026-10-02T07:15:14Z 1790925314.613 e6fe83ea6b4a2b7f, [bmcam004] OK id=1000020 camera.image_processing.hdr: false -> true (next action) (duplicate: original answer) cfg=05bd727d
CELL 2026-10-02T07:15:15Z len=59 <CF v=1 h=05bd727d camera.image_processing.hdr=1@c1000020>
SUMMARY cell=2 con=6
----- 2026-10-02T07:15:23Z STATE IP.hdr.true.cap.before bmcam004
sha256 ea51efea3e820905 bm_command_state_v2.json 0L
sha256 c8a9c0c989ab6e7e camera_config.yaml 145L
sha256 5213140315204fae config_journal.jsonl 101L
overlay {"camera.controls_enabled": true, "camera.exposure.analogue_gain": 2.0, "camera.exposure.enabled": true, "camera.exposure.ev": -1.0, "camera.exposure.shutter_us": 10000, "camera.focus.lens_position": 0.5, "camera.focus.mode": "manual", "camera.image_processing.brightness": 1.0, "camera.image
guarded {}
boot 30 hw {"remote": 1000020, "service": 100000032} trg null cache 256
===== 2026-10-02T07:15:26Z IP.hdr.true.cap.trg SPOT-31593C  bm pub bmcam/cmd {"id":64091,"c":"trg","v":2,"kv":{"med":"still","m":40}} 1 1  (78 B line)
CON  2026-10-02T07:15:27Z bm pub bmcam/cmd {"id":64091,"c":"trg","v":2,"kv":{"med":"still","m":40}} 1 1
CON  2026-10-02T07:15:27Z 1790925327.121 e6fe83ea6b4a2b7f, [bmcam004] OK id=64091 trg 2 armed: capture + output per mode (next decision point); one action only: mode.media=still, still.message_cap=40 cfg=05bd727d
CON  2026-10-02T07:15:27Z 1790925327.179 e6fe83ea6b4a2b7f, [bmcam004] OK id=64091 trg 2 armed: capture + output per mode (next decision point); one action only: mode.media=still, still.message_cap=40 (duplicate: original answ
CON  2026-10-02T07:15:27Z 1790925327.230 e6fe83ea6b4a2b7f, [bmcam004] OK id=64091 trg 2 armed: capture + output per mode (next decision point); one action only: mode.media=still, still.message_cap=40 (duplicate: original answ
CON  2026-10-02T07:15:27Z 1790925327.281 e6fe83ea6b4a2b7f, [bmcam004] OK id=64091 trg 2 armed: capture + output per mode (next decision point); one action only: mode.media=still, still.message_cap=40 (duplicate: original answ
CON  2026-10-02T07:15:27Z 1790925327.332 e6fe83ea6b4a2b7f, [bmcam004] OK id=64091 trg 2 armed: capture + output per mode (next decision point); one action only: mode.media=still, still.message_cap=40 (duplicate: original answ
CELL 2026-10-02T07:15:27Z len=135 <WS v=1 a=cap cfg=05bd727d up=1455 tz=America/Los_Angeles lt=na ws=0000 we=0000 rk=800x450 q=20 ct=39.7 sha=91a08f624011 hn=bmcam004>

CELL 2026-10-02T07:15:32Z len=283 <START IMG> filename: 2026-10-02T07:15:27Z_image_compressed.jpg, timestamp: 2026-10-02T07:15:31Z, length: 10, key=0e3ytr, cfg=05bd727d, tg=64091, r=800x450+1904+1071, m=40, fmt=pjpg, q=20, att=1, cmp=1, rk=800x450, ws=0000, we=0000, sha=91a08f624011, hn=bmcam004, sf=24640, sp=74.9

SUMMARY cell=2 con=6
----- 2026-10-02T07:16:02Z STATE IP.hdr.true.cap.after bmcam004
sha256 67b991640914a901 bm_command_state_v2.json 0L
sha256 c8a9c0c989ab6e7e camera_config.yaml 145L
sha256 5213140315204fae config_journal.jsonl 101L
overlay {"camera.controls_enabled": true, "camera.exposure.analogue_gain": 2.0, "camera.exposure.enabled": true, "camera.exposure.ev": -1.0, "camera.exposure.shutter_us": 10000, "camera.focus.lens_position": 0.5, "camera.focus.mode": "manual", "camera.image_processing.brightness": 1.0, "camera.image
guarded {}
boot 30 hw {"remote": 1000020, "service": 100000032} trg null cache 256
STEP IP.hdr.true.cap ack=none action=stage=None files=2026-10-02T07:15:27Z_image_compressed.jpg.capture_metadata.json action.log 
----- 2026-10-02T07:16:12Z STATE IP.clip1.before bmcam004
sha256 67b991640914a901 bm_command_state_v2.json 0L
sha256 c8a9c0c989ab6e7e camera_config.yaml 145L
sha256 5213140315204fae config_journal.jsonl 101L
overlay {"camera.controls_enabled": true, "camera.exposure.analogue_gain": 2.0, "camera.exposure.enabled": true, "camera.exposure.ev": -1.0, "camera.exposure.shutter_us": 10000, "camera.focus.lens_position": 0.5, "camera.focus.mode": "manual", "camera.image_processing.brightness": 1.0, "camera.image
guarded {}
boot 30 hw {"remote": 1000020, "service": 100000032} trg null cache 256
===== 2026-10-02T07:16:13Z IP.clip1.trg SPOT-31593C  bm pub bmcam/cmd {"id":64100,"c":"trg","v":2,"kv":{"m":80}} 1 1  (64 B line)
CON  2026-10-02T07:16:16Z bm pub bmcam/cmd {"id":64100,"c":"trg","v":2,"kv":{"m":80}} 1 1
CON  2026-10-02T07:16:16Z 1790925376.210 e6fe83ea6b4a2b7f, [bmcam004] OK id=64100 trg 2 armed: capture + output per mode (next decision point); one action only: video.send.message_cap=80 cfg=05bd727d
CON  2026-10-02T07:16:16Z 1790925376.261 e6fe83ea6b4a2b7f, [bmcam004] OK id=64100 trg 2 armed: capture + output per mode (next decision point); one action only: video.send.message_cap=80 (duplicate: original answer) cfg=05bd7
CON  2026-10-02T07:16:16Z 1790925376.312 e6fe83ea6b4a2b7f, [bmcam004] OK id=64100 trg 2 armed: capture + output per mode (next decision point); one action only: video.send.message_cap=80 (duplicate: original answer) cfg=05bd7
CON  2026-10-02T07:16:16Z 1790925376.371 e6fe83ea6b4a2b7f, [bmcam004] OK id=64100 trg 2 armed: capture + output per mode (next decision point); one action only: video.send.message_cap=80 (duplicate: original answer) cfg=05bd7
CON  2026-10-02T07:16:16Z 1790925376.421 e6fe83ea6b4a2b7f, [bmcam004] OK id=64100 trg 2 armed: capture + output per mode (next decision point); one action only: video.send.message_cap=80 (duplicate: original answer) cfg=05bd7
SUMMARY cell=0 con=6
----- 2026-10-02T07:17:16Z STATE IP.clip1.after bmcam004
sha256 c6a6e8e5bfc7b3fe bm_command_state_v2.json 0L
sha256 c8a9c0c989ab6e7e camera_config.yaml 145L
sha256 5213140315204fae config_journal.jsonl 101L
overlay {"camera.controls_enabled": true, "camera.exposure.analogue_gain": 2.0, "camera.exposure.enabled": true, "camera.exposure.ev": -1.0, "camera.exposure.shutter_us": 10000, "camera.focus.lens_position": 0.5, "camera.focus.mode": "manual", "camera.image_processing.brightness": 1.0, "camera.image
guarded {}
boot 30 hw {"remote": 1000020, "service": 100000032} trg null cache 256
STEP IP.clip1 ack=none action=stage=done files=action.log 
===== 2026-10-02T07:18:42Z IP.reset.contrast SPOT-31593C  bm pub bmcam/cmd {"id":1000021,"c":"reset","k":["camera.image_processing.contrast","camera.image_processing.saturation","camera.image_processing.brightness"]} 1 1  (163 B line)
CON  2026-10-02T07:18:42Z bm pub bmcam/cmd {"id":1000021,"c":"reset","k":["camera.image_processing.contrast","camera.image_processing.saturation","camera.image_processing.brightness"]} 1 1
CELL 2026-10-02T07:18:43Z len=37 {"id":1000021,"ok":1,"h":"dc8b8368"}
CON  2026-10-02T07:18:43Z Message: 1790925523.003 e6fe83ea6b4a2b7f, [bmcam004] OK id=1000021 reset camera.image_processing.contrast, camera.image_processing.saturation, camera.image_processing.brightness -> YAML cfg=dc8b8368
CON  2026-10-02T07:18:43Z 1790925523.054 e6fe83ea6b4a2b7f, [bmcam004] OK id=1000021 reset camera.image_processing.contrast, camera.image_processing.saturation, camera.image_processing.brightness -> YAML (duplicate: original a
CON  2026-10-02T07:18:43Z 1790925523.105 e6fe83ea6b4a2b7f, [bmcam004] OK id=1000021 reset camera.image_processing.contrast, camera.image_processing.saturation, camera.image_processing.brightness -> YAML (duplicate: original a
CON  2026-10-02T07:18:43Z 1790925523.152 e6fe83ea6b4a2b7f, [bmcam004] OK id=1000021 reset camera.image_processing.contrast, camera.image_processing.saturation, camera.image_processing.brightness -> YAML (duplicate: original a
CON  2026-10-02T07:18:43Z 1790925523.203 e6fe83ea6b4a2b7f, [bmcam004] OK id=1000021 reset camera.image_processing.contrast, camera.image_processing.saturation, camera.image_processing.brightness -> YAML (duplicate: original a
CELL 2026-10-02T07:18:44Z len=138 <CF v=1 h=dc8b8368 camera.image_processing.contrast=null camera.image_processing.saturation=null camera.image_processing.brightness=null>
SUMMARY cell=2 con=6
----- 2026-10-02T07:18:52Z STATE IP2.none.-.cap.before bmcam004
sha256 5e78a54d1d9f7a65 bm_command_state_v2.json 0L
sha256 c8a9c0c989ab6e7e camera_config.yaml 145L
sha256 a5c1a63150b68133 config_journal.jsonl 105L
overlay {"camera.controls_enabled": true, "camera.exposure.analogue_gain": 2.0, "camera.exposure.enabled": true, "camera.exposure.ev": -1.0, "camera.exposure.shutter_us": 10000, "camera.focus.lens_position": 0.5, "camera.focus.mode": "manual", "camera.image_processing.denoise": "cdn_hq", "camera.ima
guarded {}
boot 30 hw {"remote": 1000021, "service": 100000032} trg null cache 256
===== 2026-10-02T07:18:54Z IP2.none.-.cap.trg SPOT-31593C  bm pub bmcam/cmd {"id":64111,"c":"trg","v":2,"kv":{"med":"still","m":40}} 1 1  (78 B line)
CON  2026-10-02T07:18:55Z bm pub bmcam/cmd {"id":64111,"c":"trg","v":2,"kv":{"med":"still","m":40}} 1 1
CON  2026-10-02T07:18:55Z 1790925535.871 e6fe83ea6b4a2b7f, [bmcam004] OK id=64111 trg 2 armed: capture + output per mode (next decision point); one action only: mode.media=still, still.message_cap=40 cfg=dc8b8368
CON  2026-10-02T07:18:56Z 1790925535.921 e6fe83ea6b4a2b7f, [bmcam004] OK id=64111 trg 2 armed: capture + output per mode (next decision point); one action only: mode.media=still, still.message_cap=40 (duplicate: original answ
CON  2026-10-02T07:18:56Z 1790925535.972 e6fe83ea6b4a2b7f, [bmcam004] OK id=64111 trg 2 armed: capture + output per mode (next decision point); one action only: mode.media=still, still.message_cap=40 (duplicate: original answ
CELL 2026-10-02T07:18:57Z len=135 <WS v=1 a=cap cfg=dc8b8368 up=1665 tz=America/Los_Angeles lt=na ws=0000 we=0000 rk=800x450 q=20 ct=39.7 sha=91a08f624011 hn=bmcam004>

SUMMARY cell=1 con=4
----- 2026-10-02T07:19:43Z STATE IP2.none.-.cap.after bmcam004
sha256 4d572fae2e20424e bm_command_state_v2.json 0L
sha256 c8a9c0c989ab6e7e camera_config.yaml 145L
sha256 a5c1a63150b68133 config_journal.jsonl 105L
overlay {"camera.controls_enabled": true, "camera.exposure.analogue_gain": 2.0, "camera.exposure.enabled": true, "camera.exposure.ev": -1.0, "camera.exposure.shutter_us": 10000, "camera.focus.lens_position": 0.5, "camera.focus.mode": "manual", "camera.image_processing.denoise": "cdn_hq", "camera.ima
guarded {}
boot 30 hw {"remote": 1000021, "service": 100000032} trg null cache 256
STEP IP2.none.-.cap ack=none action=stage=None files=2026-10-02T07:18:57Z_image_compressed.jpg.capture_metadata.json action.log 
===== 2026-10-02T07:19:48Z IP2.saturation.0.0 SPOT-31593C  bm pub bmcam/cmd {"id":1000022,"c":"set","kv":{"camera.image_processing.saturation":0.0}} 1 1  (94 B line)
CON  2026-10-02T07:19:49Z bm pub bmcam/cmd {"id":1000022,"c":"set","kv":{"camera.image_processing.saturation":0.0}} 1 1
CELL 2026-10-02T07:19:49Z len=37 {"id":1000022,"ok":1,"h":"dedd7f4b"}
CON  2026-10-02T07:19:49Z Message: 1790925589.761 e6fe83ea6b4a2b7f, [bmcam004] OK id=1000022 camera.image_processing.saturation: none -> 0.0 (next action) cfg=dedd7f4b
CON  2026-10-02T07:19:49Z 1790925589.812 e6fe83ea6b4a2b7f, [bmcam004] OK id=1000022 camera.image_processing.saturation: none -> 0.0 (next action) (duplicate: original answer) cfg=dedd7f4b
CON  2026-10-02T07:19:49Z 1790925589.859 e6fe83ea6b4a2b7f, [bmcam004] OK id=1000022 camera.image_processing.saturation: none -> 0.0 (next action) (duplicate: original answer) cfg=dedd7f4b
CON  2026-10-02T07:19:49Z 1790925589.910 e6fe83ea6b4a2b7f, [bmcam004] OK id=1000022 camera.image_processing.saturation: none -> 0.0 (next action) (duplicate: original answer) cfg=dedd7f4b
CON  2026-10-02T07:19:50Z 1790925589.972 e6fe83ea6b4a2b7f, [bmcam004] OK id=1000022 camera.image_processing.saturation: none -> 0.0 (next action) (duplicate: original answer) cfg=dedd7f4b
CELL 2026-10-02T07:19:50Z len=68 <CF v=1 h=dedd7f4b camera.image_processing.saturation=0.0@c1000022>
SUMMARY cell=2 con=6
----- 2026-10-02T07:19:58Z STATE IP2.saturation.0.0.cap.before bmcam004
sha256 b08a253ddf5cf330 bm_command_state_v2.json 0L
sha256 c8a9c0c989ab6e7e camera_config.yaml 145L
sha256 b9b9975b6c23f7fc config_journal.jsonl 107L
overlay {"camera.controls_enabled": true, "camera.exposure.analogue_gain": 2.0, "camera.exposure.enabled": true, "camera.exposure.ev": -1.0, "camera.exposure.shutter_us": 10000, "camera.focus.lens_position": 0.5, "camera.focus.mode": "manual", "camera.image_processing.denoise": "cdn_hq", "camera.ima
guarded {}
boot 30 hw {"remote": 1000022, "service": 100000032} trg null cache 256
===== 2026-10-02T07:20:01Z IP2.saturation.0.0.cap.trg SPOT-31593C  bm pub bmcam/cmd {"id":64112,"c":"trg","v":2,"kv":{"med":"still","m":40}} 1 1  (78 B line)
CON  2026-10-02T07:20:02Z bm pub bmcam/cmd {"id":64112,"c":"trg","v":2,"kv":{"med":"still","m":40}} 1 1
CON  2026-10-02T07:20:02Z 1790925602.687 e6fe83ea6b4a2b7f, [bmcam004] OK id=64112 trg 2 armed: capture + output per mode (next decision point); one action only: mode.media=still, still.message_cap=40 cfg=dedd7f4b
CON  2026-10-02T07:20:02Z 1790925602.730 e6fe83ea6b4a2b7f, [bmcam004] OK id=64112 trg 2 armed: capture + output per mode (next decision point); one action only: mode.media=still, still.message_cap=40 (duplicate: original answ
CON  2026-10-02T07:20:02Z 1790925602.781 e6fe83ea6b4a2b7f, [bmcam004] OK id=64112 trg 2 armed: capture + output per mode (next decision point); one action only: mode.media=still, still.message_cap=40 (duplicate: original answ
CON  2026-10-02T07:20:03Z 1790925602.839 e6fe83ea6b4a2b7f, [bmcam004] OK id=64112 trg 2 armed: capture + output per mode (next decision point); one action only: mode.media=still, still.message_cap=40 (duplicate: original answ
CON  2026-10-02T07:20:03Z 1790925602.890 e6fe83ea6b4a2b7f, [bmcam004] OK id=64112 trg 2 armed: capture + output per mode (next decision point); one action only: mode.media=still, still.message_cap=40 (duplicate: original answ
CELL 2026-10-02T07:20:07Z len=135 <WS v=1 a=cap cfg=dedd7f4b up=1735 tz=America/Los_Angeles lt=na ws=0000 we=0000 rk=800x450 q=20 ct=39.7 sha=91a08f624011 hn=bmcam004>

SUMMARY cell=1 con=6
----- 2026-10-02T07:20:50Z STATE IP2.saturation.0.0.cap.after bmcam004
sha256 27fb50f59caf5df4 bm_command_state_v2.json 0L
sha256 c8a9c0c989ab6e7e camera_config.yaml 145L
sha256 b9b9975b6c23f7fc config_journal.jsonl 107L
overlay {"camera.controls_enabled": true, "camera.exposure.analogue_gain": 2.0, "camera.exposure.enabled": true, "camera.exposure.ev": -1.0, "camera.exposure.shutter_us": 10000, "camera.focus.lens_position": 0.5, "camera.focus.mode": "manual", "camera.image_processing.denoise": "cdn_hq", "camera.ima
guarded {}
boot 30 hw {"remote": 1000022, "service": 100000032} trg null cache 256
STEP IP2.saturation.0.0.cap ack=none action=stage=None files=2026-10-02T07:20:07Z_image_compressed.jpg.capture_metadata.json 2026-10-02T07:20:07Z_image_native_full.metadata.json action.log 
===== 2026-10-02T07:20:55Z IP2.saturation.0.0.reset SPOT-31593C  bm pub bmcam/cmd {"id":1000023,"c":"reset","k":["camera.image_processing.saturation"]} 1 1  (91 B line)
CON  2026-10-02T07:20:56Z bm pub bmcam/cmd {"id":1000023,"c":"reset","k":["camera.image_processing.saturation"]} 1 1
CELL 2026-10-02T07:20:56Z len=37 {"id":1000023,"ok":1,"h":"dc8b8368"}
CON  2026-10-02T07:20:56Z Message: 1790925656.121 e6fe83ea6b4a2b7f, [bmcam004] OK id=1000023 reset camera.image_processing.saturation -> YAML cfg=dc8b8368
CON  2026-10-02T07:20:56Z 1790925656.171 e6fe83ea6b4a2b7f, [bmcam004] OK id=1000023 reset camera.image_processing.saturation -> YAML (duplicate: original answer) cfg=dc8b8368
CON  2026-10-02T07:20:56Z 1790925656.218 e6fe83ea6b4a2b7f, [bmcam004] OK id=1000023 reset camera.image_processing.saturation -> YAML (duplicate: original answer) cfg=dc8b8368
CON  2026-10-02T07:20:56Z 1790925656.441 e6fe83ea6b4a2b7f, [bmcam004] OK id=1000023 reset camera.image_processing.saturation -> YAML (duplicate: original answer) cfg=dc8b8368
CON  2026-10-02T07:20:56Z 1790925656.488 e6fe83ea6b4a2b7f, [bmcam004] OK id=1000023 reset camera.image_processing.saturation -> YAML (duplicate: original answer) cfg=dc8b8368
CELL 2026-10-02T07:20:57Z len=60 <CF v=1 h=dc8b8368 camera.image_processing.saturation=null>
SUMMARY cell=2 con=6
===== 2026-10-02T07:21:06Z IP2.saturation.32.0 SPOT-31593C  bm pub bmcam/cmd {"id":1000024,"c":"set","kv":{"camera.image_processing.saturation":32.0}} 1 1  (95 B line)
CON  2026-10-02T07:21:07Z bm pub bmcam/cmd {"id":1000024,"c":"set","kv":{"camera.image_processing.saturation":32.0}} 1 1
CELL 2026-10-02T07:21:07Z len=37 {"id":1000024,"ok":1,"h":"af36f065"}
CON  2026-10-02T07:21:07Z Message: 1790925667.785 e6fe83ea6b4a2b7f, [bmcam004] OK id=1000024 camera.image_processing.saturation: none -> 32.0 (next action) cfg=af36f065
CON  2026-10-02T07:21:07Z 1790925667.835 e6fe83ea6b4a2b7f, [bmcam004] OK id=1000024 camera.image_processing.saturation: none -> 32.0 (next action) (duplicate: original answer) cfg=af36f065
CON  2026-10-02T07:21:08Z 1790925667.886 e6fe83ea6b4a2b7f, [bmcam004] OK id=1000024 camera.image_processing.saturation: none -> 32.0 (next action) (duplicate: original answer) cfg=af36f065
CON  2026-10-02T07:21:08Z 1790925667.937 e6fe83ea6b4a2b7f, [bmcam004] OK id=1000024 camera.image_processing.saturation: none -> 32.0 (next action) (duplicate: original answer) cfg=af36f065
CON  2026-10-02T07:21:08Z 1790925667.996 e6fe83ea6b4a2b7f, [bmcam004] OK id=1000024 camera.image_processing.saturation: none -> 32.0 (next action) (duplicate: original answer) cfg=af36f065
CELL 2026-10-02T07:21:08Z len=69 <CF v=1 h=af36f065 camera.image_processing.saturation=32.0@c1000024>
SUMMARY cell=2 con=6
----- 2026-10-02T07:21:16Z STATE IP2.saturation.32.0.cap.before bmcam004
sha256 ae136642a4a0f9dd bm_command_state_v2.json 0L
sha256 c8a9c0c989ab6e7e camera_config.yaml 145L
sha256 77cb89a92f65b6f1 config_journal.jsonl 111L
overlay {"camera.controls_enabled": true, "camera.exposure.analogue_gain": 2.0, "camera.exposure.enabled": true, "camera.exposure.ev": -1.0, "camera.exposure.shutter_us": 10000, "camera.focus.lens_position": 0.5, "camera.focus.mode": "manual", "camera.image_processing.denoise": "cdn_hq", "camera.ima
guarded {}
boot 30 hw {"remote": 1000024, "service": 100000032} trg null cache 256
===== 2026-10-02T07:21:19Z IP2.saturation.32.0.cap.trg SPOT-31593C  bm pub bmcam/cmd {"id":64113,"c":"trg","v":2,"kv":{"med":"still","m":40}} 1 1  (78 B line)
CON  2026-10-02T07:21:20Z bm pub bmcam/cmd {"id":64113,"c":"trg","v":2,"kv":{"med":"still","m":40}} 1 1
CON  2026-10-02T07:21:20Z 1790925680.285 e6fe83ea6b4a2b7f, [bmcam004] OK id=64113 trg 2 armed: capture + output per mode (next decision point); one action only: mode.media=still, still.message_cap=40 cfg=af36f065
CON  2026-10-02T07:21:20Z 1790925680.335 e6fe83ea6b4a2b7f, [bmcam004] OK id=64113 trg 2 armed: capture + output per mode (next decision point); one action only: mode.media=still, still.message_cap=40 (duplicate: original answ
CON  2026-10-02T07:21:20Z 1790925680.386 e6fe83ea6b4a2b7f, [bmcam004] OK id=64113 trg 2 armed: capture + output per mode (next decision point); one action only: mode.media=still, still.message_cap=40 (duplicate: original answ
CON  2026-10-02T07:21:20Z 1790925680.445 e6fe83ea6b4a2b7f, [bmcam004] OK id=64113 trg 2 armed: capture + output per mode (next decision point); one action only: mode.media=still, still.message_cap=40 (duplicate: original answ
CON  2026-10-02T07:21:20Z 1790925680.496 e6fe83ea6b4a2b7f, [bmcam004] OK id=64113 trg 2 armed: capture + output per mode (next decision point); one action only: mode.media=still, still.message_cap=40 (duplicate: original answ
SUMMARY cell=0 con=6
----- 2026-10-02T07:21:56Z STATE IP2.saturation.32.0.cap.after bmcam004
sha256 6cbd516943222690 bm_command_state_v2.json 0L
sha256 c8a9c0c989ab6e7e camera_config.yaml 145L
sha256 77cb89a92f65b6f1 config_journal.jsonl 111L
overlay {"camera.controls_enabled": true, "camera.exposure.analogue_gain": 2.0, "camera.exposure.enabled": true, "camera.exposure.ev": -1.0, "camera.exposure.shutter_us": 10000, "camera.focus.lens_position": 0.5, "camera.focus.mode": "manual", "camera.image_processing.denoise": "cdn_hq", "camera.ima
guarded {}
boot 30 hw {"remote": 1000024, "service": 100000032} trg null cache 256
STEP IP2.saturation.32.0.cap ack=none action=stage=None files=2026-10-02T07:21:27Z_image_compressed.jpg.capture_metadata.json 2026-10-02T07:21:27Z_image_native_full.metadata.json action.log 
===== 2026-10-02T07:22:01Z IP2.saturation.32.0.reset SPOT-31593C  bm pub bmcam/cmd {"id":1000025,"c":"reset","k":["camera.image_processing.saturation"]} 1 1  (91 B line)
CON  2026-10-02T07:22:02Z bm pub bmcam/cmd {"id":1000025,"c":"reset","k":["camera.image_processing.saturation"]} 1 1
CELL 2026-10-02T07:22:02Z len=37 {"id":1000025,"ok":1,"h":"dc8b8368"}
CON  2026-10-02T07:22:02Z Message: 1790925722.578 e6fe83ea6b4a2b7f, [bmcam004] OK id=1000025 reset camera.image_processing.saturation -> YAML cfg=dc8b8368
CON  2026-10-02T07:22:02Z 1790925722.628 e6fe83ea6b4a2b7f, [bmcam004] OK id=1000025 reset camera.image_processing.saturation -> YAML (duplicate: original answer) cfg=dc8b8368
CON  2026-10-02T07:22:02Z 1790925722.683 e6fe83ea6b4a2b7f, [bmcam004] OK id=1000025 reset camera.image_processing.saturation -> YAML (duplicate: original answer) cfg=dc8b8368
CON  2026-10-02T07:22:02Z 1790925722.726 e6fe83ea6b4a2b7f, [bmcam004] OK id=1000025 reset camera.image_processing.saturation -> YAML (duplicate: original answer) cfg=dc8b8368
CON  2026-10-02T07:22:02Z 1790925722.777 e6fe83ea6b4a2b7f, [bmcam004] OK id=1000025 reset camera.image_processing.saturation -> YAML (duplicate: original answer) cfg=dc8b8368
CELL 2026-10-02T07:22:03Z len=60 <CF v=1 h=dc8b8368 camera.image_processing.saturation=null>
SUMMARY cell=2 con=6
===== 2026-10-02T07:22:12Z IP2.brightness.-1.0 SPOT-31593C  bm pub bmcam/cmd {"id":1000026,"c":"set","kv":{"camera.image_processing.brightness":-1.0}} 1 1  (95 B line)
CON  2026-10-02T07:22:13Z bm pub bmcam/cmd {"id":1000026,"c":"set","kv":{"camera.image_processing.brightness":-1.0}} 1 1
CELL 2026-10-02T07:22:13Z len=37 {"id":1000026,"ok":1,"h":"ac84aaba"}
CON  2026-10-02T07:22:13Z Message: 1790925733.664 e6fe83ea6b4a2b7f, [bmcam004] OK id=1000026 camera.image_processing.brightness: none -> -1.0 (next action) cfg=ac84aaba
CON  2026-10-02T07:22:13Z 1790925733.707 e6fe83ea6b4a2b7f, [bmcam004] OK id=1000026 camera.image_processing.brightness: none -> -1.0 (next action) (duplicate: original answer) cfg=ac84aaba
CON  2026-10-02T07:22:14Z 1790925733.925 e6fe83ea6b4a2b7f, [bmcam004] OK id=1000026 camera.image_processing.brightness: none -> -1.0 (next action) (duplicate: original answer) cfg=ac84aaba
CON  2026-10-02T07:22:14Z 1790925733.984 e6fe83ea6b4a2b7f, [bmcam004] OK id=1000026 camera.image_processing.brightness: none -> -1.0 (next action) (duplicate: original answer) cfg=ac84aaba
CON  2026-10-02T07:22:14Z 1790925734.035 e6fe83ea6b4a2b7f, [bmcam004] OK id=1000026 camera.image_processing.brightness: none -> -1.0 (next action) (duplicate: original answer) cfg=ac84aaba
CELL 2026-10-02T07:22:14Z len=69 <CF v=1 h=ac84aaba camera.image_processing.brightness=-1.0@c1000026>
SUMMARY cell=2 con=6
----- 2026-10-02T07:22:23Z STATE IP2.brightness.-1.0.cap.before bmcam004
sha256 cb3e191c3aced882 bm_command_state_v2.json 0L
sha256 c8a9c0c989ab6e7e camera_config.yaml 145L
sha256 73acb9c0c031a7e1 config_journal.jsonl 115L
overlay {"camera.controls_enabled": true, "camera.exposure.analogue_gain": 2.0, "camera.exposure.enabled": true, "camera.exposure.ev": -1.0, "camera.exposure.shutter_us": 10000, "camera.focus.lens_position": 0.5, "camera.focus.mode": "manual", "camera.image_processing.brightness": -1.0, "camera.imag
guarded {}
boot 30 hw {"remote": 1000026, "service": 100000032} trg null cache 256
===== 2026-10-02T07:22:25Z IP2.brightness.-1.0.cap.trg SPOT-31593C  bm pub bmcam/cmd {"id":64114,"c":"trg","v":2,"kv":{"med":"still","m":40}} 1 1  (78 B line)
CON  2026-10-02T07:22:26Z bm pub bmcam/cmd {"id":64114,"c":"trg","v":2,"kv":{"med":"still","m":40}} 1 1
CON  2026-10-02T07:22:26Z 1790925746.503 e6fe83ea6b4a2b7f, [bmcam004] OK id=64114 trg 2 armed: capture + output per mode (next decision point); one action only: mode.media=still, still.message_cap=40 cfg=ac84aaba
CON  2026-10-02T07:22:26Z 1790925746.574 e6fe83ea6b4a2b7f, [bmcam004] OK id=64114 trg 2 armed: capture + output per mode (next decision point); one action only: mode.media=still, still.message_cap=40 (duplicate: original answ
CON  2026-10-02T07:22:26Z 1790925746.617 e6fe83ea6b4a2b7f, [bmcam004] OK id=64114 trg 2 armed: capture + output per mode (next decision point); one action only: mode.media=still, still.message_cap=40 (duplicate: original answ
CELL 2026-10-02T07:22:27Z len=135 <WS v=1 a=cap cfg=ac84aaba up=1875 tz=America/Los_Angeles lt=na ws=0000 we=0000 rk=800x450 q=20 ct=39.7 sha=91a08f624011 hn=bmcam004>

CELL 2026-10-02T07:22:31Z len=283 <START IMG> filename: 2026-10-02T07:22:27Z_image_compressed.jpg, timestamp: 2026-10-02T07:22:31Z, length: 10, key=0e3z5f, cfg=ac84aaba, tg=64114, r=800x450+1904+1071, m=40, fmt=pjpg, q=20, att=1, cmp=1, rk=800x450, ws=0000, we=0000, sha=91a08f624011, hn=bmcam004, sf=24634, sp=74.9

SUMMARY cell=2 con=4
----- 2026-10-02T07:23:02Z STATE IP2.brightness.-1.0.cap.after bmcam004
sha256 6c295b59c3ecf40c bm_command_state_v2.json 0L
sha256 c8a9c0c989ab6e7e camera_config.yaml 145L
sha256 73acb9c0c031a7e1 config_journal.jsonl 115L
overlay {"camera.controls_enabled": true, "camera.exposure.analogue_gain": 2.0, "camera.exposure.enabled": true, "camera.exposure.ev": -1.0, "camera.exposure.shutter_us": 10000, "camera.focus.lens_position": 0.5, "camera.focus.mode": "manual", "camera.image_processing.brightness": -1.0, "camera.imag
guarded {}
boot 30 hw {"remote": 1000026, "service": 100000032} trg null cache 256
STEP IP2.brightness.-1.0.cap ack=none action=stage=None files=2026-10-02T07:22:27Z_image_compressed.jpg.capture_metadata.json action.log 
===== 2026-10-02T07:23:07Z IP2.brightness.-1.0.reset SPOT-31593C  bm pub bmcam/cmd {"id":1000027,"c":"reset","k":["camera.image_processing.brightness"]} 1 1  (91 B line)
CON  2026-10-02T07:23:08Z bm pub bmcam/cmd {"id":1000027,"c":"reset","k":["camera.image_processing.brightness"]} 1 1
CELL 2026-10-02T07:23:08Z len=37 {"id":1000027,"ok":1,"h":"dc8b8368"}
CON  2026-10-02T07:23:08Z Message: 1790925788.476 e6fe83ea6b4a2b7f, [bmcam004] OK id=1000027 reset camera.image_processing.brightness -> YAML cfg=dc8b8368
CON  2026-10-02T07:23:08Z 1790925788.523 e6fe83ea6b4a2b7f, [bmcam004] OK id=1000027 reset camera.image_processing.brightness -> YAML (duplicate: original answer) cfg=dc8b8368
CON  2026-10-02T07:23:08Z 1790925788.746 e6fe83ea6b4a2b7f, [bmcam004] OK id=1000027 reset camera.image_processing.brightness -> YAML (duplicate: original answer) cfg=dc8b8368
CON  2026-10-02T07:23:08Z 1790925788.796 e6fe83ea6b4a2b7f, [bmcam004] OK id=1000027 reset camera.image_processing.brightness -> YAML (duplicate: original answer) cfg=dc8b8368
CON  2026-10-02T07:23:08Z 1790925788.843 e6fe83ea6b4a2b7f, [bmcam004] OK id=1000027 reset camera.image_processing.brightness -> YAML (duplicate: original answer) cfg=dc8b8368
CELL 2026-10-02T07:23:09Z len=60 <CF v=1 h=dc8b8368 camera.image_processing.brightness=null>
SUMMARY cell=2 con=6
===== 2026-10-02T07:23:18Z IP2.brightness.1.0 SPOT-31593C  bm pub bmcam/cmd {"id":1000028,"c":"set","kv":{"camera.image_processing.brightness":1.0}} 1 1  (94 B line)
CON  2026-10-02T07:23:19Z bm pub bmcam/cmd {"id":1000028,"c":"set","kv":{"camera.image_processing.brightness":1.0}} 1 1
CELL 2026-10-02T07:23:19Z len=37 {"id":1000028,"ok":1,"h":"2586c201"}
CON  2026-10-02T07:23:19Z Message: 1790925799.734 e6fe83ea6b4a2b7f, [bmcam004] OK id=1000028 camera.image_processing.brightness: none -> 1.0 (next action) cfg=2586c201
CON  2026-10-02T07:23:19Z 1790925799.773 e6fe83ea6b4a2b7f, [bmcam004] OK id=1000028 camera.image_processing.brightness: none -> 1.0 (next action) (duplicate: original answer) cfg=2586c201
CON  2026-10-02T07:23:20Z 1790925799.992 e6fe83ea6b4a2b7f, [bmcam004] OK id=1000028 camera.image_processing.brightness: none -> 1.0 (next action) (duplicate: original answer) cfg=2586c201
CON  2026-10-02T07:23:20Z 1790925800.054 e6fe83ea6b4a2b7f, [bmcam004] OK id=1000028 camera.image_processing.brightness: none -> 1.0 (next action) (duplicate: original answer) cfg=2586c201
CON  2026-10-02T07:23:20Z 1790925800.101 e6fe83ea6b4a2b7f, [bmcam004] OK id=1000028 camera.image_processing.brightness: none -> 1.0 (next action) (duplicate: original answer) cfg=2586c201
CELL 2026-10-02T07:23:21Z len=68 <CF v=1 h=2586c201 camera.image_processing.brightness=1.0@c1000028>
SUMMARY cell=2 con=6
----- 2026-10-02T07:23:29Z STATE IP2.brightness.1.0.cap.before bmcam004
sha256 0732a3fc9bb40455 bm_command_state_v2.json 0L
sha256 c8a9c0c989ab6e7e camera_config.yaml 145L
sha256 fed4bc6673ba5def config_journal.jsonl 119L
overlay {"camera.controls_enabled": true, "camera.exposure.analogue_gain": 2.0, "camera.exposure.enabled": true, "camera.exposure.ev": -1.0, "camera.exposure.shutter_us": 10000, "camera.focus.lens_position": 0.5, "camera.focus.mode": "manual", "camera.image_processing.brightness": 1.0, "camera.image
guarded {}
boot 30 hw {"remote": 1000028, "service": 100000032} trg null cache 256
===== 2026-10-02T07:23:31Z IP2.brightness.1.0.cap.trg SPOT-31593C  bm pub bmcam/cmd {"id":64115,"c":"trg","v":2,"kv":{"med":"still","m":40}} 1 1  (78 B line)
CON  2026-10-02T07:23:32Z bm pub bmcam/cmd {"id":64115,"c":"trg","v":2,"kv":{"med":"still","m":40}} 1 1
CON  2026-10-02T07:23:32Z 1790925812.574 e6fe83ea6b4a2b7f, [bmcam004] OK id=64115 trg 2 armed: capture + output per mode (next decision point); one action only: mode.media=still, still.message_cap=40 cfg=2586c201
CON  2026-10-02T07:23:32Z 1790925812.621 e6fe83ea6b4a2b7f, [bmcam004] OK id=64115 trg 2 armed: capture + output per mode (next decision point); one action only: mode.media=still, still.message_cap=40 (duplicate: original answ
CELL 2026-10-02T07:23:37Z len=135 <WS v=1 a=cap cfg=2586c201 up=1945 tz=America/Los_Angeles lt=na ws=0000 we=0000 rk=800x450 q=20 ct=38.6 sha=91a08f624011 hn=bmcam004>

SUMMARY cell=1 con=3
----- 2026-10-02T07:24:08Z STATE IP2.brightness.1.0.cap.after bmcam004
sha256 d9715de15b512e77 bm_command_state_v2.json 0L
sha256 c8a9c0c989ab6e7e camera_config.yaml 145L
sha256 fed4bc6673ba5def config_journal.jsonl 119L
overlay {"camera.controls_enabled": true, "camera.exposure.analogue_gain": 2.0, "camera.exposure.enabled": true, "camera.exposure.ev": -1.0, "camera.exposure.shutter_us": 10000, "camera.focus.lens_position": 0.5, "camera.focus.mode": "manual", "camera.image_processing.brightness": 1.0, "camera.image
guarded {}
boot 30 hw {"remote": 1000028, "service": 100000032} trg null cache 256
STEP IP2.brightness.1.0.cap ack=none action=stage=None files=2026-10-02T07:23:37Z_image_compressed.jpg.capture_metadata.json 2026-10-02T07:23:37Z_image_native_full.metadata.json action.log 
===== 2026-10-02T07:24:13Z IP2.brightness.1.0.reset SPOT-31593C  bm pub bmcam/cmd {"id":1000029,"c":"reset","k":["camera.image_processing.brightness"]} 1 1  (91 B line)
CON  2026-10-02T07:24:14Z bm pub bmcam/cmd {"id":1000029,"c":"reset","k":["camera.image_processing.brightness"]} 1 1
CELL 2026-10-02T07:24:14Z len=37 {"id":1000029,"ok":1,"h":"dc8b8368"}
CON  2026-10-02T07:24:14Z Message: 1790925854.765 e6fe83ea6b4a2b7f, [bmcam004] OK id=1000029 reset camera.image_processing.brightness -> YAML cfg=dc8b8368
CON  2026-10-02T07:24:15Z 1790925854.812 e6fe83ea6b4a2b7f, [bmcam004] OK id=1000029 reset camera.image_processing.brightness -> YAML (duplicate: original answer) cfg=dc8b8368
CON  2026-10-02T07:24:15Z 1790925854.863 e6fe83ea6b4a2b7f, [bmcam004] OK id=1000029 reset camera.image_processing.brightness -> YAML (duplicate: original answer) cfg=dc8b8368
CON  2026-10-02T07:24:15Z 1790925854.914 e6fe83ea6b4a2b7f, [bmcam004] OK id=1000029 reset camera.image_processing.brightness -> YAML (duplicate: original answer) cfg=dc8b8368
CON  2026-10-02T07:24:15Z 1790925854.964 e6fe83ea6b4a2b7f, [bmcam004] OK id=1000029 reset camera.image_processing.brightness -> YAML (duplicate: original answer) cfg=dc8b8368
CELL 2026-10-02T07:24:15Z len=60 <CF v=1 h=dc8b8368 camera.image_processing.brightness=null>
SUMMARY cell=2 con=6
===== 2026-10-02T07:24:25Z IP2.contrast.0.5 SPOT-31593C  bm pub bmcam/cmd {"id":1000030,"c":"set","kv":{"camera.image_processing.contrast":0.5}} 1 1  (92 B line)
CON  2026-10-02T07:24:26Z bm pub bmcam/cmd {"id":1000030,"c":"set","kv":{"camera.image_processing.contrast":0.5}} 1 1
CELL 2026-10-02T07:24:26Z len=37 {"id":1000030,"ok":1,"h":"3c236126"}
CON  2026-10-02T07:24:26Z Message: 1790925866.070 e6fe83ea6b4a2b7f, [bmcam004] OK id=1000030 camera.image_processing.contrast: none -> 0.5 (next action) cfg=3c236126
CON  2026-10-02T07:24:26Z 1790925866.113 e6fe83ea6b4a2b7f, [bmcam004] OK id=1000030 camera.image_processing.contrast: none -> 0.5 (next action) (duplicate: original answer) cfg=3c236126
CON  2026-10-02T07:24:26Z 1790925866.164 e6fe83ea6b4a2b7f, [bmcam004] OK id=1000030 camera.image_processing.contrast: none -> 0.5 (next action) (duplicate: original answer) cfg=3c236126
CON  2026-10-02T07:24:26Z 1790925866.222 e6fe83ea6b4a2b7f, [bmcam004] OK id=1000030 camera.image_processing.contrast: none -> 0.5 (next action) (duplicate: original answer) cfg=3c236126
CON  2026-10-02T07:24:26Z 1790925866.273 e6fe83ea6b4a2b7f, [bmcam004] OK id=1000030 camera.image_processing.contrast: none -> 0.5 (next action) (duplicate: original answer) cfg=3c236126
CELL 2026-10-02T07:24:27Z len=66 <CF v=1 h=3c236126 camera.image_processing.contrast=0.5@c1000030>
SUMMARY cell=2 con=6
----- 2026-10-02T07:24:35Z STATE IP2.contrast.0.5.cap.before bmcam004
sha256 f8c87b37e7d5fbb5 bm_command_state_v2.json 0L
sha256 c8a9c0c989ab6e7e camera_config.yaml 145L
sha256 f9a45dfb9cf04078 config_journal.jsonl 123L
overlay {"camera.controls_enabled": true, "camera.exposure.analogue_gain": 2.0, "camera.exposure.enabled": true, "camera.exposure.ev": -1.0, "camera.exposure.shutter_us": 10000, "camera.focus.lens_position": 0.5, "camera.focus.mode": "manual", "camera.image_processing.contrast": 0.5, "camera.image_p
guarded {}
boot 30 hw {"remote": 1000030, "service": 100000032} trg null cache 256
===== 2026-10-02T07:24:37Z IP2.contrast.0.5.cap.trg SPOT-31593C  bm pub bmcam/cmd {"id":64116,"c":"trg","v":2,"kv":{"med":"still","m":40}} 1 1  (78 B line)
CON  2026-10-02T07:24:38Z bm pub bmcam/cmd {"id":64116,"c":"trg","v":2,"kv":{"med":"still","m":40}} 1 1
CON  2026-10-02T07:24:39Z 1790925878.960 e6fe83ea6b4a2b7f, [bmcam004] OK id=64116 trg 2 armed: capture + output per mode (next decision point); one action only: mode.media=still, still.message_cap=40 cfg=3c236126
CON  2026-10-02T07:24:39Z 1790925879.011 e6fe83ea6b4a2b7f, [bmcam004] OK id=64116 trg 2 armed: capture + output per mode (next decision point); one action only: mode.media=still, still.message_cap=40 (duplicate: original answ
CON  2026-10-02T07:24:39Z 1790925879.070 e6fe83ea6b4a2b7f, [bmcam004] OK id=64116 trg 2 armed: capture + output per mode (next decision point); one action only: mode.media=still, still.message_cap=40 (duplicate: original answ
CON  2026-10-02T07:24:39Z 1790925879.121 e6fe83ea6b4a2b7f, [bmcam004] OK id=64116 trg 2 armed: capture + output per mode (next decision point); one action only: mode.media=still, still.message_cap=40 (duplicate: original answ
CON  2026-10-02T07:24:39Z 1790925879.171 e6fe83ea6b4a2b7f, [bmcam004] OK id=64116 trg 2 armed: capture + output per mode (next decision point); one action only: mode.media=still, still.message_cap=40 (duplicate: original answ
SUMMARY cell=0 con=6
----- 2026-10-02T07:25:26Z STATE IP2.contrast.0.5.cap.after bmcam004
sha256 7a69746a2d9b731f bm_command_state_v2.json 0L
sha256 c8a9c0c989ab6e7e camera_config.yaml 145L
sha256 f9a45dfb9cf04078 config_journal.jsonl 123L
overlay {"camera.controls_enabled": true, "camera.exposure.analogue_gain": 2.0, "camera.exposure.enabled": true, "camera.exposure.ev": -1.0, "camera.exposure.shutter_us": 10000, "camera.focus.lens_position": 0.5, "camera.focus.mode": "manual", "camera.image_processing.contrast": 0.5, "camera.image_p
guarded {}
boot 30 hw {"remote": 1000030, "service": 100000032} trg null cache 256
STEP IP2.contrast.0.5.cap ack=none action=stage=None files=2026-10-02T07:24:47Z_image_compressed.jpg.capture_metadata.json 2026-10-02T07:24:47Z_image_native_full.metadata.json action.log 
===== 2026-10-02T07:25:31Z IP2.contrast.0.5.reset SPOT-31593C  bm pub bmcam/cmd {"id":1000031,"c":"reset","k":["camera.image_processing.contrast"]} 1 1  (89 B line)
CON  2026-10-02T07:25:32Z bm pub bmcam/cmd {"id":1000031,"c":"reset","k":["camera.image_processing.contrast"]} 1 1
CELL 2026-10-02T07:25:33Z len=37 {"id":1000031,"ok":1,"h":"dc8b8368"}
CON  2026-10-02T07:25:33Z Message: 1790925933.089 e6fe83ea6b4a2b7f, [bmcam004] OK id=1000031 reset camera.image_processing.contrast -> YAML cfg=dc8b8368
CON  2026-10-02T07:25:33Z 1790925933.140 e6fe83ea6b4a2b7f, [bmcam004] OK id=1000031 reset camera.image_processing.contrast -> YAML (duplicate: original answer) cfg=dc8b8368
CON  2026-10-02T07:25:33Z 1790925933.187 e6fe83ea6b4a2b7f, [bmcam004] OK id=1000031 reset camera.image_processing.contrast -> YAML (duplicate: original answer) cfg=dc8b8368
CON  2026-10-02T07:25:33Z 1790925933.242 e6fe83ea6b4a2b7f, [bmcam004] OK id=1000031 reset camera.image_processing.contrast -> YAML (duplicate: original answer) cfg=dc8b8368
CON  2026-10-02T07:25:33Z 1790925933.289 e6fe83ea6b4a2b7f, [bmcam004] OK id=1000031 reset camera.image_processing.contrast -> YAML (duplicate: original answer) cfg=dc8b8368
CELL 2026-10-02T07:25:34Z len=58 <CF v=1 h=dc8b8368 camera.image_processing.contrast=null>
SUMMARY cell=2 con=6
===== 2026-10-02T07:25:43Z IP2.contrast.2.0 SPOT-31593C  bm pub bmcam/cmd {"id":1000032,"c":"set","kv":{"camera.image_processing.contrast":2.0}} 1 1  (92 B line)
CON  2026-10-02T07:25:44Z bm pub bmcam/cmd {"id":1000032,"c":"set","kv":{"camera.image_processing.contrast":2.0}} 1 1
CELL 2026-10-02T07:25:44Z len=37 {"id":1000032,"ok":1,"h":"edcd4560"}
CON  2026-10-02T07:25:44Z Message: 1790925944.199 e6fe83ea6b4a2b7f, [bmcam004] OK id=1000032 camera.image_processing.contrast: none -> 2.0 (next action) cfg=edcd4560
CON  2026-10-02T07:25:44Z 1790925944.250 e6fe83ea6b4a2b7f, [bmcam004] OK id=1000032 camera.image_processing.contrast: none -> 2.0 (next action) (duplicate: original answer) cfg=edcd4560
CON  2026-10-02T07:25:44Z 1790925944.296 e6fe83ea6b4a2b7f, [bmcam004] OK id=1000032 camera.image_processing.contrast: none -> 2.0 (next action) (duplicate: original answer) cfg=edcd4560
CON  2026-10-02T07:25:44Z 1790925944.347 e6fe83ea6b4a2b7f, [bmcam004] OK id=1000032 camera.image_processing.contrast: none -> 2.0 (next action) (duplicate: original answer) cfg=edcd4560
CON  2026-10-02T07:25:44Z 1790925944.398 e6fe83ea6b4a2b7f, [bmcam004] OK id=1000032 camera.image_processing.contrast: none -> 2.0 (next action) (duplicate: original answer) cfg=edcd4560
CELL 2026-10-02T07:25:45Z len=66 <CF v=1 h=edcd4560 camera.image_processing.contrast=2.0@c1000032>
SUMMARY cell=2 con=6
----- 2026-10-02T07:25:53Z STATE IP2.contrast.2.0.cap.before bmcam004
sha256 df144004cd667e24 bm_command_state_v2.json 0L
sha256 c8a9c0c989ab6e7e camera_config.yaml 145L
sha256 6e2b3b34b3508855 config_journal.jsonl 127L
overlay {"camera.controls_enabled": true, "camera.exposure.analogue_gain": 2.0, "camera.exposure.enabled": true, "camera.exposure.ev": -1.0, "camera.exposure.shutter_us": 10000, "camera.focus.lens_position": 0.5, "camera.focus.mode": "manual", "camera.image_processing.contrast": 2.0, "camera.image_p
guarded {}
boot 30 hw {"remote": 1000032, "service": 100000032} trg null cache 256
===== 2026-10-02T07:25:56Z IP2.contrast.2.0.cap.trg SPOT-31593C  bm pub bmcam/cmd {"id":64117,"c":"trg","v":2,"kv":{"med":"still","m":40}} 1 1  (78 B line)
CON  2026-10-02T07:25:57Z bm pub bmcam/cmd {"id":64117,"c":"trg","v":2,"kv":{"med":"still","m":40}} 1 1
CON  2026-10-02T07:25:57Z 1790925957.085 e6fe83ea6b4a2b7f, [bmcam004] OK id=64117 trg 2 armed: capture + output per mode (next decision point); one action only: mode.media=still, still.message_cap=40 cfg=edcd4560
CON  2026-10-02T07:25:57Z 1790925957.136 e6fe83ea6b4a2b7f, [bmcam004] OK id=64117 trg 2 armed: capture + output per mode (next decision point); one action only: mode.media=still, still.message_cap=40 (duplicate: original answ
CON  2026-10-02T07:25:57Z 1790925957.199 e6fe83ea6b4a2b7f, [bmcam004] OK id=64117 trg 2 armed: capture + output per mode (next decision point); one action only: mode.media=still, still.message_cap=40 (duplicate: original answ
CON  2026-10-02T07:25:57Z 1790925957.265 e6fe83ea6b4a2b7f, [bmcam004] OK id=64117 trg 2 armed: capture + output per mode (next decision point); one action only: mode.media=still, still.message_cap=40 (duplicate: original answ
CON  2026-10-02T07:25:57Z 1790925957.296 e6fe83ea6b4a2b7f, [bmcam004] OK id=64117 trg 2 armed: capture + output per mode (next decision point); one action only: mode.media=still, still.message_cap=40 (duplicate: original answ
CELL 2026-10-02T07:25:57Z len=135 <WS v=1 a=cap cfg=edcd4560 up=2085 tz=America/Los_Angeles lt=na ws=0000 we=0000 rk=800x450 q=20 ct=39.7 sha=91a08f624011 hn=bmcam004>

CELL 2026-10-02T07:26:02Z len=283 <START IMG> filename: 2026-10-02T07:25:57Z_image_compressed.jpg, timestamp: 2026-10-02T07:26:02Z, length: 12, key=0e3zb9, cfg=edcd4560, tg=64117, r=800x450+1904+1071, m=40, fmt=pjpg, q=20, att=1, cmp=1, rk=800x450, ws=0000, we=0000, sha=91a08f624011, hn=bmcam004, sf=24631, sp=74.9

SUMMARY cell=2 con=6
----- 2026-10-02T07:26:32Z STATE IP2.contrast.2.0.cap.after bmcam004
sha256 3cec46285039240a bm_command_state_v2.json 0L
sha256 c8a9c0c989ab6e7e camera_config.yaml 145L
sha256 6e2b3b34b3508855 config_journal.jsonl 127L
overlay {"camera.controls_enabled": true, "camera.exposure.analogue_gain": 2.0, "camera.exposure.enabled": true, "camera.exposure.ev": -1.0, "camera.exposure.shutter_us": 10000, "camera.focus.lens_position": 0.5, "camera.focus.mode": "manual", "camera.image_processing.contrast": 2.0, "camera.image_p
guarded {}
boot 30 hw {"remote": 1000032, "service": 100000032} trg null cache 256
STEP IP2.contrast.2.0.cap ack=none action=stage=None files=2026-10-02T07:25:57Z_image_compressed.jpg.capture_metadata.json action.log 
===== 2026-10-02T07:26:37Z IP2.contrast.2.0.reset SPOT-31593C  bm pub bmcam/cmd {"id":1000033,"c":"reset","k":["camera.image_processing.contrast"]} 1 1  (89 B line)
CON  2026-10-02T07:26:38Z bm pub bmcam/cmd {"id":1000033,"c":"reset","k":["camera.image_processing.contrast"]} 1 1
CELL 2026-10-02T07:26:38Z len=37 {"id":1000033,"ok":1,"h":"dc8b8368"}
CON  2026-10-02T07:26:38Z Message: 1790925998.214 e6fe83ea6b4a2b7f, [bmcam004] OK id=1000033 reset camera.image_processing.contrast -> YAML cfg=dc8b8368
CON  2026-10-02T07:26:38Z 1790925998.265 e6fe83ea6b4a2b7f, [bmcam004] OK id=1000033 reset camera.image_processing.contrast -> YAML (duplicate: original answer) cfg=dc8b8368
CON  2026-10-02T07:26:38Z 1790925998.496 e6fe83ea6b4a2b7f, [bmcam004] OK id=1000033 reset camera.image_processing.contrast -> YAML (duplicate: original answer) cfg=dc8b8368
CON  2026-10-02T07:26:38Z 1790925998.546 e6fe83ea6b4a2b7f, [bmcam004] OK id=1000033 reset camera.image_processing.contrast -> YAML (duplicate: original answer) cfg=dc8b8368
CON  2026-10-02T07:26:38Z 1790925998.597 e6fe83ea6b4a2b7f, [bmcam004] OK id=1000033 reset camera.image_processing.contrast -> YAML (duplicate: original answer) cfg=dc8b8368
CELL 2026-10-02T07:26:39Z len=58 <CF v=1 h=dc8b8368 camera.image_processing.contrast=null>
SUMMARY cell=2 con=6
----- 2026-10-02T07:27:04Z STATE IP5.before bmcam004
sha256 47122e320be25c34 bm_command_state_v2.json 0L
sha256 c8a9c0c989ab6e7e camera_config.yaml 145L
sha256 9f731ba2b642b39c config_journal.jsonl 129L
overlay {"camera.controls_enabled": true, "camera.exposure.analogue_gain": 2.0, "camera.exposure.enabled": true, "camera.exposure.ev": -1.0, "camera.exposure.shutter_us": 10000, "camera.focus.lens_position": 0.5, "camera.focus.mode": "manual", "camera.image_processing.denoise": "cdn_hq", "camera.ima
guarded {}
boot 30 hw {"remote": 1000033, "service": 100000032} trg null cache 256
===== 2026-10-02T07:27:06Z IP5 SPOT-31593C  bm pub bmcam/cmd {"id":64130,"c":"set","kv":{"camera.image_processing.sharpness":16.01}} 1 1  (93 B line)
CON  2026-10-02T07:27:08Z bm pub bmcam/cmd {"id":64130,"c":"set","kv":{"camera.image_processing.sharpness":16.01}} 1 1
CON  2026-10-02T07:27:08Z 1790926028.890 e6fe83ea6b4a2b7f, [bmcam004] REJECTED id=64130 must be in 0.0..16.0 e=val k=camera.image_processing.sharpness cfg=dc8b8368
CON  2026-10-02T07:27:08Z 1790926028.941 e6fe83ea6b4a2b7f, [bmcam004] REJECTED id=64130 (duplicate: original answer) e=val k=camera.image_processing.sharpness cfg=dc8b8368
CON  2026-10-02T07:27:09Z 1790926029.164 e6fe83ea6b4a2b7f, [bmcam004] REJECTED id=64130 (duplicate: original answer) e=val k=camera.image_processing.sharpness cfg=dc8b8368
CON  2026-10-02T07:27:09Z 1790926029.222 e6fe83ea6b4a2b7f, [bmcam004] REJECTED id=64130 (duplicate: original answer) e=val k=camera.image_processing.sharpness cfg=dc8b8368
CON  2026-10-02T07:27:09Z 1790926029.273 e6fe83ea6b4a2b7f, [bmcam004] REJECTED id=64130 (duplicate: original answer) e=val k=camera.image_processing.sharpness cfg=dc8b8368
SUMMARY cell=0 con=6
===== 2026-10-02T07:27:16Z IP5 SPOT-31593C  bm pub bmcam/cmd {"id":64131,"c":"set","kv":{"camera.image_processing.contrast":32.1}} 1 1  (91 B line)
CON  2026-10-02T07:27:17Z bm pub bmcam/cmd {"id":64131,"c":"set","kv":{"camera.image_processing.contrast":32.1}} 1 1
CON  2026-10-02T07:27:17Z 1790926037.132 e6fe83ea6b4a2b7f, [bmcam004] REJECTED id=64131 must be in 0.0..32.0 e=val k=camera.image_processing.contrast cfg=dc8b8368
CON  2026-10-02T07:27:17Z 1790926037.183 e6fe83ea6b4a2b7f, [bmcam004] REJECTED id=64131 (duplicate: original answer) e=val k=camera.image_processing.contrast cfg=dc8b8368
CON  2026-10-02T07:27:17Z 1790926037.250 e6fe83ea6b4a2b7f, [bmcam004] REJECTED id=64131 (duplicate: original answer) e=val k=camera.image_processing.contrast cfg=dc8b8368
CON  2026-10-02T07:27:17Z 1790926037.449 e6fe83ea6b4a2b7f, [bmcam004] REJECTED id=64131 (duplicate: original answer) e=val k=camera.image_processing.contrast cfg=dc8b8368
CON  2026-10-02T07:27:17Z 1790926037.500 e6fe83ea6b4a2b7f, [bmcam004] REJECTED id=64131 (duplicate: original answer) e=val k=camera.image_processing.contrast cfg=dc8b8368
SUMMARY cell=0 con=6
===== 2026-10-02T07:27:24Z IP5 SPOT-31593C  bm pub bmcam/cmd {"id":64132,"c":"set","kv":{"camera.image_processing.saturation":-0.01}} 1 1  (94 B line)
CON  2026-10-02T07:27:25Z bm pub bmcam/cmd {"id":64132,"c":"set","kv":{"camera.image_processing.saturation":-0.01}} 1 1
CON  2026-10-02T07:27:25Z 1790926045.371 e6fe83ea6b4a2b7f, [bmcam004] REJECTED id=64132 must be in 0.0..32.0 e=val k=camera.image_processing.saturation cfg=dc8b8368
CON  2026-10-02T07:27:25Z 1790926045.421 e6fe83ea6b4a2b7f, [bmcam004] REJECTED id=64132 (duplicate: original answer) e=val k=camera.image_processing.saturation cfg=dc8b8368
CON  2026-10-02T07:27:25Z 1790926045.660 e6fe83ea6b4a2b7f, [bmcam004] REJECTED id=64132 (duplicate: original answer) e=val k=camera.image_processing.saturation cfg=dc8b8368
CON  2026-10-02T07:27:25Z 1790926045.710 e6fe83ea6b4a2b7f, [bmcam004] REJECTED id=64132 (duplicate: original answer) e=val k=camera.image_processing.saturation cfg=dc8b8368
CON  2026-10-02T07:27:25Z 1790926045.761 e6fe83ea6b4a2b7f, [bmcam004] REJECTED id=64132 (duplicate: original answer) e=val k=camera.image_processing.saturation cfg=dc8b8368
SUMMARY cell=0 con=6
===== 2026-10-02T07:27:32Z IP5 SPOT-31593C  bm pub bmcam/cmd {"id":64133,"c":"set","kv":{"camera.image_processing.brightness":1.01}} 1 1  (93 B line)
CON  2026-10-02T07:27:33Z bm pub bmcam/cmd {"id":64133,"c":"set","kv":{"camera.image_processing.brightness":1.01}} 1 1
CON  2026-10-02T07:27:33Z 1790926053.667 e6fe83ea6b4a2b7f, [bmcam004] REJECTED id=64133 must be in -1.0..1.0 e=val k=camera.image_processing.brightness cfg=dc8b8368
CON  2026-10-02T07:27:33Z 1790926053.718 e6fe83ea6b4a2b7f, [bmcam004] REJECTED id=64133 (duplicate: original answer) e=val k=camera.image_processing.brightness cfg=dc8b8368
CON  2026-10-02T07:27:33Z 1790926053.769 e6fe83ea6b4a2b7f, [bmcam004] REJECTED id=64133 (duplicate: original answer) e=val k=camera.image_processing.brightness cfg=dc8b8368
CON  2026-10-02T07:27:33Z 1790926053.820 e6fe83ea6b4a2b7f, [bmcam004] REJECTED id=64133 (duplicate: original answer) e=val k=camera.image_processing.brightness cfg=dc8b8368
CON  2026-10-02T07:27:34Z 1790926053.878 e6fe83ea6b4a2b7f, [bmcam004] REJECTED id=64133 (duplicate: original answer) e=val k=camera.image_processing.brightness cfg=dc8b8368
SUMMARY cell=0 con=6
===== 2026-10-02T07:27:40Z IP5 SPOT-31593C  bm pub bmcam/cmd {"id":64134,"c":"set","kv":{"camera.image_processing.denoise":"bogus"}} 1 1  (93 B line)
CON  2026-10-02T07:27:41Z bm pub bmcam/cmd {"id":64134,"c":"set","kv":{"camera.image_processing.denoise":"bogus"}} 1 1
CON  2026-10-02T07:27:42Z 1790926061.976 e6fe83ea6b4a2b7f, [bmcam004] REJECTED id=64134 must be one of 'auto', 'off', 'cdn_off', 'cdn_fast', 'cdn_hq' e=val k=camera.image_processing.denoise cfg=dc8b8368
CON  2026-10-02T07:27:42Z 1790926062.027 e6fe83ea6b4a2b7f, [bmcam004] REJECTED id=64134 (duplicate: original answer) e=val k=camera.image_processing.denoise cfg=dc8b8368
CON  2026-10-02T07:27:42Z 1790926062.078 e6fe83ea6b4a2b7f, [bmcam004] REJECTED id=64134 (duplicate: original answer) e=val k=camera.image_processing.denoise cfg=dc8b8368
CON  2026-10-02T07:27:42Z 1790926062.128 e6fe83ea6b4a2b7f, [bmcam004] REJECTED id=64134 (duplicate: original answer) e=val k=camera.image_processing.denoise cfg=dc8b8368
CON  2026-10-02T07:27:42Z 1790926062.175 e6fe83ea6b4a2b7f, [bmcam004] REJECTED id=64134 (duplicate: original answer) e=val k=camera.image_processing.denoise cfg=dc8b8368
SUMMARY cell=0 con=6
===== 2026-10-02T07:27:49Z IP5 SPOT-31593C  bm pub bmcam/cmd {"id":64135,"c":"set","kv":{"camera.image_processing.hdr":"bogus"}} 1 1  (89 B line)
CON  2026-10-02T07:27:50Z bm pub bmcam/cmd {"id":64135,"c":"set","kv":{"camera.image_processing.hdr":"bogus"}} 1 1
CON  2026-10-02T07:27:50Z 1790926070.054 e6fe83ea6b4a2b7f, [bmcam004] REJECTED id=64135 must be one of True, False, 'off', 'auto', 'sensor', 'single-exp' e=val k=camera.image_processing.hdr cfg=dc8b8368
CON  2026-10-02T07:27:50Z 1790926070.105 e6fe83ea6b4a2b7f, [bmcam004] REJECTED id=64135 (duplicate: original answer) e=val k=camera.image_processing.hdr cfg=dc8b8368
CON  2026-10-02T07:27:50Z 1790926070.335 e6fe83ea6b4a2b7f, [bmcam004] REJECTED id=64135 (duplicate: original answer) e=val k=camera.image_processing.hdr cfg=dc8b8368
CON  2026-10-02T07:27:50Z 1790926070.386 e6fe83ea6b4a2b7f, [bmcam004] REJECTED id=64135 (duplicate: original answer) e=val k=camera.image_processing.hdr cfg=dc8b8368
CON  2026-10-02T07:27:51Z 1790926071.507 e6fe83ea6b4a2b7f, [bmcam004] REJECTED id=64135 (duplicate: original answer) e=val k=camera.image_processing.hdr cfg=dc8b8368
SUMMARY cell=0 con=6
===== 2026-10-02T07:27:57Z IP5 SPOT-31593C  bm pub bmcam/cmd {"id":64136,"c":"set","kv":{"video.record.encoder.denoise":"cdn_fast"}} 1 1  (93 B line)
CON  2026-10-02T07:27:58Z bm pub bmcam/cmd {"id":64136,"c":"set","kv":{"video.record.encoder.denoise":"cdn_fast"}} 1 1
CON  2026-10-02T07:27:58Z 1790926078.324 e6fe83ea6b4a2b7f, [bmcam004] REJECTED id=64136 camera.image_processing.denoise and video.record.encoder.denoise would both pass --denoise to rpicam-vid, which refuses a repeated option
CON  2026-10-02T07:27:58Z 1790926078.371 e6fe83ea6b4a2b7f, [bmcam004] REJECTED id=64136 (duplicate: original answer) e=xk k=video.record.encoder.denoise cfg=dc8b8368
CON  2026-10-02T07:27:58Z 1790926078.601 e6fe83ea6b4a2b7f, [bmcam004] REJECTED id=64136 (duplicate: original answer) e=xk k=video.record.encoder.denoise cfg=dc8b8368
CON  2026-10-02T07:27:58Z 1790926078.652 e6fe83ea6b4a2b7f, [bmcam004] REJECTED id=64136 (duplicate: original answer) e=xk k=video.record.encoder.denoise cfg=dc8b8368
CON  2026-10-02T07:27:58Z 1790926078.703 e6fe83ea6b4a2b7f, [bmcam004] REJECTED id=64136 (duplicate: original answer) e=xk k=video.record.encoder.denoise cfg=dc8b8368
SUMMARY cell=0 con=6
----- 2026-10-02T07:28:05Z STATE IP5.after bmcam004
sha256 37f194829b698e66 bm_command_state_v2.json 0L
sha256 c8a9c0c989ab6e7e camera_config.yaml 145L
sha256 9f731ba2b642b39c config_journal.jsonl 129L
overlay {"camera.controls_enabled": true, "camera.exposure.analogue_gain": 2.0, "camera.exposure.enabled": true, "camera.exposure.ev": -1.0, "camera.exposure.shutter_us": 10000, "camera.focus.lens_position": 0.5, "camera.focus.mode": "manual", "camera.image_processing.denoise": "cdn_hq", "camera.ima
guarded {}
boot 30 hw {"remote": 1000033, "service": 100000032} trg null cache 256
----- 2026-10-02T07:28:24Z STATE IP.clip2.before bmcam004
sha256 37f194829b698e66 bm_command_state_v2.json 0L
sha256 c8a9c0c989ab6e7e camera_config.yaml 145L
sha256 9f731ba2b642b39c config_journal.jsonl 129L
overlay {"camera.controls_enabled": true, "camera.exposure.analogue_gain": 2.0, "camera.exposure.enabled": true, "camera.exposure.ev": -1.0, "camera.exposure.shutter_us": 10000, "camera.focus.lens_position": 0.5, "camera.focus.mode": "manual", "camera.image_processing.denoise": "cdn_hq", "camera.ima
guarded {}
boot 30 hw {"remote": 1000033, "service": 100000032} trg null cache 256
===== 2026-10-02T07:28:26Z IP.clip2.trg SPOT-31593C  bm pub bmcam/cmd {"id":64140,"c":"trg","v":2,"kv":{"m":80}} 1 1  (64 B line)
CON  2026-10-02T07:28:29Z bm pub bmcam/cmd {"id":64140,"c":"trg","v":2,"kv":{"m":80}} 1 1
CON  2026-10-02T07:28:29Z 1790926109.207 e6fe83ea6b4a2b7f, [bmcam004] OK id=64140 trg 2 armed: capture + output per mode (next decision point); one action only: video.send.message_cap=80 cfg=dc8b8368
CON  2026-10-02T07:28:29Z 1790926109.257 e6fe83ea6b4a2b7f, [bmcam004] OK id=64140 trg 2 armed: capture + output per mode (next decision point); one action only: video.send.message_cap=80 (duplicate: original answer) cfg=dc8b8
CON  2026-10-02T07:28:29Z 1790926109.316 e6fe83ea6b4a2b7f, [bmcam004] OK id=64140 trg 2 armed: capture + output per mode (next decision point); one action only: video.send.message_cap=80 (duplicate: original answer) cfg=dc8b8
SUMMARY cell=0 con=4
----- 2026-10-02T07:31:27Z STATE IP.clip2.after bmcam004
sha256 74c57d3ac4334174 bm_command_state_v2.json 0L
sha256 c8a9c0c989ab6e7e camera_config.yaml 145L
sha256 9f731ba2b642b39c config_journal.jsonl 129L
overlay {"camera.controls_enabled": true, "camera.exposure.analogue_gain": 2.0, "camera.exposure.enabled": true, "camera.exposure.ev": -1.0, "camera.exposure.shutter_us": 10000, "camera.focus.lens_position": 0.5, "camera.focus.mode": "manual", "camera.image_processing.denoise": "cdn_hq", "camera.ima
guarded {}
boot 30 hw {"remote": 1000033, "service": 100000032} trg null cache 256
STEP IP.clip2 ack=none action=stage=done files=action.log 
