id,kind,key,body_json,expect,expect_reason,source,why
c0001,set,mode.media,"{""set"": {""mode.media"": ""still""}}",depends,,selftest,video needs video.send.message_cap >= 80 (reported)
c0002,set,mode.media,"{""set"": {""mode.media"": ""video""}}",depends,,selftest,video needs video.send.message_cap >= 80 (reported)
c0003,set,mode.media,"{""set"": {""mode.media"": ""video_logger""}}",refuse,blocked_value,selftest,catalog blocked_values: the continuous recorder is set by deploy only
c0004,set,mode.media,"{""set"": {""mode.media"": """"}}",refuse,bad_value,selftest,catalog selftest: check_value invalid
c0005,set,mode.media,"{""set"": {""mode.media"": ""x""}}",refuse,bad_value,selftest,catalog selftest: check_value invalid
c0006,set,mode.media,"{""set"": {""mode.media"": ""auto""}}",refuse,bad_value,selftest,catalog selftest: check_value invalid
c0007,set,mode.media,"{""set"": {""mode.media"": ""12:00""}}",refuse,bad_value,selftest,catalog selftest: check_value invalid
c0008,set,mode.media,"{""set"": {""mode.media"": ""25:00""}}",refuse,bad_value,selftest,catalog selftest: check_value invalid
c0009,set,mode.media,"{""set"": {""mode.media"": ""480x270""}}",refuse,bad_value,selftest,catalog selftest: check_value invalid
c0010,set,mode.media,"{""set"": {""mode.media"": ""bogus""}}",refuse,bad_value,boundary,type/range model invalid
c0011,set,mode.media,"{""set"": {""mode.media"": ""AUTO""}}",refuse,bad_value,boundary,type/range model invalid
c0012,set,mode.media,"{""set"": {""mode.media"": 1}}",refuse,bad_value,boundary,catalog selftest: check_value invalid
c0013,reset,mode.media,"{""reset"": [""mode.media""]}",accept,,reset,reset of a control key
c0014,set,mode.run,"{""set"": {""mode.run"": ""per_boot""}}",depends,,selftest,stay_on needs power.bus_always_on REPORTED true + commands.enabled
c0015,set,mode.run,"{""set"": {""mode.run"": ""stay_on""}}",depends,,selftest,stay_on needs power.bus_always_on REPORTED true + commands.enabled
c0016,set,mode.run,"{""set"": {""mode.run"": """"}}",refuse,bad_value,selftest,catalog selftest: check_value invalid
c0017,set,mode.run,"{""set"": {""mode.run"": ""x""}}",refuse,bad_value,selftest,catalog selftest: check_value invalid
c0018,set,mode.run,"{""set"": {""mode.run"": ""auto""}}",refuse,bad_value,selftest,catalog selftest: check_value invalid
c0019,set,mode.run,"{""set"": {""mode.run"": ""12:00""}}",refuse,bad_value,selftest,catalog selftest: check_value invalid
c0020,set,mode.run,"{""set"": {""mode.run"": ""25:00""}}",refuse,bad_value,selftest,catalog selftest: check_value invalid
c0021,set,mode.run,"{""set"": {""mode.run"": ""480x270""}}",refuse,bad_value,selftest,catalog selftest: check_value invalid
c0022,set,mode.run,"{""set"": {""mode.run"": ""bogus""}}",refuse,bad_value,boundary,type/range model invalid
c0023,set,mode.run,"{""set"": {""mode.run"": ""AUTO""}}",refuse,bad_value,boundary,type/range model invalid
c0024,set,mode.run,"{""set"": {""mode.run"": 1}}",refuse,bad_value,boundary,catalog selftest: check_value invalid
c0025,reset,mode.run,"{""reset"": [""mode.run""]}",accept,,reset,reset of a control key
c0026,set,mode.interval_s,"{""set"": {""mode.interval_s"": 0}}",accept,,selftest,"valid per check_value, inside limits"
c0027,set,mode.interval_s,"{""set"": {""mode.interval_s"": 1}}",refuse,cross_key,selftest,SPEC §3.3 interval/heartbeat 0 or >= 60
c0028,set,mode.interval_s,"{""set"": {""mode.interval_s"": 86400}}",accept,,selftest,"valid per check_value, inside limits"
c0029,set,mode.interval_s,"{""set"": {""mode.interval_s"": -1}}",refuse,bad_value,selftest,catalog selftest: check_value invalid
c0030,set,mode.interval_s,"{""set"": {""mode.interval_s"": 2.5}}",refuse,bad_value,selftest,catalog selftest: check_value invalid
c0031,set,mode.interval_s,"{""set"": {""mode.interval_s"": -8.5}}",refuse,bad_value,selftest,catalog selftest: check_value invalid
c0032,set,mode.interval_s,"{""set"": {""mode.interval_s"": 8.0}}",refuse,bad_value,selftest,catalog selftest: check_value invalid
c0033,set,mode.interval_s,"{""set"": {""mode.interval_s"": 100000}}",refuse,bad_value,selftest,catalog selftest: check_value invalid
c0034,set,mode.interval_s,"{""set"": {""mode.interval_s"": 86401}}",refuse,bad_value,selftest,catalog selftest: check_value invalid
c0035,set,mode.interval_s,"{""set"": {""mode.interval_s"": 0.5}}",refuse,bad_value,boundary,type/range model invalid
c0036,set,mode.interval_s,"{""set"": {""mode.interval_s"": ""0""}}",refuse,bad_value,boundary,type/range model invalid
c0037,set,mode.interval_s,"{""set"": {""mode.interval_s"": true}}",refuse,bad_value,boundary,catalog selftest: check_value invalid
c0038,reset,mode.interval_s,"{""reset"": [""mode.interval_s""]}",accept,,reset,reset of a control key
c0039,set,mode.heartbeat_s,"{""set"": {""mode.heartbeat_s"": 0}}",accept,,selftest,"valid per check_value, inside limits"
c0040,set,mode.heartbeat_s,"{""set"": {""mode.heartbeat_s"": 1}}",refuse,cross_key,selftest,SPEC §3.3 interval/heartbeat 0 or >= 60
c0041,set,mode.heartbeat_s,"{""set"": {""mode.heartbeat_s"": 300}}",accept,,selftest,"valid per check_value, inside limits"
c0042,set,mode.heartbeat_s,"{""set"": {""mode.heartbeat_s"": 86400}}",accept,,selftest,"valid per check_value, inside limits"
c0043,set,mode.heartbeat_s,"{""set"": {""mode.heartbeat_s"": -1}}",refuse,bad_value,selftest,catalog selftest: check_value invalid
c0044,set,mode.heartbeat_s,"{""set"": {""mode.heartbeat_s"": 2.5}}",refuse,bad_value,selftest,catalog selftest: check_value invalid
c0045,set,mode.heartbeat_s,"{""set"": {""mode.heartbeat_s"": -8.5}}",refuse,bad_value,selftest,catalog selftest: check_value invalid
c0046,set,mode.heartbeat_s,"{""set"": {""mode.heartbeat_s"": 8.0}}",refuse,bad_value,selftest,catalog selftest: check_value invalid
c0047,set,mode.heartbeat_s,"{""set"": {""mode.heartbeat_s"": 100000}}",refuse,bad_value,selftest,catalog selftest: check_value invalid
c0048,set,mode.heartbeat_s,"{""set"": {""mode.heartbeat_s"": 86401}}",refuse,bad_value,selftest,catalog selftest: check_value invalid
c0049,set,mode.heartbeat_s,"{""set"": {""mode.heartbeat_s"": 0.5}}",refuse,bad_value,boundary,type/range model invalid
c0050,set,mode.heartbeat_s,"{""set"": {""mode.heartbeat_s"": ""0""}}",refuse,bad_value,boundary,type/range model invalid
c0051,set,mode.heartbeat_s,"{""set"": {""mode.heartbeat_s"": true}}",refuse,bad_value,boundary,catalog selftest: check_value invalid
c0052,reset,mode.heartbeat_s,"{""reset"": [""mode.heartbeat_s""]}",accept,,reset,reset of a control key
c0053,set,mode.output,"{""set"": {""mode.output"": ""transmit""}}",accept,,selftest,"valid per check_value, inside limits"
c0054,set,mode.output,"{""set"": {""mode.output"": ""save_local""}}",refuse,blocked_value,selftest,catalog blocked_values: guarded: needs the cfm flow (Next sprint)
c0055,set,mode.output,"{""set"": {""mode.output"": """"}}",refuse,bad_value,selftest,catalog selftest: check_value invalid
c0056,set,mode.output,"{""set"": {""mode.output"": ""x""}}",refuse,bad_value,selftest,catalog selftest: check_value invalid
c0057,set,mode.output,"{""set"": {""mode.output"": ""auto""}}",refuse,bad_value,selftest,catalog selftest: check_value invalid
c0058,set,mode.output,"{""set"": {""mode.output"": ""12:00""}}",refuse,bad_value,selftest,catalog selftest: check_value invalid
c0059,set,mode.output,"{""set"": {""mode.output"": ""25:00""}}",refuse,bad_value,selftest,catalog selftest: check_value invalid
c0060,set,mode.output,"{""set"": {""mode.output"": ""480x270""}}",refuse,bad_value,selftest,catalog selftest: check_value invalid
c0061,set,mode.output,"{""set"": {""mode.output"": ""bogus""}}",refuse,bad_value,boundary,type/range model invalid
c0062,set,mode.output,"{""set"": {""mode.output"": ""AUTO""}}",refuse,bad_value,boundary,type/range model invalid
c0063,set,mode.output,"{""set"": {""mode.output"": 1}}",refuse,bad_value,boundary,catalog selftest: check_value invalid
c0064,reset,mode.output,"{""reset"": [""mode.output""]}",accept,,reset,reset of a control key
c0065,set,schedule.timezone,"{""set"": {""schedule.timezone"": ""UTC""}}",accept,,selftest,"valid per check_value, inside limits"
c0066,set,schedule.timezone,"{""set"": {""schedule.timezone"": ""America/Los_Angeles""}}",accept,,selftest,"valid per check_value, inside limits"
c0067,set,schedule.timezone,"{""set"": {""schedule.timezone"": null}}",refuse,bad_value,selftest,catalog selftest: check_value invalid
c0068,set,schedule.timezone,"{""set"": {""schedule.timezone"": true}}",refuse,bad_value,selftest,catalog selftest: check_value invalid
c0069,set,schedule.timezone,"{""set"": {""schedule.timezone"": false}}",refuse,bad_value,selftest,catalog selftest: check_value invalid
c0070,set,schedule.timezone,"{""set"": {""schedule.timezone"": 0}}",refuse,bad_value,selftest,catalog selftest: check_value invalid
c0071,set,schedule.timezone,"{""set"": {""schedule.timezone"": 1}}",refuse,bad_value,selftest,catalog selftest: check_value invalid
c0072,set,schedule.timezone,"{""set"": {""schedule.timezone"": -1}}",refuse,bad_value,selftest,catalog selftest: check_value invalid
c0073,set,schedule.timezone,"{""set"": {""schedule.timezone"": ""Not/AZone""}}",depends,,boundary,value not in the selftest vectors: unit check_value unknown here
c0074,set,schedule.timezone,"{""set"": {""schedule.timezone"": """"}}",depends,,boundary,value not in the selftest vectors: unit check_value unknown here
c0075,reset,schedule.timezone,"{""reset"": [""schedule.timezone""]}",accept,,reset,reset of a control key
c0076,set,schedule.window.enabled,"{""set"": {""schedule.window.enabled"": true}}",accept,,selftest,"valid per check_value, inside limits"
c0077,set,schedule.window.enabled,"{""set"": {""schedule.window.enabled"": false}}",accept,,selftest,"valid per check_value, inside limits"
c0078,set,schedule.window.enabled,"{""set"": {""schedule.window.enabled"": null}}",refuse,bad_value,selftest,catalog selftest: check_value invalid
c0079,set,schedule.window.enabled,"{""set"": {""schedule.window.enabled"": 0}}",refuse,bad_value,selftest,catalog selftest: check_value invalid
c0080,set,schedule.window.enabled,"{""set"": {""schedule.window.enabled"": 1}}",refuse,bad_value,selftest,catalog selftest: check_value invalid
c0081,set,schedule.window.enabled,"{""set"": {""schedule.window.enabled"": -1}}",refuse,bad_value,selftest,catalog selftest: check_value invalid
c0082,set,schedule.window.enabled,"{""set"": {""schedule.window.enabled"": 2.5}}",refuse,bad_value,selftest,catalog selftest: check_value invalid
c0083,set,schedule.window.enabled,"{""set"": {""schedule.window.enabled"": -8.5}}",refuse,bad_value,selftest,catalog selftest: check_value invalid
c0084,set,schedule.window.enabled,"{""set"": {""schedule.window.enabled"": ""true""}}",refuse,bad_value,boundary,type/range model invalid
c0085,reset,schedule.window.enabled,"{""reset"": [""schedule.window.enabled""]}",accept,,reset,reset of a control key
c0086,set,schedule.window.start,"{""set"": {""schedule.window.start"": ""12:00""}}",accept,,selftest,"valid per check_value, inside limits"
c0087,set,schedule.window.start,"{""set"": {""schedule.window.start"": """"}}",refuse,bad_value,selftest,catalog selftest: check_value invalid
c0088,set,schedule.window.start,"{""set"": {""schedule.window.start"": ""x""}}",refuse,bad_value,selftest,catalog selftest: check_value invalid
c0089,set,schedule.window.start,"{""set"": {""schedule.window.start"": ""auto""}}",refuse,bad_value,selftest,catalog selftest: check_value invalid
c0090,set,schedule.window.start,"{""set"": {""schedule.window.start"": ""25:00""}}",refuse,bad_value,selftest,catalog selftest: check_value invalid
c0091,set,schedule.window.start,"{""set"": {""schedule.window.start"": ""480x270""}}",refuse,bad_value,selftest,catalog selftest: check_value invalid
c0092,set,schedule.window.start,"{""set"": {""schedule.window.start"": ""481x271""}}",refuse,bad_value,selftest,catalog selftest: check_value invalid
c0093,set,schedule.window.start,"{""set"": {""schedule.window.start"": ""00:00""}}",depends,,boundary,value not in the selftest vectors: unit check_value unknown here
c0094,set,schedule.window.start,"{""set"": {""schedule.window.start"": ""23:59""}}",depends,,boundary,value not in the selftest vectors: unit check_value unknown here
c0095,set,schedule.window.start,"{""set"": {""schedule.window.start"": ""24:00""}}",depends,,boundary,value not in the selftest vectors: unit check_value unknown here
c0096,set,schedule.window.start,"{""set"": {""schedule.window.start"": ""7:00""}}",depends,,boundary,value not in the selftest vectors: unit check_value unknown here
c0097,set,schedule.window.start,"{""set"": {""schedule.window.start"": ""12:60""}}",depends,,boundary,value not in the selftest vectors: unit check_value unknown here
c0098,reset,schedule.window.start,"{""reset"": [""schedule.window.start""]}",accept,,reset,reset of a control key
c0099,set,schedule.window.end,"{""set"": {""schedule.window.end"": ""12:00""}}",accept,,selftest,"valid per check_value, inside limits"
c0100,set,schedule.window.end,"{""set"": {""schedule.window.end"": ""15:00""}}",accept,,selftest,"valid per check_value, inside limits"
c0101,set,schedule.window.end,"{""set"": {""schedule.window.end"": """"}}",refuse,bad_value,selftest,catalog selftest: check_value invalid
c0102,set,schedule.window.end,"{""set"": {""schedule.window.end"": ""x""}}",refuse,bad_value,selftest,catalog selftest: check_value invalid
c0103,set,schedule.window.end,"{""set"": {""schedule.window.end"": ""auto""}}",refuse,bad_value,selftest,catalog selftest: check_value invalid
c0104,set,schedule.window.end,"{""set"": {""schedule.window.end"": ""25:00""}}",refuse,bad_value,selftest,catalog selftest: check_value invalid
c0105,set,schedule.window.end,"{""set"": {""schedule.window.end"": ""480x270""}}",refuse,bad_value,selftest,catalog selftest: check_value invalid
c0106,set,schedule.window.end,"{""set"": {""schedule.window.end"": ""481x271""}}",refuse,bad_value,selftest,catalog selftest: check_value invalid
c0107,set,schedule.window.end,"{""set"": {""schedule.window.end"": ""00:00""}}",depends,,boundary,value not in the selftest vectors: unit check_value unknown here
c0108,set,schedule.window.end,"{""set"": {""schedule.window.end"": ""23:59""}}",depends,,boundary,value not in the selftest vectors: unit check_value unknown here
c0109,set,schedule.window.end,"{""set"": {""schedule.window.end"": ""24:00""}}",depends,,boundary,value not in the selftest vectors: unit check_value unknown here
c0110,set,schedule.window.end,"{""set"": {""schedule.window.end"": ""7:00""}}",depends,,boundary,value not in the selftest vectors: unit check_value unknown here
c0111,set,schedule.window.end,"{""set"": {""schedule.window.end"": ""12:60""}}",depends,,boundary,value not in the selftest vectors: unit check_value unknown here
c0112,reset,schedule.window.end,"{""reset"": [""schedule.window.end""]}",accept,,reset,reset of a control key
c0113,set,time.source,"{""set"": {""time.source"": ""spotter_utc""}}",refuse,not_writable,tier,tier=blocked
c0114,reset,time.source,"{""reset"": [""time.source""]}",refuse,not_writable,reset,tier=blocked
c0115,set,time.set_system_clock,"{""set"": {""time.set_system_clock"": true}}",refuse,not_writable,tier,tier=blocked
c0116,reset,time.set_system_clock,"{""reset"": [""time.set_system_clock""]}",refuse,not_writable,reset,tier=blocked
c0117,set,time.timeout_s,"{""set"": {""time.timeout_s"": 60}}",refuse,not_writable,tier,tier=blocked
c0118,reset,time.timeout_s,"{""reset"": [""time.timeout_s""]}",refuse,not_writable,reset,tier=blocked
c0119,set,time.allow_system_fallback,"{""set"": {""time.allow_system_fallback"": false}}",refuse,not_writable,tier,tier=blocked
c0120,reset,time.allow_system_fallback,"{""reset"": [""time.allow_system_fallback""]}",refuse,not_writable,reset,tier=blocked
c0121,set,time.rtc.hwclock_path,"{""set"": {""time.rtc.hwclock_path"": ""/usr/sbin/hwclock""}}",refuse,not_writable,tier,tier=blocked
c0122,reset,time.rtc.hwclock_path,"{""reset"": [""time.rtc.hwclock_path""]}",refuse,not_writable,reset,tier=blocked
c0123,set,time.rtc.set_system_clock,"{""set"": {""time.rtc.set_system_clock"": true}}",refuse,not_writable,tier,tier=blocked
c0124,reset,time.rtc.set_system_clock,"{""reset"": [""time.rtc.set_system_clock""]}",refuse,not_writable,reset,tier=blocked
c0125,set,time.rtc.plausible_after_utc,"{""set"": {""time.rtc.plausible_after_utc"": ""2026-01-01T00:00:00+00:00""}}",refuse,not_writable,tier,tier=blocked
c0126,reset,time.rtc.plausible_after_utc,"{""reset"": [""time.rtc.plausible_after_utc""]}",refuse,not_writable,reset,tier=blocked
c0127,set,power.halt.enabled,"{""set"": {""power.halt.enabled"": false}}",refuse,not_writable,tier,tier=blocked
c0128,reset,power.halt.enabled,"{""reset"": [""power.halt.enabled""]}",refuse,not_writable,reset,tier=blocked
c0129,set,power.halt.dry_run,"{""set"": {""power.halt.dry_run"": true}}",refuse,not_writable,tier,tier=blocked
c0130,reset,power.halt.dry_run,"{""reset"": [""power.halt.dry_run""]}",refuse,not_writable,reset,tier=blocked
c0131,set,power.halt.mode,"{""set"": {""power.halt.mode"": ""halt""}}",refuse,not_writable,tier,tier=blocked
c0132,reset,power.halt.mode,"{""reset"": [""power.halt.mode""]}",refuse,not_writable,reset,tier=blocked
c0133,set,power.halt.script_path,"{""set"": {""power.halt.script_path"": ""/home/pi/BM_Devel_Pi/tuned_halt.sh""}}",refuse,not_writable,tier,tier=blocked
c0134,reset,power.halt.script_path,"{""reset"": [""power.halt.script_path""]}",refuse,not_writable,reset,tier=blocked
c0135,set,power.bus_always_on,"{""set"": {""power.bus_always_on"": false}}",refuse,not_writable,tier,tier=blocked
c0136,reset,power.bus_always_on,"{""reset"": [""power.bus_always_on""]}",refuse,not_writable,reset,tier=blocked
c0137,set,camera.backend,"{""set"": {""camera.backend"": ""rpicam""}}",refuse,not_writable,tier,tier=blocked
c0138,reset,camera.backend,"{""reset"": [""camera.backend""]}",refuse,not_writable,reset,tier=blocked
c0139,set,camera.native.width,"{""set"": {""camera.native.width"": 4608}}",refuse,not_writable,tier,tier=blocked
c0140,reset,camera.native.width,"{""reset"": [""camera.native.width""]}",refuse,not_writable,reset,tier=blocked
c0141,set,camera.native.height,"{""set"": {""camera.native.height"": 2592}}",refuse,not_writable,tier,tier=blocked
c0142,reset,camera.native.height,"{""reset"": [""camera.native.height""]}",refuse,not_writable,reset,tier=blocked
c0143,set,camera.native.jpeg_quality,"{""set"": {""camera.native.jpeg_quality"": 1}}",accept,,selftest,"valid per check_value, inside limits"
c0144,set,camera.native.jpeg_quality,"{""set"": {""camera.native.jpeg_quality"": 95}}",accept,,selftest,"valid per check_value, inside limits"
c0145,set,camera.native.jpeg_quality,"{""set"": {""camera.native.jpeg_quality"": 100}}",accept,,selftest,"valid per check_value, inside limits"
c0146,set,camera.native.jpeg_quality,"{""set"": {""camera.native.jpeg_quality"": 0}}",refuse,bad_value,selftest,catalog selftest: check_value invalid
c0147,set,camera.native.jpeg_quality,"{""set"": {""camera.native.jpeg_quality"": -1}}",refuse,bad_value,selftest,catalog selftest: check_value invalid
c0148,set,camera.native.jpeg_quality,"{""set"": {""camera.native.jpeg_quality"": 2.5}}",refuse,bad_value,selftest,catalog selftest: check_value invalid
c0149,set,camera.native.jpeg_quality,"{""set"": {""camera.native.jpeg_quality"": -8.5}}",refuse,bad_value,selftest,catalog selftest: check_value invalid
c0150,set,camera.native.jpeg_quality,"{""set"": {""camera.native.jpeg_quality"": 8.0}}",refuse,bad_value,selftest,catalog selftest: check_value invalid
c0151,set,camera.native.jpeg_quality,"{""set"": {""camera.native.jpeg_quality"": 100000}}",refuse,bad_value,selftest,catalog selftest: check_value invalid
c0152,set,camera.native.jpeg_quality,"{""set"": {""camera.native.jpeg_quality"": 101}}",refuse,bad_value,boundary,catalog selftest: check_value invalid
c0153,set,camera.native.jpeg_quality,"{""set"": {""camera.native.jpeg_quality"": 1.5}}",refuse,bad_value,boundary,type/range model invalid
c0154,set,camera.native.jpeg_quality,"{""set"": {""camera.native.jpeg_quality"": ""1""}}",refuse,bad_value,boundary,type/range model invalid
c0155,set,camera.native.jpeg_quality,"{""set"": {""camera.native.jpeg_quality"": true}}",refuse,bad_value,boundary,catalog selftest: check_value invalid
c0156,reset,camera.native.jpeg_quality,"{""reset"": [""camera.native.jpeg_quality""]}",accept,,reset,reset of a control key
c0157,set,camera.controls_enabled,"{""set"": {""camera.controls_enabled"": true}}",accept,,selftest,"valid per check_value, inside limits"
c0158,set,camera.controls_enabled,"{""set"": {""camera.controls_enabled"": false}}",accept,,selftest,"valid per check_value, inside limits"
c0159,set,camera.controls_enabled,"{""set"": {""camera.controls_enabled"": null}}",refuse,bad_value,selftest,catalog selftest: check_value invalid
c0160,set,camera.controls_enabled,"{""set"": {""camera.controls_enabled"": 0}}",refuse,bad_value,selftest,catalog selftest: check_value invalid
c0161,set,camera.controls_enabled,"{""set"": {""camera.controls_enabled"": 1}}",refuse,bad_value,selftest,catalog selftest: check_value invalid
c0162,set,camera.controls_enabled,"{""set"": {""camera.controls_enabled"": -1}}",refuse,bad_value,selftest,catalog selftest: check_value invalid
c0163,set,camera.controls_enabled,"{""set"": {""camera.controls_enabled"": 2.5}}",refuse,bad_value,selftest,catalog selftest: check_value invalid
c0164,set,camera.controls_enabled,"{""set"": {""camera.controls_enabled"": -8.5}}",refuse,bad_value,selftest,catalog selftest: check_value invalid
c0165,set,camera.controls_enabled,"{""set"": {""camera.controls_enabled"": ""true""}}",refuse,bad_value,boundary,type/range model invalid
c0166,reset,camera.controls_enabled,"{""reset"": [""camera.controls_enabled""]}",accept,,reset,reset of a control key
c0167,set,camera.focus.enabled,"{""set"": {""camera.focus.enabled"": true}}",accept,,selftest,"valid per check_value, inside limits"
c0168,set,camera.focus.enabled,"{""set"": {""camera.focus.enabled"": false}}",accept,,selftest,"valid per check_value, inside limits"
c0169,set,camera.focus.enabled,"{""set"": {""camera.focus.enabled"": null}}",refuse,bad_value,selftest,catalog selftest: check_value invalid
c0170,set,camera.focus.enabled,"{""set"": {""camera.focus.enabled"": 0}}",refuse,bad_value,selftest,catalog selftest: check_value invalid
c0171,set,camera.focus.enabled,"{""set"": {""camera.focus.enabled"": 1}}",refuse,bad_value,selftest,catalog selftest: check_value invalid
c0172,set,camera.focus.enabled,"{""set"": {""camera.focus.enabled"": -1}}",refuse,bad_value,selftest,catalog selftest: check_value invalid
c0173,set,camera.focus.enabled,"{""set"": {""camera.focus.enabled"": 2.5}}",refuse,bad_value,selftest,catalog selftest: check_value invalid
c0174,set,camera.focus.enabled,"{""set"": {""camera.focus.enabled"": -8.5}}",refuse,bad_value,selftest,catalog selftest: check_value invalid
c0175,set,camera.focus.enabled,"{""set"": {""camera.focus.enabled"": ""true""}}",refuse,bad_value,boundary,type/range model invalid
c0176,reset,camera.focus.enabled,"{""reset"": [""camera.focus.enabled""]}",accept,,reset,reset of a control key
c0177,set,camera.focus.mode,"{""set"": {""camera.focus.mode"": null}}",accept,,selftest,"valid per check_value, inside limits"
c0178,set,camera.focus.mode,"{""set"": {""camera.focus.mode"": ""auto""}}",accept,,selftest,"valid per check_value, inside limits"
c0179,set,camera.focus.mode,"{""set"": {""camera.focus.mode"": ""manual""}}",accept,,selftest,"valid per check_value, inside limits"
c0180,set,camera.focus.mode,"{""set"": {""camera.focus.mode"": ""continuous""}}",accept,,selftest,"valid per check_value, inside limits"
c0181,set,camera.focus.mode,"{""set"": {""camera.focus.mode"": """"}}",refuse,bad_value,selftest,catalog selftest: check_value invalid
c0182,set,camera.focus.mode,"{""set"": {""camera.focus.mode"": ""x""}}",refuse,bad_value,selftest,catalog selftest: check_value invalid
c0183,set,camera.focus.mode,"{""set"": {""camera.focus.mode"": ""12:00""}}",refuse,bad_value,selftest,catalog selftest: check_value invalid
c0184,set,camera.focus.mode,"{""set"": {""camera.focus.mode"": ""25:00""}}",refuse,bad_value,selftest,catalog selftest: check_value invalid
c0185,set,camera.focus.mode,"{""set"": {""camera.focus.mode"": ""480x270""}}",refuse,bad_value,selftest,catalog selftest: check_value invalid
c0186,set,camera.focus.mode,"{""set"": {""camera.focus.mode"": ""481x271""}}",refuse,bad_value,selftest,catalog selftest: check_value invalid
c0187,set,camera.focus.mode,"{""set"": {""camera.focus.mode"": ""bogus""}}",refuse,bad_value,boundary,type/range model invalid
c0188,set,camera.focus.mode,"{""set"": {""camera.focus.mode"": ""AUTO""}}",refuse,bad_value,boundary,type/range model invalid
c0189,set,camera.focus.mode,"{""set"": {""camera.focus.mode"": 1}}",refuse,bad_value,boundary,catalog selftest: check_value invalid
c0190,reset,camera.focus.mode,"{""reset"": [""camera.focus.mode""]}",accept,,reset,reset of a control key
c0191,set,camera.focus.lens_position,"{""set"": {""camera.focus.lens_position"": null}}",accept,,selftest,"valid per check_value, inside limits"
c0192,set,camera.focus.lens_position,"{""set"": {""camera.focus.lens_position"": 0}}",accept,,selftest,"valid per check_value, inside limits"
c0193,set,camera.focus.lens_position,"{""set"": {""camera.focus.lens_position"": 1}}",accept,,selftest,"valid per check_value, inside limits"
c0194,set,camera.focus.lens_position,"{""set"": {""camera.focus.lens_position"": 2.5}}",accept,,selftest,"valid per check_value, inside limits"
c0195,set,camera.focus.lens_position,"{""set"": {""camera.focus.lens_position"": 8.0}}",accept,,selftest,"valid per check_value, inside limits"
c0196,set,camera.focus.lens_position,"{""set"": {""camera.focus.lens_position"": 0.0}}",accept,,selftest,"valid per check_value, inside limits"
c0197,set,camera.focus.lens_position,"{""set"": {""camera.focus.lens_position"": 32.0}}",accept,,selftest,"valid per check_value, inside limits"
c0198,set,camera.focus.lens_position,"{""set"": {""camera.focus.lens_position"": -1}}",refuse,bad_value,selftest,catalog selftest: check_value invalid
c0199,set,camera.focus.lens_position,"{""set"": {""camera.focus.lens_position"": -8.5}}",refuse,bad_value,selftest,catalog selftest: check_value invalid
c0200,set,camera.focus.lens_position,"{""set"": {""camera.focus.lens_position"": 100000}}",refuse,bad_value,selftest,catalog selftest: check_value invalid
c0201,set,camera.focus.lens_position,"{""set"": {""camera.focus.lens_position"": -0.5}}",refuse,bad_value,selftest,catalog selftest: check_value invalid
c0202,set,camera.focus.lens_position,"{""set"": {""camera.focus.lens_position"": 32.5}}",refuse,bad_value,selftest,catalog selftest: check_value invalid
c0203,set,camera.focus.lens_position,"{""set"": {""camera.focus.lens_position"": true}}",refuse,bad_value,selftest,catalog selftest: check_value invalid
c0204,set,camera.focus.lens_position,"{""set"": {""camera.focus.lens_position"": -0.032}}",refuse,bad_value,boundary,type/range model invalid
c0205,set,camera.focus.lens_position,"{""set"": {""camera.focus.lens_position"": 32.032}}",refuse,bad_value,boundary,type/range model invalid
c0206,set,camera.focus.lens_position,"{""set"": {""camera.focus.lens_position"": ""0.0""}}",refuse,bad_value,boundary,type/range model invalid
c0207,reset,camera.focus.lens_position,"{""reset"": [""camera.focus.lens_position""]}",accept,,reset,reset of a control key
c0208,set,camera.focus.range,"{""set"": {""camera.focus.range"": null}}",accept,,selftest,"valid per check_value, inside limits"
c0209,set,camera.focus.range,"{""set"": {""camera.focus.range"": ""normal""}}",accept,,selftest,"valid per check_value, inside limits"
c0210,set,camera.focus.range,"{""set"": {""camera.focus.range"": ""macro""}}",accept,,selftest,"valid per check_value, inside limits"
c0211,set,camera.focus.range,"{""set"": {""camera.focus.range"": ""full""}}",accept,,selftest,"valid per check_value, inside limits"
c0212,set,camera.focus.range,"{""set"": {""camera.focus.range"": """"}}",refuse,bad_value,selftest,catalog selftest: check_value invalid
c0213,set,camera.focus.range,"{""set"": {""camera.focus.range"": ""x""}}",refuse,bad_value,selftest,catalog selftest: check_value invalid
c0214,set,camera.focus.range,"{""set"": {""camera.focus.range"": ""auto""}}",refuse,bad_value,selftest,catalog selftest: check_value invalid
c0215,set,camera.focus.range,"{""set"": {""camera.focus.range"": ""12:00""}}",refuse,bad_value,selftest,catalog selftest: check_value invalid
c0216,set,camera.focus.range,"{""set"": {""camera.focus.range"": ""25:00""}}",refuse,bad_value,selftest,catalog selftest: check_value invalid
c0217,set,camera.focus.range,"{""set"": {""camera.focus.range"": ""480x270""}}",refuse,bad_value,selftest,catalog selftest: check_value invalid
c0218,set,camera.focus.range,"{""set"": {""camera.focus.range"": ""bogus""}}",refuse,bad_value,boundary,type/range model invalid
c0219,set,camera.focus.range,"{""set"": {""camera.focus.range"": ""AUTO""}}",refuse,bad_value,boundary,type/range model invalid
c0220,set,camera.focus.range,"{""set"": {""camera.focus.range"": 1}}",refuse,bad_value,boundary,catalog selftest: check_value invalid
c0221,reset,camera.focus.range,"{""reset"": [""camera.focus.range""]}",accept,,reset,reset of a control key
c0222,set,camera.focus.speed,"{""set"": {""camera.focus.speed"": null}}",accept,,selftest,"valid per check_value, inside limits"
c0223,set,camera.focus.speed,"{""set"": {""camera.focus.speed"": ""normal""}}",accept,,selftest,"valid per check_value, inside limits"
c0224,set,camera.focus.speed,"{""set"": {""camera.focus.speed"": ""fast""}}",accept,,selftest,"valid per check_value, inside limits"
c0225,set,camera.focus.speed,"{""set"": {""camera.focus.speed"": """"}}",refuse,bad_value,selftest,catalog selftest: check_value invalid
c0226,set,camera.focus.speed,"{""set"": {""camera.focus.speed"": ""x""}}",refuse,bad_value,selftest,catalog selftest: check_value invalid
c0227,set,camera.focus.speed,"{""set"": {""camera.focus.speed"": ""auto""}}",refuse,bad_value,selftest,catalog selftest: check_value invalid
c0228,set,camera.focus.speed,"{""set"": {""camera.focus.speed"": ""12:00""}}",refuse,bad_value,selftest,catalog selftest: check_value invalid
c0229,set,camera.focus.speed,"{""set"": {""camera.focus.speed"": ""25:00""}}",refuse,bad_value,selftest,catalog selftest: check_value invalid
c0230,set,camera.focus.speed,"{""set"": {""camera.focus.speed"": ""480x270""}}",refuse,bad_value,selftest,catalog selftest: check_value invalid
c0231,set,camera.focus.speed,"{""set"": {""camera.focus.speed"": ""bogus""}}",refuse,bad_value,boundary,type/range model invalid
c0232,set,camera.focus.speed,"{""set"": {""camera.focus.speed"": ""AUTO""}}",refuse,bad_value,boundary,type/range model invalid
c0233,set,camera.focus.speed,"{""set"": {""camera.focus.speed"": 1}}",refuse,bad_value,boundary,catalog selftest: check_value invalid
c0234,reset,camera.focus.speed,"{""reset"": [""camera.focus.speed""]}",accept,,reset,reset of a control key
c0235,set,camera.white_balance.enabled,"{""set"": {""camera.white_balance.enabled"": true}}",accept,,selftest,"valid per check_value, inside limits"
c0236,set,camera.white_balance.enabled,"{""set"": {""camera.white_balance.enabled"": false}}",accept,,selftest,"valid per check_value, inside limits"
c0237,set,camera.white_balance.enabled,"{""set"": {""camera.white_balance.enabled"": null}}",refuse,bad_value,selftest,catalog selftest: check_value invalid
c0238,set,camera.white_balance.enabled,"{""set"": {""camera.white_balance.enabled"": 0}}",refuse,bad_value,selftest,catalog selftest: check_value invalid
c0239,set,camera.white_balance.enabled,"{""set"": {""camera.white_balance.enabled"": 1}}",refuse,bad_value,selftest,catalog selftest: check_value invalid
c0240,set,camera.white_balance.enabled,"{""set"": {""camera.white_balance.enabled"": -1}}",refuse,bad_value,selftest,catalog selftest: check_value invalid
c0241,set,camera.white_balance.enabled,"{""set"": {""camera.white_balance.enabled"": 2.5}}",refuse,bad_value,selftest,catalog selftest: check_value invalid
c0242,set,camera.white_balance.enabled,"{""set"": {""camera.white_balance.enabled"": -8.5}}",refuse,bad_value,selftest,catalog selftest: check_value invalid
c0243,set,camera.white_balance.enabled,"{""set"": {""camera.white_balance.enabled"": ""true""}}",refuse,bad_value,boundary,type/range model invalid
c0244,reset,camera.white_balance.enabled,"{""reset"": [""camera.white_balance.enabled""]}",accept,,reset,reset of a control key
c0245,set,camera.white_balance.mode,"{""set"": {""camera.white_balance.mode"": null}}",depends,,selftest,manual needs gains (reported)
c0246,set,camera.white_balance.mode,"{""set"": {""camera.white_balance.mode"": ""auto""}}",depends,,selftest,manual needs gains (reported)
c0247,set,camera.white_balance.mode,"{""set"": {""camera.white_balance.mode"": ""daylight""}}",depends,,selftest,manual needs gains (reported)
c0248,set,camera.white_balance.mode,"{""set"": {""camera.white_balance.mode"": ""cloudy""}}",depends,,selftest,manual needs gains (reported)
c0249,set,camera.white_balance.mode,"{""set"": {""camera.white_balance.mode"": ""indoor""}}",depends,,selftest,manual needs gains (reported)
c0250,set,camera.white_balance.mode,"{""set"": {""camera.white_balance.mode"": ""fluorescent""}}",depends,,selftest,manual needs gains (reported)
c0251,set,camera.white_balance.mode,"{""set"": {""camera.white_balance.mode"": ""tungsten""}}",depends,,selftest,manual needs gains (reported)
c0252,set,camera.white_balance.mode,"{""set"": {""camera.white_balance.mode"": ""incandescent""}}",depends,,selftest,manual needs gains (reported)
c0253,set,camera.white_balance.mode,"{""set"": {""camera.white_balance.mode"": ""custom""}}",depends,,selftest,manual needs gains (reported)
c0254,set,camera.white_balance.mode,"{""set"": {""camera.white_balance.mode"": ""manual""}}",depends,,selftest,manual needs gains (reported)
c0255,set,camera.white_balance.mode,"{""set"": {""camera.white_balance.mode"": """"}}",refuse,bad_value,selftest,catalog selftest: check_value invalid
c0256,set,camera.white_balance.mode,"{""set"": {""camera.white_balance.mode"": ""x""}}",refuse,bad_value,selftest,catalog selftest: check_value invalid
c0257,set,camera.white_balance.mode,"{""set"": {""camera.white_balance.mode"": ""12:00""}}",refuse,bad_value,selftest,catalog selftest: check_value invalid
c0258,set,camera.white_balance.mode,"{""set"": {""camera.white_balance.mode"": ""25:00""}}",refuse,bad_value,selftest,catalog selftest: check_value invalid
c0259,set,camera.white_balance.mode,"{""set"": {""camera.white_balance.mode"": ""480x270""}}",refuse,bad_value,selftest,catalog selftest: check_value invalid
c0260,set,camera.white_balance.mode,"{""set"": {""camera.white_balance.mode"": ""481x271""}}",refuse,bad_value,selftest,catalog selftest: check_value invalid
c0261,set,camera.white_balance.mode,"{""set"": {""camera.white_balance.mode"": ""bogus""}}",refuse,bad_value,boundary,type/range model invalid
c0262,set,camera.white_balance.mode,"{""set"": {""camera.white_balance.mode"": ""AUTO""}}",refuse,bad_value,boundary,type/range model invalid
c0263,set,camera.white_balance.mode,"{""set"": {""camera.white_balance.mode"": 1}}",refuse,bad_value,boundary,catalog selftest: check_value invalid
c0264,reset,camera.white_balance.mode,"{""reset"": [""camera.white_balance.mode""]}",accept,,reset,reset of a control key
c0265,set,camera.white_balance.gains,"{""set"": {""camera.white_balance.gains"": null}}",accept,,selftest,"valid per check_value, inside limits"
c0266,set,camera.white_balance.gains,"{""set"": {""camera.white_balance.gains"": [9, 11]}}",refuse,over_limit,selftest,limits.max_each 8.0
c0267,set,camera.white_balance.gains,"{""set"": {""camera.white_balance.gains"": [1.8, 1.6]}}",accept,,selftest,"valid per check_value, inside limits"
c0268,set,camera.white_balance.gains,"{""set"": {""camera.white_balance.gains"": [1, 2]}}",accept,,selftest,"valid per check_value, inside limits"
c0269,set,camera.white_balance.gains,"{""set"": {""camera.white_balance.gains"": [1, 2, 3, 4]}}",refuse,bad_value,selftest,catalog selftest: check_value invalid
c0270,set,camera.white_balance.gains,"{""set"": {""camera.white_balance.gains"": [0, 0, 4608, 2592]}}",refuse,bad_value,selftest,catalog selftest: check_value invalid
c0271,set,camera.white_balance.gains,"{""set"": {""camera.white_balance.gains"": [1504, 846, 1600, 900]}}",refuse,bad_value,selftest,catalog selftest: check_value invalid
c0272,set,camera.white_balance.gains,"{""set"": {""camera.white_balance.gains"": [-1, 0, 10, 10]}}",refuse,bad_value,selftest,catalog selftest: check_value invalid
c0273,set,camera.white_balance.gains,"{""set"": {""camera.white_balance.gains"": [15, 13, 11, 9]}}",refuse,bad_value,selftest,catalog selftest: check_value invalid
c0274,set,camera.white_balance.gains,"{""set"": {""camera.white_balance.gains"": [1.8, 0]}}",refuse,bad_value,selftest,catalog selftest: check_value invalid
c0275,set,camera.white_balance.gains,"{""set"": {""camera.white_balance.gains"": [8.0, 8.0]}}",depends,,boundary,value not in the selftest vectors: unit check_value unknown here
c0276,set,camera.white_balance.gains,"{""set"": {""camera.white_balance.gains"": [8.01, 1.0]}}",refuse,over_limit,boundary,limits.max_each 8.0
c0277,set,camera.white_balance.gains,"{""set"": {""camera.white_balance.gains"": [1.0, 8.01]}}",refuse,over_limit,boundary,limits.max_each 8.0
c0278,set,camera.white_balance.gains,"{""set"": {""camera.white_balance.gains"": [0.0, 1.0]}}",depends,,boundary,value not in the selftest vectors: unit check_value unknown here
c0279,set,camera.white_balance.gains,"{""set"": {""camera.white_balance.gains"": [1.8]}}",depends,,boundary,value not in the selftest vectors: unit check_value unknown here
c0280,set,camera.white_balance.gains,"{""set"": {""camera.white_balance.gains"": [1.8, 1.6, 1.0]}}",depends,,boundary,value not in the selftest vectors: unit check_value unknown here
c0281,reset,camera.white_balance.gains,"{""reset"": [""camera.white_balance.gains""]}",accept,,reset,reset of a control key
c0282,set,camera.exposure.enabled,"{""set"": {""camera.exposure.enabled"": true}}",accept,,selftest,"valid per check_value, inside limits"
c0283,set,camera.exposure.enabled,"{""set"": {""camera.exposure.enabled"": false}}",accept,,selftest,"valid per check_value, inside limits"
c0284,set,camera.exposure.enabled,"{""set"": {""camera.exposure.enabled"": null}}",refuse,bad_value,selftest,catalog selftest: check_value invalid
c0285,set,camera.exposure.enabled,"{""set"": {""camera.exposure.enabled"": 0}}",refuse,bad_value,selftest,catalog selftest: check_value invalid
c0286,set,camera.exposure.enabled,"{""set"": {""camera.exposure.enabled"": 1}}",refuse,bad_value,selftest,catalog selftest: check_value invalid
c0287,set,camera.exposure.enabled,"{""set"": {""camera.exposure.enabled"": -1}}",refuse,bad_value,selftest,catalog selftest: check_value invalid
c0288,set,camera.exposure.enabled,"{""set"": {""camera.exposure.enabled"": 2.5}}",refuse,bad_value,selftest,catalog selftest: check_value invalid
c0289,set,camera.exposure.enabled,"{""set"": {""camera.exposure.enabled"": -8.5}}",refuse,bad_value,selftest,catalog selftest: check_value invalid
c0290,set,camera.exposure.enabled,"{""set"": {""camera.exposure.enabled"": ""true""}}",refuse,bad_value,boundary,type/range model invalid
c0291,reset,camera.exposure.enabled,"{""reset"": [""camera.exposure.enabled""]}",accept,,reset,reset of a control key
c0292,set,camera.exposure.mode,"{""set"": {""camera.exposure.mode"": null}}",refuse,not_writable,tier,tier=engineering
c0293,reset,camera.exposure.mode,"{""reset"": [""camera.exposure.mode""]}",refuse,not_writable,reset,tier=engineering
c0294,set,camera.exposure.ev,"{""set"": {""camera.exposure.ev"": null}}",accept,,selftest,"valid per check_value, inside limits"
c0295,set,camera.exposure.ev,"{""set"": {""camera.exposure.ev"": 0}}",accept,,selftest,"valid per check_value, inside limits"
c0296,set,camera.exposure.ev,"{""set"": {""camera.exposure.ev"": 1}}",accept,,selftest,"valid per check_value, inside limits"
c0297,set,camera.exposure.ev,"{""set"": {""camera.exposure.ev"": -1}}",accept,,selftest,"valid per check_value, inside limits"
c0298,set,camera.exposure.ev,"{""set"": {""camera.exposure.ev"": 2.5}}",accept,,selftest,"valid per check_value, inside limits"
c0299,set,camera.exposure.ev,"{""set"": {""camera.exposure.ev"": 8.0}}",accept,,selftest,"valid per check_value, inside limits"
c0300,set,camera.exposure.ev,"{""set"": {""camera.exposure.ev"": -8.0}}",accept,,selftest,"valid per check_value, inside limits"
c0301,set,camera.exposure.ev,"{""set"": {""camera.exposure.ev"": -8.5}}",refuse,bad_value,selftest,catalog selftest: check_value invalid
c0302,set,camera.exposure.ev,"{""set"": {""camera.exposure.ev"": 100000}}",refuse,bad_value,selftest,catalog selftest: check_value invalid
c0303,set,camera.exposure.ev,"{""set"": {""camera.exposure.ev"": 8.5}}",refuse,bad_value,selftest,catalog selftest: check_value invalid
c0304,set,camera.exposure.ev,"{""set"": {""camera.exposure.ev"": true}}",refuse,bad_value,selftest,catalog selftest: check_value invalid
c0305,set,camera.exposure.ev,"{""set"": {""camera.exposure.ev"": false}}",refuse,bad_value,selftest,catalog selftest: check_value invalid
c0306,set,camera.exposure.ev,"{""set"": {""camera.exposure.ev"": """"}}",refuse,bad_value,selftest,catalog selftest: check_value invalid
c0307,set,camera.exposure.ev,"{""set"": {""camera.exposure.ev"": -8.016}}",refuse,bad_value,boundary,type/range model invalid
c0308,set,camera.exposure.ev,"{""set"": {""camera.exposure.ev"": 8.016}}",refuse,bad_value,boundary,type/range model invalid
c0309,set,camera.exposure.ev,"{""set"": {""camera.exposure.ev"": ""-8.0""}}",refuse,bad_value,boundary,type/range model invalid
c0310,reset,camera.exposure.ev,"{""reset"": [""camera.exposure.ev""]}",accept,,reset,reset of a control key
c0311,set,camera.exposure.shutter_us,"{""set"": {""camera.exposure.shutter_us"": null}}",accept,,selftest,"valid per check_value, inside limits"
c0312,set,camera.exposure.shutter_us,"{""set"": {""camera.exposure.shutter_us"": 1}}",accept,,selftest,"valid per check_value, inside limits"
c0313,set,camera.exposure.shutter_us,"{""set"": {""camera.exposure.shutter_us"": 100000}}",accept,,selftest,"valid per check_value, inside limits"
c0314,set,camera.exposure.shutter_us,"{""set"": {""camera.exposure.shutter_us"": 120000000}}",accept,,selftest,"valid per check_value, inside limits"
c0315,set,camera.exposure.shutter_us,"{""set"": {""camera.exposure.shutter_us"": 0}}",refuse,bad_value,selftest,catalog selftest: check_value invalid
c0316,set,camera.exposure.shutter_us,"{""set"": {""camera.exposure.shutter_us"": -1}}",refuse,bad_value,selftest,catalog selftest: check_value invalid
c0317,set,camera.exposure.shutter_us,"{""set"": {""camera.exposure.shutter_us"": 2.5}}",refuse,bad_value,selftest,catalog selftest: check_value invalid
c0318,set,camera.exposure.shutter_us,"{""set"": {""camera.exposure.shutter_us"": -8.5}}",refuse,bad_value,selftest,catalog selftest: check_value invalid
c0319,set,camera.exposure.shutter_us,"{""set"": {""camera.exposure.shutter_us"": 8.0}}",refuse,bad_value,selftest,catalog selftest: check_value invalid
c0320,set,camera.exposure.shutter_us,"{""set"": {""camera.exposure.shutter_us"": 120000001}}",refuse,bad_value,selftest,catalog selftest: check_value invalid
c0321,set,camera.exposure.shutter_us,"{""set"": {""camera.exposure.shutter_us"": 1.5}}",refuse,bad_value,boundary,type/range model invalid
c0322,set,camera.exposure.shutter_us,"{""set"": {""camera.exposure.shutter_us"": ""1""}}",refuse,bad_value,boundary,type/range model invalid
c0323,set,camera.exposure.shutter_us,"{""set"": {""camera.exposure.shutter_us"": true}}",refuse,bad_value,boundary,catalog selftest: check_value invalid
c0324,reset,camera.exposure.shutter_us,"{""reset"": [""camera.exposure.shutter_us""]}",accept,,reset,reset of a control key
c0325,set,camera.exposure.analogue_gain,"{""set"": {""camera.exposure.analogue_gain"": null}}",accept,,selftest,"valid per check_value, inside limits"
c0326,set,camera.exposure.analogue_gain,"{""set"": {""camera.exposure.analogue_gain"": 0}}",accept,,selftest,"valid per check_value, inside limits"
c0327,set,camera.exposure.analogue_gain,"{""set"": {""camera.exposure.analogue_gain"": 1}}",accept,,selftest,"valid per check_value, inside limits"
c0328,set,camera.exposure.analogue_gain,"{""set"": {""camera.exposure.analogue_gain"": 2.5}}",accept,,selftest,"valid per check_value, inside limits"
c0329,set,camera.exposure.analogue_gain,"{""set"": {""camera.exposure.analogue_gain"": 8.0}}",accept,,selftest,"valid per check_value, inside limits"
c0330,set,camera.exposure.analogue_gain,"{""set"": {""camera.exposure.analogue_gain"": 0.0}}",accept,,selftest,"valid per check_value, inside limits"
c0331,set,camera.exposure.analogue_gain,"{""set"": {""camera.exposure.analogue_gain"": 64.0}}",accept,,selftest,"valid per check_value, inside limits"
c0332,set,camera.exposure.analogue_gain,"{""set"": {""camera.exposure.analogue_gain"": -1}}",refuse,bad_value,selftest,catalog selftest: check_value invalid
c0333,set,camera.exposure.analogue_gain,"{""set"": {""camera.exposure.analogue_gain"": -8.5}}",refuse,bad_value,selftest,catalog selftest: check_value invalid
c0334,set,camera.exposure.analogue_gain,"{""set"": {""camera.exposure.analogue_gain"": 100000}}",refuse,bad_value,selftest,catalog selftest: check_value invalid
c0335,set,camera.exposure.analogue_gain,"{""set"": {""camera.exposure.analogue_gain"": -0.5}}",refuse,bad_value,selftest,catalog selftest: check_value invalid
c0336,set,camera.exposure.analogue_gain,"{""set"": {""camera.exposure.analogue_gain"": 64.5}}",refuse,bad_value,selftest,catalog selftest: check_value invalid
c0337,set,camera.exposure.analogue_gain,"{""set"": {""camera.exposure.analogue_gain"": true}}",refuse,bad_value,selftest,catalog selftest: check_value invalid
c0338,set,camera.exposure.analogue_gain,"{""set"": {""camera.exposure.analogue_gain"": -0.064}}",refuse,bad_value,boundary,type/range model invalid
c0339,set,camera.exposure.analogue_gain,"{""set"": {""camera.exposure.analogue_gain"": 64.064}}",refuse,bad_value,boundary,type/range model invalid
c0340,set,camera.exposure.analogue_gain,"{""set"": {""camera.exposure.analogue_gain"": ""0.0""}}",refuse,bad_value,boundary,type/range model invalid
c0341,reset,camera.exposure.analogue_gain,"{""reset"": [""camera.exposure.analogue_gain""]}",accept,,reset,reset of a control key
c0342,set,camera.image_processing.enabled,"{""set"": {""camera.image_processing.enabled"": true}}",accept,,selftest,"valid per check_value, inside limits"
c0343,set,camera.image_processing.enabled,"{""set"": {""camera.image_processing.enabled"": false}}",accept,,selftest,"valid per check_value, inside limits"
c0344,set,camera.image_processing.enabled,"{""set"": {""camera.image_processing.enabled"": null}}",refuse,bad_value,selftest,catalog selftest: check_value invalid
c0345,set,camera.image_processing.enabled,"{""set"": {""camera.image_processing.enabled"": 0}}",refuse,bad_value,selftest,catalog selftest: check_value invalid
c0346,set,camera.image_processing.enabled,"{""set"": {""camera.image_processing.enabled"": 1}}",refuse,bad_value,selftest,catalog selftest: check_value invalid
c0347,set,camera.image_processing.enabled,"{""set"": {""camera.image_processing.enabled"": -1}}",refuse,bad_value,selftest,catalog selftest: check_value invalid
c0348,set,camera.image_processing.enabled,"{""set"": {""camera.image_processing.enabled"": 2.5}}",refuse,bad_value,selftest,catalog selftest: check_value invalid
c0349,set,camera.image_processing.enabled,"{""set"": {""camera.image_processing.enabled"": -8.5}}",refuse,bad_value,selftest,catalog selftest: check_value invalid
c0350,set,camera.image_processing.enabled,"{""set"": {""camera.image_processing.enabled"": ""true""}}",refuse,bad_value,boundary,type/range model invalid
c0351,reset,camera.image_processing.enabled,"{""reset"": [""camera.image_processing.enabled""]}",accept,,reset,reset of a control key
c0352,set,camera.image_processing.sharpness,"{""set"": {""camera.image_processing.sharpness"": null}}",accept,,selftest,"valid per check_value, inside limits"
c0353,set,camera.image_processing.sharpness,"{""set"": {""camera.image_processing.sharpness"": 0}}",accept,,selftest,"valid per check_value, inside limits"
c0354,set,camera.image_processing.sharpness,"{""set"": {""camera.image_processing.sharpness"": 1}}",accept,,selftest,"valid per check_value, inside limits"
c0355,set,camera.image_processing.sharpness,"{""set"": {""camera.image_processing.sharpness"": 2.5}}",accept,,selftest,"valid per check_value, inside limits"
c0356,set,camera.image_processing.sharpness,"{""set"": {""camera.image_processing.sharpness"": 8.0}}",accept,,selftest,"valid per check_value, inside limits"
c0357,set,camera.image_processing.sharpness,"{""set"": {""camera.image_processing.sharpness"": 0.0}}",accept,,selftest,"valid per check_value, inside limits"
c0358,set,camera.image_processing.sharpness,"{""set"": {""camera.image_processing.sharpness"": 16.0}}",accept,,selftest,"valid per check_value, inside limits"
c0359,set,camera.image_processing.sharpness,"{""set"": {""camera.image_processing.sharpness"": -1}}",refuse,bad_value,selftest,catalog selftest: check_value invalid
c0360,set,camera.image_processing.sharpness,"{""set"": {""camera.image_processing.sharpness"": -8.5}}",refuse,bad_value,selftest,catalog selftest: check_value invalid
c0361,set,camera.image_processing.sharpness,"{""set"": {""camera.image_processing.sharpness"": 100000}}",refuse,bad_value,selftest,catalog selftest: check_value invalid
c0362,set,camera.image_processing.sharpness,"{""set"": {""camera.image_processing.sharpness"": -0.5}}",refuse,bad_value,selftest,catalog selftest: check_value invalid
c0363,set,camera.image_processing.sharpness,"{""set"": {""camera.image_processing.sharpness"": 16.5}}",refuse,bad_value,selftest,catalog selftest: check_value invalid
c0364,set,camera.image_processing.sharpness,"{""set"": {""camera.image_processing.sharpness"": true}}",refuse,bad_value,selftest,catalog selftest: check_value invalid
c0365,set,camera.image_processing.sharpness,"{""set"": {""camera.image_processing.sharpness"": -0.016}}",refuse,bad_value,boundary,type/range model invalid
c0366,set,camera.image_processing.sharpness,"{""set"": {""camera.image_processing.sharpness"": 16.016}}",refuse,bad_value,boundary,type/range model invalid
c0367,set,camera.image_processing.sharpness,"{""set"": {""camera.image_processing.sharpness"": ""0.0""}}",refuse,bad_value,boundary,type/range model invalid
c0368,reset,camera.image_processing.sharpness,"{""reset"": [""camera.image_processing.sharpness""]}",accept,,reset,reset of a control key
c0369,set,camera.image_processing.contrast,"{""set"": {""camera.image_processing.contrast"": null}}",accept,,selftest,"valid per check_value, inside limits"
c0370,set,camera.image_processing.contrast,"{""set"": {""camera.image_processing.contrast"": 0}}",accept,,selftest,"valid per check_value, inside limits"
c0371,set,camera.image_processing.contrast,"{""set"": {""camera.image_processing.contrast"": 1}}",accept,,selftest,"valid per check_value, inside limits"
c0372,set,camera.image_processing.contrast,"{""set"": {""camera.image_processing.contrast"": 2.5}}",accept,,selftest,"valid per check_value, inside limits"
c0373,set,camera.image_processing.contrast,"{""set"": {""camera.image_processing.contrast"": 8.0}}",accept,,selftest,"valid per check_value, inside limits"
c0374,set,camera.image_processing.contrast,"{""set"": {""camera.image_processing.contrast"": 0.0}}",accept,,selftest,"valid per check_value, inside limits"
c0375,set,camera.image_processing.contrast,"{""set"": {""camera.image_processing.contrast"": 32.0}}",accept,,selftest,"valid per check_value, inside limits"
c0376,set,camera.image_processing.contrast,"{""set"": {""camera.image_processing.contrast"": -1}}",refuse,bad_value,selftest,catalog selftest: check_value invalid
c0377,set,camera.image_processing.contrast,"{""set"": {""camera.image_processing.contrast"": -8.5}}",refuse,bad_value,selftest,catalog selftest: check_value invalid
c0378,set,camera.image_processing.contrast,"{""set"": {""camera.image_processing.contrast"": 100000}}",refuse,bad_value,selftest,catalog selftest: check_value invalid
c0379,set,camera.image_processing.contrast,"{""set"": {""camera.image_processing.contrast"": -0.5}}",refuse,bad_value,selftest,catalog selftest: check_value invalid
c0380,set,camera.image_processing.contrast,"{""set"": {""camera.image_processing.contrast"": 32.5}}",refuse,bad_value,selftest,catalog selftest: check_value invalid
c0381,set,camera.image_processing.contrast,"{""set"": {""camera.image_processing.contrast"": true}}",refuse,bad_value,selftest,catalog selftest: check_value invalid
c0382,set,camera.image_processing.contrast,"{""set"": {""camera.image_processing.contrast"": -0.032}}",refuse,bad_value,boundary,type/range model invalid
c0383,set,camera.image_processing.contrast,"{""set"": {""camera.image_processing.contrast"": 32.032}}",refuse,bad_value,boundary,type/range model invalid
c0384,set,camera.image_processing.contrast,"{""set"": {""camera.image_processing.contrast"": ""0.0""}}",refuse,bad_value,boundary,type/range model invalid
c0385,reset,camera.image_processing.contrast,"{""reset"": [""camera.image_processing.contrast""]}",accept,,reset,reset of a control key
c0386,set,camera.image_processing.saturation,"{""set"": {""camera.image_processing.saturation"": null}}",accept,,selftest,"valid per check_value, inside limits"
c0387,set,camera.image_processing.saturation,"{""set"": {""camera.image_processing.saturation"": 0}}",accept,,selftest,"valid per check_value, inside limits"
c0388,set,camera.image_processing.saturation,"{""set"": {""camera.image_processing.saturation"": 1}}",accept,,selftest,"valid per check_value, inside limits"
c0389,set,camera.image_processing.saturation,"{""set"": {""camera.image_processing.saturation"": 2.5}}",accept,,selftest,"valid per check_value, inside limits"
c0390,set,camera.image_processing.saturation,"{""set"": {""camera.image_processing.saturation"": 8.0}}",accept,,selftest,"valid per check_value, inside limits"
c0391,set,camera.image_processing.saturation,"{""set"": {""camera.image_processing.saturation"": 0.0}}",accept,,selftest,"valid per check_value, inside limits"
c0392,set,camera.image_processing.saturation,"{""set"": {""camera.image_processing.saturation"": 32.0}}",accept,,selftest,"valid per check_value, inside limits"
c0393,set,camera.image_processing.saturation,"{""set"": {""camera.image_processing.saturation"": -1}}",refuse,bad_value,selftest,catalog selftest: check_value invalid
c0394,set,camera.image_processing.saturation,"{""set"": {""camera.image_processing.saturation"": -8.5}}",refuse,bad_value,selftest,catalog selftest: check_value invalid
c0395,set,camera.image_processing.saturation,"{""set"": {""camera.image_processing.saturation"": 100000}}",refuse,bad_value,selftest,catalog selftest: check_value invalid
c0396,set,camera.image_processing.saturation,"{""set"": {""camera.image_processing.saturation"": -0.5}}",refuse,bad_value,selftest,catalog selftest: check_value invalid
c0397,set,camera.image_processing.saturation,"{""set"": {""camera.image_processing.saturation"": 32.5}}",refuse,bad_value,selftest,catalog selftest: check_value invalid
c0398,set,camera.image_processing.saturation,"{""set"": {""camera.image_processing.saturation"": true}}",refuse,bad_value,selftest,catalog selftest: check_value invalid
c0399,set,camera.image_processing.saturation,"{""set"": {""camera.image_processing.saturation"": -0.032}}",refuse,bad_value,boundary,type/range model invalid
c0400,set,camera.image_processing.saturation,"{""set"": {""camera.image_processing.saturation"": 32.032}}",refuse,bad_value,boundary,type/range model invalid
c0401,set,camera.image_processing.saturation,"{""set"": {""camera.image_processing.saturation"": ""0.0""}}",refuse,bad_value,boundary,type/range model invalid
c0402,reset,camera.image_processing.saturation,"{""reset"": [""camera.image_processing.saturation""]}",accept,,reset,reset of a control key
c0403,set,camera.image_processing.brightness,"{""set"": {""camera.image_processing.brightness"": null}}",accept,,selftest,"valid per check_value, inside limits"
c0404,set,camera.image_processing.brightness,"{""set"": {""camera.image_processing.brightness"": 0}}",accept,,selftest,"valid per check_value, inside limits"
c0405,set,camera.image_processing.brightness,"{""set"": {""camera.image_processing.brightness"": 1}}",accept,,selftest,"valid per check_value, inside limits"
c0406,set,camera.image_processing.brightness,"{""set"": {""camera.image_processing.brightness"": -1}}",accept,,selftest,"valid per check_value, inside limits"
c0407,set,camera.image_processing.brightness,"{""set"": {""camera.image_processing.brightness"": -1.0}}",accept,,selftest,"valid per check_value, inside limits"
c0408,set,camera.image_processing.brightness,"{""set"": {""camera.image_processing.brightness"": 1.0}}",accept,,selftest,"valid per check_value, inside limits"
c0409,set,camera.image_processing.brightness,"{""set"": {""camera.image_processing.brightness"": 2.5}}",refuse,bad_value,selftest,catalog selftest: check_value invalid
c0410,set,camera.image_processing.brightness,"{""set"": {""camera.image_processing.brightness"": -8.5}}",refuse,bad_value,selftest,catalog selftest: check_value invalid
c0411,set,camera.image_processing.brightness,"{""set"": {""camera.image_processing.brightness"": 8.0}}",refuse,bad_value,selftest,catalog selftest: check_value invalid
c0412,set,camera.image_processing.brightness,"{""set"": {""camera.image_processing.brightness"": 100000}}",refuse,bad_value,selftest,catalog selftest: check_value invalid
c0413,set,camera.image_processing.brightness,"{""set"": {""camera.image_processing.brightness"": -1.5}}",refuse,bad_value,selftest,catalog selftest: check_value invalid
c0414,set,camera.image_processing.brightness,"{""set"": {""camera.image_processing.brightness"": 1.5}}",refuse,bad_value,selftest,catalog selftest: check_value invalid
c0415,set,camera.image_processing.brightness,"{""set"": {""camera.image_processing.brightness"": -1.002}}",refuse,bad_value,boundary,type/range model invalid
c0416,set,camera.image_processing.brightness,"{""set"": {""camera.image_processing.brightness"": 1.002}}",refuse,bad_value,boundary,type/range model invalid
c0417,set,camera.image_processing.brightness,"{""set"": {""camera.image_processing.brightness"": ""-1.0""}}",refuse,bad_value,boundary,type/range model invalid
c0418,set,camera.image_processing.brightness,"{""set"": {""camera.image_processing.brightness"": true}}",refuse,bad_value,boundary,catalog selftest: check_value invalid
c0419,reset,camera.image_processing.brightness,"{""reset"": [""camera.image_processing.brightness""]}",accept,,reset,reset of a control key
c0420,set,camera.image_processing.denoise,"{""set"": {""camera.image_processing.denoise"": null}}",accept,,selftest,"valid per check_value, inside limits"
c0421,set,camera.image_processing.denoise,"{""set"": {""camera.image_processing.denoise"": ""auto""}}",accept,,selftest,"valid per check_value, inside limits"
c0422,set,camera.image_processing.denoise,"{""set"": {""camera.image_processing.denoise"": ""off""}}",accept,,selftest,"valid per check_value, inside limits"
c0423,set,camera.image_processing.denoise,"{""set"": {""camera.image_processing.denoise"": ""cdn_off""}}",accept,,selftest,"valid per check_value, inside limits"
c0424,set,camera.image_processing.denoise,"{""set"": {""camera.image_processing.denoise"": ""cdn_fast""}}",accept,,selftest,"valid per check_value, inside limits"
c0425,set,camera.image_processing.denoise,"{""set"": {""camera.image_processing.denoise"": ""cdn_hq""}}",accept,,selftest,"valid per check_value, inside limits"
c0426,set,camera.image_processing.denoise,"{""set"": {""camera.image_processing.denoise"": """"}}",refuse,bad_value,selftest,catalog selftest: check_value invalid
c0427,set,camera.image_processing.denoise,"{""set"": {""camera.image_processing.denoise"": ""x""}}",refuse,bad_value,selftest,catalog selftest: check_value invalid
c0428,set,camera.image_processing.denoise,"{""set"": {""camera.image_processing.denoise"": ""12:00""}}",refuse,bad_value,selftest,catalog selftest: check_value invalid
c0429,set,camera.image_processing.denoise,"{""set"": {""camera.image_processing.denoise"": ""25:00""}}",refuse,bad_value,selftest,catalog selftest: check_value invalid
c0430,set,camera.image_processing.denoise,"{""set"": {""camera.image_processing.denoise"": ""480x270""}}",refuse,bad_value,selftest,catalog selftest: check_value invalid
c0431,set,camera.image_processing.denoise,"{""set"": {""camera.image_processing.denoise"": ""481x271""}}",refuse,bad_value,selftest,catalog selftest: check_value invalid
c0432,reset,camera.image_processing.denoise,"{""reset"": [""camera.image_processing.denoise""]}",accept,,reset,reset of a control key
c0433,set,camera.image_processing.hdr,"{""set"": {""camera.image_processing.hdr"": null}}",accept,,selftest,"valid per check_value, inside limits"
c0434,set,camera.image_processing.hdr,"{""set"": {""camera.image_processing.hdr"": true}}",accept,,selftest,"valid per check_value, inside limits"
c0435,set,camera.image_processing.hdr,"{""set"": {""camera.image_processing.hdr"": false}}",accept,,selftest,"valid per check_value, inside limits"
c0436,set,camera.image_processing.hdr,"{""set"": {""camera.image_processing.hdr"": ""auto""}}",accept,,selftest,"valid per check_value, inside limits"
c0437,set,camera.image_processing.hdr,"{""set"": {""camera.image_processing.hdr"": ""off""}}",accept,,selftest,"valid per check_value, inside limits"
c0438,set,camera.image_processing.hdr,"{""set"": {""camera.image_processing.hdr"": ""sensor""}}",accept,,selftest,"valid per check_value, inside limits"
c0439,set,camera.image_processing.hdr,"{""set"": {""camera.image_processing.hdr"": ""single-exp""}}",accept,,selftest,"valid per check_value, inside limits"
c0440,set,camera.image_processing.hdr,"{""set"": {""camera.image_processing.hdr"": 0}}",refuse,bad_value,selftest,catalog selftest: check_value invalid
c0441,set,camera.image_processing.hdr,"{""set"": {""camera.image_processing.hdr"": 1}}",refuse,bad_value,selftest,catalog selftest: check_value invalid
c0442,set,camera.image_processing.hdr,"{""set"": {""camera.image_processing.hdr"": -1}}",refuse,bad_value,selftest,catalog selftest: check_value invalid
c0443,set,camera.image_processing.hdr,"{""set"": {""camera.image_processing.hdr"": 2.5}}",refuse,bad_value,selftest,catalog selftest: check_value invalid
c0444,set,camera.image_processing.hdr,"{""set"": {""camera.image_processing.hdr"": -8.5}}",refuse,bad_value,selftest,catalog selftest: check_value invalid
c0445,set,camera.image_processing.hdr,"{""set"": {""camera.image_processing.hdr"": 8.0}}",refuse,bad_value,selftest,catalog selftest: check_value invalid
c0446,reset,camera.image_processing.hdr,"{""reset"": [""camera.image_processing.hdr""]}",accept,,reset,reset of a control key
c0447,set,still.crop,"{""set"": {""still.crop"": [1, 2, 3, 4]}}",depends,,selftest,inside the native frame when native size is known
c0448,set,still.crop,"{""set"": {""still.crop"": [0, 0, 4608, 2592]}}",depends,,selftest,inside the native frame when native size is known
c0449,set,still.crop,"{""set"": {""still.crop"": [1504, 846, 1600, 900]}}",depends,,selftest,inside the native frame when native size is known
c0450,set,still.crop,"{""set"": {""still.crop"": [15, 13, 11, 9]}}",depends,,selftest,inside the native frame when native size is known
c0451,set,still.crop,"{""set"": {""still.crop"": [-1, 0, 10, 10]}}",refuse,bad_value,selftest,catalog selftest: check_value invalid
c0452,set,still.crop,"{""set"": {""still.crop"": [9, 11]}}",refuse,bad_value,selftest,catalog selftest: check_value invalid
c0453,set,still.crop,"{""set"": {""still.crop"": [1.8, 1.6]}}",refuse,bad_value,selftest,catalog selftest: check_value invalid
c0454,set,still.crop,"{""set"": {""still.crop"": [1.8, 0]}}",refuse,bad_value,selftest,catalog selftest: check_value invalid
c0455,set,still.crop,"{""set"": {""still.crop"": [1, 2]}}",refuse,bad_value,selftest,catalog selftest: check_value invalid
c0456,set,still.crop,"{""set"": {""still.crop"": null}}",refuse,bad_value,selftest,catalog selftest: check_value invalid
c0457,set,still.crop,"{""set"": {""still.crop"": [1904, 1071, 800, 450]}}",depends,,boundary,value not in the selftest vectors: unit check_value unknown here
c0458,set,still.crop,"{""set"": {""still.crop"": [4000, 0, 800, 450]}}",depends,,boundary,value not in the selftest vectors: unit check_value unknown here
c0459,set,still.crop,"{""set"": {""still.crop"": [0, 0, 4609, 2592]}}",depends,,boundary,value not in the selftest vectors: unit check_value unknown here
c0460,set,still.crop,"{""set"": {""still.crop"": [0, 0, 0, 10]}}",depends,,boundary,value not in the selftest vectors: unit check_value unknown here
c0461,reset,still.crop,"{""reset"": [""still.crop""]}",accept,,reset,reset of a control key
c0462,set,still.output_width,"{""set"": {""still.output_width"": 1000}}",accept,,selftest,"valid per check_value, inside limits"
c0463,set,still.output_width,"{""set"": {""still.output_width"": 16}}",accept,,selftest,"valid per check_value, inside limits"
c0464,set,still.output_width,"{""set"": {""still.output_width"": 4608}}",accept,,selftest,"valid per check_value, inside limits"
c0465,set,still.output_width,"{""set"": {""still.output_width"": 0}}",refuse,bad_value,selftest,catalog selftest: check_value invalid
c0466,set,still.output_width,"{""set"": {""still.output_width"": 1}}",refuse,bad_value,selftest,catalog selftest: check_value invalid
c0467,set,still.output_width,"{""set"": {""still.output_width"": -1}}",refuse,bad_value,selftest,catalog selftest: check_value invalid
c0468,set,still.output_width,"{""set"": {""still.output_width"": 2.5}}",refuse,bad_value,selftest,catalog selftest: check_value invalid
c0469,set,still.output_width,"{""set"": {""still.output_width"": -8.5}}",refuse,bad_value,selftest,catalog selftest: check_value invalid
c0470,set,still.output_width,"{""set"": {""still.output_width"": 8.0}}",refuse,bad_value,selftest,catalog selftest: check_value invalid
c0471,set,still.output_width,"{""set"": {""still.output_width"": 15}}",refuse,bad_value,boundary,catalog selftest: check_value invalid
c0472,set,still.output_width,"{""set"": {""still.output_width"": 4609}}",refuse,bad_value,boundary,catalog selftest: check_value invalid
c0473,set,still.output_width,"{""set"": {""still.output_width"": 16.5}}",refuse,bad_value,boundary,type/range model invalid
c0474,set,still.output_width,"{""set"": {""still.output_width"": ""16""}}",refuse,bad_value,boundary,type/range model invalid
c0475,set,still.output_width,"{""set"": {""still.output_width"": true}}",refuse,bad_value,boundary,catalog selftest: check_value invalid
c0476,reset,still.output_width,"{""reset"": [""still.output_width""]}",accept,,reset,reset of a control key
c0477,set,still.quality_ladder,"{""set"": {""still.quality_ladder"": [15, 13, 11, 9]}}",accept,,selftest,"valid per check_value, inside limits"
c0478,set,still.quality_ladder,"{""set"": {""still.quality_ladder"": [1, 2, 3, 4]}}",refuse,bad_value,selftest,catalog selftest: check_value invalid
c0479,set,still.quality_ladder,"{""set"": {""still.quality_ladder"": [0, 0, 4608, 2592]}}",refuse,bad_value,selftest,catalog selftest: check_value invalid
c0480,set,still.quality_ladder,"{""set"": {""still.quality_ladder"": [1504, 846, 1600, 900]}}",refuse,bad_value,selftest,catalog selftest: check_value invalid
c0481,set,still.quality_ladder,"{""set"": {""still.quality_ladder"": [-1, 0, 10, 10]}}",refuse,bad_value,selftest,catalog selftest: check_value invalid
c0482,set,still.quality_ladder,"{""set"": {""still.quality_ladder"": [9, 11]}}",refuse,bad_value,selftest,catalog selftest: check_value invalid
c0483,set,still.quality_ladder,"{""set"": {""still.quality_ladder"": [1.8, 1.6]}}",refuse,bad_value,selftest,catalog selftest: check_value invalid
c0484,set,still.quality_ladder,"{""set"": {""still.quality_ladder"": [90]}}",depends,,boundary,value not in the selftest vectors: unit check_value unknown here
c0485,set,still.quality_ladder,"{""set"": {""still.quality_ladder"": [20, 15, 11, 9]}}",depends,,boundary,value not in the selftest vectors: unit check_value unknown here
c0486,set,still.quality_ladder,"{""set"": {""still.quality_ladder"": [20, 15, 11, 9, 7]}}",refuse,over_limit,boundary,limits.max_items 4
c0487,set,still.quality_ladder,"{""set"": {""still.quality_ladder"": [101, 50]}}",depends,,boundary,value not in the selftest vectors: unit check_value unknown here
c0488,set,still.quality_ladder,"{""set"": {""still.quality_ladder"": [0]}}",depends,,boundary,value not in the selftest vectors: unit check_value unknown here
c0489,reset,still.quality_ladder,"{""reset"": [""still.quality_ladder""]}",accept,,reset,reset of a control key
c0490,set,still.save.quality,"{""set"": {""still.save.quality"": 85}}",refuse,not_writable,tier,tier=engineering
c0491,reset,still.save.quality,"{""reset"": [""still.save.quality""]}",refuse,not_writable,reset,tier=engineering
c0492,set,still.message_cap,"{""set"": {""still.message_cap"": 1}}",accept,,selftest,"valid per check_value, inside limits"
c0493,set,still.message_cap,"{""set"": {""still.message_cap"": 195}}",accept,,selftest,"valid per check_value, inside limits"
c0494,set,still.message_cap,"{""set"": {""still.message_cap"": 2000}}",refuse,over_limit,selftest,limits.max 500
c0495,set,still.message_cap,"{""set"": {""still.message_cap"": 0}}",refuse,bad_value,selftest,catalog selftest: check_value invalid
c0496,set,still.message_cap,"{""set"": {""still.message_cap"": -1}}",refuse,bad_value,selftest,catalog selftest: check_value invalid
c0497,set,still.message_cap,"{""set"": {""still.message_cap"": 2.5}}",refuse,bad_value,selftest,catalog selftest: check_value invalid
c0498,set,still.message_cap,"{""set"": {""still.message_cap"": -8.5}}",refuse,bad_value,selftest,catalog selftest: check_value invalid
c0499,set,still.message_cap,"{""set"": {""still.message_cap"": 8.0}}",refuse,bad_value,selftest,catalog selftest: check_value invalid
c0500,set,still.message_cap,"{""set"": {""still.message_cap"": 100000}}",refuse,bad_value,selftest,catalog selftest: check_value invalid
c0501,set,still.message_cap,"{""set"": {""still.message_cap"": 2001}}",refuse,bad_value,boundary,catalog selftest: check_value invalid
c0502,set,still.message_cap,"{""set"": {""still.message_cap"": 1.5}}",refuse,bad_value,boundary,type/range model invalid
c0503,set,still.message_cap,"{""set"": {""still.message_cap"": ""1""}}",refuse,bad_value,boundary,type/range model invalid
c0504,set,still.message_cap,"{""set"": {""still.message_cap"": true}}",refuse,bad_value,boundary,catalog selftest: check_value invalid
c0505,reset,still.message_cap,"{""reset"": [""still.message_cap""]}",accept,,reset,reset of a control key
c0506,set,still.budget_min,"{""set"": {""still.budget_min"": 1}}",accept,,selftest,"valid per check_value, inside limits"
c0507,set,still.budget_min,"{""set"": {""still.budget_min"": 18}}",accept,,selftest,"valid per check_value, inside limits"
c0508,set,still.budget_min,"{""set"": {""still.budget_min"": 240}}",refuse,over_limit,selftest,limits.max 30
c0509,set,still.budget_min,"{""set"": {""still.budget_min"": 0}}",refuse,bad_value,selftest,catalog selftest: check_value invalid
c0510,set,still.budget_min,"{""set"": {""still.budget_min"": -1}}",refuse,bad_value,selftest,catalog selftest: check_value invalid
c0511,set,still.budget_min,"{""set"": {""still.budget_min"": 2.5}}",refuse,bad_value,selftest,catalog selftest: check_value invalid
c0512,set,still.budget_min,"{""set"": {""still.budget_min"": -8.5}}",refuse,bad_value,selftest,catalog selftest: check_value invalid
c0513,set,still.budget_min,"{""set"": {""still.budget_min"": 8.0}}",refuse,bad_value,selftest,catalog selftest: check_value invalid
c0514,set,still.budget_min,"{""set"": {""still.budget_min"": 100000}}",refuse,bad_value,selftest,catalog selftest: check_value invalid
c0515,set,still.budget_min,"{""set"": {""still.budget_min"": 241}}",refuse,bad_value,boundary,catalog selftest: check_value invalid
c0516,set,still.budget_min,"{""set"": {""still.budget_min"": 1.5}}",refuse,bad_value,boundary,type/range model invalid
c0517,set,still.budget_min,"{""set"": {""still.budget_min"": ""1""}}",refuse,bad_value,boundary,type/range model invalid
c0518,set,still.budget_min,"{""set"": {""still.budget_min"": true}}",refuse,bad_value,boundary,catalog selftest: check_value invalid
c0519,reset,still.budget_min,"{""reset"": [""still.budget_min""]}",accept,,reset,reset of a control key
c0520,set,video.record.framing,"{""set"": {""video.record.framing"": null}}",depends,,selftest,video geometry must resolve (reported geometry)
c0521,set,video.record.framing,"{""set"": {""video.record.framing"": """"}}",refuse,bad_value,selftest,catalog selftest: check_value invalid
c0522,set,video.record.framing,"{""set"": {""video.record.framing"": ""x""}}",refuse,bad_value,selftest,catalog selftest: check_value invalid
c0523,set,video.record.framing,"{""set"": {""video.record.framing"": ""auto""}}",refuse,bad_value,selftest,catalog selftest: check_value invalid
c0524,set,video.record.framing,"{""set"": {""video.record.framing"": ""12:00""}}",refuse,bad_value,selftest,catalog selftest: check_value invalid
c0525,set,video.record.framing,"{""set"": {""video.record.framing"": ""25:00""}}",refuse,bad_value,selftest,catalog selftest: check_value invalid
c0526,set,video.record.framing,"{""set"": {""video.record.framing"": ""480x270""}}",refuse,bad_value,selftest,catalog selftest: check_value invalid
c0527,reset,video.record.framing,"{""reset"": [""video.record.framing""]}",accept,,reset,reset of a control key
c0528,set,video.record.crop,"{""set"": {""video.record.crop"": null}}",depends,,selftest,video geometry; framing-less crop xor output refused
c0529,set,video.record.crop,"{""set"": {""video.record.crop"": [1, 2, 3, 4]}}",depends,,selftest,video geometry; framing-less crop xor output refused
c0530,set,video.record.crop,"{""set"": {""video.record.crop"": [0, 0, 4608, 2592]}}",depends,,selftest,video geometry; framing-less crop xor output refused
c0531,set,video.record.crop,"{""set"": {""video.record.crop"": [1504, 846, 1600, 900]}}",depends,,selftest,video geometry; framing-less crop xor output refused
c0532,set,video.record.crop,"{""set"": {""video.record.crop"": [15, 13, 11, 9]}}",depends,,selftest,video geometry; framing-less crop xor output refused
c0533,set,video.record.crop,"{""set"": {""video.record.crop"": [-1, 0, 10, 10]}}",refuse,bad_value,selftest,catalog selftest: check_value invalid
c0534,set,video.record.crop,"{""set"": {""video.record.crop"": [9, 11]}}",refuse,bad_value,selftest,catalog selftest: check_value invalid
c0535,set,video.record.crop,"{""set"": {""video.record.crop"": [1.8, 1.6]}}",refuse,bad_value,selftest,catalog selftest: check_value invalid
c0536,set,video.record.crop,"{""set"": {""video.record.crop"": [1.8, 0]}}",refuse,bad_value,selftest,catalog selftest: check_value invalid
c0537,set,video.record.crop,"{""set"": {""video.record.crop"": [1, 2]}}",refuse,bad_value,selftest,catalog selftest: check_value invalid
c0538,set,video.record.crop,"{""set"": {""video.record.crop"": true}}",refuse,bad_value,selftest,catalog selftest: check_value invalid
c0539,set,video.record.crop,"{""set"": {""video.record.crop"": [1904, 1071, 800, 450]}}",depends,,boundary,value not in the selftest vectors: unit check_value unknown here
c0540,set,video.record.crop,"{""set"": {""video.record.crop"": [4000, 0, 800, 450]}}",depends,,boundary,value not in the selftest vectors: unit check_value unknown here
c0541,set,video.record.crop,"{""set"": {""video.record.crop"": [0, 0, 4609, 2592]}}",depends,,boundary,value not in the selftest vectors: unit check_value unknown here
c0542,set,video.record.crop,"{""set"": {""video.record.crop"": [0, 0, 0, 10]}}",depends,,boundary,value not in the selftest vectors: unit check_value unknown here
c0543,reset,video.record.crop,"{""reset"": [""video.record.crop""]}",accept,,reset,reset of a control key
c0544,set,video.record.output,"{""set"": {""video.record.output"": null}}",depends,,selftest,video geometry; framing-less crop xor output refused
c0545,set,video.record.output,"{""set"": {""video.record.output"": ""480x270""}}",depends,,selftest,video geometry; framing-less crop xor output refused
c0546,set,video.record.output,"{""set"": {""video.record.output"": ""481x271""}}",depends,,selftest,video geometry; framing-less crop xor output refused
c0547,set,video.record.output,"{""set"": {""video.record.output"": """"}}",refuse,bad_value,selftest,catalog selftest: check_value invalid
c0548,set,video.record.output,"{""set"": {""video.record.output"": ""x""}}",refuse,bad_value,selftest,catalog selftest: check_value invalid
c0549,set,video.record.output,"{""set"": {""video.record.output"": ""auto""}}",refuse,bad_value,selftest,catalog selftest: check_value invalid
c0550,set,video.record.output,"{""set"": {""video.record.output"": ""12:00""}}",refuse,bad_value,selftest,catalog selftest: check_value invalid
c0551,set,video.record.output,"{""set"": {""video.record.output"": ""25:00""}}",refuse,bad_value,selftest,catalog selftest: check_value invalid
c0552,set,video.record.output,"{""set"": {""video.record.output"": ""0x10""}}",refuse,bad_value,selftest,catalog selftest: check_value invalid
c0553,set,video.record.output,"{""set"": {""video.record.output"": ""16x16""}}",depends,,boundary,value not in the selftest vectors: unit check_value unknown here
c0554,set,video.record.output,"{""set"": {""video.record.output"": ""14x16""}}",depends,,boundary,value not in the selftest vectors: unit check_value unknown here
c0555,set,video.record.output,"{""set"": {""video.record.output"": ""482x272""}}",depends,,boundary,value not in the selftest vectors: unit check_value unknown here
c0556,set,video.record.output,"{""set"": {""video.record.output"": ""640x360""}}",depends,,boundary,value not in the selftest vectors: unit check_value unknown here
c0557,set,video.record.output,"{""set"": {""video.record.output"": ""1280x720""}}",depends,,boundary,value not in the selftest vectors: unit check_value unknown here
c0558,set,video.record.output,"{""set"": {""video.record.output"": ""4608x2592""}}",depends,,boundary,value not in the selftest vectors: unit check_value unknown here
c0559,set,video.record.output,"{""set"": {""video.record.output"": ""640X360""}}",depends,,boundary,value not in the selftest vectors: unit check_value unknown here
c0560,set,video.record.output,"{""set"": {""video.record.output"": ""640x""}}",depends,,boundary,value not in the selftest vectors: unit check_value unknown here
c0561,reset,video.record.output,"{""reset"": [""video.record.output""]}",accept,,reset,reset of a control key
c0562,set,video.record.sensor_mode,"{""set"": {""video.record.sensor_mode"": null}}",depends,,selftest,video geometry must resolve
c0563,set,video.record.sensor_mode,"{""set"": {""video.record.sensor_mode"": """"}}",refuse,bad_value,selftest,catalog selftest: check_value invalid
c0564,set,video.record.sensor_mode,"{""set"": {""video.record.sensor_mode"": ""x""}}",refuse,bad_value,selftest,catalog selftest: check_value invalid
c0565,set,video.record.sensor_mode,"{""set"": {""video.record.sensor_mode"": ""auto""}}",refuse,bad_value,selftest,catalog selftest: check_value invalid
c0566,set,video.record.sensor_mode,"{""set"": {""video.record.sensor_mode"": ""12:00""}}",refuse,bad_value,selftest,catalog selftest: check_value invalid
c0567,set,video.record.sensor_mode,"{""set"": {""video.record.sensor_mode"": ""25:00""}}",refuse,bad_value,selftest,catalog selftest: check_value invalid
c0568,set,video.record.sensor_mode,"{""set"": {""video.record.sensor_mode"": ""480x270""}}",refuse,bad_value,selftest,catalog selftest: check_value invalid
c0569,reset,video.record.sensor_mode,"{""reset"": [""video.record.sensor_mode""]}",accept,,reset,reset of a control key
c0570,set,video.record.fps,"{""set"": {""video.record.fps"": 1}}",depends,,selftest,video geometry (fps30 block above N pixels)
c0571,set,video.record.fps,"{""set"": {""video.record.fps"": 15}}",depends,,selftest,video geometry (fps30 block above N pixels)
c0572,set,video.record.fps,"{""set"": {""video.record.fps"": 30}}",depends,,selftest,video geometry (fps30 block above N pixels)
c0573,set,video.record.fps,"{""set"": {""video.record.fps"": 0}}",refuse,bad_value,selftest,catalog selftest: check_value invalid
c0574,set,video.record.fps,"{""set"": {""video.record.fps"": -1}}",refuse,bad_value,selftest,catalog selftest: check_value invalid
c0575,set,video.record.fps,"{""set"": {""video.record.fps"": 2.5}}",refuse,bad_value,selftest,catalog selftest: check_value invalid
c0576,set,video.record.fps,"{""set"": {""video.record.fps"": -8.5}}",refuse,bad_value,selftest,catalog selftest: check_value invalid
c0577,set,video.record.fps,"{""set"": {""video.record.fps"": 8.0}}",refuse,bad_value,selftest,catalog selftest: check_value invalid
c0578,set,video.record.fps,"{""set"": {""video.record.fps"": 100000}}",refuse,bad_value,selftest,catalog selftest: check_value invalid
c0579,set,video.record.fps,"{""set"": {""video.record.fps"": 31}}",refuse,bad_value,boundary,catalog selftest: check_value invalid
c0580,set,video.record.fps,"{""set"": {""video.record.fps"": 1.5}}",refuse,bad_value,boundary,type/range model invalid
c0581,set,video.record.fps,"{""set"": {""video.record.fps"": ""1""}}",refuse,bad_value,boundary,type/range model invalid
c0582,set,video.record.fps,"{""set"": {""video.record.fps"": true}}",refuse,bad_value,boundary,catalog selftest: check_value invalid
c0583,reset,video.record.fps,"{""reset"": [""video.record.fps""]}",accept,,reset,reset of a control key
c0584,set,video.record.bitrate_mbps,"{""set"": {""video.record.bitrate_mbps"": 1}}",accept,,selftest,"valid per check_value, inside limits"
c0585,set,video.record.bitrate_mbps,"{""set"": {""video.record.bitrate_mbps"": 2.5}}",accept,,selftest,"valid per check_value, inside limits"
c0586,set,video.record.bitrate_mbps,"{""set"": {""video.record.bitrate_mbps"": 8.0}}",accept,,selftest,"valid per check_value, inside limits"
c0587,set,video.record.bitrate_mbps,"{""set"": {""video.record.bitrate_mbps"": 2.0}}",accept,,selftest,"valid per check_value, inside limits"
c0588,set,video.record.bitrate_mbps,"{""set"": {""video.record.bitrate_mbps"": 0.1}}",accept,,selftest,"valid per check_value, inside limits"
c0589,set,video.record.bitrate_mbps,"{""set"": {""video.record.bitrate_mbps"": 25.0}}",accept,,selftest,"valid per check_value, inside limits"
c0590,set,video.record.bitrate_mbps,"{""set"": {""video.record.bitrate_mbps"": 0}}",refuse,bad_value,selftest,catalog selftest: check_value invalid
c0591,set,video.record.bitrate_mbps,"{""set"": {""video.record.bitrate_mbps"": -1}}",refuse,bad_value,selftest,catalog selftest: check_value invalid
c0592,set,video.record.bitrate_mbps,"{""set"": {""video.record.bitrate_mbps"": -8.5}}",refuse,bad_value,selftest,catalog selftest: check_value invalid
c0593,set,video.record.bitrate_mbps,"{""set"": {""video.record.bitrate_mbps"": 100000}}",refuse,bad_value,selftest,catalog selftest: check_value invalid
c0594,set,video.record.bitrate_mbps,"{""set"": {""video.record.bitrate_mbps"": -0.4}}",refuse,bad_value,selftest,catalog selftest: check_value invalid
c0595,set,video.record.bitrate_mbps,"{""set"": {""video.record.bitrate_mbps"": 25.5}}",refuse,bad_value,selftest,catalog selftest: check_value invalid
c0596,set,video.record.bitrate_mbps,"{""set"": {""video.record.bitrate_mbps"": 0.0751}}",refuse,bad_value,boundary,type/range model invalid
c0597,set,video.record.bitrate_mbps,"{""set"": {""video.record.bitrate_mbps"": 25.0249}}",refuse,bad_value,boundary,type/range model invalid
c0598,set,video.record.bitrate_mbps,"{""set"": {""video.record.bitrate_mbps"": ""0.1""}}",refuse,bad_value,boundary,type/range model invalid
c0599,set,video.record.bitrate_mbps,"{""set"": {""video.record.bitrate_mbps"": true}}",refuse,bad_value,boundary,catalog selftest: check_value invalid
c0600,reset,video.record.bitrate_mbps,"{""reset"": [""video.record.bitrate_mbps""]}",accept,,reset,reset of a control key
c0601,set,video.record.dir,"{""set"": {""video.record.dir"": ""/home/pi/BM_Devel_Pi/videos""}}",refuse,not_writable,tier,tier=blocked
c0602,reset,video.record.dir,"{""reset"": [""video.record.dir""]}",refuse,not_writable,reset,tier=blocked
c0603,set,video.record.encoder.profile,"{""set"": {""video.record.encoder.profile"": """"}}",refuse,blocked_value,selftest,catalog blocked_values: cannot be sent (wire strings are 1..48 chars): use reset
c0604,set,video.record.encoder.profile,"{""set"": {""video.record.encoder.profile"": ""baseline""}}",accept,,selftest,"valid per check_value, inside limits"
c0605,set,video.record.encoder.profile,"{""set"": {""video.record.encoder.profile"": ""main""}}",accept,,selftest,"valid per check_value, inside limits"
c0606,set,video.record.encoder.profile,"{""set"": {""video.record.encoder.profile"": ""high""}}",accept,,selftest,"valid per check_value, inside limits"
c0607,set,video.record.encoder.profile,"{""set"": {""video.record.encoder.profile"": ""x""}}",refuse,bad_value,selftest,catalog selftest: check_value invalid
c0608,set,video.record.encoder.profile,"{""set"": {""video.record.encoder.profile"": ""auto""}}",refuse,bad_value,selftest,catalog selftest: check_value invalid
c0609,set,video.record.encoder.profile,"{""set"": {""video.record.encoder.profile"": ""12:00""}}",refuse,bad_value,selftest,catalog selftest: check_value invalid
c0610,set,video.record.encoder.profile,"{""set"": {""video.record.encoder.profile"": ""25:00""}}",refuse,bad_value,selftest,catalog selftest: check_value invalid
c0611,set,video.record.encoder.profile,"{""set"": {""video.record.encoder.profile"": ""480x270""}}",refuse,bad_value,selftest,catalog selftest: check_value invalid
c0612,set,video.record.encoder.profile,"{""set"": {""video.record.encoder.profile"": ""481x271""}}",refuse,bad_value,selftest,catalog selftest: check_value invalid
c0613,set,video.record.encoder.profile,"{""set"": {""video.record.encoder.profile"": ""bogus""}}",refuse,bad_value,boundary,type/range model invalid
c0614,set,video.record.encoder.profile,"{""set"": {""video.record.encoder.profile"": ""AUTO""}}",refuse,bad_value,boundary,type/range model invalid
c0615,set,video.record.encoder.profile,"{""set"": {""video.record.encoder.profile"": 1}}",refuse,bad_value,boundary,catalog selftest: check_value invalid
c0616,reset,video.record.encoder.profile,"{""reset"": [""video.record.encoder.profile""]}",accept,,reset,reset of a control key
c0617,set,video.record.encoder.level,"{""set"": {""video.record.encoder.level"": """"}}",refuse,blocked_value,selftest,catalog blocked_values: cannot be sent (wire strings are 1..48 chars): use reset
c0618,set,video.record.encoder.level,"{""set"": {""video.record.encoder.level"": ""4""}}",accept,,selftest,"valid per check_value, inside limits"
c0619,set,video.record.encoder.level,"{""set"": {""video.record.encoder.level"": ""4.1""}}",accept,,selftest,"valid per check_value, inside limits"
c0620,set,video.record.encoder.level,"{""set"": {""video.record.encoder.level"": ""4.2""}}",accept,,selftest,"valid per check_value, inside limits"
c0621,set,video.record.encoder.level,"{""set"": {""video.record.encoder.level"": ""x""}}",refuse,bad_value,selftest,catalog selftest: check_value invalid
c0622,set,video.record.encoder.level,"{""set"": {""video.record.encoder.level"": ""auto""}}",refuse,bad_value,selftest,catalog selftest: check_value invalid
c0623,set,video.record.encoder.level,"{""set"": {""video.record.encoder.level"": ""12:00""}}",refuse,bad_value,selftest,catalog selftest: check_value invalid
c0624,set,video.record.encoder.level,"{""set"": {""video.record.encoder.level"": ""25:00""}}",refuse,bad_value,selftest,catalog selftest: check_value invalid
c0625,set,video.record.encoder.level,"{""set"": {""video.record.encoder.level"": ""480x270""}}",refuse,bad_value,selftest,catalog selftest: check_value invalid
c0626,set,video.record.encoder.level,"{""set"": {""video.record.encoder.level"": ""481x271""}}",refuse,bad_value,selftest,catalog selftest: check_value invalid
c0627,set,video.record.encoder.level,"{""set"": {""video.record.encoder.level"": ""bogus""}}",refuse,bad_value,boundary,type/range model invalid
c0628,set,video.record.encoder.level,"{""set"": {""video.record.encoder.level"": ""AUTO""}}",refuse,bad_value,boundary,type/range model invalid
c0629,set,video.record.encoder.level,"{""set"": {""video.record.encoder.level"": 1}}",refuse,bad_value,boundary,catalog selftest: check_value invalid
c0630,reset,video.record.encoder.level,"{""reset"": [""video.record.encoder.level""]}",accept,,reset,reset of a control key
c0631,set,video.record.encoder.intra,"{""set"": {""video.record.encoder.intra"": 0}}",accept,,selftest,"valid per check_value, inside limits"
c0632,set,video.record.encoder.intra,"{""set"": {""video.record.encoder.intra"": 1}}",accept,,selftest,"valid per check_value, inside limits"
c0633,set,video.record.encoder.intra,"{""set"": {""video.record.encoder.intra"": 3000}}",accept,,selftest,"valid per check_value, inside limits"
c0634,set,video.record.encoder.intra,"{""set"": {""video.record.encoder.intra"": -1}}",refuse,bad_value,selftest,catalog selftest: check_value invalid
c0635,set,video.record.encoder.intra,"{""set"": {""video.record.encoder.intra"": 2.5}}",refuse,bad_value,selftest,catalog selftest: check_value invalid
c0636,set,video.record.encoder.intra,"{""set"": {""video.record.encoder.intra"": -8.5}}",refuse,bad_value,selftest,catalog selftest: check_value invalid
c0637,set,video.record.encoder.intra,"{""set"": {""video.record.encoder.intra"": 8.0}}",refuse,bad_value,selftest,catalog selftest: check_value invalid
c0638,set,video.record.encoder.intra,"{""set"": {""video.record.encoder.intra"": 100000}}",refuse,bad_value,selftest,catalog selftest: check_value invalid
c0639,set,video.record.encoder.intra,"{""set"": {""video.record.encoder.intra"": 3001}}",refuse,bad_value,selftest,catalog selftest: check_value invalid
c0640,set,video.record.encoder.intra,"{""set"": {""video.record.encoder.intra"": 0.5}}",refuse,bad_value,boundary,type/range model invalid
c0641,set,video.record.encoder.intra,"{""set"": {""video.record.encoder.intra"": ""0""}}",refuse,bad_value,boundary,type/range model invalid
c0642,set,video.record.encoder.intra,"{""set"": {""video.record.encoder.intra"": true}}",refuse,bad_value,boundary,catalog selftest: check_value invalid
c0643,reset,video.record.encoder.intra,"{""reset"": [""video.record.encoder.intra""]}",accept,,reset,reset of a control key
c0644,set,video.record.encoder.denoise,"{""set"": {""video.record.encoder.denoise"": """"}}",refuse,blocked_value,selftest,catalog blocked_values: cannot be sent (wire strings are 1..48 chars): use reset
c0645,set,video.record.encoder.denoise,"{""set"": {""video.record.encoder.denoise"": ""auto""}}",accept,,selftest,"valid per check_value, inside limits"
c0646,set,video.record.encoder.denoise,"{""set"": {""video.record.encoder.denoise"": ""off""}}",accept,,selftest,"valid per check_value, inside limits"
c0647,set,video.record.encoder.denoise,"{""set"": {""video.record.encoder.denoise"": ""cdn_off""}}",accept,,selftest,"valid per check_value, inside limits"
c0648,set,video.record.encoder.denoise,"{""set"": {""video.record.encoder.denoise"": ""cdn_fast""}}",accept,,selftest,"valid per check_value, inside limits"
c0649,set,video.record.encoder.denoise,"{""set"": {""video.record.encoder.denoise"": ""cdn_hq""}}",accept,,selftest,"valid per check_value, inside limits"
c0650,set,video.record.encoder.denoise,"{""set"": {""video.record.encoder.denoise"": ""x""}}",refuse,bad_value,selftest,catalog selftest: check_value invalid
c0651,set,video.record.encoder.denoise,"{""set"": {""video.record.encoder.denoise"": ""12:00""}}",refuse,bad_value,selftest,catalog selftest: check_value invalid
c0652,set,video.record.encoder.denoise,"{""set"": {""video.record.encoder.denoise"": ""25:00""}}",refuse,bad_value,selftest,catalog selftest: check_value invalid
c0653,set,video.record.encoder.denoise,"{""set"": {""video.record.encoder.denoise"": ""480x270""}}",refuse,bad_value,selftest,catalog selftest: check_value invalid
c0654,set,video.record.encoder.denoise,"{""set"": {""video.record.encoder.denoise"": ""481x271""}}",refuse,bad_value,selftest,catalog selftest: check_value invalid
c0655,set,video.record.encoder.denoise,"{""set"": {""video.record.encoder.denoise"": ""0x10""}}",refuse,bad_value,selftest,catalog selftest: check_value invalid
c0656,set,video.record.encoder.denoise,"{""set"": {""video.record.encoder.denoise"": ""bogus""}}",refuse,bad_value,boundary,type/range model invalid
c0657,set,video.record.encoder.denoise,"{""set"": {""video.record.encoder.denoise"": ""AUTO""}}",refuse,bad_value,boundary,type/range model invalid
c0658,set,video.record.encoder.denoise,"{""set"": {""video.record.encoder.denoise"": 1}}",refuse,bad_value,boundary,catalog selftest: check_value invalid
c0659,reset,video.record.encoder.denoise,"{""reset"": [""video.record.encoder.denoise""]}",accept,,reset,reset of a control key
c0660,set,video.record.encoder.sharpness,"{""set"": {""video.record.encoder.sharpness"": null}}",accept,,selftest,"valid per check_value, inside limits"
c0661,set,video.record.encoder.sharpness,"{""set"": {""video.record.encoder.sharpness"": 0}}",accept,,selftest,"valid per check_value, inside limits"
c0662,set,video.record.encoder.sharpness,"{""set"": {""video.record.encoder.sharpness"": 1}}",accept,,selftest,"valid per check_value, inside limits"
c0663,set,video.record.encoder.sharpness,"{""set"": {""video.record.encoder.sharpness"": 2.5}}",accept,,selftest,"valid per check_value, inside limits"
c0664,set,video.record.encoder.sharpness,"{""set"": {""video.record.encoder.sharpness"": 8.0}}",accept,,selftest,"valid per check_value, inside limits"
c0665,set,video.record.encoder.sharpness,"{""set"": {""video.record.encoder.sharpness"": 0.0}}",accept,,selftest,"valid per check_value, inside limits"
c0666,set,video.record.encoder.sharpness,"{""set"": {""video.record.encoder.sharpness"": 16.0}}",accept,,selftest,"valid per check_value, inside limits"
c0667,set,video.record.encoder.sharpness,"{""set"": {""video.record.encoder.sharpness"": -1}}",refuse,bad_value,selftest,catalog selftest: check_value invalid
c0668,set,video.record.encoder.sharpness,"{""set"": {""video.record.encoder.sharpness"": -8.5}}",refuse,bad_value,selftest,catalog selftest: check_value invalid
c0669,set,video.record.encoder.sharpness,"{""set"": {""video.record.encoder.sharpness"": 100000}}",refuse,bad_value,selftest,catalog selftest: check_value invalid
c0670,set,video.record.encoder.sharpness,"{""set"": {""video.record.encoder.sharpness"": -0.5}}",refuse,bad_value,selftest,catalog selftest: check_value invalid
c0671,set,video.record.encoder.sharpness,"{""set"": {""video.record.encoder.sharpness"": 16.5}}",refuse,bad_value,selftest,catalog selftest: check_value invalid
c0672,set,video.record.encoder.sharpness,"{""set"": {""video.record.encoder.sharpness"": true}}",refuse,bad_value,selftest,catalog selftest: check_value invalid
c0673,set,video.record.encoder.sharpness,"{""set"": {""video.record.encoder.sharpness"": -0.016}}",refuse,bad_value,boundary,type/range model invalid
c0674,set,video.record.encoder.sharpness,"{""set"": {""video.record.encoder.sharpness"": 16.016}}",refuse,bad_value,boundary,type/range model invalid
c0675,set,video.record.encoder.sharpness,"{""set"": {""video.record.encoder.sharpness"": ""0.0""}}",refuse,bad_value,boundary,type/range model invalid
c0676,reset,video.record.encoder.sharpness,"{""reset"": [""video.record.encoder.sharpness""]}",accept,,reset,reset of a control key
c0677,set,video.send.duration_s,"{""set"": {""video.send.duration_s"": 1}}",accept,,selftest,"valid per check_value, inside limits"
c0678,set,video.send.duration_s,"{""set"": {""video.send.duration_s"": 2.5}}",accept,,selftest,"valid per check_value, inside limits"
c0679,set,video.send.duration_s,"{""set"": {""video.send.duration_s"": 8.0}}",accept,,selftest,"valid per check_value, inside limits"
c0680,set,video.send.duration_s,"{""set"": {""video.send.duration_s"": 5.0}}",accept,,selftest,"valid per check_value, inside limits"
c0681,set,video.send.duration_s,"{""set"": {""video.send.duration_s"": 1.0}}",accept,,selftest,"valid per check_value, inside limits"
c0682,set,video.send.duration_s,"{""set"": {""video.send.duration_s"": 30.0}}",accept,,selftest,"valid per check_value, inside limits"
c0683,set,video.send.duration_s,"{""set"": {""video.send.duration_s"": 0}}",refuse,bad_value,selftest,catalog selftest: check_value invalid
c0684,set,video.send.duration_s,"{""set"": {""video.send.duration_s"": -1}}",refuse,bad_value,selftest,catalog selftest: check_value invalid
c0685,set,video.send.duration_s,"{""set"": {""video.send.duration_s"": -8.5}}",refuse,bad_value,selftest,catalog selftest: check_value invalid
c0686,set,video.send.duration_s,"{""set"": {""video.send.duration_s"": 100000}}",refuse,bad_value,selftest,catalog selftest: check_value invalid
c0687,set,video.send.duration_s,"{""set"": {""video.send.duration_s"": 0.5}}",refuse,bad_value,selftest,catalog selftest: check_value invalid
c0688,set,video.send.duration_s,"{""set"": {""video.send.duration_s"": 30.5}}",refuse,bad_value,selftest,catalog selftest: check_value invalid
c0689,set,video.send.duration_s,"{""set"": {""video.send.duration_s"": 0.971}}",refuse,bad_value,boundary,type/range model invalid
c0690,set,video.send.duration_s,"{""set"": {""video.send.duration_s"": 30.029}}",refuse,bad_value,boundary,type/range model invalid
c0691,set,video.send.duration_s,"{""set"": {""video.send.duration_s"": ""1.0""}}",refuse,bad_value,boundary,type/range model invalid
c0692,set,video.send.duration_s,"{""set"": {""video.send.duration_s"": true}}",refuse,bad_value,boundary,catalog selftest: check_value invalid
c0693,reset,video.send.duration_s,"{""reset"": [""video.send.duration_s""]}",accept,,reset,reset of a control key
c0694,set,video.send.lead_in_s,"{""set"": {""video.send.lead_in_s"": 0}}",accept,,selftest,"valid per check_value, inside limits"
c0695,set,video.send.lead_in_s,"{""set"": {""video.send.lead_in_s"": 1}}",accept,,selftest,"valid per check_value, inside limits"
c0696,set,video.send.lead_in_s,"{""set"": {""video.send.lead_in_s"": 2.5}}",accept,,selftest,"valid per check_value, inside limits"
c0697,set,video.send.lead_in_s,"{""set"": {""video.send.lead_in_s"": 8.0}}",accept,,selftest,"valid per check_value, inside limits"
c0698,set,video.send.lead_in_s,"{""set"": {""video.send.lead_in_s"": 2.0}}",accept,,selftest,"valid per check_value, inside limits"
c0699,set,video.send.lead_in_s,"{""set"": {""video.send.lead_in_s"": 0.0}}",accept,,selftest,"valid per check_value, inside limits"
c0700,set,video.send.lead_in_s,"{""set"": {""video.send.lead_in_s"": 10.0}}",accept,,selftest,"valid per check_value, inside limits"
c0701,set,video.send.lead_in_s,"{""set"": {""video.send.lead_in_s"": -1}}",refuse,bad_value,selftest,catalog selftest: check_value invalid
c0702,set,video.send.lead_in_s,"{""set"": {""video.send.lead_in_s"": -8.5}}",refuse,bad_value,selftest,catalog selftest: check_value invalid
c0703,set,video.send.lead_in_s,"{""set"": {""video.send.lead_in_s"": 100000}}",refuse,bad_value,selftest,catalog selftest: check_value invalid
c0704,set,video.send.lead_in_s,"{""set"": {""video.send.lead_in_s"": -0.5}}",refuse,bad_value,selftest,catalog selftest: check_value invalid
c0705,set,video.send.lead_in_s,"{""set"": {""video.send.lead_in_s"": 10.5}}",refuse,bad_value,selftest,catalog selftest: check_value invalid
c0706,set,video.send.lead_in_s,"{""set"": {""video.send.lead_in_s"": null}}",refuse,bad_value,selftest,catalog selftest: check_value invalid
c0707,set,video.send.lead_in_s,"{""set"": {""video.send.lead_in_s"": -0.01}}",refuse,bad_value,boundary,type/range model invalid
c0708,set,video.send.lead_in_s,"{""set"": {""video.send.lead_in_s"": 10.01}}",refuse,bad_value,boundary,type/range model invalid
c0709,set,video.send.lead_in_s,"{""set"": {""video.send.lead_in_s"": ""0.0""}}",refuse,bad_value,boundary,type/range model invalid
c0710,set,video.send.lead_in_s,"{""set"": {""video.send.lead_in_s"": true}}",refuse,bad_value,boundary,catalog selftest: check_value invalid
c0711,reset,video.send.lead_in_s,"{""reset"": [""video.send.lead_in_s""]}",accept,,reset,reset of a control key
c0712,set,video.send.fps,"{""set"": {""video.send.fps"": 1}}",depends,,selftest,warn when > resolved record fps
c0713,set,video.send.fps,"{""set"": {""video.send.fps"": 10}}",depends,,selftest,warn when > resolved record fps
c0714,set,video.send.fps,"{""set"": {""video.send.fps"": 30}}",depends,,selftest,warn when > resolved record fps
c0715,set,video.send.fps,"{""set"": {""video.send.fps"": 0}}",refuse,bad_value,selftest,catalog selftest: check_value invalid
c0716,set,video.send.fps,"{""set"": {""video.send.fps"": -1}}",refuse,bad_value,selftest,catalog selftest: check_value invalid
c0717,set,video.send.fps,"{""set"": {""video.send.fps"": 2.5}}",refuse,bad_value,selftest,catalog selftest: check_value invalid
c0718,set,video.send.fps,"{""set"": {""video.send.fps"": -8.5}}",refuse,bad_value,selftest,catalog selftest: check_value invalid
c0719,set,video.send.fps,"{""set"": {""video.send.fps"": 8.0}}",refuse,bad_value,selftest,catalog selftest: check_value invalid
c0720,set,video.send.fps,"{""set"": {""video.send.fps"": 100000}}",refuse,bad_value,selftest,catalog selftest: check_value invalid
c0721,set,video.send.fps,"{""set"": {""video.send.fps"": 31}}",refuse,bad_value,boundary,catalog selftest: check_value invalid
c0722,set,video.send.fps,"{""set"": {""video.send.fps"": 1.5}}",refuse,bad_value,boundary,type/range model invalid
c0723,set,video.send.fps,"{""set"": {""video.send.fps"": ""1""}}",refuse,bad_value,boundary,type/range model invalid
c0724,set,video.send.fps,"{""set"": {""video.send.fps"": true}}",refuse,bad_value,boundary,catalog selftest: check_value invalid
c0725,reset,video.send.fps,"{""reset"": [""video.send.fps""]}",accept,,reset,reset of a control key
c0726,set,video.send.message_cap,"{""set"": {""video.send.message_cap"": 126}}",accept,,selftest,"valid per check_value, inside limits"
c0727,set,video.send.message_cap,"{""set"": {""video.send.message_cap"": 8}}",accept,,selftest,"valid per check_value, inside limits"
c0728,set,video.send.message_cap,"{""set"": {""video.send.message_cap"": 1000}}",refuse,over_limit,selftest,limits.max 500
c0729,set,video.send.message_cap,"{""set"": {""video.send.message_cap"": 0}}",refuse,bad_value,selftest,catalog selftest: check_value invalid
c0730,set,video.send.message_cap,"{""set"": {""video.send.message_cap"": 1}}",refuse,bad_value,selftest,catalog selftest: check_value invalid
c0731,set,video.send.message_cap,"{""set"": {""video.send.message_cap"": -1}}",refuse,bad_value,selftest,catalog selftest: check_value invalid
c0732,set,video.send.message_cap,"{""set"": {""video.send.message_cap"": 2.5}}",refuse,bad_value,selftest,catalog selftest: check_value invalid
c0733,set,video.send.message_cap,"{""set"": {""video.send.message_cap"": -8.5}}",refuse,bad_value,selftest,catalog selftest: check_value invalid
c0734,set,video.send.message_cap,"{""set"": {""video.send.message_cap"": 8.0}}",refuse,bad_value,selftest,catalog selftest: check_value invalid
c0735,set,video.send.message_cap,"{""set"": {""video.send.message_cap"": 7}}",refuse,bad_value,boundary,catalog selftest: check_value invalid
c0736,set,video.send.message_cap,"{""set"": {""video.send.message_cap"": 1001}}",refuse,bad_value,boundary,catalog selftest: check_value invalid
c0737,set,video.send.message_cap,"{""set"": {""video.send.message_cap"": 8.5}}",refuse,bad_value,boundary,type/range model invalid
c0738,set,video.send.message_cap,"{""set"": {""video.send.message_cap"": ""8""}}",refuse,bad_value,boundary,type/range model invalid
c0739,set,video.send.message_cap,"{""set"": {""video.send.message_cap"": true}}",refuse,bad_value,boundary,catalog selftest: check_value invalid
c0740,reset,video.send.message_cap,"{""reset"": [""video.send.message_cap""]}",accept,,reset,reset of a control key
c0741,set,video.send.keyframe_repeat_max,"{""set"": {""video.send.keyframe_repeat_max"": 1}}",accept,,selftest,"valid per check_value, inside limits"
c0742,set,video.send.keyframe_repeat_max,"{""set"": {""video.send.keyframe_repeat_max"": 30}}",accept,,selftest,"valid per check_value, inside limits"
c0743,set,video.send.keyframe_repeat_max,"{""set"": {""video.send.keyframe_repeat_max"": 200}}",accept,,selftest,"valid per check_value, inside limits"
c0744,set,video.send.keyframe_repeat_max,"{""set"": {""video.send.keyframe_repeat_max"": 0}}",refuse,bad_value,selftest,catalog selftest: check_value invalid
c0745,set,video.send.keyframe_repeat_max,"{""set"": {""video.send.keyframe_repeat_max"": -1}}",refuse,bad_value,selftest,catalog selftest: check_value invalid
c0746,set,video.send.keyframe_repeat_max,"{""set"": {""video.send.keyframe_repeat_max"": 2.5}}",refuse,bad_value,selftest,catalog selftest: check_value invalid
c0747,set,video.send.keyframe_repeat_max,"{""set"": {""video.send.keyframe_repeat_max"": -8.5}}",refuse,bad_value,selftest,catalog selftest: check_value invalid
c0748,set,video.send.keyframe_repeat_max,"{""set"": {""video.send.keyframe_repeat_max"": 8.0}}",refuse,bad_value,selftest,catalog selftest: check_value invalid
c0749,set,video.send.keyframe_repeat_max,"{""set"": {""video.send.keyframe_repeat_max"": 100000}}",refuse,bad_value,selftest,catalog selftest: check_value invalid
c0750,set,video.send.keyframe_repeat_max,"{""set"": {""video.send.keyframe_repeat_max"": 201}}",refuse,bad_value,boundary,catalog selftest: check_value invalid
c0751,set,video.send.keyframe_repeat_max,"{""set"": {""video.send.keyframe_repeat_max"": 1.5}}",refuse,bad_value,boundary,type/range model invalid
c0752,set,video.send.keyframe_repeat_max,"{""set"": {""video.send.keyframe_repeat_max"": ""1""}}",refuse,bad_value,boundary,type/range model invalid
c0753,set,video.send.keyframe_repeat_max,"{""set"": {""video.send.keyframe_repeat_max"": true}}",refuse,bad_value,boundary,catalog selftest: check_value invalid
c0754,reset,video.send.keyframe_repeat_max,"{""reset"": [""video.send.keyframe_repeat_max""]}",accept,,reset,reset of a control key
c0755,set,video.send.size,"{""set"": {""video.send.size"": ""480x270""}}",depends,,selftest,send size <= resolved record output (geometry known)
c0756,set,video.send.size,"{""set"": {""video.send.size"": ""481x271""}}",refuse,cross_key,selftest,SPEC §3.3 wxh even and >= 16 px
c0757,set,video.send.size,"{""set"": {""video.send.size"": """"}}",refuse,bad_value,selftest,catalog selftest: check_value invalid
c0758,set,video.send.size,"{""set"": {""video.send.size"": ""x""}}",refuse,bad_value,selftest,catalog selftest: check_value invalid
c0759,set,video.send.size,"{""set"": {""video.send.size"": ""auto""}}",refuse,bad_value,selftest,catalog selftest: check_value invalid
c0760,set,video.send.size,"{""set"": {""video.send.size"": ""12:00""}}",refuse,bad_value,selftest,catalog selftest: check_value invalid
c0761,set,video.send.size,"{""set"": {""video.send.size"": ""25:00""}}",refuse,bad_value,selftest,catalog selftest: check_value invalid
c0762,set,video.send.size,"{""set"": {""video.send.size"": ""0x10""}}",refuse,bad_value,selftest,catalog selftest: check_value invalid
c0763,set,video.send.size,"{""set"": {""video.send.size"": ""16x16""}}",depends,,boundary,value not in the selftest vectors: unit check_value unknown here
c0764,set,video.send.size,"{""set"": {""video.send.size"": ""14x16""}}",refuse,cross_key,boundary,SPEC §3.3 wxh even and >= 16 px
c0765,set,video.send.size,"{""set"": {""video.send.size"": ""482x272""}}",depends,,boundary,value not in the selftest vectors: unit check_value unknown here
c0766,set,video.send.size,"{""set"": {""video.send.size"": ""640x360""}}",depends,,boundary,value not in the selftest vectors: unit check_value unknown here
c0767,set,video.send.size,"{""set"": {""video.send.size"": ""1280x720""}}",depends,,boundary,value not in the selftest vectors: unit check_value unknown here
c0768,set,video.send.size,"{""set"": {""video.send.size"": ""4608x2592""}}",depends,,boundary,value not in the selftest vectors: unit check_value unknown here
c0769,set,video.send.size,"{""set"": {""video.send.size"": ""640X360""}}",depends,,boundary,value not in the selftest vectors: unit check_value unknown here
c0770,set,video.send.size,"{""set"": {""video.send.size"": ""640x""}}",depends,,boundary,value not in the selftest vectors: unit check_value unknown here
c0771,reset,video.send.size,"{""reset"": [""video.send.size""]}",accept,,reset,reset of a control key
c0772,set,video.send.x264_preset,"{""set"": {""video.send.x264_preset"": ""medium""}}",accept,,selftest,"valid per check_value, inside limits"
c0773,set,video.send.x264_preset,"{""set"": {""video.send.x264_preset"": ""ultrafast""}}",accept,,selftest,"valid per check_value, inside limits"
c0774,set,video.send.x264_preset,"{""set"": {""video.send.x264_preset"": ""superfast""}}",accept,,selftest,"valid per check_value, inside limits"
c0775,set,video.send.x264_preset,"{""set"": {""video.send.x264_preset"": ""veryfast""}}",accept,,selftest,"valid per check_value, inside limits"
c0776,set,video.send.x264_preset,"{""set"": {""video.send.x264_preset"": ""faster""}}",accept,,selftest,"valid per check_value, inside limits"
c0777,set,video.send.x264_preset,"{""set"": {""video.send.x264_preset"": ""fast""}}",accept,,selftest,"valid per check_value, inside limits"
c0778,set,video.send.x264_preset,"{""set"": {""video.send.x264_preset"": """"}}",refuse,bad_value,selftest,catalog selftest: check_value invalid
c0779,set,video.send.x264_preset,"{""set"": {""video.send.x264_preset"": ""x""}}",refuse,bad_value,selftest,catalog selftest: check_value invalid
c0780,set,video.send.x264_preset,"{""set"": {""video.send.x264_preset"": ""auto""}}",refuse,bad_value,selftest,catalog selftest: check_value invalid
c0781,set,video.send.x264_preset,"{""set"": {""video.send.x264_preset"": ""12:00""}}",refuse,bad_value,selftest,catalog selftest: check_value invalid
c0782,set,video.send.x264_preset,"{""set"": {""video.send.x264_preset"": ""25:00""}}",refuse,bad_value,selftest,catalog selftest: check_value invalid
c0783,set,video.send.x264_preset,"{""set"": {""video.send.x264_preset"": ""480x270""}}",refuse,bad_value,selftest,catalog selftest: check_value invalid
c0784,set,video.send.x264_preset,"{""set"": {""video.send.x264_preset"": ""bogus""}}",refuse,bad_value,boundary,type/range model invalid
c0785,set,video.send.x264_preset,"{""set"": {""video.send.x264_preset"": ""AUTO""}}",refuse,bad_value,boundary,type/range model invalid
c0786,set,video.send.x264_preset,"{""set"": {""video.send.x264_preset"": 1}}",refuse,bad_value,boundary,catalog selftest: check_value invalid
c0787,reset,video.send.x264_preset,"{""reset"": [""video.send.x264_preset""]}",accept,,reset,reset of a control key
c0788,set,video.send.budget_min,"{""set"": {""video.send.budget_min"": 1}}",accept,,selftest,"valid per check_value, inside limits"
c0789,set,video.send.budget_min,"{""set"": {""video.send.budget_min"": 18}}",accept,,selftest,"valid per check_value, inside limits"
c0790,set,video.send.budget_min,"{""set"": {""video.send.budget_min"": 240}}",refuse,over_limit,selftest,limits.max 30
c0791,set,video.send.budget_min,"{""set"": {""video.send.budget_min"": 0}}",refuse,bad_value,selftest,catalog selftest: check_value invalid
c0792,set,video.send.budget_min,"{""set"": {""video.send.budget_min"": -1}}",refuse,bad_value,selftest,catalog selftest: check_value invalid
c0793,set,video.send.budget_min,"{""set"": {""video.send.budget_min"": 2.5}}",refuse,bad_value,selftest,catalog selftest: check_value invalid
c0794,set,video.send.budget_min,"{""set"": {""video.send.budget_min"": -8.5}}",refuse,bad_value,selftest,catalog selftest: check_value invalid
c0795,set,video.send.budget_min,"{""set"": {""video.send.budget_min"": 8.0}}",refuse,bad_value,selftest,catalog selftest: check_value invalid
c0796,set,video.send.budget_min,"{""set"": {""video.send.budget_min"": 100000}}",refuse,bad_value,selftest,catalog selftest: check_value invalid
c0797,set,video.send.budget_min,"{""set"": {""video.send.budget_min"": 241}}",refuse,bad_value,boundary,catalog selftest: check_value invalid
c0798,set,video.send.budget_min,"{""set"": {""video.send.budget_min"": 1.5}}",refuse,bad_value,boundary,type/range model invalid
c0799,set,video.send.budget_min,"{""set"": {""video.send.budget_min"": ""1""}}",refuse,bad_value,boundary,type/range model invalid
c0800,set,video.send.budget_min,"{""set"": {""video.send.budget_min"": true}}",refuse,bad_value,boundary,catalog selftest: check_value invalid
c0801,reset,video.send.budget_min,"{""reset"": [""video.send.budget_min""]}",accept,,reset,reset of a control key
c0802,set,video.logger.clip_minutes,"{""set"": {""video.logger.clip_minutes"": 5.0}}",refuse,not_writable,tier,tier=blocked
c0803,reset,video.logger.clip_minutes,"{""reset"": [""video.logger.clip_minutes""]}",refuse,not_writable,reset,tier=blocked
c0804,set,video.logger.session_minutes,"{""set"": {""video.logger.session_minutes"": 0}}",refuse,not_writable,tier,tier=blocked
c0805,reset,video.logger.session_minutes,"{""reset"": [""video.logger.session_minutes""]}",refuse,not_writable,reset,tier=blocked
c0806,set,video.ui.enabled,"{""set"": {""video.ui.enabled"": true}}",refuse,not_writable,tier,tier=blocked
c0807,reset,video.ui.enabled,"{""reset"": [""video.ui.enabled""]}",refuse,not_writable,reset,tier=blocked
c0808,set,video.ui.port,"{""set"": {""video.ui.port"": 8080}}",refuse,not_writable,tier,tier=blocked
c0809,reset,video.ui.port,"{""reset"": [""video.ui.port""]}",refuse,not_writable,reset,tier=blocked
c0810,set,storage.max_used_pct,"{""set"": {""storage.max_used_pct"": 75.0}}",refuse,not_writable,tier,tier=blocked
c0811,reset,storage.max_used_pct,"{""reset"": [""storage.max_used_pct""]}",refuse,not_writable,reset,tier=blocked
c0812,set,storage.min_free_gb,"{""set"": {""storage.min_free_gb"": 10.0}}",refuse,not_writable,tier,tier=blocked
c0813,reset,storage.min_free_gb,"{""reset"": [""storage.min_free_gb""]}",refuse,not_writable,reset,tier=blocked
c0814,set,storage.ring_dry_run,"{""set"": {""storage.ring_dry_run"": false}}",refuse,not_writable,tier,tier=blocked
c0815,reset,storage.ring_dry_run,"{""reset"": [""storage.ring_dry_run""]}",refuse,not_writable,reset,tier=blocked
c0816,set,uplink.uart.port,"{""set"": {""uplink.uart.port"": ""/dev/ttyAMA0""}}",refuse,not_writable,tier,tier=blocked
c0817,reset,uplink.uart.port,"{""reset"": [""uplink.uart.port""]}",refuse,not_writable,reset,tier=blocked
c0818,set,uplink.uart.baudrate,"{""set"": {""uplink.uart.baudrate"": 115200}}",refuse,not_writable,tier,tier=blocked
c0819,reset,uplink.uart.baudrate,"{""reset"": [""uplink.uart.baudrate""]}",refuse,not_writable,reset,tier=blocked
c0820,set,uplink.network_type,"{""set"": {""uplink.network_type"": 2}}",refuse,not_writable,tier,tier=blocked
c0821,reset,uplink.network_type,"{""reset"": [""uplink.network_type""]}",refuse,not_writable,reset,tier=blocked
c0822,set,uplink.chunk_chars,"{""set"": {""uplink.chunk_chars"": 300}}",refuse,not_writable,tier,tier=blocked
c0823,reset,uplink.chunk_chars,"{""reset"": [""uplink.chunk_chars""]}",refuse,not_writable,reset,tier=blocked
c0824,set,uplink.msg_interval_s,"{""set"": {""uplink.msg_interval_s"": 5.0}}",refuse,not_writable,tier,tier=blocked
c0825,reset,uplink.msg_interval_s,"{""reset"": [""uplink.msg_interval_s""]}",refuse,not_writable,reset,tier=blocked
c0826,set,uplink.lane.enabled,"{""set"": {""uplink.lane.enabled"": false}}",refuse,not_writable,tier,tier=blocked
c0827,reset,uplink.lane.enabled,"{""reset"": [""uplink.lane.enabled""]}",refuse,not_writable,reset,tier=blocked
c0828,set,uplink.lane.grid_s,"{""set"": {""uplink.lane.grid_s"": 300.0}}",refuse,not_writable,tier,tier=blocked
c0829,reset,uplink.lane.grid_s,"{""reset"": [""uplink.lane.grid_s""]}",refuse,not_writable,reset,tier=blocked
c0830,set,uplink.lane.pre_guard_s,"{""set"": {""uplink.lane.pre_guard_s"": 20.0}}",refuse,not_writable,tier,tier=blocked
c0831,reset,uplink.lane.pre_guard_s,"{""reset"": [""uplink.lane.pre_guard_s""]}",refuse,not_writable,reset,tier=blocked
c0832,set,uplink.lane.post_guard_s,"{""set"": {""uplink.lane.post_guard_s"": 30.0}}",refuse,not_writable,tier,tier=blocked
c0833,reset,uplink.lane.post_guard_s,"{""reset"": [""uplink.lane.post_guard_s""]}",refuse,not_writable,reset,tier=blocked
c0834,set,uplink.lane.max_wait_s,"{""set"": {""uplink.lane.max_wait_s"": 300.0}}",refuse,not_writable,tier,tier=blocked
c0835,reset,uplink.lane.max_wait_s,"{""reset"": [""uplink.lane.max_wait_s""]}",refuse,not_writable,reset,tier=blocked
c0836,set,uplink.media_key.enabled,"{""set"": {""uplink.media_key.enabled"": false}}",refuse,not_writable,tier,tier=blocked
c0837,reset,uplink.media_key.enabled,"{""reset"": [""uplink.media_key.enabled""]}",refuse,not_writable,reset,tier=blocked
c0838,set,uplink.media_key.retain_days,"{""set"": {""uplink.media_key.retain_days"": 14.0}}",refuse,not_writable,tier,tier=blocked
c0839,reset,uplink.media_key.retain_days,"{""reset"": [""uplink.media_key.retain_days""]}",refuse,not_writable,reset,tier=blocked
c0840,set,commands.enabled,"{""set"": {""commands.enabled"": false}}",refuse,not_writable,tier,tier=blocked
c0841,reset,commands.enabled,"{""reset"": [""commands.enabled""]}",refuse,not_writable,reset,tier=blocked
c0842,set,commands.runtime,"{""set"": {""commands.runtime"": ""legacy""}}",refuse,not_writable,tier,tier=blocked
c0843,reset,commands.runtime,"{""reset"": [""commands.runtime""]}",refuse,not_writable,reset,tier=blocked
c0844,set,commands.topic,"{""set"": {""commands.topic"": ""bmcam/cmd""}}",refuse,not_writable,tier,tier=blocked
c0845,reset,commands.topic,"{""reset"": [""commands.topic""]}",refuse,not_writable,reset,tier=blocked
c0846,set,commands.listen_tail_s,"{""set"": {""commands.listen_tail_s"": 150.0}}",refuse,not_writable,tier,tier=blocked
c0847,reset,commands.listen_tail_s,"{""reset"": [""commands.listen_tail_s""]}",refuse,not_writable,reset,tier=blocked
c0848,set,commands.keepalive_s,"{""set"": {""commands.keepalive_s"": 300}}",refuse,not_writable,tier,tier=blocked
c0849,reset,commands.keepalive_s,"{""reset"": [""commands.keepalive_s""]}",refuse,not_writable,reset,tier=blocked
c0850,set,commands.keepalive_max_s,"{""set"": {""commands.keepalive_max_s"": 1800}}",refuse,not_writable,tier,tier=blocked
c0851,reset,commands.keepalive_max_s,"{""reset"": [""commands.keepalive_max_s""]}",refuse,not_writable,reset,tier=blocked
c0852,set,commands.hold_max_min,"{""set"": {""commands.hold_max_min"": 120}}",refuse,not_writable,tier,tier=blocked
c0853,reset,commands.hold_max_min,"{""reset"": [""commands.hold_max_min""]}",refuse,not_writable,reset,tier=blocked
c0854,set,commands.state_path,"{""set"": {""commands.state_path"": ""/home/pi/BM_Devel_Pi/bm_command_state_v2.json""}}",refuse,not_writable,tier,tier=blocked
c0855,reset,commands.state_path,"{""reset"": [""commands.state_path""]}",refuse,not_writable,reset,tier=blocked
c0856,set,network.default,"{""set"": {""network.default"": ""none""}}",refuse,not_writable,tier,tier=blocked
c0857,reset,network.default,"{""reset"": [""network.default""]}",refuse,not_writable,reset,tier=blocked
c0858,set,network.ap_fallback_s,"{""set"": {""network.ap_fallback_s"": 90}}",refuse,not_writable,tier,tier=blocked
c0859,reset,network.ap_fallback_s,"{""reset"": [""network.ap_fallback_s""]}",refuse,not_writable,reset,tier=blocked
c0860,set,network.ap_timeout_min,"{""set"": {""network.ap_timeout_min"": 60}}",refuse,not_writable,tier,tier=blocked
c0861,reset,network.ap_timeout_min,"{""reset"": [""network.ap_timeout_min""]}",refuse,not_writable,reset,tier=blocked
c0862,structural,empty_set,"{""set"": {}}",refuse,empty,structural,SPEC §2.3/§3.1
c0863,structural,empty_reset,"{""reset"": []}",refuse,empty,structural,SPEC §2.3/§3.1
c0864,structural,mixed,"{""set"": {""camera.exposure.ev"": 0.0}, ""reset"": [""camera.exposure.ev""]}",refuse,mixed,structural,SPEC §2.3/§3.1
c0865,structural,unknown_key,"{""set"": {""camera.exposure.evv"": 0.0}}",refuse,unknown_key,structural,SPEC §2.3/§3.1
c0866,structural,group_prefix_set,"{""set"": {""camera.exposure"": {""ev"": 0.0}}}",refuse,unknown_key,structural,SPEC §2.3/§3.1
c0867,structural,reset_group_prefix,"{""reset"": [""camera.exposure""]}",refuse,unknown_key,structural,SPEC §2.3/§3.1
c0868,structural,reset_5_keys,"{""reset"": [""camera.exposure.ev"", ""camera.exposure.shutter_us"", ""camera.exposure.analogue_gain"", ""camera.exposure.enabled"", ""camera.controls_enabled""]}",refuse,too_big,structural,SPEC §2.3/§3.1
c0869,structural,reset_4_keys,"{""reset"": [""camera.exposure.ev"", ""camera.exposure.shutter_us"", ""camera.exposure.analogue_gain"", ""camera.exposure.enabled""]}",accept,,structural,SPEC §2.3/§3.1
c0870,structural,exposure_5_keys_fits,"{""set"": {""camera.controls_enabled"": true, ""camera.exposure.enabled"": true, ""camera.exposure.ev"": -1.0, ""camera.exposure.shutter_us"": 10000, ""camera.exposure.analogue_gain"": 2.0}}",accept,,structural,SPEC §2.3/§3.1
c0871,structural,exposure_plus_wb_too_big,"{""set"": {""camera.controls_enabled"": true, ""camera.exposure.enabled"": true, ""camera.exposure.ev"": -1.0, ""camera.exposure.shutter_us"": 10000, ""camera.exposure.analogue_gain"": 2.0, ""camera.white_balance.enabled"": true, ""camera.white_balance.mode"": ""manual"", ""camera.white_balance.gains"": [1.8, 1.6]}}",refuse,too_big,structural,SPEC §2.3/§3.1
c0872,structural,tz_long_plus_window,"{""set"": {""schedule.timezone"": ""America/Argentina/ComodRivadavia"", ""schedule.window.enabled"": true, ""schedule.window.start"": ""06:00"", ""schedule.window.end"": ""18:00"", ""still.message_cap"": 200, ""still.budget_min"": 10}}",depends,,structural,SPEC §2.3/§3.1
c0873,structural,int_as_float,"{""set"": {""still.message_cap"": 200.0}}",refuse,bad_value,structural,SPEC §2.3/§3.1
c0874,structural,blocked_key_locked,"{""set"": {""commands.runtime"": ""x""}}",refuse,not_writable,structural,SPEC §2.3/§3.1
c0875,structural,reset_engineering_key,"{""reset"": [""still.save.quality""]}",refuse,not_writable,structural,SPEC §2.3/§3.1
