run,arm,shape,seq,utc,rc
t1bsettl00,b-settle,steady,0,2026-10-06T16:05:03.023+00:00,ok
t1bsettl00,b-settle,steady,1,2026-10-06T16:05:04.323+00:00,ok
t1bsettl00,b-settle,steady,2,2026-10-06T16:05:05.623+00:00,ok
t1bsettl00,b-settle,steady,3,2026-10-06T16:05:06.923+00:00,ok
t1bsettl00,b-settle,steady,4,2026-10-06T16:05:08.223+00:00,ok
t1bsettl00,b-settle,steady,5,2026-10-06T16:05:09.523+00:00,ok
t1bsettl00,b-settle,steady,6,2026-10-06T16:05:10.823+00:00,ok
t1bsettl00,b-settle,steady,7,2026-10-06T16:05:12.123+00:00,ok
t1bsettl00,b-settle,steady,8,2026-10-06T16:05:13.423+00:00,ok
t1bsettl00,b-settle,steady,9,2026-10-06T16:05:14.723+00:00,ok
t1bsettl00,b-settle,steady,10,2026-10-06T16:05:16.023+00:00,ok
t1bsettl00,b-settle,steady,11,2026-10-06T16:05:17.323+00:00,ok
t1bsettl00,b-settle,steady,12,2026-10-06T16:05:18.623+00:00,ok
t1bsettl00,b-settle,steady,13,2026-10-06T16:05:19.923+00:00,ok
t1bsettl00,b-settle,steady,14,2026-10-06T16:05:21.223+00:00,ok
t1bsettl00,b-settle,steady,15,2026-10-06T16:05:22.523+00:00,ok
t1bsettl00,b-settle,steady,16,2026-10-06T16:05:23.823+00:00,ok
t1bsettl00,b-settle,steady,17,2026-10-06T16:05:25.123+00:00,ok
t1bsettl00,b-settle,steady,18,2026-10-06T16:05:26.423+00:00,ok
t1bsettl00,b-settle,steady,19,2026-10-06T16:05:27.723+00:00,ok
t1bsettl00,b-settle,steady,20,2026-10-06T16:05:29.023+00:00,ok
t1bsettl00,b-settle,steady,21,2026-10-06T16:05:30.323+00:00,ok
t1bsettl00,b-settle,steady,22,2026-10-06T16:05:31.623+00:00,ok
t1bsettl00,b-settle,steady,23,2026-10-06T16:05:32.923+00:00,ok
t1bsettl00,b-settle,steady,24,2026-10-06T16:05:34.223+00:00,ok
t1bsettl00,b-settle,steady,25,2026-10-06T16:05:35.523+00:00,ok
t1bsettl00,b-settle,steady,26,2026-10-06T16:05:36.823+00:00,ok
t1bsettl00,b-settle,steady,27,2026-10-06T16:05:38.123+00:00,ok
t1bsettl00,b-settle,steady,28,2026-10-06T16:05:39.423+00:00,ok
t1bsettl00,b-settle,steady,29,2026-10-06T16:05:40.723+00:00,ok
t1bsettl00,b-settle,steady,30,2026-10-06T16:05:42.023+00:00,ok
t1bsettl00,b-settle,steady,31,2026-10-06T16:05:43.323+00:00,ok
t1bsettl00,b-settle,steady,32,2026-10-06T16:05:44.623+00:00,ok
t1bsettl00,b-settle,steady,33,2026-10-06T16:05:45.923+00:00,ok
t1bsettl00,b-settle,steady,34,2026-10-06T16:05:47.223+00:00,ok
t1bsettl00,b-settle,steady,35,2026-10-06T16:05:48.523+00:00,ok
t1bsettl00,b-settle,steady,36,2026-10-06T16:05:49.823+00:00,ok
t1bsettl00,b-settle,steady,37,2026-10-06T16:05:51.123+00:00,ok
t1bsettl00,b-settle,steady,38,2026-10-06T16:05:52.423+00:00,ok
t1bsettl00,b-settle,steady,39,2026-10-06T16:05:53.723+00:00,ok
t1bsettl00,b-settle,steady,40,2026-10-06T16:05:55.023+00:00,ok
t1bsettl00,b-settle,steady,41,2026-10-06T16:05:56.323+00:00,ok
t1bsettl00,b-settle,steady,42,2026-10-06T16:05:57.623+00:00,ok
t1bsettl00,b-settle,steady,43,2026-10-06T16:05:58.923+00:00,ok
t1bsettl00,b-settle,steady,44,2026-10-06T16:06:00.223+00:00,ok
t1bsettl00,b-settle,steady,45,2026-10-06T16:06:01.523+00:00,ok
t1bsettl00,b-settle,steady,46,2026-10-06T16:06:02.823+00:00,ok
t1bsettl00,b-settle,steady,47,2026-10-06T16:06:04.123+00:00,ok
t1bsettl00,b-settle,steady,48,2026-10-06T16:06:05.423+00:00,ok
t1bsettl00,b-settle,steady,49,2026-10-06T16:06:06.723+00:00,ok
t1bsettl00,b-settle,steady,50,2026-10-06T16:06:08.023+00:00,ok
t1bsettl00,b-settle,steady,51,2026-10-06T16:06:09.323+00:00,ok
t1bsettl00,b-settle,steady,52,2026-10-06T16:06:10.623+00:00,ok
t1bsettl00,b-settle,steady,53,2026-10-06T16:06:11.923+00:00,ok
t1bsettl00,b-settle,steady,54,2026-10-06T16:06:13.223+00:00,ok
t1bsettl00,b-settle,steady,55,2026-10-06T16:06:14.523+00:00,ok
t1bsettl00,b-settle,steady,56,2026-10-06T16:06:15.823+00:00,ok
t1bsettl00,b-settle,steady,57,2026-10-06T16:06:17.123+00:00,ok
t1bsettl00,b-settle,steady,58,2026-10-06T16:06:18.423+00:00,ok
t1bsettl00,b-settle,steady,59,2026-10-06T16:06:19.723+00:00,ok
t1bsettl00,b-settle,steady,60,2026-10-06T16:06:21.023+00:00,ok
t1bsettl00,b-settle,steady,61,2026-10-06T16:06:22.323+00:00,ok
t1bsettl00,b-settle,steady,62,2026-10-06T16:06:23.623+00:00,ok
t1bsettl00,b-settle,steady,63,2026-10-06T16:06:24.923+00:00,ok
t1bsettl00,b-settle,steady,64,2026-10-06T16:06:26.223+00:00,ok
t1bsettl00,b-settle,steady,65,2026-10-06T16:06:27.523+00:00,ok
t1bsettl00,b-settle,steady,66,2026-10-06T16:06:28.823+00:00,ok
t1bsettl00,b-settle,steady,67,2026-10-06T16:06:30.123+00:00,ok
t1bsettl00,b-settle,steady,68,2026-10-06T16:06:31.423+00:00,ok
t1bsettl00,b-settle,steady,69,2026-10-06T16:06:32.723+00:00,ok
t1bsettl00,b-settle,steady,70,2026-10-06T16:06:34.023+00:00,ok
t1bsettl00,b-settle,steady,71,2026-10-06T16:06:35.323+00:00,ok
t1bsettl00,b-settle,steady,72,2026-10-06T16:06:36.623+00:00,ok
t1bsettl00,b-settle,steady,73,2026-10-06T16:06:37.923+00:00,ok
t1bsettl00,b-settle,steady,74,2026-10-06T16:06:39.223+00:00,ok
t1bsettl00,b-settle,steady,75,2026-10-06T16:06:40.523+00:00,ok
t1bsettl00,b-settle,steady,76,2026-10-06T16:06:41.823+00:00,ok
t1bsettl00,b-settle,steady,77,2026-10-06T16:06:43.123+00:00,ok
t1bsettl00,b-settle,steady,78,2026-10-06T16:06:44.423+00:00,ok
t1bsettl00,b-settle,steady,79,2026-10-06T16:06:45.723+00:00,ok
t1bsettl00,b-settle,steady,80,2026-10-06T16:06:47.023+00:00,ok
t1bsettl00,b-settle,steady,81,2026-10-06T16:06:48.323+00:00,ok
t1bsettl00,b-settle,steady,82,2026-10-06T16:06:49.623+00:00,ok
t1bsettl00,b-settle,steady,83,2026-10-06T16:06:50.923+00:00,ok
t1bsettl00,b-settle,steady,84,2026-10-06T16:06:52.223+00:00,ok
t1bsettl00,b-settle,steady,85,2026-10-06T16:06:53.523+00:00,ok
t1bsettl00,b-settle,steady,86,2026-10-06T16:06:54.823+00:00,ok
t1bsettl00,b-settle,steady,87,2026-10-06T16:06:56.123+00:00,ok
t1bsettl00,b-settle,steady,88,2026-10-06T16:06:57.423+00:00,ok
t1bsettl00,b-settle,steady,89,2026-10-06T16:06:58.723+00:00,ok
t1bsettl00,b-settle,steady,90,2026-10-06T16:07:00.023+00:00,ok
t1bsettl00,b-settle,steady,91,2026-10-06T16:07:01.323+00:00,ok
t1bsettl00,b-settle,steady,92,2026-10-06T16:07:02.623+00:00,ok
t1bsettl00,b-settle,steady,93,2026-10-06T16:07:03.923+00:00,ok
t1bsettl00,b-settle,steady,94,2026-10-06T16:07:05.223+00:00,ok
t1bsettl00,b-settle,steady,95,2026-10-06T16:07:06.523+00:00,ok
t1bsettl00,b-settle,steady,96,2026-10-06T16:07:07.823+00:00,ok
t1bsettl00,b-settle,steady,97,2026-10-06T16:07:09.123+00:00,ok
t1bsettl00,b-settle,steady,98,2026-10-06T16:07:10.423+00:00,ok
t1bsettl00,b-settle,steady,99,2026-10-06T16:07:11.723+00:00,ok
t1bsettl00,b-settle,steady,100,2026-10-06T16:07:13.023+00:00,ok
t1bsettl00,b-settle,steady,101,2026-10-06T16:07:14.323+00:00,ok
t1bsettl00,b-settle,steady,102,2026-10-06T16:07:15.623+00:00,ok
t1bsettl00,b-settle,steady,103,2026-10-06T16:07:16.923+00:00,ok
t1bsettl00,b-settle,steady,104,2026-10-06T16:07:18.223+00:00,ok
t1bsettl00,b-settle,steady,105,2026-10-06T16:07:19.523+00:00,ok
t1bsettl00,b-settle,steady,106,2026-10-06T16:07:20.823+00:00,ok
t1bsettl00,b-settle,steady,107,2026-10-06T16:07:22.123+00:00,ok
t1bsettl00,b-settle,steady,108,2026-10-06T16:07:23.423+00:00,ok
t1bsettl00,b-settle,steady,109,2026-10-06T16:07:24.723+00:00,ok
t1bsettl00,b-settle,steady,110,2026-10-06T16:07:26.023+00:00,ok
t1bsettl00,b-settle,steady,111,2026-10-06T16:07:27.323+00:00,ok
t1bsettl00,b-settle,steady,112,2026-10-06T16:07:28.623+00:00,ok
t1bsettl00,b-settle,steady,113,2026-10-06T16:07:29.923+00:00,ok
t1bsettl00,b-settle,steady,114,2026-10-06T16:07:31.223+00:00,ok
t1bsettl00,b-settle,steady,115,2026-10-06T16:07:32.523+00:00,ok
t1bsettl00,b-settle,steady,116,2026-10-06T16:07:33.823+00:00,ok
t1bsettl00,b-settle,steady,117,2026-10-06T16:07:35.123+00:00,ok
t1bsettl00,b-settle,steady,118,2026-10-06T16:07:36.423+00:00,ok
t1bsettl00,b-settle,steady,119,2026-10-06T16:07:37.723+00:00,ok
t1aoverl01,a-overlap,steady,0,2026-10-06T16:09:30.023+00:00,ok
t1aoverl01,a-overlap,steady,1,2026-10-06T16:09:31.323+00:00,ok
t1aoverl01,a-overlap,steady,2,2026-10-06T16:09:32.623+00:00,ok
t1aoverl01,a-overlap,steady,3,2026-10-06T16:09:33.923+00:00,ok
t1aoverl01,a-overlap,steady,4,2026-10-06T16:09:35.223+00:00,ok
t1aoverl01,a-overlap,steady,5,2026-10-06T16:09:36.523+00:00,ok
t1aoverl01,a-overlap,steady,6,2026-10-06T16:09:37.823+00:00,ok
t1aoverl01,a-overlap,steady,7,2026-10-06T16:09:39.123+00:00,ok
t1aoverl01,a-overlap,steady,8,2026-10-06T16:09:40.423+00:00,ok
t1aoverl01,a-overlap,steady,9,2026-10-06T16:09:41.723+00:00,ok
t1aoverl01,a-overlap,steady,10,2026-10-06T16:09:43.023+00:00,ok
t1aoverl01,a-overlap,steady,11,2026-10-06T16:09:44.323+00:00,ok
t1aoverl01,a-overlap,steady,12,2026-10-06T16:09:45.623+00:00,ok
t1aoverl01,a-overlap,steady,13,2026-10-06T16:09:46.923+00:00,ok
t1aoverl01,a-overlap,steady,14,2026-10-06T16:09:48.223+00:00,ok
t1aoverl01,a-overlap,steady,15,2026-10-06T16:09:49.523+00:00,ok
t1aoverl01,a-overlap,steady,16,2026-10-06T16:09:50.823+00:00,ok
t1aoverl01,a-overlap,steady,17,2026-10-06T16:09:52.123+00:00,ok
t1aoverl01,a-overlap,steady,18,2026-10-06T16:09:53.423+00:00,ok
t1aoverl01,a-overlap,steady,19,2026-10-06T16:09:54.723+00:00,ok
t1aoverl01,a-overlap,steady,20,2026-10-06T16:09:56.023+00:00,ok
t1aoverl01,a-overlap,steady,21,2026-10-06T16:09:57.323+00:00,ok
t1aoverl01,a-overlap,steady,22,2026-10-06T16:09:58.623+00:00,ok
t1aoverl01,a-overlap,steady,23,2026-10-06T16:09:59.923+00:00,ok
t1aoverl01,a-overlap,steady,24,2026-10-06T16:10:01.223+00:00,ok
t1aoverl01,a-overlap,steady,25,2026-10-06T16:10:02.523+00:00,ok
t1aoverl01,a-overlap,steady,26,2026-10-06T16:10:03.823+00:00,ok
t1aoverl01,a-overlap,steady,27,2026-10-06T16:10:05.123+00:00,ok
t1aoverl01,a-overlap,steady,28,2026-10-06T16:10:06.423+00:00,ok
t1aoverl01,a-overlap,steady,29,2026-10-06T16:10:07.723+00:00,ok
t1aoverl01,a-overlap,steady,30,2026-10-06T16:10:09.023+00:00,ok
t1aoverl01,a-overlap,steady,31,2026-10-06T16:10:10.323+00:00,ok
t1aoverl01,a-overlap,steady,32,2026-10-06T16:10:11.623+00:00,ok
t1aoverl01,a-overlap,steady,33,2026-10-06T16:10:12.923+00:00,ok
t1aoverl01,a-overlap,steady,34,2026-10-06T16:10:14.223+00:00,ok
t1aoverl01,a-overlap,steady,35,2026-10-06T16:10:15.523+00:00,ok
t1aoverl01,a-overlap,steady,36,2026-10-06T16:10:16.823+00:00,ok
t1aoverl01,a-overlap,steady,37,2026-10-06T16:10:18.123+00:00,ok
t1aoverl01,a-overlap,steady,38,2026-10-06T16:10:19.423+00:00,ok
t1aoverl01,a-overlap,steady,39,2026-10-06T16:10:20.723+00:00,ok
t1aoverl01,a-overlap,steady,40,2026-10-06T16:10:22.023+00:00,ok
t1aoverl01,a-overlap,steady,41,2026-10-06T16:10:23.323+00:00,ok
t1aoverl01,a-overlap,steady,42,2026-10-06T16:10:24.623+00:00,ok
t1aoverl01,a-overlap,steady,43,2026-10-06T16:10:25.923+00:00,ok
t1aoverl01,a-overlap,steady,44,2026-10-06T16:10:27.223+00:00,ok
t1aoverl01,a-overlap,steady,45,2026-10-06T16:10:28.523+00:00,ok
t1aoverl01,a-overlap,steady,46,2026-10-06T16:10:29.823+00:00,ok
t1aoverl01,a-overlap,steady,47,2026-10-06T16:10:31.123+00:00,ok
t1aoverl01,a-overlap,steady,48,2026-10-06T16:10:32.423+00:00,ok
t1aoverl01,a-overlap,steady,49,2026-10-06T16:10:33.723+00:00,ok
t1aoverl01,a-overlap,steady,50,2026-10-06T16:10:35.023+00:00,ok
t1aoverl01,a-overlap,steady,51,2026-10-06T16:10:36.323+00:00,ok
t1aoverl01,a-overlap,steady,52,2026-10-06T16:10:37.623+00:00,ok
t1aoverl01,a-overlap,steady,53,2026-10-06T16:10:38.923+00:00,ok
t1aoverl01,a-overlap,steady,54,2026-10-06T16:10:40.223+00:00,ok
t1aoverl01,a-overlap,steady,55,2026-10-06T16:10:41.523+00:00,ok
t1aoverl01,a-overlap,steady,56,2026-10-06T16:10:42.823+00:00,ok
t1aoverl01,a-overlap,steady,57,2026-10-06T16:10:44.123+00:00,ok
t1aoverl01,a-overlap,steady,58,2026-10-06T16:10:45.423+00:00,ok
t1aoverl01,a-overlap,steady,59,2026-10-06T16:10:46.723+00:00,ok
t1aoverl01,a-overlap,steady,60,2026-10-06T16:10:48.023+00:00,ok
t1aoverl01,a-overlap,steady,61,2026-10-06T16:10:49.323+00:00,ok
t1aoverl01,a-overlap,steady,62,2026-10-06T16:10:50.623+00:00,ok
t1aoverl01,a-overlap,steady,63,2026-10-06T16:10:51.923+00:00,ok
t1aoverl01,a-overlap,steady,64,2026-10-06T16:10:53.223+00:00,ok
t1aoverl01,a-overlap,steady,65,2026-10-06T16:10:54.523+00:00,ok
t1aoverl01,a-overlap,steady,66,2026-10-06T16:10:55.823+00:00,ok
t1aoverl01,a-overlap,steady,67,2026-10-06T16:10:57.123+00:00,ok
t1aoverl01,a-overlap,steady,68,2026-10-06T16:10:58.423+00:00,ok
t1aoverl01,a-overlap,steady,69,2026-10-06T16:10:59.723+00:00,ok
t1aoverl01,a-overlap,steady,70,2026-10-06T16:11:01.023+00:00,ok
t1aoverl01,a-overlap,steady,71,2026-10-06T16:11:02.323+00:00,ok
t1aoverl01,a-overlap,steady,72,2026-10-06T16:11:03.623+00:00,ok
t1aoverl01,a-overlap,steady,73,2026-10-06T16:11:04.923+00:00,ok
t1aoverl01,a-overlap,steady,74,2026-10-06T16:11:06.223+00:00,ok
t1aoverl01,a-overlap,steady,75,2026-10-06T16:11:07.523+00:00,ok
t1aoverl01,a-overlap,steady,76,2026-10-06T16:11:08.823+00:00,ok
t1aoverl01,a-overlap,steady,77,2026-10-06T16:11:10.123+00:00,ok
t1aoverl01,a-overlap,steady,78,2026-10-06T16:11:11.423+00:00,ok
t1aoverl01,a-overlap,steady,79,2026-10-06T16:11:12.723+00:00,ok
t1aoverl01,a-overlap,steady,80,2026-10-06T16:11:14.023+00:00,ok
t1aoverl01,a-overlap,steady,81,2026-10-06T16:11:15.323+00:00,ok
t1aoverl01,a-overlap,steady,82,2026-10-06T16:11:16.623+00:00,ok
t1aoverl01,a-overlap,steady,83,2026-10-06T16:11:17.923+00:00,ok
t1aoverl01,a-overlap,steady,84,2026-10-06T16:11:19.223+00:00,ok
t1aoverl01,a-overlap,steady,85,2026-10-06T16:11:20.523+00:00,ok
t1aoverl01,a-overlap,steady,86,2026-10-06T16:11:21.823+00:00,ok
t1aoverl01,a-overlap,steady,87,2026-10-06T16:11:23.123+00:00,ok
t1aoverl01,a-overlap,steady,88,2026-10-06T16:11:24.423+00:00,ok
t1aoverl01,a-overlap,steady,89,2026-10-06T16:11:25.723+00:00,ok
t1aoverl01,a-overlap,steady,90,2026-10-06T16:11:27.023+00:00,ok
t1aoverl01,a-overlap,steady,91,2026-10-06T16:11:28.323+00:00,ok
t1aoverl01,a-overlap,steady,92,2026-10-06T16:11:29.623+00:00,ok
t1aoverl01,a-overlap,steady,93,2026-10-06T16:11:30.923+00:00,ok
t1aoverl01,a-overlap,steady,94,2026-10-06T16:11:32.223+00:00,ok
t1aoverl01,a-overlap,steady,95,2026-10-06T16:11:33.523+00:00,ok
t1aoverl01,a-overlap,steady,96,2026-10-06T16:11:34.823+00:00,ok
t1aoverl01,a-overlap,steady,97,2026-10-06T16:11:36.123+00:00,ok
t1aoverl01,a-overlap,steady,98,2026-10-06T16:11:37.423+00:00,ok
t1aoverl01,a-overlap,steady,99,2026-10-06T16:11:38.723+00:00,ok
t1aoverl01,a-overlap,steady,100,2026-10-06T16:11:40.023+00:00,ok
t1aoverl01,a-overlap,steady,101,2026-10-06T16:11:41.323+00:00,ok
t1aoverl01,a-overlap,steady,102,2026-10-06T16:11:42.623+00:00,ok
t1aoverl01,a-overlap,steady,103,2026-10-06T16:11:43.923+00:00,ok
t1aoverl01,a-overlap,steady,104,2026-10-06T16:11:45.223+00:00,ok
t1aoverl01,a-overlap,steady,105,2026-10-06T16:11:46.523+00:00,ok
t1aoverl01,a-overlap,steady,106,2026-10-06T16:11:47.823+00:00,ok
t1aoverl01,a-overlap,steady,107,2026-10-06T16:11:49.123+00:00,ok
t1aoverl01,a-overlap,steady,108,2026-10-06T16:11:50.423+00:00,ok
t1aoverl01,a-overlap,steady,109,2026-10-06T16:11:51.723+00:00,ok
t1aoverl01,a-overlap,steady,110,2026-10-06T16:11:53.023+00:00,ok
t1aoverl01,a-overlap,steady,111,2026-10-06T16:11:54.323+00:00,ok
t1aoverl01,a-overlap,steady,112,2026-10-06T16:11:55.623+00:00,ok
t1aoverl01,a-overlap,steady,113,2026-10-06T16:11:56.923+00:00,ok
t1aoverl01,a-overlap,steady,114,2026-10-06T16:11:58.223+00:00,ok
t1aoverl01,a-overlap,steady,115,2026-10-06T16:11:59.523+00:00,ok
t1aoverl01,a-overlap,steady,116,2026-10-06T16:12:00.823+00:00,ok
t1aoverl01,a-overlap,steady,117,2026-10-06T16:12:02.123+00:00,ok
t1aoverl01,a-overlap,steady,118,2026-10-06T16:12:03.423+00:00,ok
t1aoverl01,a-overlap,steady,119,2026-10-06T16:12:04.723+00:00,ok
t1clears02,clear-steady,steady,0,2026-10-06T16:25:00.023+00:00,ok
t1clears02,clear-steady,steady,1,2026-10-06T16:25:01.323+00:00,ok
t1clears02,clear-steady,steady,2,2026-10-06T16:25:02.623+00:00,ok
t1clears02,clear-steady,steady,3,2026-10-06T16:25:03.923+00:00,ok
t1clears02,clear-steady,steady,4,2026-10-06T16:25:05.223+00:00,ok
t1clears02,clear-steady,steady,5,2026-10-06T16:25:06.523+00:00,ok
t1clears02,clear-steady,steady,6,2026-10-06T16:25:07.823+00:00,ok
t1clears02,clear-steady,steady,7,2026-10-06T16:25:09.123+00:00,ok
t1clears02,clear-steady,steady,8,2026-10-06T16:25:10.423+00:00,ok
t1clears02,clear-steady,steady,9,2026-10-06T16:25:11.723+00:00,ok
t1clears02,clear-steady,steady,10,2026-10-06T16:25:13.023+00:00,ok
t1clears02,clear-steady,steady,11,2026-10-06T16:25:14.323+00:00,ok
t1clears02,clear-steady,steady,12,2026-10-06T16:25:15.623+00:00,ok
t1clears02,clear-steady,steady,13,2026-10-06T16:25:16.923+00:00,ok
t1clears02,clear-steady,steady,14,2026-10-06T16:25:18.223+00:00,ok
t1clears02,clear-steady,steady,15,2026-10-06T16:25:19.523+00:00,ok
t1clears02,clear-steady,steady,16,2026-10-06T16:25:20.823+00:00,ok
t1clears02,clear-steady,steady,17,2026-10-06T16:25:22.123+00:00,ok
t1clears02,clear-steady,steady,18,2026-10-06T16:25:23.423+00:00,ok
t1clears02,clear-steady,steady,19,2026-10-06T16:25:24.723+00:00,ok
t1clears02,clear-steady,steady,20,2026-10-06T16:25:26.023+00:00,ok
t1clears02,clear-steady,steady,21,2026-10-06T16:25:27.323+00:00,ok
t1clears02,clear-steady,steady,22,2026-10-06T16:25:28.623+00:00,ok
t1clears02,clear-steady,steady,23,2026-10-06T16:25:29.923+00:00,ok
t1clears02,clear-steady,steady,24,2026-10-06T16:25:31.223+00:00,ok
t1clears02,clear-steady,steady,25,2026-10-06T16:25:32.523+00:00,ok
t1clears02,clear-steady,steady,26,2026-10-06T16:25:33.823+00:00,ok
t1clears02,clear-steady,steady,27,2026-10-06T16:25:35.123+00:00,ok
t1clears02,clear-steady,steady,28,2026-10-06T16:25:36.423+00:00,ok
t1clears02,clear-steady,steady,29,2026-10-06T16:25:37.723+00:00,ok
t1clears02,clear-steady,steady,30,2026-10-06T16:25:39.023+00:00,ok
t1clears02,clear-steady,steady,31,2026-10-06T16:25:40.323+00:00,ok
t1clears02,clear-steady,steady,32,2026-10-06T16:25:41.623+00:00,ok
t1clears02,clear-steady,steady,33,2026-10-06T16:25:42.923+00:00,ok
t1clears02,clear-steady,steady,34,2026-10-06T16:25:44.223+00:00,ok
t1clears02,clear-steady,steady,35,2026-10-06T16:25:45.523+00:00,ok
t1clears02,clear-steady,steady,36,2026-10-06T16:25:46.823+00:00,ok
t1clears02,clear-steady,steady,37,2026-10-06T16:25:48.123+00:00,ok
t1clears02,clear-steady,steady,38,2026-10-06T16:25:49.423+00:00,ok
t1clears02,clear-steady,steady,39,2026-10-06T16:25:50.723+00:00,ok
t1clears02,clear-steady,steady,40,2026-10-06T16:25:52.023+00:00,ok
t1clears02,clear-steady,steady,41,2026-10-06T16:25:53.323+00:00,ok
t1clears02,clear-steady,steady,42,2026-10-06T16:25:54.623+00:00,ok
t1clears02,clear-steady,steady,43,2026-10-06T16:25:55.923+00:00,ok
t1clears02,clear-steady,steady,44,2026-10-06T16:25:57.223+00:00,ok
t1clears02,clear-steady,steady,45,2026-10-06T16:25:58.523+00:00,ok
t1clears02,clear-steady,steady,46,2026-10-06T16:25:59.823+00:00,ok
t1clears02,clear-steady,steady,47,2026-10-06T16:26:01.123+00:00,ok
t1clears02,clear-steady,steady,48,2026-10-06T16:26:02.423+00:00,ok
t1clears02,clear-steady,steady,49,2026-10-06T16:26:03.723+00:00,ok
t1clears02,clear-steady,steady,50,2026-10-06T16:26:05.023+00:00,ok
t1clears02,clear-steady,steady,51,2026-10-06T16:26:06.323+00:00,ok
t1clears02,clear-steady,steady,52,2026-10-06T16:26:07.623+00:00,ok
t1clears02,clear-steady,steady,53,2026-10-06T16:26:08.923+00:00,ok
t1clears02,clear-steady,steady,54,2026-10-06T16:26:10.223+00:00,ok
t1clears02,clear-steady,steady,55,2026-10-06T16:26:11.523+00:00,ok
t1clears02,clear-steady,steady,56,2026-10-06T16:26:12.823+00:00,ok
t1clears02,clear-steady,steady,57,2026-10-06T16:26:14.123+00:00,ok
t1clears02,clear-steady,steady,58,2026-10-06T16:26:15.423+00:00,ok
t1clears02,clear-steady,steady,59,2026-10-06T16:26:16.723+00:00,ok
t1clears02,clear-steady,steady,60,2026-10-06T16:26:18.023+00:00,ok
t1clears02,clear-steady,steady,61,2026-10-06T16:26:19.323+00:00,ok
t1clears02,clear-steady,steady,62,2026-10-06T16:26:20.623+00:00,ok
t1clears02,clear-steady,steady,63,2026-10-06T16:26:21.923+00:00,ok
t1clears02,clear-steady,steady,64,2026-10-06T16:26:23.223+00:00,ok
t1clears02,clear-steady,steady,65,2026-10-06T16:26:24.523+00:00,ok
t1clears02,clear-steady,steady,66,2026-10-06T16:26:25.823+00:00,ok
t1clears02,clear-steady,steady,67,2026-10-06T16:26:27.123+00:00,ok
t1clears02,clear-steady,steady,68,2026-10-06T16:26:28.423+00:00,ok
t1clears02,clear-steady,steady,69,2026-10-06T16:26:29.723+00:00,ok
t1clears02,clear-steady,steady,70,2026-10-06T16:26:31.023+00:00,ok
t1clears02,clear-steady,steady,71,2026-10-06T16:26:32.323+00:00,ok
t1clears02,clear-steady,steady,72,2026-10-06T16:26:33.623+00:00,ok
t1clears02,clear-steady,steady,73,2026-10-06T16:26:34.923+00:00,ok
t1clears02,clear-steady,steady,74,2026-10-06T16:26:36.223+00:00,ok
t1clears02,clear-steady,steady,75,2026-10-06T16:26:37.523+00:00,ok
t1clears02,clear-steady,steady,76,2026-10-06T16:26:38.823+00:00,ok
t1clears02,clear-steady,steady,77,2026-10-06T16:26:40.123+00:00,ok
t1clears02,clear-steady,steady,78,2026-10-06T16:26:41.423+00:00,ok
t1clears02,clear-steady,steady,79,2026-10-06T16:26:42.723+00:00,ok
t1clears02,clear-steady,steady,80,2026-10-06T16:26:44.023+00:00,ok
t1clears02,clear-steady,steady,81,2026-10-06T16:26:45.323+00:00,ok
t1clears02,clear-steady,steady,82,2026-10-06T16:26:46.623+00:00,ok
t1clears02,clear-steady,steady,83,2026-10-06T16:26:47.923+00:00,ok
t1clears02,clear-steady,steady,84,2026-10-06T16:26:49.223+00:00,ok
t1clears02,clear-steady,steady,85,2026-10-06T16:26:50.523+00:00,ok
t1clears02,clear-steady,steady,86,2026-10-06T16:26:51.823+00:00,ok
t1clears02,clear-steady,steady,87,2026-10-06T16:26:53.123+00:00,ok
t1clears02,clear-steady,steady,88,2026-10-06T16:26:54.423+00:00,ok
t1clears02,clear-steady,steady,89,2026-10-06T16:26:55.723+00:00,ok
t1clears02,clear-steady,steady,90,2026-10-06T16:26:57.023+00:00,ok
t1clears02,clear-steady,steady,91,2026-10-06T16:26:58.323+00:00,ok
t1clears02,clear-steady,steady,92,2026-10-06T16:26:59.623+00:00,ok
t1clears02,clear-steady,steady,93,2026-10-06T16:27:00.923+00:00,ok
t1clears02,clear-steady,steady,94,2026-10-06T16:27:02.223+00:00,ok
t1clears02,clear-steady,steady,95,2026-10-06T16:27:03.523+00:00,ok
t1clears02,clear-steady,steady,96,2026-10-06T16:27:04.823+00:00,ok
t1clears02,clear-steady,steady,97,2026-10-06T16:27:06.123+00:00,ok
t1clears02,clear-steady,steady,98,2026-10-06T16:27:07.423+00:00,ok
t1clears02,clear-steady,steady,99,2026-10-06T16:27:08.723+00:00,ok
t1clears02,clear-steady,steady,100,2026-10-06T16:27:10.023+00:00,ok
t1clears02,clear-steady,steady,101,2026-10-06T16:27:11.323+00:00,ok
t1clears02,clear-steady,steady,102,2026-10-06T16:27:12.623+00:00,ok
t1clears02,clear-steady,steady,103,2026-10-06T16:27:13.923+00:00,ok
t1clears02,clear-steady,steady,104,2026-10-06T16:27:15.223+00:00,ok
t1clears02,clear-steady,steady,105,2026-10-06T16:27:16.523+00:00,ok
t1clears02,clear-steady,steady,106,2026-10-06T16:27:17.823+00:00,ok
t1clears02,clear-steady,steady,107,2026-10-06T16:27:19.123+00:00,ok
t1clears02,clear-steady,steady,108,2026-10-06T16:27:20.423+00:00,ok
t1clears02,clear-steady,steady,109,2026-10-06T16:27:21.723+00:00,ok
t1clears02,clear-steady,steady,110,2026-10-06T16:27:23.023+00:00,ok
t1clears02,clear-steady,steady,111,2026-10-06T16:27:24.323+00:00,ok
t1clears02,clear-steady,steady,112,2026-10-06T16:27:25.623+00:00,ok
t1clears02,clear-steady,steady,113,2026-10-06T16:27:26.923+00:00,ok
t1clears02,clear-steady,steady,114,2026-10-06T16:27:28.223+00:00,ok
t1clears02,clear-steady,steady,115,2026-10-06T16:27:29.523+00:00,ok
t1clears02,clear-steady,steady,116,2026-10-06T16:27:30.823+00:00,ok
t1clears02,clear-steady,steady,117,2026-10-06T16:27:32.123+00:00,ok
t1clears02,clear-steady,steady,118,2026-10-06T16:27:33.423+00:00,ok
t1clears02,clear-steady,steady,119,2026-10-06T16:27:34.723+00:00,ok
t1clearp03,clear-pair,pair,0,2026-10-06T16:35:00.023+00:00,ok
t1clearp03,clear-pair,pair,1,2026-10-06T16:35:00.123+00:00,ok
t1clearp03,clear-pair,pair,2,2026-10-06T16:35:02.623+00:00,ok
t1clearp03,clear-pair,pair,3,2026-10-06T16:35:02.723+00:00,ok
t1clearp03,clear-pair,pair,4,2026-10-06T16:35:05.223+00:00,ok
t1clearp03,clear-pair,pair,5,2026-10-06T16:35:05.323+00:00,ok
t1clearp03,clear-pair,pair,6,2026-10-06T16:35:07.823+00:00,ok
t1clearp03,clear-pair,pair,7,2026-10-06T16:35:07.923+00:00,ok
t1clearp03,clear-pair,pair,8,2026-10-06T16:35:10.423+00:00,ok
t1clearp03,clear-pair,pair,9,2026-10-06T16:35:10.523+00:00,ok
t1clearp03,clear-pair,pair,10,2026-10-06T16:35:13.023+00:00,ok
t1clearp03,clear-pair,pair,11,2026-10-06T16:35:13.123+00:00,ok
t1clearp03,clear-pair,pair,12,2026-10-06T16:35:15.623+00:00,ok
t1clearp03,clear-pair,pair,13,2026-10-06T16:35:15.723+00:00,ok
t1clearp03,clear-pair,pair,14,2026-10-06T16:35:18.223+00:00,ok
t1clearp03,clear-pair,pair,15,2026-10-06T16:35:18.323+00:00,ok
t1clearp03,clear-pair,pair,16,2026-10-06T16:35:20.823+00:00,ok
t1clearp03,clear-pair,pair,17,2026-10-06T16:35:20.923+00:00,ok
t1clearp03,clear-pair,pair,18,2026-10-06T16:35:23.423+00:00,ok
t1clearp03,clear-pair,pair,19,2026-10-06T16:35:23.523+00:00,ok
t1clearp03,clear-pair,pair,20,2026-10-06T16:35:26.023+00:00,ok
t1clearp03,clear-pair,pair,21,2026-10-06T16:35:26.123+00:00,ok
t1clearp03,clear-pair,pair,22,2026-10-06T16:35:28.623+00:00,ok
t1clearp03,clear-pair,pair,23,2026-10-06T16:35:28.723+00:00,ok
t1clearp03,clear-pair,pair,24,2026-10-06T16:35:31.223+00:00,ok
t1clearp03,clear-pair,pair,25,2026-10-06T16:35:31.323+00:00,ok
t1clearp03,clear-pair,pair,26,2026-10-06T16:35:33.823+00:00,ok
t1clearp03,clear-pair,pair,27,2026-10-06T16:35:33.923+00:00,ok
t1clearp03,clear-pair,pair,28,2026-10-06T16:35:36.423+00:00,ok
t1clearp03,clear-pair,pair,29,2026-10-06T16:35:36.523+00:00,ok
t1clearp03,clear-pair,pair,30,2026-10-06T16:35:39.023+00:00,ok
t1clearp03,clear-pair,pair,31,2026-10-06T16:35:39.123+00:00,ok
t1clearp03,clear-pair,pair,32,2026-10-06T16:35:41.623+00:00,ok
t1clearp03,clear-pair,pair,33,2026-10-06T16:35:41.723+00:00,ok
t1clearp03,clear-pair,pair,34,2026-10-06T16:35:44.223+00:00,ok
t1clearp03,clear-pair,pair,35,2026-10-06T16:35:44.323+00:00,ok
t1clearp03,clear-pair,pair,36,2026-10-06T16:35:46.823+00:00,ok
t1clearp03,clear-pair,pair,37,2026-10-06T16:35:46.923+00:00,ok
t1clearp03,clear-pair,pair,38,2026-10-06T16:35:49.423+00:00,ok
t1clearp03,clear-pair,pair,39,2026-10-06T16:35:49.523+00:00,ok
t1clearp03,clear-pair,pair,40,2026-10-06T16:35:52.023+00:00,ok
t1clearp03,clear-pair,pair,41,2026-10-06T16:35:52.123+00:00,ok
t1clearp03,clear-pair,pair,42,2026-10-06T16:35:54.623+00:00,ok
t1clearp03,clear-pair,pair,43,2026-10-06T16:35:54.723+00:00,ok
t1clearp03,clear-pair,pair,44,2026-10-06T16:35:57.223+00:00,ok
t1clearp03,clear-pair,pair,45,2026-10-06T16:35:57.323+00:00,ok
t1clearp03,clear-pair,pair,46,2026-10-06T16:35:59.823+00:00,ok
t1clearp03,clear-pair,pair,47,2026-10-06T16:35:59.923+00:00,ok
t1clearp03,clear-pair,pair,48,2026-10-06T16:36:02.423+00:00,ok
t1clearp03,clear-pair,pair,49,2026-10-06T16:36:02.523+00:00,ok
t1clearp03,clear-pair,pair,50,2026-10-06T16:36:05.023+00:00,ok
t1clearp03,clear-pair,pair,51,2026-10-06T16:36:05.123+00:00,ok
t1clearp03,clear-pair,pair,52,2026-10-06T16:36:07.623+00:00,ok
t1clearp03,clear-pair,pair,53,2026-10-06T16:36:07.723+00:00,ok
t1clearp03,clear-pair,pair,54,2026-10-06T16:36:10.223+00:00,ok
t1clearp03,clear-pair,pair,55,2026-10-06T16:36:10.323+00:00,ok
t1clearp03,clear-pair,pair,56,2026-10-06T16:36:12.823+00:00,ok
t1clearp03,clear-pair,pair,57,2026-10-06T16:36:12.923+00:00,ok
t1clearp03,clear-pair,pair,58,2026-10-06T16:36:15.423+00:00,ok
t1clearp03,clear-pair,pair,59,2026-10-06T16:36:15.523+00:00,ok
t1clearp03,clear-pair,pair,60,2026-10-06T16:36:18.023+00:00,ok
t1clearp03,clear-pair,pair,61,2026-10-06T16:36:18.123+00:00,ok
t1clearp03,clear-pair,pair,62,2026-10-06T16:36:20.623+00:00,ok
t1clearp03,clear-pair,pair,63,2026-10-06T16:36:20.723+00:00,ok
t1clearp03,clear-pair,pair,64,2026-10-06T16:36:23.223+00:00,ok
t1clearp03,clear-pair,pair,65,2026-10-06T16:36:23.323+00:00,ok
t1clearp03,clear-pair,pair,66,2026-10-06T16:36:25.823+00:00,ok
t1clearp03,clear-pair,pair,67,2026-10-06T16:36:25.923+00:00,ok
t1clearp03,clear-pair,pair,68,2026-10-06T16:36:28.423+00:00,ok
t1clearp03,clear-pair,pair,69,2026-10-06T16:36:28.523+00:00,ok
t1clearp03,clear-pair,pair,70,2026-10-06T16:36:31.023+00:00,ok
t1clearp03,clear-pair,pair,71,2026-10-06T16:36:31.123+00:00,ok
t1clearp03,clear-pair,pair,72,2026-10-06T16:36:33.623+00:00,ok
t1clearp03,clear-pair,pair,73,2026-10-06T16:36:33.723+00:00,ok
t1clearp03,clear-pair,pair,74,2026-10-06T16:36:36.223+00:00,ok
t1clearp03,clear-pair,pair,75,2026-10-06T16:36:36.323+00:00,ok
t1clearp03,clear-pair,pair,76,2026-10-06T16:36:38.823+00:00,ok
t1clearp03,clear-pair,pair,77,2026-10-06T16:36:38.923+00:00,ok
t1clearp03,clear-pair,pair,78,2026-10-06T16:36:41.423+00:00,ok
t1clearp03,clear-pair,pair,79,2026-10-06T16:36:41.523+00:00,ok
t1clearp03,clear-pair,pair,80,2026-10-06T16:36:44.023+00:00,ok
t1clearp03,clear-pair,pair,81,2026-10-06T16:36:44.123+00:00,ok
t1clearp03,clear-pair,pair,82,2026-10-06T16:36:46.623+00:00,ok
t1clearp03,clear-pair,pair,83,2026-10-06T16:36:46.723+00:00,ok
t1clearp03,clear-pair,pair,84,2026-10-06T16:36:49.223+00:00,ok
t1clearp03,clear-pair,pair,85,2026-10-06T16:36:49.323+00:00,ok
t1clearp03,clear-pair,pair,86,2026-10-06T16:36:51.823+00:00,ok
t1clearp03,clear-pair,pair,87,2026-10-06T16:36:51.923+00:00,ok
t1clearp03,clear-pair,pair,88,2026-10-06T16:36:54.423+00:00,ok
t1clearp03,clear-pair,pair,89,2026-10-06T16:36:54.523+00:00,ok
t1clearp03,clear-pair,pair,90,2026-10-06T16:36:57.023+00:00,ok
t1clearp03,clear-pair,pair,91,2026-10-06T16:36:57.123+00:00,ok
t1clearp03,clear-pair,pair,92,2026-10-06T16:36:59.623+00:00,ok
t1clearp03,clear-pair,pair,93,2026-10-06T16:36:59.723+00:00,ok
t1clearp03,clear-pair,pair,94,2026-10-06T16:37:02.223+00:00,ok
t1clearp03,clear-pair,pair,95,2026-10-06T16:37:02.323+00:00,ok
t1clearp03,clear-pair,pair,96,2026-10-06T16:37:04.823+00:00,ok
t1clearp03,clear-pair,pair,97,2026-10-06T16:37:04.923+00:00,ok
t1clearp03,clear-pair,pair,98,2026-10-06T16:37:07.423+00:00,ok
t1clearp03,clear-pair,pair,99,2026-10-06T16:37:07.523+00:00,ok
t1clearp03,clear-pair,pair,100,2026-10-06T16:37:10.023+00:00,ok
t1clearp03,clear-pair,pair,101,2026-10-06T16:37:10.123+00:00,ok
t1clearp03,clear-pair,pair,102,2026-10-06T16:37:12.623+00:00,ok
t1clearp03,clear-pair,pair,103,2026-10-06T16:37:12.723+00:00,ok
t1clearp03,clear-pair,pair,104,2026-10-06T16:37:15.223+00:00,ok
t1clearp03,clear-pair,pair,105,2026-10-06T16:37:15.323+00:00,ok
t1clearp03,clear-pair,pair,106,2026-10-06T16:37:17.823+00:00,ok
t1clearp03,clear-pair,pair,107,2026-10-06T16:37:17.923+00:00,ok
t1clearp03,clear-pair,pair,108,2026-10-06T16:37:20.423+00:00,ok
t1clearp03,clear-pair,pair,109,2026-10-06T16:37:20.523+00:00,ok
t1clearp03,clear-pair,pair,110,2026-10-06T16:37:23.023+00:00,ok
t1clearp03,clear-pair,pair,111,2026-10-06T16:37:23.123+00:00,ok
t1clearp03,clear-pair,pair,112,2026-10-06T16:37:25.623+00:00,ok
t1clearp03,clear-pair,pair,113,2026-10-06T16:37:25.723+00:00,ok
t1clearp03,clear-pair,pair,114,2026-10-06T16:37:28.223+00:00,ok
t1clearp03,clear-pair,pair,115,2026-10-06T16:37:28.323+00:00,ok
t1clearp03,clear-pair,pair,116,2026-10-06T16:37:30.823+00:00,ok
t1clearp03,clear-pair,pair,117,2026-10-06T16:37:30.923+00:00,ok
t1clearp03,clear-pair,pair,118,2026-10-06T16:37:33.423+00:00,ok
t1clearp03,clear-pair,pair,119,2026-10-06T16:37:33.523+00:00,ok
t1clears04,clear-steady,steady,0,2026-10-06T16:45:00.023+00:00,ok
t1clears04,clear-steady,steady,1,2026-10-06T16:45:01.323+00:00,ok
t1clears04,clear-steady,steady,2,2026-10-06T16:45:02.623+00:00,ok
t1clears04,clear-steady,steady,3,2026-10-06T16:45:03.923+00:00,ok
t1clears04,clear-steady,steady,4,2026-10-06T16:45:05.223+00:00,ok
t1clears04,clear-steady,steady,5,2026-10-06T16:45:06.523+00:00,ok
t1clears04,clear-steady,steady,6,2026-10-06T16:45:07.823+00:00,ok
t1clears04,clear-steady,steady,7,2026-10-06T16:45:09.123+00:00,ok
t1clears04,clear-steady,steady,8,2026-10-06T16:45:10.423+00:00,ok
t1clears04,clear-steady,steady,9,2026-10-06T16:45:11.723+00:00,ok
t1clears04,clear-steady,steady,10,2026-10-06T16:45:13.023+00:00,ok
t1clears04,clear-steady,steady,11,2026-10-06T16:45:14.323+00:00,ok
t1clears04,clear-steady,steady,12,2026-10-06T16:45:15.623+00:00,ok
t1clears04,clear-steady,steady,13,2026-10-06T16:45:16.923+00:00,ok
t1clears04,clear-steady,steady,14,2026-10-06T16:45:18.223+00:00,ok
t1clears04,clear-steady,steady,15,2026-10-06T16:45:19.523+00:00,ok
t1clears04,clear-steady,steady,16,2026-10-06T16:45:20.823+00:00,ok
t1clears04,clear-steady,steady,17,2026-10-06T16:45:22.123+00:00,ok
t1clears04,clear-steady,steady,18,2026-10-06T16:45:23.423+00:00,ok
t1clears04,clear-steady,steady,19,2026-10-06T16:45:24.723+00:00,ok
t1clears04,clear-steady,steady,20,2026-10-06T16:45:26.023+00:00,ok
t1clears04,clear-steady,steady,21,2026-10-06T16:45:27.323+00:00,ok
t1clears04,clear-steady,steady,22,2026-10-06T16:45:28.623+00:00,ok
t1clears04,clear-steady,steady,23,2026-10-06T16:45:29.923+00:00,ok
t1clears04,clear-steady,steady,24,2026-10-06T16:45:31.223+00:00,ok
t1clears04,clear-steady,steady,25,2026-10-06T16:45:32.523+00:00,ok
t1clears04,clear-steady,steady,26,2026-10-06T16:45:33.823+00:00,ok
t1clears04,clear-steady,steady,27,2026-10-06T16:45:35.123+00:00,ok
t1clears04,clear-steady,steady,28,2026-10-06T16:45:36.423+00:00,ok
t1clears04,clear-steady,steady,29,2026-10-06T16:45:37.723+00:00,ok
t1clears04,clear-steady,steady,30,2026-10-06T16:45:39.023+00:00,ok
t1clears04,clear-steady,steady,31,2026-10-06T16:45:40.323+00:00,ok
t1clears04,clear-steady,steady,32,2026-10-06T16:45:41.623+00:00,ok
t1clears04,clear-steady,steady,33,2026-10-06T16:45:42.923+00:00,ok
t1clears04,clear-steady,steady,34,2026-10-06T16:45:44.223+00:00,ok
t1clears04,clear-steady,steady,35,2026-10-06T16:45:45.523+00:00,ok
t1clears04,clear-steady,steady,36,2026-10-06T16:45:46.823+00:00,ok
t1clears04,clear-steady,steady,37,2026-10-06T16:45:48.123+00:00,ok
t1clears04,clear-steady,steady,38,2026-10-06T16:45:49.423+00:00,ok
t1clears04,clear-steady,steady,39,2026-10-06T16:45:50.723+00:00,ok
t1clears04,clear-steady,steady,40,2026-10-06T16:45:52.023+00:00,ok
t1clears04,clear-steady,steady,41,2026-10-06T16:45:53.323+00:00,ok
t1clears04,clear-steady,steady,42,2026-10-06T16:45:54.623+00:00,ok
t1clears04,clear-steady,steady,43,2026-10-06T16:45:55.923+00:00,ok
t1clears04,clear-steady,steady,44,2026-10-06T16:45:57.223+00:00,ok
t1clears04,clear-steady,steady,45,2026-10-06T16:45:58.523+00:00,ok
t1clears04,clear-steady,steady,46,2026-10-06T16:45:59.823+00:00,ok
t1clears04,clear-steady,steady,47,2026-10-06T16:46:01.123+00:00,ok
t1clears04,clear-steady,steady,48,2026-10-06T16:46:02.423+00:00,ok
t1clears04,clear-steady,steady,49,2026-10-06T16:46:03.723+00:00,ok
t1clears04,clear-steady,steady,50,2026-10-06T16:46:05.023+00:00,ok
t1clears04,clear-steady,steady,51,2026-10-06T16:46:06.323+00:00,ok
t1clears04,clear-steady,steady,52,2026-10-06T16:46:07.623+00:00,ok
t1clears04,clear-steady,steady,53,2026-10-06T16:46:08.923+00:00,ok
t1clears04,clear-steady,steady,54,2026-10-06T16:46:10.223+00:00,ok
t1clears04,clear-steady,steady,55,2026-10-06T16:46:11.523+00:00,ok
t1clears04,clear-steady,steady,56,2026-10-06T16:46:12.823+00:00,ok
t1clears04,clear-steady,steady,57,2026-10-06T16:46:14.123+00:00,ok
t1clears04,clear-steady,steady,58,2026-10-06T16:46:15.423+00:00,ok
t1clears04,clear-steady,steady,59,2026-10-06T16:46:16.723+00:00,ok
t1clears04,clear-steady,steady,60,2026-10-06T16:46:18.023+00:00,ok
t1clears04,clear-steady,steady,61,2026-10-06T16:46:19.323+00:00,ok
t1clears04,clear-steady,steady,62,2026-10-06T16:46:20.623+00:00,ok
t1clears04,clear-steady,steady,63,2026-10-06T16:46:21.923+00:00,ok
t1clears04,clear-steady,steady,64,2026-10-06T16:46:23.223+00:00,ok
t1clears04,clear-steady,steady,65,2026-10-06T16:46:24.523+00:00,ok
t1clears04,clear-steady,steady,66,2026-10-06T16:46:25.823+00:00,ok
t1clears04,clear-steady,steady,67,2026-10-06T16:46:27.123+00:00,ok
t1clears04,clear-steady,steady,68,2026-10-06T16:46:28.423+00:00,ok
t1clears04,clear-steady,steady,69,2026-10-06T16:46:29.723+00:00,ok
t1clears04,clear-steady,steady,70,2026-10-06T16:46:31.023+00:00,ok
t1clears04,clear-steady,steady,71,2026-10-06T16:46:32.323+00:00,ok
t1clears04,clear-steady,steady,72,2026-10-06T16:46:33.623+00:00,ok
t1clears04,clear-steady,steady,73,2026-10-06T16:46:34.923+00:00,ok
t1clears04,clear-steady,steady,74,2026-10-06T16:46:36.223+00:00,ok
t1clears04,clear-steady,steady,75,2026-10-06T16:46:37.523+00:00,ok
t1clears04,clear-steady,steady,76,2026-10-06T16:46:38.823+00:00,ok
t1clears04,clear-steady,steady,77,2026-10-06T16:46:40.123+00:00,ok
t1clears04,clear-steady,steady,78,2026-10-06T16:46:41.423+00:00,ok
t1clears04,clear-steady,steady,79,2026-10-06T16:46:42.723+00:00,ok
t1clears04,clear-steady,steady,80,2026-10-06T16:46:44.023+00:00,ok
t1clears04,clear-steady,steady,81,2026-10-06T16:46:45.323+00:00,ok
t1clears04,clear-steady,steady,82,2026-10-06T16:46:46.623+00:00,ok
t1clears04,clear-steady,steady,83,2026-10-06T16:46:47.923+00:00,ok
t1clears04,clear-steady,steady,84,2026-10-06T16:46:49.223+00:00,ok
t1clears04,clear-steady,steady,85,2026-10-06T16:46:50.523+00:00,ok
t1clears04,clear-steady,steady,86,2026-10-06T16:46:51.823+00:00,ok
t1clears04,clear-steady,steady,87,2026-10-06T16:46:53.123+00:00,ok
t1clears04,clear-steady,steady,88,2026-10-06T16:46:54.423+00:00,ok
t1clears04,clear-steady,steady,89,2026-10-06T16:46:55.723+00:00,ok
t1clears04,clear-steady,steady,90,2026-10-06T16:46:57.023+00:00,ok
t1clears04,clear-steady,steady,91,2026-10-06T16:46:58.323+00:00,ok
t1clears04,clear-steady,steady,92,2026-10-06T16:46:59.623+00:00,ok
t1clears04,clear-steady,steady,93,2026-10-06T16:47:00.923+00:00,ok
t1clears04,clear-steady,steady,94,2026-10-06T16:47:02.223+00:00,ok
t1clears04,clear-steady,steady,95,2026-10-06T16:47:03.523+00:00,ok
t1clears04,clear-steady,steady,96,2026-10-06T16:47:04.823+00:00,ok
t1clears04,clear-steady,steady,97,2026-10-06T16:47:06.123+00:00,ok
t1clears04,clear-steady,steady,98,2026-10-06T16:47:07.423+00:00,ok
t1clears04,clear-steady,steady,99,2026-10-06T16:47:08.723+00:00,ok
t1clears04,clear-steady,steady,100,2026-10-06T16:47:10.023+00:00,ok
t1clears04,clear-steady,steady,101,2026-10-06T16:47:11.323+00:00,ok
t1clears04,clear-steady,steady,102,2026-10-06T16:47:12.623+00:00,ok
t1clears04,clear-steady,steady,103,2026-10-06T16:47:13.923+00:00,ok
t1clears04,clear-steady,steady,104,2026-10-06T16:47:15.223+00:00,ok
t1clears04,clear-steady,steady,105,2026-10-06T16:47:16.523+00:00,ok
t1clears04,clear-steady,steady,106,2026-10-06T16:47:17.823+00:00,ok
t1clears04,clear-steady,steady,107,2026-10-06T16:47:19.123+00:00,ok
t1clears04,clear-steady,steady,108,2026-10-06T16:47:20.423+00:00,ok
t1clears04,clear-steady,steady,109,2026-10-06T16:47:21.723+00:00,ok
t1clears04,clear-steady,steady,110,2026-10-06T16:47:23.023+00:00,ok
t1clears04,clear-steady,steady,111,2026-10-06T16:47:24.323+00:00,ok
t1clears04,clear-steady,steady,112,2026-10-06T16:47:25.623+00:00,ok
t1clears04,clear-steady,steady,113,2026-10-06T16:47:26.923+00:00,ok
t1clears04,clear-steady,steady,114,2026-10-06T16:47:28.223+00:00,ok
t1clears04,clear-steady,steady,115,2026-10-06T16:47:29.523+00:00,ok
t1clears04,clear-steady,steady,116,2026-10-06T16:47:30.823+00:00,ok
t1clears04,clear-steady,steady,117,2026-10-06T16:47:32.123+00:00,ok
t1clears04,clear-steady,steady,118,2026-10-06T16:47:33.423+00:00,ok
t1clears04,clear-steady,steady,119,2026-10-06T16:47:34.723+00:00,ok
t1clearp05,clear-pair,pair,0,2026-10-06T16:55:00.023+00:00,ok
t1clearp05,clear-pair,pair,1,2026-10-06T16:55:00.123+00:00,ok
t1clearp05,clear-pair,pair,2,2026-10-06T16:55:02.623+00:00,ok
t1clearp05,clear-pair,pair,3,2026-10-06T16:55:02.723+00:00,ok
t1clearp05,clear-pair,pair,4,2026-10-06T16:55:05.223+00:00,ok
t1clearp05,clear-pair,pair,5,2026-10-06T16:55:05.323+00:00,ok
t1clearp05,clear-pair,pair,6,2026-10-06T16:55:07.823+00:00,ok
t1clearp05,clear-pair,pair,7,2026-10-06T16:55:07.923+00:00,ok
t1clearp05,clear-pair,pair,8,2026-10-06T16:55:10.423+00:00,ok
t1clearp05,clear-pair,pair,9,2026-10-06T16:55:10.523+00:00,ok
t1clearp05,clear-pair,pair,10,2026-10-06T16:55:13.023+00:00,ok
t1clearp05,clear-pair,pair,11,2026-10-06T16:55:13.123+00:00,ok
t1clearp05,clear-pair,pair,12,2026-10-06T16:55:15.623+00:00,ok
t1clearp05,clear-pair,pair,13,2026-10-06T16:55:15.723+00:00,ok
t1clearp05,clear-pair,pair,14,2026-10-06T16:55:18.223+00:00,ok
t1clearp05,clear-pair,pair,15,2026-10-06T16:55:18.323+00:00,ok
t1clearp05,clear-pair,pair,16,2026-10-06T16:55:20.823+00:00,ok
t1clearp05,clear-pair,pair,17,2026-10-06T16:55:20.923+00:00,ok
t1clearp05,clear-pair,pair,18,2026-10-06T16:55:23.423+00:00,ok
t1clearp05,clear-pair,pair,19,2026-10-06T16:55:23.523+00:00,ok
t1clearp05,clear-pair,pair,20,2026-10-06T16:55:26.023+00:00,ok
t1clearp05,clear-pair,pair,21,2026-10-06T16:55:26.123+00:00,ok
t1clearp05,clear-pair,pair,22,2026-10-06T16:55:28.623+00:00,ok
t1clearp05,clear-pair,pair,23,2026-10-06T16:55:28.723+00:00,ok
t1clearp05,clear-pair,pair,24,2026-10-06T16:55:31.223+00:00,ok
t1clearp05,clear-pair,pair,25,2026-10-06T16:55:31.323+00:00,ok
t1clearp05,clear-pair,pair,26,2026-10-06T16:55:33.823+00:00,ok
t1clearp05,clear-pair,pair,27,2026-10-06T16:55:33.923+00:00,ok
t1clearp05,clear-pair,pair,28,2026-10-06T16:55:36.423+00:00,ok
t1clearp05,clear-pair,pair,29,2026-10-06T16:55:36.523+00:00,ok
t1clearp05,clear-pair,pair,30,2026-10-06T16:55:39.023+00:00,ok
t1clearp05,clear-pair,pair,31,2026-10-06T16:55:39.123+00:00,ok
t1clearp05,clear-pair,pair,32,2026-10-06T16:55:41.623+00:00,ok
t1clearp05,clear-pair,pair,33,2026-10-06T16:55:41.723+00:00,ok
t1clearp05,clear-pair,pair,34,2026-10-06T16:55:44.223+00:00,ok
t1clearp05,clear-pair,pair,35,2026-10-06T16:55:44.323+00:00,ok
t1clearp05,clear-pair,pair,36,2026-10-06T16:55:46.823+00:00,ok
t1clearp05,clear-pair,pair,37,2026-10-06T16:55:46.923+00:00,ok
t1clearp05,clear-pair,pair,38,2026-10-06T16:55:49.423+00:00,ok
t1clearp05,clear-pair,pair,39,2026-10-06T16:55:49.523+00:00,ok
t1clearp05,clear-pair,pair,40,2026-10-06T16:55:52.023+00:00,ok
t1clearp05,clear-pair,pair,41,2026-10-06T16:55:52.123+00:00,ok
t1clearp05,clear-pair,pair,42,2026-10-06T16:55:54.623+00:00,ok
t1clearp05,clear-pair,pair,43,2026-10-06T16:55:54.723+00:00,ok
t1clearp05,clear-pair,pair,44,2026-10-06T16:55:57.223+00:00,ok
t1clearp05,clear-pair,pair,45,2026-10-06T16:55:57.323+00:00,ok
t1clearp05,clear-pair,pair,46,2026-10-06T16:55:59.823+00:00,ok
t1clearp05,clear-pair,pair,47,2026-10-06T16:55:59.923+00:00,ok
t1clearp05,clear-pair,pair,48,2026-10-06T16:56:02.423+00:00,ok
t1clearp05,clear-pair,pair,49,2026-10-06T16:56:02.523+00:00,ok
t1clearp05,clear-pair,pair,50,2026-10-06T16:56:05.023+00:00,ok
t1clearp05,clear-pair,pair,51,2026-10-06T16:56:05.123+00:00,ok
t1clearp05,clear-pair,pair,52,2026-10-06T16:56:07.623+00:00,ok
t1clearp05,clear-pair,pair,53,2026-10-06T16:56:07.723+00:00,ok
t1clearp05,clear-pair,pair,54,2026-10-06T16:56:10.223+00:00,ok
t1clearp05,clear-pair,pair,55,2026-10-06T16:56:10.323+00:00,ok
t1clearp05,clear-pair,pair,56,2026-10-06T16:56:12.823+00:00,ok
t1clearp05,clear-pair,pair,57,2026-10-06T16:56:12.923+00:00,ok
t1clearp05,clear-pair,pair,58,2026-10-06T16:56:15.423+00:00,ok
t1clearp05,clear-pair,pair,59,2026-10-06T16:56:15.523+00:00,ok
t1clearp05,clear-pair,pair,60,2026-10-06T16:56:18.023+00:00,ok
t1clearp05,clear-pair,pair,61,2026-10-06T16:56:18.123+00:00,ok
t1clearp05,clear-pair,pair,62,2026-10-06T16:56:20.623+00:00,ok
t1clearp05,clear-pair,pair,63,2026-10-06T16:56:20.723+00:00,ok
t1clearp05,clear-pair,pair,64,2026-10-06T16:56:23.223+00:00,ok
t1clearp05,clear-pair,pair,65,2026-10-06T16:56:23.323+00:00,ok
t1clearp05,clear-pair,pair,66,2026-10-06T16:56:25.823+00:00,ok
t1clearp05,clear-pair,pair,67,2026-10-06T16:56:25.923+00:00,ok
t1clearp05,clear-pair,pair,68,2026-10-06T16:56:28.423+00:00,ok
t1clearp05,clear-pair,pair,69,2026-10-06T16:56:28.523+00:00,ok
t1clearp05,clear-pair,pair,70,2026-10-06T16:56:31.023+00:00,ok
t1clearp05,clear-pair,pair,71,2026-10-06T16:56:31.123+00:00,ok
t1clearp05,clear-pair,pair,72,2026-10-06T16:56:33.623+00:00,ok
t1clearp05,clear-pair,pair,73,2026-10-06T16:56:33.723+00:00,ok
t1clearp05,clear-pair,pair,74,2026-10-06T16:56:36.223+00:00,ok
t1clearp05,clear-pair,pair,75,2026-10-06T16:56:36.323+00:00,ok
t1clearp05,clear-pair,pair,76,2026-10-06T16:56:38.823+00:00,ok
t1clearp05,clear-pair,pair,77,2026-10-06T16:56:38.923+00:00,ok
t1clearp05,clear-pair,pair,78,2026-10-06T16:56:41.423+00:00,ok
t1clearp05,clear-pair,pair,79,2026-10-06T16:56:41.523+00:00,ok
t1clearp05,clear-pair,pair,80,2026-10-06T16:56:44.023+00:00,ok
t1clearp05,clear-pair,pair,81,2026-10-06T16:56:44.123+00:00,ok
t1clearp05,clear-pair,pair,82,2026-10-06T16:56:46.623+00:00,ok
t1clearp05,clear-pair,pair,83,2026-10-06T16:56:46.723+00:00,ok
t1clearp05,clear-pair,pair,84,2026-10-06T16:56:49.223+00:00,ok
t1clearp05,clear-pair,pair,85,2026-10-06T16:56:49.323+00:00,ok
t1clearp05,clear-pair,pair,86,2026-10-06T16:56:51.823+00:00,ok
t1clearp05,clear-pair,pair,87,2026-10-06T16:56:51.923+00:00,ok
t1clearp05,clear-pair,pair,88,2026-10-06T16:56:54.423+00:00,ok
t1clearp05,clear-pair,pair,89,2026-10-06T16:56:54.523+00:00,ok
t1clearp05,clear-pair,pair,90,2026-10-06T16:56:57.023+00:00,ok
t1clearp05,clear-pair,pair,91,2026-10-06T16:56:57.123+00:00,ok
t1clearp05,clear-pair,pair,92,2026-10-06T16:56:59.623+00:00,ok
t1clearp05,clear-pair,pair,93,2026-10-06T16:56:59.723+00:00,ok
t1clearp05,clear-pair,pair,94,2026-10-06T16:57:02.223+00:00,ok
t1clearp05,clear-pair,pair,95,2026-10-06T16:57:02.323+00:00,ok
t1clearp05,clear-pair,pair,96,2026-10-06T16:57:04.823+00:00,ok
t1clearp05,clear-pair,pair,97,2026-10-06T16:57:04.923+00:00,ok
t1clearp05,clear-pair,pair,98,2026-10-06T16:57:07.423+00:00,ok
t1clearp05,clear-pair,pair,99,2026-10-06T16:57:07.523+00:00,ok
t1clearp05,clear-pair,pair,100,2026-10-06T16:57:10.023+00:00,ok
t1clearp05,clear-pair,pair,101,2026-10-06T16:57:10.123+00:00,ok
t1clearp05,clear-pair,pair,102,2026-10-06T16:57:12.623+00:00,ok
t1clearp05,clear-pair,pair,103,2026-10-06T16:57:12.723+00:00,ok
t1clearp05,clear-pair,pair,104,2026-10-06T16:57:15.223+00:00,ok
t1clearp05,clear-pair,pair,105,2026-10-06T16:57:15.323+00:00,ok
t1clearp05,clear-pair,pair,106,2026-10-06T16:57:17.823+00:00,ok
t1clearp05,clear-pair,pair,107,2026-10-06T16:57:17.923+00:00,ok
t1clearp05,clear-pair,pair,108,2026-10-06T16:57:20.423+00:00,ok
t1clearp05,clear-pair,pair,109,2026-10-06T16:57:20.523+00:00,ok
t1clearp05,clear-pair,pair,110,2026-10-06T16:57:23.023+00:00,ok
t1clearp05,clear-pair,pair,111,2026-10-06T16:57:23.123+00:00,ok
t1clearp05,clear-pair,pair,112,2026-10-06T16:57:25.623+00:00,ok
t1clearp05,clear-pair,pair,113,2026-10-06T16:57:25.723+00:00,ok
t1clearp05,clear-pair,pair,114,2026-10-06T16:57:28.223+00:00,ok
t1clearp05,clear-pair,pair,115,2026-10-06T16:57:28.323+00:00,ok
t1clearp05,clear-pair,pair,116,2026-10-06T16:57:30.823+00:00,ok
t1clearp05,clear-pair,pair,117,2026-10-06T16:57:30.923+00:00,ok
t1clearp05,clear-pair,pair,118,2026-10-06T16:57:33.423+00:00,ok
t1clearp05,clear-pair,pair,119,2026-10-06T16:57:33.523+00:00,ok
t1bsettl06,b-settle,steady,0,2026-10-06T17:05:03.023+00:00,ok
t1bsettl06,b-settle,steady,1,2026-10-06T17:05:04.323+00:00,ok
t1bsettl06,b-settle,steady,2,2026-10-06T17:05:05.623+00:00,ok
t1bsettl06,b-settle,steady,3,2026-10-06T17:05:06.923+00:00,ok
t1bsettl06,b-settle,steady,4,2026-10-06T17:05:08.223+00:00,ok
t1bsettl06,b-settle,steady,5,2026-10-06T17:05:09.523+00:00,ok
t1bsettl06,b-settle,steady,6,2026-10-06T17:05:10.823+00:00,ok
t1bsettl06,b-settle,steady,7,2026-10-06T17:05:12.123+00:00,ok
t1bsettl06,b-settle,steady,8,2026-10-06T17:05:13.423+00:00,ok
t1bsettl06,b-settle,steady,9,2026-10-06T17:05:14.723+00:00,ok
t1bsettl06,b-settle,steady,10,2026-10-06T17:05:16.023+00:00,ok
t1bsettl06,b-settle,steady,11,2026-10-06T17:05:17.323+00:00,ok
t1bsettl06,b-settle,steady,12,2026-10-06T17:05:18.623+00:00,ok
t1bsettl06,b-settle,steady,13,2026-10-06T17:05:19.923+00:00,ok
t1bsettl06,b-settle,steady,14,2026-10-06T17:05:21.223+00:00,ok
t1bsettl06,b-settle,steady,15,2026-10-06T17:05:22.523+00:00,ok
t1bsettl06,b-settle,steady,16,2026-10-06T17:05:23.823+00:00,ok
t1bsettl06,b-settle,steady,17,2026-10-06T17:05:25.123+00:00,ok
t1bsettl06,b-settle,steady,18,2026-10-06T17:05:26.423+00:00,ok
t1bsettl06,b-settle,steady,19,2026-10-06T17:05:27.723+00:00,ok
t1bsettl06,b-settle,steady,20,2026-10-06T17:05:29.023+00:00,ok
t1bsettl06,b-settle,steady,21,2026-10-06T17:05:30.323+00:00,ok
t1bsettl06,b-settle,steady,22,2026-10-06T17:05:31.623+00:00,ok
t1bsettl06,b-settle,steady,23,2026-10-06T17:05:32.923+00:00,ok
t1bsettl06,b-settle,steady,24,2026-10-06T17:05:34.223+00:00,ok
t1bsettl06,b-settle,steady,25,2026-10-06T17:05:35.523+00:00,ok
t1bsettl06,b-settle,steady,26,2026-10-06T17:05:36.823+00:00,ok
t1bsettl06,b-settle,steady,27,2026-10-06T17:05:38.123+00:00,ok
t1bsettl06,b-settle,steady,28,2026-10-06T17:05:39.423+00:00,ok
t1bsettl06,b-settle,steady,29,2026-10-06T17:05:40.723+00:00,ok
t1bsettl06,b-settle,steady,30,2026-10-06T17:05:42.023+00:00,ok
t1bsettl06,b-settle,steady,31,2026-10-06T17:05:43.323+00:00,ok
t1bsettl06,b-settle,steady,32,2026-10-06T17:05:44.623+00:00,ok
t1bsettl06,b-settle,steady,33,2026-10-06T17:05:45.923+00:00,ok
t1bsettl06,b-settle,steady,34,2026-10-06T17:05:47.223+00:00,ok
t1bsettl06,b-settle,steady,35,2026-10-06T17:05:48.523+00:00,ok
t1bsettl06,b-settle,steady,36,2026-10-06T17:05:49.823+00:00,ok
t1bsettl06,b-settle,steady,37,2026-10-06T17:05:51.123+00:00,ok
t1bsettl06,b-settle,steady,38,2026-10-06T17:05:52.423+00:00,ok
t1bsettl06,b-settle,steady,39,2026-10-06T17:05:53.723+00:00,ok
t1bsettl06,b-settle,steady,40,2026-10-06T17:05:55.023+00:00,ok
t1bsettl06,b-settle,steady,41,2026-10-06T17:05:56.323+00:00,ok
t1bsettl06,b-settle,steady,42,2026-10-06T17:05:57.623+00:00,ok
t1bsettl06,b-settle,steady,43,2026-10-06T17:05:58.923+00:00,ok
t1bsettl06,b-settle,steady,44,2026-10-06T17:06:00.223+00:00,ok
t1bsettl06,b-settle,steady,45,2026-10-06T17:06:01.523+00:00,ok
t1bsettl06,b-settle,steady,46,2026-10-06T17:06:02.823+00:00,ok
t1bsettl06,b-settle,steady,47,2026-10-06T17:06:04.123+00:00,ok
t1bsettl06,b-settle,steady,48,2026-10-06T17:06:05.423+00:00,ok
t1bsettl06,b-settle,steady,49,2026-10-06T17:06:06.723+00:00,ok
t1bsettl06,b-settle,steady,50,2026-10-06T17:06:08.023+00:00,ok
t1bsettl06,b-settle,steady,51,2026-10-06T17:06:09.323+00:00,ok
t1bsettl06,b-settle,steady,52,2026-10-06T17:06:10.623+00:00,ok
t1bsettl06,b-settle,steady,53,2026-10-06T17:06:11.923+00:00,ok
t1bsettl06,b-settle,steady,54,2026-10-06T17:06:13.223+00:00,ok
t1bsettl06,b-settle,steady,55,2026-10-06T17:06:14.523+00:00,ok
t1bsettl06,b-settle,steady,56,2026-10-06T17:06:15.823+00:00,ok
t1bsettl06,b-settle,steady,57,2026-10-06T17:06:17.123+00:00,ok
t1bsettl06,b-settle,steady,58,2026-10-06T17:06:18.423+00:00,ok
t1bsettl06,b-settle,steady,59,2026-10-06T17:06:19.723+00:00,ok
t1bsettl06,b-settle,steady,60,2026-10-06T17:06:21.023+00:00,ok
t1bsettl06,b-settle,steady,61,2026-10-06T17:06:22.323+00:00,ok
t1bsettl06,b-settle,steady,62,2026-10-06T17:06:23.623+00:00,ok
t1bsettl06,b-settle,steady,63,2026-10-06T17:06:24.923+00:00,ok
t1bsettl06,b-settle,steady,64,2026-10-06T17:06:26.223+00:00,ok
t1bsettl06,b-settle,steady,65,2026-10-06T17:06:27.523+00:00,ok
t1bsettl06,b-settle,steady,66,2026-10-06T17:06:28.823+00:00,ok
t1bsettl06,b-settle,steady,67,2026-10-06T17:06:30.123+00:00,ok
t1bsettl06,b-settle,steady,68,2026-10-06T17:06:31.423+00:00,ok
t1bsettl06,b-settle,steady,69,2026-10-06T17:06:32.723+00:00,ok
t1bsettl06,b-settle,steady,70,2026-10-06T17:06:34.023+00:00,ok
t1bsettl06,b-settle,steady,71,2026-10-06T17:06:35.323+00:00,ok
t1bsettl06,b-settle,steady,72,2026-10-06T17:06:36.623+00:00,ok
t1bsettl06,b-settle,steady,73,2026-10-06T17:06:37.923+00:00,ok
t1bsettl06,b-settle,steady,74,2026-10-06T17:06:39.223+00:00,ok
t1bsettl06,b-settle,steady,75,2026-10-06T17:06:40.523+00:00,ok
t1bsettl06,b-settle,steady,76,2026-10-06T17:06:41.823+00:00,ok
t1bsettl06,b-settle,steady,77,2026-10-06T17:06:43.123+00:00,ok
t1bsettl06,b-settle,steady,78,2026-10-06T17:06:44.423+00:00,ok
t1bsettl06,b-settle,steady,79,2026-10-06T17:06:45.723+00:00,ok
t1bsettl06,b-settle,steady,80,2026-10-06T17:06:47.023+00:00,ok
t1bsettl06,b-settle,steady,81,2026-10-06T17:06:48.323+00:00,ok
t1bsettl06,b-settle,steady,82,2026-10-06T17:06:49.623+00:00,ok
t1bsettl06,b-settle,steady,83,2026-10-06T17:06:50.923+00:00,ok
t1bsettl06,b-settle,steady,84,2026-10-06T17:06:52.223+00:00,ok
t1bsettl06,b-settle,steady,85,2026-10-06T17:06:53.523+00:00,ok
t1bsettl06,b-settle,steady,86,2026-10-06T17:06:54.823+00:00,ok
t1bsettl06,b-settle,steady,87,2026-10-06T17:06:56.123+00:00,ok
t1bsettl06,b-settle,steady,88,2026-10-06T17:06:57.423+00:00,ok
t1bsettl06,b-settle,steady,89,2026-10-06T17:06:58.723+00:00,ok
t1bsettl06,b-settle,steady,90,2026-10-06T17:07:00.023+00:00,ok
t1bsettl06,b-settle,steady,91,2026-10-06T17:07:01.323+00:00,ok
t1bsettl06,b-settle,steady,92,2026-10-06T17:07:02.623+00:00,ok
t1bsettl06,b-settle,steady,93,2026-10-06T17:07:03.923+00:00,ok
t1bsettl06,b-settle,steady,94,2026-10-06T17:07:05.223+00:00,ok
t1bsettl06,b-settle,steady,95,2026-10-06T17:07:06.523+00:00,ok
t1bsettl06,b-settle,steady,96,2026-10-06T17:07:07.823+00:00,ok
t1bsettl06,b-settle,steady,97,2026-10-06T17:07:09.123+00:00,ok
t1bsettl06,b-settle,steady,98,2026-10-06T17:07:10.423+00:00,ok
t1bsettl06,b-settle,steady,99,2026-10-06T17:07:11.723+00:00,ok
t1bsettl06,b-settle,steady,100,2026-10-06T17:07:13.023+00:00,ok
t1bsettl06,b-settle,steady,101,2026-10-06T17:07:14.323+00:00,ok
t1bsettl06,b-settle,steady,102,2026-10-06T17:07:15.623+00:00,ok
t1bsettl06,b-settle,steady,103,2026-10-06T17:07:16.923+00:00,ok
t1bsettl06,b-settle,steady,104,2026-10-06T17:07:18.223+00:00,ok
t1bsettl06,b-settle,steady,105,2026-10-06T17:07:19.523+00:00,ok
t1bsettl06,b-settle,steady,106,2026-10-06T17:07:20.823+00:00,ok
t1bsettl06,b-settle,steady,107,2026-10-06T17:07:22.123+00:00,ok
t1bsettl06,b-settle,steady,108,2026-10-06T17:07:23.423+00:00,ok
t1bsettl06,b-settle,steady,109,2026-10-06T17:07:24.723+00:00,ok
t1bsettl06,b-settle,steady,110,2026-10-06T17:07:26.023+00:00,ok
t1bsettl06,b-settle,steady,111,2026-10-06T17:07:27.323+00:00,ok
t1bsettl06,b-settle,steady,112,2026-10-06T17:07:28.623+00:00,ok
t1bsettl06,b-settle,steady,113,2026-10-06T17:07:29.923+00:00,ok
t1bsettl06,b-settle,steady,114,2026-10-06T17:07:31.223+00:00,ok
t1bsettl06,b-settle,steady,115,2026-10-06T17:07:32.523+00:00,ok
t1bsettl06,b-settle,steady,116,2026-10-06T17:07:33.823+00:00,ok
t1bsettl06,b-settle,steady,117,2026-10-06T17:07:35.123+00:00,ok
t1bsettl06,b-settle,steady,118,2026-10-06T17:07:36.423+00:00,ok
t1bsettl06,b-settle,steady,119,2026-10-06T17:07:37.723+00:00,ok
t1aoverl07,a-overlap,steady,0,2026-10-06T17:09:30.023+00:00,ok
t1aoverl07,a-overlap,steady,1,2026-10-06T17:09:31.323+00:00,ok
t1aoverl07,a-overlap,steady,2,2026-10-06T17:09:32.623+00:00,ok
t1aoverl07,a-overlap,steady,3,2026-10-06T17:09:33.923+00:00,ok
t1aoverl07,a-overlap,steady,4,2026-10-06T17:09:35.223+00:00,ok
t1aoverl07,a-overlap,steady,5,2026-10-06T17:09:36.523+00:00,ok
t1aoverl07,a-overlap,steady,6,2026-10-06T17:09:37.823+00:00,ok
t1aoverl07,a-overlap,steady,7,2026-10-06T17:09:39.123+00:00,ok
t1aoverl07,a-overlap,steady,8,2026-10-06T17:09:40.423+00:00,ok
t1aoverl07,a-overlap,steady,9,2026-10-06T17:09:41.723+00:00,ok
t1aoverl07,a-overlap,steady,10,2026-10-06T17:09:43.023+00:00,ok
t1aoverl07,a-overlap,steady,11,2026-10-06T17:09:44.323+00:00,ok
t1aoverl07,a-overlap,steady,12,2026-10-06T17:09:45.623+00:00,ok
t1aoverl07,a-overlap,steady,13,2026-10-06T17:09:46.923+00:00,ok
t1aoverl07,a-overlap,steady,14,2026-10-06T17:09:48.223+00:00,ok
t1aoverl07,a-overlap,steady,15,2026-10-06T17:09:49.523+00:00,ok
t1aoverl07,a-overlap,steady,16,2026-10-06T17:09:50.823+00:00,ok
t1aoverl07,a-overlap,steady,17,2026-10-06T17:09:52.123+00:00,ok
t1aoverl07,a-overlap,steady,18,2026-10-06T17:09:53.423+00:00,ok
t1aoverl07,a-overlap,steady,19,2026-10-06T17:09:54.723+00:00,ok
t1aoverl07,a-overlap,steady,20,2026-10-06T17:09:56.023+00:00,ok
t1aoverl07,a-overlap,steady,21,2026-10-06T17:09:57.323+00:00,ok
t1aoverl07,a-overlap,steady,22,2026-10-06T17:09:58.623+00:00,ok
t1aoverl07,a-overlap,steady,23,2026-10-06T17:09:59.923+00:00,ok
t1aoverl07,a-overlap,steady,24,2026-10-06T17:10:01.223+00:00,ok
t1aoverl07,a-overlap,steady,25,2026-10-06T17:10:02.523+00:00,ok
t1aoverl07,a-overlap,steady,26,2026-10-06T17:10:03.823+00:00,ok
t1aoverl07,a-overlap,steady,27,2026-10-06T17:10:05.123+00:00,ok
t1aoverl07,a-overlap,steady,28,2026-10-06T17:10:06.423+00:00,ok
t1aoverl07,a-overlap,steady,29,2026-10-06T17:10:07.723+00:00,ok
t1aoverl07,a-overlap,steady,30,2026-10-06T17:10:09.023+00:00,ok
t1aoverl07,a-overlap,steady,31,2026-10-06T17:10:10.323+00:00,ok
t1aoverl07,a-overlap,steady,32,2026-10-06T17:10:11.623+00:00,ok
t1aoverl07,a-overlap,steady,33,2026-10-06T17:10:12.923+00:00,ok
t1aoverl07,a-overlap,steady,34,2026-10-06T17:10:14.223+00:00,ok
t1aoverl07,a-overlap,steady,35,2026-10-06T17:10:15.523+00:00,ok
t1aoverl07,a-overlap,steady,36,2026-10-06T17:10:16.823+00:00,ok
t1aoverl07,a-overlap,steady,37,2026-10-06T17:10:18.123+00:00,ok
t1aoverl07,a-overlap,steady,38,2026-10-06T17:10:19.423+00:00,ok
t1aoverl07,a-overlap,steady,39,2026-10-06T17:10:20.723+00:00,ok
t1aoverl07,a-overlap,steady,40,2026-10-06T17:10:22.023+00:00,ok
t1aoverl07,a-overlap,steady,41,2026-10-06T17:10:23.323+00:00,ok
t1aoverl07,a-overlap,steady,42,2026-10-06T17:10:24.623+00:00,ok
t1aoverl07,a-overlap,steady,43,2026-10-06T17:10:25.923+00:00,ok
t1aoverl07,a-overlap,steady,44,2026-10-06T17:10:27.223+00:00,ok
t1aoverl07,a-overlap,steady,45,2026-10-06T17:10:28.523+00:00,ok
t1aoverl07,a-overlap,steady,46,2026-10-06T17:10:29.823+00:00,ok
t1aoverl07,a-overlap,steady,47,2026-10-06T17:10:31.123+00:00,ok
t1aoverl07,a-overlap,steady,48,2026-10-06T17:10:32.423+00:00,ok
t1aoverl07,a-overlap,steady,49,2026-10-06T17:10:33.723+00:00,ok
t1aoverl07,a-overlap,steady,50,2026-10-06T17:10:35.023+00:00,ok
t1aoverl07,a-overlap,steady,51,2026-10-06T17:10:36.323+00:00,ok
t1aoverl07,a-overlap,steady,52,2026-10-06T17:10:37.623+00:00,ok
t1aoverl07,a-overlap,steady,53,2026-10-06T17:10:38.923+00:00,ok
t1aoverl07,a-overlap,steady,54,2026-10-06T17:10:40.223+00:00,ok
t1aoverl07,a-overlap,steady,55,2026-10-06T17:10:41.523+00:00,ok
t1aoverl07,a-overlap,steady,56,2026-10-06T17:10:42.823+00:00,ok
t1aoverl07,a-overlap,steady,57,2026-10-06T17:10:44.123+00:00,ok
t1aoverl07,a-overlap,steady,58,2026-10-06T17:10:45.423+00:00,ok
t1aoverl07,a-overlap,steady,59,2026-10-06T17:10:46.723+00:00,ok
t1aoverl07,a-overlap,steady,60,2026-10-06T17:10:48.023+00:00,ok
t1aoverl07,a-overlap,steady,61,2026-10-06T17:10:49.323+00:00,ok
t1aoverl07,a-overlap,steady,62,2026-10-06T17:10:50.623+00:00,ok
t1aoverl07,a-overlap,steady,63,2026-10-06T17:10:51.923+00:00,ok
t1aoverl07,a-overlap,steady,64,2026-10-06T17:10:53.223+00:00,ok
t1aoverl07,a-overlap,steady,65,2026-10-06T17:10:54.523+00:00,ok
t1aoverl07,a-overlap,steady,66,2026-10-06T17:10:55.823+00:00,ok
t1aoverl07,a-overlap,steady,67,2026-10-06T17:10:57.123+00:00,ok
t1aoverl07,a-overlap,steady,68,2026-10-06T17:10:58.423+00:00,ok
t1aoverl07,a-overlap,steady,69,2026-10-06T17:10:59.723+00:00,ok
t1aoverl07,a-overlap,steady,70,2026-10-06T17:11:01.023+00:00,ok
t1aoverl07,a-overlap,steady,71,2026-10-06T17:11:02.323+00:00,ok
t1aoverl07,a-overlap,steady,72,2026-10-06T17:11:03.623+00:00,ok
t1aoverl07,a-overlap,steady,73,2026-10-06T17:11:04.923+00:00,ok
t1aoverl07,a-overlap,steady,74,2026-10-06T17:11:06.223+00:00,ok
t1aoverl07,a-overlap,steady,75,2026-10-06T17:11:07.523+00:00,ok
t1aoverl07,a-overlap,steady,76,2026-10-06T17:11:08.823+00:00,ok
t1aoverl07,a-overlap,steady,77,2026-10-06T17:11:10.123+00:00,ok
t1aoverl07,a-overlap,steady,78,2026-10-06T17:11:11.423+00:00,ok
t1aoverl07,a-overlap,steady,79,2026-10-06T17:11:12.723+00:00,ok
t1aoverl07,a-overlap,steady,80,2026-10-06T17:11:14.023+00:00,ok
t1aoverl07,a-overlap,steady,81,2026-10-06T17:11:15.323+00:00,ok
t1aoverl07,a-overlap,steady,82,2026-10-06T17:11:16.623+00:00,ok
t1aoverl07,a-overlap,steady,83,2026-10-06T17:11:17.923+00:00,ok
t1aoverl07,a-overlap,steady,84,2026-10-06T17:11:19.223+00:00,ok
t1aoverl07,a-overlap,steady,85,2026-10-06T17:11:20.523+00:00,ok
t1aoverl07,a-overlap,steady,86,2026-10-06T17:11:21.823+00:00,ok
t1aoverl07,a-overlap,steady,87,2026-10-06T17:11:23.123+00:00,ok
t1aoverl07,a-overlap,steady,88,2026-10-06T17:11:24.423+00:00,ok
t1aoverl07,a-overlap,steady,89,2026-10-06T17:11:25.723+00:00,ok
t1aoverl07,a-overlap,steady,90,2026-10-06T17:11:27.023+00:00,ok
t1aoverl07,a-overlap,steady,91,2026-10-06T17:11:28.323+00:00,ok
t1aoverl07,a-overlap,steady,92,2026-10-06T17:11:29.623+00:00,ok
t1aoverl07,a-overlap,steady,93,2026-10-06T17:11:30.923+00:00,ok
t1aoverl07,a-overlap,steady,94,2026-10-06T17:11:32.223+00:00,ok
t1aoverl07,a-overlap,steady,95,2026-10-06T17:11:33.523+00:00,ok
t1aoverl07,a-overlap,steady,96,2026-10-06T17:11:34.823+00:00,ok
t1aoverl07,a-overlap,steady,97,2026-10-06T17:11:36.123+00:00,ok
t1aoverl07,a-overlap,steady,98,2026-10-06T17:11:37.423+00:00,ok
t1aoverl07,a-overlap,steady,99,2026-10-06T17:11:38.723+00:00,ok
t1aoverl07,a-overlap,steady,100,2026-10-06T17:11:40.023+00:00,ok
t1aoverl07,a-overlap,steady,101,2026-10-06T17:11:41.323+00:00,ok
t1aoverl07,a-overlap,steady,102,2026-10-06T17:11:42.623+00:00,ok
t1aoverl07,a-overlap,steady,103,2026-10-06T17:11:43.923+00:00,ok
t1aoverl07,a-overlap,steady,104,2026-10-06T17:11:45.223+00:00,ok
t1aoverl07,a-overlap,steady,105,2026-10-06T17:11:46.523+00:00,ok
t1aoverl07,a-overlap,steady,106,2026-10-06T17:11:47.823+00:00,ok
t1aoverl07,a-overlap,steady,107,2026-10-06T17:11:49.123+00:00,ok
t1aoverl07,a-overlap,steady,108,2026-10-06T17:11:50.423+00:00,ok
t1aoverl07,a-overlap,steady,109,2026-10-06T17:11:51.723+00:00,ok
t1aoverl07,a-overlap,steady,110,2026-10-06T17:11:53.023+00:00,ok
t1aoverl07,a-overlap,steady,111,2026-10-06T17:11:54.323+00:00,ok
t1aoverl07,a-overlap,steady,112,2026-10-06T17:11:55.623+00:00,ok
t1aoverl07,a-overlap,steady,113,2026-10-06T17:11:56.923+00:00,ok
t1aoverl07,a-overlap,steady,114,2026-10-06T17:11:58.223+00:00,ok
t1aoverl07,a-overlap,steady,115,2026-10-06T17:11:59.523+00:00,ok
t1aoverl07,a-overlap,steady,116,2026-10-06T17:12:00.823+00:00,ok
t1aoverl07,a-overlap,steady,117,2026-10-06T17:12:02.123+00:00,ok
t1aoverl07,a-overlap,steady,118,2026-10-06T17:12:03.423+00:00,ok
t1aoverl07,a-overlap,steady,119,2026-10-06T17:12:04.723+00:00,ok
t1clears08,clear-steady,steady,0,2026-10-06T17:25:00.023+00:00,ok
t1clears08,clear-steady,steady,1,2026-10-06T17:25:01.323+00:00,ok
t1clears08,clear-steady,steady,2,2026-10-06T17:25:02.623+00:00,ok
t1clears08,clear-steady,steady,3,2026-10-06T17:25:03.923+00:00,ok
t1clears08,clear-steady,steady,4,2026-10-06T17:25:05.223+00:00,ok
t1clears08,clear-steady,steady,5,2026-10-06T17:25:06.523+00:00,ok
t1clears08,clear-steady,steady,6,2026-10-06T17:25:07.823+00:00,ok
t1clears08,clear-steady,steady,7,2026-10-06T17:25:09.123+00:00,ok
t1clears08,clear-steady,steady,8,2026-10-06T17:25:10.423+00:00,ok
t1clears08,clear-steady,steady,9,2026-10-06T17:25:11.723+00:00,ok
t1clears08,clear-steady,steady,10,2026-10-06T17:25:13.023+00:00,ok
t1clears08,clear-steady,steady,11,2026-10-06T17:25:14.323+00:00,ok
t1clears08,clear-steady,steady,12,2026-10-06T17:25:15.623+00:00,ok
t1clears08,clear-steady,steady,13,2026-10-06T17:25:16.923+00:00,ok
t1clears08,clear-steady,steady,14,2026-10-06T17:25:18.223+00:00,ok
t1clears08,clear-steady,steady,15,2026-10-06T17:25:19.523+00:00,ok
t1clears08,clear-steady,steady,16,2026-10-06T17:25:20.823+00:00,ok
t1clears08,clear-steady,steady,17,2026-10-06T17:25:22.123+00:00,ok
t1clears08,clear-steady,steady,18,2026-10-06T17:25:23.423+00:00,ok
t1clears08,clear-steady,steady,19,2026-10-06T17:25:24.723+00:00,ok
t1clears08,clear-steady,steady,20,2026-10-06T17:25:26.023+00:00,ok
t1clears08,clear-steady,steady,21,2026-10-06T17:25:27.323+00:00,ok
t1clears08,clear-steady,steady,22,2026-10-06T17:25:28.623+00:00,ok
t1clears08,clear-steady,steady,23,2026-10-06T17:25:29.923+00:00,ok
t1clears08,clear-steady,steady,24,2026-10-06T17:25:31.223+00:00,ok
t1clears08,clear-steady,steady,25,2026-10-06T17:25:32.523+00:00,ok
t1clears08,clear-steady,steady,26,2026-10-06T17:25:33.823+00:00,ok
t1clears08,clear-steady,steady,27,2026-10-06T17:25:35.123+00:00,ok
t1clears08,clear-steady,steady,28,2026-10-06T17:25:36.423+00:00,ok
t1clears08,clear-steady,steady,29,2026-10-06T17:25:37.723+00:00,ok
t1clears08,clear-steady,steady,30,2026-10-06T17:25:39.023+00:00,ok
t1clears08,clear-steady,steady,31,2026-10-06T17:25:40.323+00:00,ok
t1clears08,clear-steady,steady,32,2026-10-06T17:25:41.623+00:00,ok
t1clears08,clear-steady,steady,33,2026-10-06T17:25:42.923+00:00,ok
t1clears08,clear-steady,steady,34,2026-10-06T17:25:44.223+00:00,ok
t1clears08,clear-steady,steady,35,2026-10-06T17:25:45.523+00:00,ok
t1clears08,clear-steady,steady,36,2026-10-06T17:25:46.823+00:00,ok
t1clears08,clear-steady,steady,37,2026-10-06T17:25:48.123+00:00,ok
t1clears08,clear-steady,steady,38,2026-10-06T17:25:49.423+00:00,ok
t1clears08,clear-steady,steady,39,2026-10-06T17:25:50.723+00:00,ok
t1clears08,clear-steady,steady,40,2026-10-06T17:25:52.023+00:00,ok
t1clears08,clear-steady,steady,41,2026-10-06T17:25:53.323+00:00,ok
t1clears08,clear-steady,steady,42,2026-10-06T17:25:54.623+00:00,ok
t1clears08,clear-steady,steady,43,2026-10-06T17:25:55.923+00:00,ok
t1clears08,clear-steady,steady,44,2026-10-06T17:25:57.223+00:00,ok
t1clears08,clear-steady,steady,45,2026-10-06T17:25:58.523+00:00,ok
t1clears08,clear-steady,steady,46,2026-10-06T17:25:59.823+00:00,ok
t1clears08,clear-steady,steady,47,2026-10-06T17:26:01.123+00:00,ok
t1clears08,clear-steady,steady,48,2026-10-06T17:26:02.423+00:00,ok
t1clears08,clear-steady,steady,49,2026-10-06T17:26:03.723+00:00,ok
t1clears08,clear-steady,steady,50,2026-10-06T17:26:05.023+00:00,ok
t1clears08,clear-steady,steady,51,2026-10-06T17:26:06.323+00:00,ok
t1clears08,clear-steady,steady,52,2026-10-06T17:26:07.623+00:00,ok
t1clears08,clear-steady,steady,53,2026-10-06T17:26:08.923+00:00,ok
t1clears08,clear-steady,steady,54,2026-10-06T17:26:10.223+00:00,ok
t1clears08,clear-steady,steady,55,2026-10-06T17:26:11.523+00:00,ok
t1clears08,clear-steady,steady,56,2026-10-06T17:26:12.823+00:00,ok
t1clears08,clear-steady,steady,57,2026-10-06T17:26:14.123+00:00,ok
t1clears08,clear-steady,steady,58,2026-10-06T17:26:15.423+00:00,ok
t1clears08,clear-steady,steady,59,2026-10-06T17:26:16.723+00:00,ok
t1clears08,clear-steady,steady,60,2026-10-06T17:26:18.023+00:00,ok
t1clears08,clear-steady,steady,61,2026-10-06T17:26:19.323+00:00,ok
t1clears08,clear-steady,steady,62,2026-10-06T17:26:20.623+00:00,ok
t1clears08,clear-steady,steady,63,2026-10-06T17:26:21.923+00:00,ok
t1clears08,clear-steady,steady,64,2026-10-06T17:26:23.223+00:00,ok
t1clears08,clear-steady,steady,65,2026-10-06T17:26:24.523+00:00,ok
t1clears08,clear-steady,steady,66,2026-10-06T17:26:25.823+00:00,ok
t1clears08,clear-steady,steady,67,2026-10-06T17:26:27.123+00:00,ok
t1clears08,clear-steady,steady,68,2026-10-06T17:26:28.423+00:00,ok
t1clears08,clear-steady,steady,69,2026-10-06T17:26:29.723+00:00,ok
t1clears08,clear-steady,steady,70,2026-10-06T17:26:31.023+00:00,ok
t1clears08,clear-steady,steady,71,2026-10-06T17:26:32.323+00:00,ok
t1clears08,clear-steady,steady,72,2026-10-06T17:26:33.623+00:00,ok
t1clears08,clear-steady,steady,73,2026-10-06T17:26:34.923+00:00,ok
t1clears08,clear-steady,steady,74,2026-10-06T17:26:36.223+00:00,ok
t1clears08,clear-steady,steady,75,2026-10-06T17:26:37.523+00:00,ok
t1clears08,clear-steady,steady,76,2026-10-06T17:26:38.823+00:00,ok
t1clears08,clear-steady,steady,77,2026-10-06T17:26:40.123+00:00,ok
t1clears08,clear-steady,steady,78,2026-10-06T17:26:41.423+00:00,ok
t1clears08,clear-steady,steady,79,2026-10-06T17:26:42.723+00:00,ok
t1clears08,clear-steady,steady,80,2026-10-06T17:26:44.023+00:00,ok
t1clears08,clear-steady,steady,81,2026-10-06T17:26:45.323+00:00,ok
t1clears08,clear-steady,steady,82,2026-10-06T17:26:46.623+00:00,ok
t1clears08,clear-steady,steady,83,2026-10-06T17:26:47.923+00:00,ok
t1clears08,clear-steady,steady,84,2026-10-06T17:26:49.223+00:00,ok
t1clears08,clear-steady,steady,85,2026-10-06T17:26:50.523+00:00,ok
t1clears08,clear-steady,steady,86,2026-10-06T17:26:51.823+00:00,ok
t1clears08,clear-steady,steady,87,2026-10-06T17:26:53.123+00:00,ok
t1clears08,clear-steady,steady,88,2026-10-06T17:26:54.423+00:00,ok
t1clears08,clear-steady,steady,89,2026-10-06T17:26:55.723+00:00,ok
t1clears08,clear-steady,steady,90,2026-10-06T17:26:57.023+00:00,ok
t1clears08,clear-steady,steady,91,2026-10-06T17:26:58.323+00:00,ok
t1clears08,clear-steady,steady,92,2026-10-06T17:26:59.623+00:00,ok
t1clears08,clear-steady,steady,93,2026-10-06T17:27:00.923+00:00,ok
t1clears08,clear-steady,steady,94,2026-10-06T17:27:02.223+00:00,ok
t1clears08,clear-steady,steady,95,2026-10-06T17:27:03.523+00:00,ok
t1clears08,clear-steady,steady,96,2026-10-06T17:27:04.823+00:00,ok
t1clears08,clear-steady,steady,97,2026-10-06T17:27:06.123+00:00,ok
t1clears08,clear-steady,steady,98,2026-10-06T17:27:07.423+00:00,ok
t1clears08,clear-steady,steady,99,2026-10-06T17:27:08.723+00:00,ok
t1clears08,clear-steady,steady,100,2026-10-06T17:27:10.023+00:00,ok
t1clears08,clear-steady,steady,101,2026-10-06T17:27:11.323+00:00,ok
t1clears08,clear-steady,steady,102,2026-10-06T17:27:12.623+00:00,ok
t1clears08,clear-steady,steady,103,2026-10-06T17:27:13.923+00:00,ok
t1clears08,clear-steady,steady,104,2026-10-06T17:27:15.223+00:00,ok
t1clears08,clear-steady,steady,105,2026-10-06T17:27:16.523+00:00,ok
t1clears08,clear-steady,steady,106,2026-10-06T17:27:17.823+00:00,ok
t1clears08,clear-steady,steady,107,2026-10-06T17:27:19.123+00:00,ok
t1clears08,clear-steady,steady,108,2026-10-06T17:27:20.423+00:00,ok
t1clears08,clear-steady,steady,109,2026-10-06T17:27:21.723+00:00,ok
t1clears08,clear-steady,steady,110,2026-10-06T17:27:23.023+00:00,ok
t1clears08,clear-steady,steady,111,2026-10-06T17:27:24.323+00:00,ok
t1clears08,clear-steady,steady,112,2026-10-06T17:27:25.623+00:00,ok
t1clears08,clear-steady,steady,113,2026-10-06T17:27:26.923+00:00,ok
t1clears08,clear-steady,steady,114,2026-10-06T17:27:28.223+00:00,ok
t1clears08,clear-steady,steady,115,2026-10-06T17:27:29.523+00:00,ok
t1clears08,clear-steady,steady,116,2026-10-06T17:27:30.823+00:00,ok
t1clears08,clear-steady,steady,117,2026-10-06T17:27:32.123+00:00,ok
t1clears08,clear-steady,steady,118,2026-10-06T17:27:33.423+00:00,ok
t1clears08,clear-steady,steady,119,2026-10-06T17:27:34.723+00:00,ok
t1clearp09,clear-pair,pair,0,2026-10-06T17:35:00.023+00:00,ok
t1clearp09,clear-pair,pair,1,2026-10-06T17:35:00.123+00:00,ok
t1clearp09,clear-pair,pair,2,2026-10-06T17:35:02.623+00:00,ok
t1clearp09,clear-pair,pair,3,2026-10-06T17:35:02.723+00:00,ok
t1clearp09,clear-pair,pair,4,2026-10-06T17:35:05.223+00:00,ok
t1clearp09,clear-pair,pair,5,2026-10-06T17:35:05.323+00:00,ok
t1clearp09,clear-pair,pair,6,2026-10-06T17:35:07.823+00:00,ok
t1clearp09,clear-pair,pair,7,2026-10-06T17:35:07.923+00:00,ok
t1clearp09,clear-pair,pair,8,2026-10-06T17:35:10.423+00:00,ok
t1clearp09,clear-pair,pair,9,2026-10-06T17:35:10.523+00:00,ok
t1clearp09,clear-pair,pair,10,2026-10-06T17:35:13.023+00:00,ok
t1clearp09,clear-pair,pair,11,2026-10-06T17:35:13.123+00:00,ok
t1clearp09,clear-pair,pair,12,2026-10-06T17:35:15.623+00:00,ok
t1clearp09,clear-pair,pair,13,2026-10-06T17:35:15.723+00:00,ok
t1clearp09,clear-pair,pair,14,2026-10-06T17:35:18.223+00:00,ok
t1clearp09,clear-pair,pair,15,2026-10-06T17:35:18.323+00:00,ok
t1clearp09,clear-pair,pair,16,2026-10-06T17:35:20.823+00:00,ok
t1clearp09,clear-pair,pair,17,2026-10-06T17:35:20.923+00:00,ok
t1clearp09,clear-pair,pair,18,2026-10-06T17:35:23.423+00:00,ok
t1clearp09,clear-pair,pair,19,2026-10-06T17:35:23.523+00:00,ok
t1clearp09,clear-pair,pair,20,2026-10-06T17:35:26.023+00:00,ok
t1clearp09,clear-pair,pair,21,2026-10-06T17:35:26.123+00:00,ok
t1clearp09,clear-pair,pair,22,2026-10-06T17:35:28.623+00:00,ok
t1clearp09,clear-pair,pair,23,2026-10-06T17:35:28.723+00:00,ok
t1clearp09,clear-pair,pair,24,2026-10-06T17:35:31.223+00:00,ok
t1clearp09,clear-pair,pair,25,2026-10-06T17:35:31.323+00:00,ok
t1clearp09,clear-pair,pair,26,2026-10-06T17:35:33.823+00:00,ok
t1clearp09,clear-pair,pair,27,2026-10-06T17:35:33.923+00:00,ok
t1clearp09,clear-pair,pair,28,2026-10-06T17:35:36.423+00:00,ok
t1clearp09,clear-pair,pair,29,2026-10-06T17:35:36.523+00:00,ok
t1clearp09,clear-pair,pair,30,2026-10-06T17:35:39.023+00:00,ok
t1clearp09,clear-pair,pair,31,2026-10-06T17:35:39.123+00:00,ok
t1clearp09,clear-pair,pair,32,2026-10-06T17:35:41.623+00:00,ok
t1clearp09,clear-pair,pair,33,2026-10-06T17:35:41.723+00:00,ok
t1clearp09,clear-pair,pair,34,2026-10-06T17:35:44.223+00:00,ok
t1clearp09,clear-pair,pair,35,2026-10-06T17:35:44.323+00:00,ok
t1clearp09,clear-pair,pair,36,2026-10-06T17:35:46.823+00:00,ok
t1clearp09,clear-pair,pair,37,2026-10-06T17:35:46.923+00:00,ok
t1clearp09,clear-pair,pair,38,2026-10-06T17:35:49.423+00:00,ok
t1clearp09,clear-pair,pair,39,2026-10-06T17:35:49.523+00:00,ok
t1clearp09,clear-pair,pair,40,2026-10-06T17:35:52.023+00:00,ok
t1clearp09,clear-pair,pair,41,2026-10-06T17:35:52.123+00:00,ok
t1clearp09,clear-pair,pair,42,2026-10-06T17:35:54.623+00:00,ok
t1clearp09,clear-pair,pair,43,2026-10-06T17:35:54.723+00:00,ok
t1clearp09,clear-pair,pair,44,2026-10-06T17:35:57.223+00:00,ok
t1clearp09,clear-pair,pair,45,2026-10-06T17:35:57.323+00:00,ok
t1clearp09,clear-pair,pair,46,2026-10-06T17:35:59.823+00:00,ok
t1clearp09,clear-pair,pair,47,2026-10-06T17:35:59.923+00:00,ok
t1clearp09,clear-pair,pair,48,2026-10-06T17:36:02.423+00:00,ok
t1clearp09,clear-pair,pair,49,2026-10-06T17:36:02.523+00:00,ok
t1clearp09,clear-pair,pair,50,2026-10-06T17:36:05.023+00:00,ok
t1clearp09,clear-pair,pair,51,2026-10-06T17:36:05.123+00:00,ok
t1clearp09,clear-pair,pair,52,2026-10-06T17:36:07.623+00:00,ok
t1clearp09,clear-pair,pair,53,2026-10-06T17:36:07.723+00:00,ok
t1clearp09,clear-pair,pair,54,2026-10-06T17:36:10.223+00:00,ok
t1clearp09,clear-pair,pair,55,2026-10-06T17:36:10.323+00:00,ok
t1clearp09,clear-pair,pair,56,2026-10-06T17:36:12.823+00:00,ok
t1clearp09,clear-pair,pair,57,2026-10-06T17:36:12.923+00:00,ok
t1clearp09,clear-pair,pair,58,2026-10-06T17:36:15.423+00:00,ok
t1clearp09,clear-pair,pair,59,2026-10-06T17:36:15.523+00:00,ok
t1clearp09,clear-pair,pair,60,2026-10-06T17:36:18.023+00:00,ok
t1clearp09,clear-pair,pair,61,2026-10-06T17:36:18.123+00:00,ok
t1clearp09,clear-pair,pair,62,2026-10-06T17:36:20.623+00:00,ok
t1clearp09,clear-pair,pair,63,2026-10-06T17:36:20.723+00:00,ok
t1clearp09,clear-pair,pair,64,2026-10-06T17:36:23.223+00:00,ok
t1clearp09,clear-pair,pair,65,2026-10-06T17:36:23.323+00:00,ok
t1clearp09,clear-pair,pair,66,2026-10-06T17:36:25.823+00:00,ok
t1clearp09,clear-pair,pair,67,2026-10-06T17:36:25.923+00:00,ok
t1clearp09,clear-pair,pair,68,2026-10-06T17:36:28.423+00:00,ok
t1clearp09,clear-pair,pair,69,2026-10-06T17:36:28.523+00:00,ok
t1clearp09,clear-pair,pair,70,2026-10-06T17:36:31.023+00:00,ok
t1clearp09,clear-pair,pair,71,2026-10-06T17:36:31.123+00:00,ok
t1clearp09,clear-pair,pair,72,2026-10-06T17:36:33.623+00:00,ok
t1clearp09,clear-pair,pair,73,2026-10-06T17:36:33.723+00:00,ok
t1clearp09,clear-pair,pair,74,2026-10-06T17:36:36.223+00:00,ok
t1clearp09,clear-pair,pair,75,2026-10-06T17:36:36.323+00:00,ok
t1clearp09,clear-pair,pair,76,2026-10-06T17:36:38.823+00:00,ok
t1clearp09,clear-pair,pair,77,2026-10-06T17:36:38.923+00:00,ok
t1clearp09,clear-pair,pair,78,2026-10-06T17:36:41.423+00:00,ok
t1clearp09,clear-pair,pair,79,2026-10-06T17:36:41.523+00:00,ok
t1clearp09,clear-pair,pair,80,2026-10-06T17:36:44.023+00:00,ok
t1clearp09,clear-pair,pair,81,2026-10-06T17:36:44.123+00:00,ok
t1clearp09,clear-pair,pair,82,2026-10-06T17:36:46.623+00:00,ok
t1clearp09,clear-pair,pair,83,2026-10-06T17:36:46.723+00:00,ok
t1clearp09,clear-pair,pair,84,2026-10-06T17:36:49.223+00:00,ok
t1clearp09,clear-pair,pair,85,2026-10-06T17:36:49.323+00:00,ok
t1clearp09,clear-pair,pair,86,2026-10-06T17:36:51.823+00:00,ok
t1clearp09,clear-pair,pair,87,2026-10-06T17:36:51.923+00:00,ok
t1clearp09,clear-pair,pair,88,2026-10-06T17:36:54.423+00:00,ok
t1clearp09,clear-pair,pair,89,2026-10-06T17:36:54.523+00:00,ok
t1clearp09,clear-pair,pair,90,2026-10-06T17:36:57.023+00:00,ok
t1clearp09,clear-pair,pair,91,2026-10-06T17:36:57.123+00:00,ok
t1clearp09,clear-pair,pair,92,2026-10-06T17:36:59.623+00:00,ok
t1clearp09,clear-pair,pair,93,2026-10-06T17:36:59.723+00:00,ok
t1clearp09,clear-pair,pair,94,2026-10-06T17:37:02.223+00:00,ok
t1clearp09,clear-pair,pair,95,2026-10-06T17:37:02.323+00:00,ok
t1clearp09,clear-pair,pair,96,2026-10-06T17:37:04.823+00:00,ok
t1clearp09,clear-pair,pair,97,2026-10-06T17:37:04.923+00:00,ok
t1clearp09,clear-pair,pair,98,2026-10-06T17:37:07.423+00:00,ok
t1clearp09,clear-pair,pair,99,2026-10-06T17:37:07.523+00:00,ok
t1clearp09,clear-pair,pair,100,2026-10-06T17:37:10.023+00:00,ok
t1clearp09,clear-pair,pair,101,2026-10-06T17:37:10.123+00:00,ok
t1clearp09,clear-pair,pair,102,2026-10-06T17:37:12.623+00:00,ok
t1clearp09,clear-pair,pair,103,2026-10-06T17:37:12.723+00:00,ok
t1clearp09,clear-pair,pair,104,2026-10-06T17:37:15.223+00:00,ok
t1clearp09,clear-pair,pair,105,2026-10-06T17:37:15.323+00:00,ok
t1clearp09,clear-pair,pair,106,2026-10-06T17:37:17.823+00:00,ok
t1clearp09,clear-pair,pair,107,2026-10-06T17:37:17.923+00:00,ok
t1clearp09,clear-pair,pair,108,2026-10-06T17:37:20.423+00:00,ok
t1clearp09,clear-pair,pair,109,2026-10-06T17:37:20.523+00:00,ok
t1clearp09,clear-pair,pair,110,2026-10-06T17:37:23.023+00:00,ok
t1clearp09,clear-pair,pair,111,2026-10-06T17:37:23.123+00:00,ok
t1clearp09,clear-pair,pair,112,2026-10-06T17:37:25.623+00:00,ok
t1clearp09,clear-pair,pair,113,2026-10-06T17:37:25.723+00:00,ok
t1clearp09,clear-pair,pair,114,2026-10-06T17:37:28.223+00:00,ok
t1clearp09,clear-pair,pair,115,2026-10-06T17:37:28.323+00:00,ok
t1clearp09,clear-pair,pair,116,2026-10-06T17:37:30.823+00:00,ok
t1clearp09,clear-pair,pair,117,2026-10-06T17:37:30.923+00:00,ok
t1clearp09,clear-pair,pair,118,2026-10-06T17:37:33.423+00:00,ok
t1clearp09,clear-pair,pair,119,2026-10-06T17:37:33.523+00:00,ok
t1clears10,clear-steady,steady,0,2026-10-06T17:45:00.023+00:00,ok
t1clears10,clear-steady,steady,1,2026-10-06T17:45:01.323+00:00,ok
t1clears10,clear-steady,steady,2,2026-10-06T17:45:02.623+00:00,ok
t1clears10,clear-steady,steady,3,2026-10-06T17:45:03.923+00:00,ok
t1clears10,clear-steady,steady,4,2026-10-06T17:45:05.223+00:00,ok
t1clears10,clear-steady,steady,5,2026-10-06T17:45:06.523+00:00,ok
t1clears10,clear-steady,steady,6,2026-10-06T17:45:07.823+00:00,ok
t1clears10,clear-steady,steady,7,2026-10-06T17:45:09.123+00:00,ok
t1clears10,clear-steady,steady,8,2026-10-06T17:45:10.423+00:00,ok
t1clears10,clear-steady,steady,9,2026-10-06T17:45:11.723+00:00,ok
t1clears10,clear-steady,steady,10,2026-10-06T17:45:13.023+00:00,ok
t1clears10,clear-steady,steady,11,2026-10-06T17:45:14.323+00:00,ok
t1clears10,clear-steady,steady,12,2026-10-06T17:45:15.623+00:00,ok
t1clears10,clear-steady,steady,13,2026-10-06T17:45:16.923+00:00,ok
t1clears10,clear-steady,steady,14,2026-10-06T17:45:18.223+00:00,ok
t1clears10,clear-steady,steady,15,2026-10-06T17:45:19.523+00:00,ok
t1clears10,clear-steady,steady,16,2026-10-06T17:45:20.823+00:00,ok
t1clears10,clear-steady,steady,17,2026-10-06T17:45:22.123+00:00,ok
t1clears10,clear-steady,steady,18,2026-10-06T17:45:23.423+00:00,ok
t1clears10,clear-steady,steady,19,2026-10-06T17:45:24.723+00:00,ok
t1clears10,clear-steady,steady,20,2026-10-06T17:45:26.023+00:00,ok
t1clears10,clear-steady,steady,21,2026-10-06T17:45:27.323+00:00,ok
t1clears10,clear-steady,steady,22,2026-10-06T17:45:28.623+00:00,ok
t1clears10,clear-steady,steady,23,2026-10-06T17:45:29.923+00:00,ok
t1clears10,clear-steady,steady,24,2026-10-06T17:45:31.223+00:00,ok
t1clears10,clear-steady,steady,25,2026-10-06T17:45:32.523+00:00,ok
t1clears10,clear-steady,steady,26,2026-10-06T17:45:33.823+00:00,ok
t1clears10,clear-steady,steady,27,2026-10-06T17:45:35.123+00:00,ok
t1clears10,clear-steady,steady,28,2026-10-06T17:45:36.423+00:00,ok
t1clears10,clear-steady,steady,29,2026-10-06T17:45:37.723+00:00,ok
t1clears10,clear-steady,steady,30,2026-10-06T17:45:39.023+00:00,ok
t1clears10,clear-steady,steady,31,2026-10-06T17:45:40.323+00:00,ok
t1clears10,clear-steady,steady,32,2026-10-06T17:45:41.623+00:00,ok
t1clears10,clear-steady,steady,33,2026-10-06T17:45:42.923+00:00,ok
t1clears10,clear-steady,steady,34,2026-10-06T17:45:44.223+00:00,ok
t1clears10,clear-steady,steady,35,2026-10-06T17:45:45.523+00:00,ok
t1clears10,clear-steady,steady,36,2026-10-06T17:45:46.823+00:00,ok
t1clears10,clear-steady,steady,37,2026-10-06T17:45:48.123+00:00,ok
t1clears10,clear-steady,steady,38,2026-10-06T17:45:49.423+00:00,ok
t1clears10,clear-steady,steady,39,2026-10-06T17:45:50.723+00:00,ok
t1clears10,clear-steady,steady,40,2026-10-06T17:45:52.023+00:00,ok
t1clears10,clear-steady,steady,41,2026-10-06T17:45:53.323+00:00,ok
t1clears10,clear-steady,steady,42,2026-10-06T17:45:54.623+00:00,ok
t1clears10,clear-steady,steady,43,2026-10-06T17:45:55.923+00:00,ok
t1clears10,clear-steady,steady,44,2026-10-06T17:45:57.223+00:00,ok
t1clears10,clear-steady,steady,45,2026-10-06T17:45:58.523+00:00,ok
t1clears10,clear-steady,steady,46,2026-10-06T17:45:59.823+00:00,ok
t1clears10,clear-steady,steady,47,2026-10-06T17:46:01.123+00:00,ok
t1clears10,clear-steady,steady,48,2026-10-06T17:46:02.423+00:00,ok
t1clears10,clear-steady,steady,49,2026-10-06T17:46:03.723+00:00,ok
t1clears10,clear-steady,steady,50,2026-10-06T17:46:05.023+00:00,ok
t1clears10,clear-steady,steady,51,2026-10-06T17:46:06.323+00:00,ok
t1clears10,clear-steady,steady,52,2026-10-06T17:46:07.623+00:00,ok
t1clears10,clear-steady,steady,53,2026-10-06T17:46:08.923+00:00,ok
t1clears10,clear-steady,steady,54,2026-10-06T17:46:10.223+00:00,ok
t1clears10,clear-steady,steady,55,2026-10-06T17:46:11.523+00:00,ok
t1clears10,clear-steady,steady,56,2026-10-06T17:46:12.823+00:00,ok
t1clears10,clear-steady,steady,57,2026-10-06T17:46:14.123+00:00,ok
t1clears10,clear-steady,steady,58,2026-10-06T17:46:15.423+00:00,ok
t1clears10,clear-steady,steady,59,2026-10-06T17:46:16.723+00:00,ok
t1clears10,clear-steady,steady,60,2026-10-06T17:46:18.023+00:00,ok
t1clears10,clear-steady,steady,61,2026-10-06T17:46:19.323+00:00,ok
t1clears10,clear-steady,steady,62,2026-10-06T17:46:20.623+00:00,ok
t1clears10,clear-steady,steady,63,2026-10-06T17:46:21.923+00:00,ok
t1clears10,clear-steady,steady,64,2026-10-06T17:46:23.223+00:00,ok
t1clears10,clear-steady,steady,65,2026-10-06T17:46:24.523+00:00,ok
t1clears10,clear-steady,steady,66,2026-10-06T17:46:25.823+00:00,ok
t1clears10,clear-steady,steady,67,2026-10-06T17:46:27.123+00:00,ok
t1clears10,clear-steady,steady,68,2026-10-06T17:46:28.423+00:00,ok
t1clears10,clear-steady,steady,69,2026-10-06T17:46:29.723+00:00,ok
t1clears10,clear-steady,steady,70,2026-10-06T17:46:31.023+00:00,ok
t1clears10,clear-steady,steady,71,2026-10-06T17:46:32.323+00:00,ok
t1clears10,clear-steady,steady,72,2026-10-06T17:46:33.623+00:00,ok
t1clears10,clear-steady,steady,73,2026-10-06T17:46:34.923+00:00,ok
t1clears10,clear-steady,steady,74,2026-10-06T17:46:36.223+00:00,ok
t1clears10,clear-steady,steady,75,2026-10-06T17:46:37.523+00:00,ok
t1clears10,clear-steady,steady,76,2026-10-06T17:46:38.823+00:00,ok
t1clears10,clear-steady,steady,77,2026-10-06T17:46:40.123+00:00,ok
t1clears10,clear-steady,steady,78,2026-10-06T17:46:41.423+00:00,ok
t1clears10,clear-steady,steady,79,2026-10-06T17:46:42.723+00:00,ok
t1clears10,clear-steady,steady,80,2026-10-06T17:46:44.023+00:00,ok
t1clears10,clear-steady,steady,81,2026-10-06T17:46:45.323+00:00,ok
t1clears10,clear-steady,steady,82,2026-10-06T17:46:46.623+00:00,ok
t1clears10,clear-steady,steady,83,2026-10-06T17:46:47.923+00:00,ok
t1clears10,clear-steady,steady,84,2026-10-06T17:46:49.223+00:00,ok
t1clears10,clear-steady,steady,85,2026-10-06T17:46:50.523+00:00,ok
t1clears10,clear-steady,steady,86,2026-10-06T17:46:51.823+00:00,ok
t1clears10,clear-steady,steady,87,2026-10-06T17:46:53.123+00:00,ok
t1clears10,clear-steady,steady,88,2026-10-06T17:46:54.423+00:00,ok
t1clears10,clear-steady,steady,89,2026-10-06T17:46:55.723+00:00,ok
t1clears10,clear-steady,steady,90,2026-10-06T17:46:57.023+00:00,ok
t1clears10,clear-steady,steady,91,2026-10-06T17:46:58.323+00:00,ok
t1clears10,clear-steady,steady,92,2026-10-06T17:46:59.623+00:00,ok
t1clears10,clear-steady,steady,93,2026-10-06T17:47:00.923+00:00,ok
t1clears10,clear-steady,steady,94,2026-10-06T17:47:02.223+00:00,ok
t1clears10,clear-steady,steady,95,2026-10-06T17:47:03.523+00:00,ok
t1clears10,clear-steady,steady,96,2026-10-06T17:47:04.823+00:00,ok
t1clears10,clear-steady,steady,97,2026-10-06T17:47:06.123+00:00,ok
t1clears10,clear-steady,steady,98,2026-10-06T17:47:07.423+00:00,ok
t1clears10,clear-steady,steady,99,2026-10-06T17:47:08.723+00:00,ok
t1clears10,clear-steady,steady,100,2026-10-06T17:47:10.023+00:00,ok
t1clears10,clear-steady,steady,101,2026-10-06T17:47:11.323+00:00,ok
t1clears10,clear-steady,steady,102,2026-10-06T17:47:12.623+00:00,ok
t1clears10,clear-steady,steady,103,2026-10-06T17:47:13.923+00:00,ok
t1clears10,clear-steady,steady,104,2026-10-06T17:47:15.223+00:00,ok
t1clears10,clear-steady,steady,105,2026-10-06T17:47:16.523+00:00,ok
t1clears10,clear-steady,steady,106,2026-10-06T17:47:17.823+00:00,ok
t1clears10,clear-steady,steady,107,2026-10-06T17:47:19.123+00:00,ok
t1clears10,clear-steady,steady,108,2026-10-06T17:47:20.423+00:00,ok
t1clears10,clear-steady,steady,109,2026-10-06T17:47:21.723+00:00,ok
t1clears10,clear-steady,steady,110,2026-10-06T17:47:23.023+00:00,ok
t1clears10,clear-steady,steady,111,2026-10-06T17:47:24.323+00:00,ok
t1clears10,clear-steady,steady,112,2026-10-06T17:47:25.623+00:00,ok
t1clears10,clear-steady,steady,113,2026-10-06T17:47:26.923+00:00,ok
t1clears10,clear-steady,steady,114,2026-10-06T17:47:28.223+00:00,ok
t1clears10,clear-steady,steady,115,2026-10-06T17:47:29.523+00:00,ok
t1clears10,clear-steady,steady,116,2026-10-06T17:47:30.823+00:00,ok
t1clears10,clear-steady,steady,117,2026-10-06T17:47:32.123+00:00,ok
t1clears10,clear-steady,steady,118,2026-10-06T17:47:33.423+00:00,ok
t1clears10,clear-steady,steady,119,2026-10-06T17:47:34.723+00:00,ok
t1clearp11,clear-pair,pair,0,2026-10-06T17:55:00.023+00:00,ok
t1clearp11,clear-pair,pair,1,2026-10-06T17:55:00.123+00:00,ok
t1clearp11,clear-pair,pair,2,2026-10-06T17:55:02.623+00:00,ok
t1clearp11,clear-pair,pair,3,2026-10-06T17:55:02.723+00:00,ok
t1clearp11,clear-pair,pair,4,2026-10-06T17:55:05.223+00:00,ok
t1clearp11,clear-pair,pair,5,2026-10-06T17:55:05.323+00:00,ok
t1clearp11,clear-pair,pair,6,2026-10-06T17:55:07.823+00:00,ok
t1clearp11,clear-pair,pair,7,2026-10-06T17:55:07.923+00:00,ok
t1clearp11,clear-pair,pair,8,2026-10-06T17:55:10.423+00:00,ok
t1clearp11,clear-pair,pair,9,2026-10-06T17:55:10.523+00:00,ok
t1clearp11,clear-pair,pair,10,2026-10-06T17:55:13.023+00:00,ok
t1clearp11,clear-pair,pair,11,2026-10-06T17:55:13.123+00:00,ok
t1clearp11,clear-pair,pair,12,2026-10-06T17:55:15.623+00:00,ok
t1clearp11,clear-pair,pair,13,2026-10-06T17:55:15.723+00:00,ok
t1clearp11,clear-pair,pair,14,2026-10-06T17:55:18.223+00:00,ok
t1clearp11,clear-pair,pair,15,2026-10-06T17:55:18.323+00:00,ok
t1clearp11,clear-pair,pair,16,2026-10-06T17:55:20.823+00:00,ok
t1clearp11,clear-pair,pair,17,2026-10-06T17:55:20.923+00:00,ok
t1clearp11,clear-pair,pair,18,2026-10-06T17:55:23.423+00:00,ok
t1clearp11,clear-pair,pair,19,2026-10-06T17:55:23.523+00:00,ok
t1clearp11,clear-pair,pair,20,2026-10-06T17:55:26.023+00:00,ok
t1clearp11,clear-pair,pair,21,2026-10-06T17:55:26.123+00:00,ok
t1clearp11,clear-pair,pair,22,2026-10-06T17:55:28.623+00:00,ok
t1clearp11,clear-pair,pair,23,2026-10-06T17:55:28.723+00:00,ok
t1clearp11,clear-pair,pair,24,2026-10-06T17:55:31.223+00:00,ok
t1clearp11,clear-pair,pair,25,2026-10-06T17:55:31.323+00:00,ok
t1clearp11,clear-pair,pair,26,2026-10-06T17:55:33.823+00:00,ok
t1clearp11,clear-pair,pair,27,2026-10-06T17:55:33.923+00:00,ok
t1clearp11,clear-pair,pair,28,2026-10-06T17:55:36.423+00:00,ok
t1clearp11,clear-pair,pair,29,2026-10-06T17:55:36.523+00:00,ok
t1clearp11,clear-pair,pair,30,2026-10-06T17:55:39.023+00:00,ok
t1clearp11,clear-pair,pair,31,2026-10-06T17:55:39.123+00:00,ok
t1clearp11,clear-pair,pair,32,2026-10-06T17:55:41.623+00:00,ok
t1clearp11,clear-pair,pair,33,2026-10-06T17:55:41.723+00:00,ok
t1clearp11,clear-pair,pair,34,2026-10-06T17:55:44.223+00:00,ok
t1clearp11,clear-pair,pair,35,2026-10-06T17:55:44.323+00:00,ok
t1clearp11,clear-pair,pair,36,2026-10-06T17:55:46.823+00:00,ok
t1clearp11,clear-pair,pair,37,2026-10-06T17:55:46.923+00:00,ok
t1clearp11,clear-pair,pair,38,2026-10-06T17:55:49.423+00:00,ok
t1clearp11,clear-pair,pair,39,2026-10-06T17:55:49.523+00:00,ok
t1clearp11,clear-pair,pair,40,2026-10-06T17:55:52.023+00:00,ok
t1clearp11,clear-pair,pair,41,2026-10-06T17:55:52.123+00:00,ok
t1clearp11,clear-pair,pair,42,2026-10-06T17:55:54.623+00:00,ok
t1clearp11,clear-pair,pair,43,2026-10-06T17:55:54.723+00:00,ok
t1clearp11,clear-pair,pair,44,2026-10-06T17:55:57.223+00:00,ok
t1clearp11,clear-pair,pair,45,2026-10-06T17:55:57.323+00:00,ok
t1clearp11,clear-pair,pair,46,2026-10-06T17:55:59.823+00:00,ok
t1clearp11,clear-pair,pair,47,2026-10-06T17:55:59.923+00:00,ok
t1clearp11,clear-pair,pair,48,2026-10-06T17:56:02.423+00:00,ok
t1clearp11,clear-pair,pair,49,2026-10-06T17:56:02.523+00:00,ok
t1clearp11,clear-pair,pair,50,2026-10-06T17:56:05.023+00:00,ok
t1clearp11,clear-pair,pair,51,2026-10-06T17:56:05.123+00:00,ok
t1clearp11,clear-pair,pair,52,2026-10-06T17:56:07.623+00:00,ok
t1clearp11,clear-pair,pair,53,2026-10-06T17:56:07.723+00:00,ok
t1clearp11,clear-pair,pair,54,2026-10-06T17:56:10.223+00:00,ok
t1clearp11,clear-pair,pair,55,2026-10-06T17:56:10.323+00:00,ok
t1clearp11,clear-pair,pair,56,2026-10-06T17:56:12.823+00:00,ok
t1clearp11,clear-pair,pair,57,2026-10-06T17:56:12.923+00:00,ok
t1clearp11,clear-pair,pair,58,2026-10-06T17:56:15.423+00:00,ok
t1clearp11,clear-pair,pair,59,2026-10-06T17:56:15.523+00:00,ok
t1clearp11,clear-pair,pair,60,2026-10-06T17:56:18.023+00:00,ok
t1clearp11,clear-pair,pair,61,2026-10-06T17:56:18.123+00:00,ok
t1clearp11,clear-pair,pair,62,2026-10-06T17:56:20.623+00:00,ok
t1clearp11,clear-pair,pair,63,2026-10-06T17:56:20.723+00:00,ok
t1clearp11,clear-pair,pair,64,2026-10-06T17:56:23.223+00:00,ok
t1clearp11,clear-pair,pair,65,2026-10-06T17:56:23.323+00:00,ok
t1clearp11,clear-pair,pair,66,2026-10-06T17:56:25.823+00:00,ok
t1clearp11,clear-pair,pair,67,2026-10-06T17:56:25.923+00:00,ok
t1clearp11,clear-pair,pair,68,2026-10-06T17:56:28.423+00:00,ok
t1clearp11,clear-pair,pair,69,2026-10-06T17:56:28.523+00:00,ok
t1clearp11,clear-pair,pair,70,2026-10-06T17:56:31.023+00:00,ok
t1clearp11,clear-pair,pair,71,2026-10-06T17:56:31.123+00:00,ok
t1clearp11,clear-pair,pair,72,2026-10-06T17:56:33.623+00:00,ok
t1clearp11,clear-pair,pair,73,2026-10-06T17:56:33.723+00:00,ok
t1clearp11,clear-pair,pair,74,2026-10-06T17:56:36.223+00:00,ok
t1clearp11,clear-pair,pair,75,2026-10-06T17:56:36.323+00:00,ok
t1clearp11,clear-pair,pair,76,2026-10-06T17:56:38.823+00:00,ok
t1clearp11,clear-pair,pair,77,2026-10-06T17:56:38.923+00:00,ok
t1clearp11,clear-pair,pair,78,2026-10-06T17:56:41.423+00:00,ok
t1clearp11,clear-pair,pair,79,2026-10-06T17:56:41.523+00:00,ok
t1clearp11,clear-pair,pair,80,2026-10-06T17:56:44.023+00:00,ok
t1clearp11,clear-pair,pair,81,2026-10-06T17:56:44.123+00:00,ok
t1clearp11,clear-pair,pair,82,2026-10-06T17:56:46.623+00:00,ok
t1clearp11,clear-pair,pair,83,2026-10-06T17:56:46.723+00:00,ok
t1clearp11,clear-pair,pair,84,2026-10-06T17:56:49.223+00:00,ok
t1clearp11,clear-pair,pair,85,2026-10-06T17:56:49.323+00:00,ok
t1clearp11,clear-pair,pair,86,2026-10-06T17:56:51.823+00:00,ok
t1clearp11,clear-pair,pair,87,2026-10-06T17:56:51.923+00:00,ok
t1clearp11,clear-pair,pair,88,2026-10-06T17:56:54.423+00:00,ok
t1clearp11,clear-pair,pair,89,2026-10-06T17:56:54.523+00:00,ok
t1clearp11,clear-pair,pair,90,2026-10-06T17:56:57.023+00:00,ok
t1clearp11,clear-pair,pair,91,2026-10-06T17:56:57.123+00:00,ok
t1clearp11,clear-pair,pair,92,2026-10-06T17:56:59.623+00:00,ok
t1clearp11,clear-pair,pair,93,2026-10-06T17:56:59.723+00:00,ok
t1clearp11,clear-pair,pair,94,2026-10-06T17:57:02.223+00:00,ok
t1clearp11,clear-pair,pair,95,2026-10-06T17:57:02.323+00:00,ok
t1clearp11,clear-pair,pair,96,2026-10-06T17:57:04.823+00:00,ok
t1clearp11,clear-pair,pair,97,2026-10-06T17:57:04.923+00:00,ok
t1clearp11,clear-pair,pair,98,2026-10-06T17:57:07.423+00:00,ok
t1clearp11,clear-pair,pair,99,2026-10-06T17:57:07.523+00:00,ok
t1clearp11,clear-pair,pair,100,2026-10-06T17:57:10.023+00:00,ok
t1clearp11,clear-pair,pair,101,2026-10-06T17:57:10.123+00:00,ok
t1clearp11,clear-pair,pair,102,2026-10-06T17:57:12.623+00:00,ok
t1clearp11,clear-pair,pair,103,2026-10-06T17:57:12.723+00:00,ok
t1clearp11,clear-pair,pair,104,2026-10-06T17:57:15.223+00:00,ok
t1clearp11,clear-pair,pair,105,2026-10-06T17:57:15.323+00:00,ok
t1clearp11,clear-pair,pair,106,2026-10-06T17:57:17.823+00:00,ok
t1clearp11,clear-pair,pair,107,2026-10-06T17:57:17.923+00:00,ok
t1clearp11,clear-pair,pair,108,2026-10-06T17:57:20.423+00:00,ok
t1clearp11,clear-pair,pair,109,2026-10-06T17:57:20.523+00:00,ok
t1clearp11,clear-pair,pair,110,2026-10-06T17:57:23.023+00:00,ok
t1clearp11,clear-pair,pair,111,2026-10-06T17:57:23.123+00:00,ok
t1clearp11,clear-pair,pair,112,2026-10-06T17:57:25.623+00:00,ok
t1clearp11,clear-pair,pair,113,2026-10-06T17:57:25.723+00:00,ok
t1clearp11,clear-pair,pair,114,2026-10-06T17:57:28.223+00:00,ok
t1clearp11,clear-pair,pair,115,2026-10-06T17:57:28.323+00:00,ok
t1clearp11,clear-pair,pair,116,2026-10-06T17:57:30.823+00:00,ok
t1clearp11,clear-pair,pair,117,2026-10-06T17:57:30.923+00:00,ok
t1clearp11,clear-pair,pair,118,2026-10-06T17:57:33.423+00:00,ok
t1clearp11,clear-pair,pair,119,2026-10-06T17:57:33.523+00:00,ok
t1bsettl12,b-settle,steady,0,2026-10-06T18:05:03.023+00:00,ok
t1bsettl12,b-settle,steady,1,2026-10-06T18:05:04.323+00:00,ok
t1bsettl12,b-settle,steady,2,2026-10-06T18:05:05.623+00:00,ok
t1bsettl12,b-settle,steady,3,2026-10-06T18:05:06.923+00:00,ok
t1bsettl12,b-settle,steady,4,2026-10-06T18:05:08.223+00:00,ok
t1bsettl12,b-settle,steady,5,2026-10-06T18:05:09.523+00:00,ok
t1bsettl12,b-settle,steady,6,2026-10-06T18:05:10.823+00:00,ok
t1bsettl12,b-settle,steady,7,2026-10-06T18:05:12.123+00:00,ok
t1bsettl12,b-settle,steady,8,2026-10-06T18:05:13.423+00:00,ok
t1bsettl12,b-settle,steady,9,2026-10-06T18:05:14.723+00:00,ok
t1bsettl12,b-settle,steady,10,2026-10-06T18:05:16.023+00:00,ok
t1bsettl12,b-settle,steady,11,2026-10-06T18:05:17.323+00:00,ok
t1bsettl12,b-settle,steady,12,2026-10-06T18:05:18.623+00:00,ok
t1bsettl12,b-settle,steady,13,2026-10-06T18:05:19.923+00:00,ok
t1bsettl12,b-settle,steady,14,2026-10-06T18:05:21.223+00:00,ok
t1bsettl12,b-settle,steady,15,2026-10-06T18:05:22.523+00:00,ok
t1bsettl12,b-settle,steady,16,2026-10-06T18:05:23.823+00:00,ok
t1bsettl12,b-settle,steady,17,2026-10-06T18:05:25.123+00:00,ok
t1bsettl12,b-settle,steady,18,2026-10-06T18:05:26.423+00:00,ok
t1bsettl12,b-settle,steady,19,2026-10-06T18:05:27.723+00:00,ok
t1bsettl12,b-settle,steady,20,2026-10-06T18:05:29.023+00:00,ok
t1bsettl12,b-settle,steady,21,2026-10-06T18:05:30.323+00:00,ok
t1bsettl12,b-settle,steady,22,2026-10-06T18:05:31.623+00:00,ok
t1bsettl12,b-settle,steady,23,2026-10-06T18:05:32.923+00:00,ok
t1bsettl12,b-settle,steady,24,2026-10-06T18:05:34.223+00:00,ok
t1bsettl12,b-settle,steady,25,2026-10-06T18:05:35.523+00:00,ok
t1bsettl12,b-settle,steady,26,2026-10-06T18:05:36.823+00:00,ok
t1bsettl12,b-settle,steady,27,2026-10-06T18:05:38.123+00:00,ok
t1bsettl12,b-settle,steady,28,2026-10-06T18:05:39.423+00:00,ok
t1bsettl12,b-settle,steady,29,2026-10-06T18:05:40.723+00:00,ok
t1bsettl12,b-settle,steady,30,2026-10-06T18:05:42.023+00:00,ok
t1bsettl12,b-settle,steady,31,2026-10-06T18:05:43.323+00:00,ok
t1bsettl12,b-settle,steady,32,2026-10-06T18:05:44.623+00:00,ok
t1bsettl12,b-settle,steady,33,2026-10-06T18:05:45.923+00:00,ok
t1bsettl12,b-settle,steady,34,2026-10-06T18:05:47.223+00:00,ok
t1bsettl12,b-settle,steady,35,2026-10-06T18:05:48.523+00:00,ok
t1bsettl12,b-settle,steady,36,2026-10-06T18:05:49.823+00:00,ok
t1bsettl12,b-settle,steady,37,2026-10-06T18:05:51.123+00:00,ok
t1bsettl12,b-settle,steady,38,2026-10-06T18:05:52.423+00:00,ok
t1bsettl12,b-settle,steady,39,2026-10-06T18:05:53.723+00:00,ok
t1bsettl12,b-settle,steady,40,2026-10-06T18:05:55.023+00:00,ok
t1bsettl12,b-settle,steady,41,2026-10-06T18:05:56.323+00:00,ok
t1bsettl12,b-settle,steady,42,2026-10-06T18:05:57.623+00:00,ok
t1bsettl12,b-settle,steady,43,2026-10-06T18:05:58.923+00:00,ok
t1bsettl12,b-settle,steady,44,2026-10-06T18:06:00.223+00:00,ok
t1bsettl12,b-settle,steady,45,2026-10-06T18:06:01.523+00:00,ok
t1bsettl12,b-settle,steady,46,2026-10-06T18:06:02.823+00:00,ok
t1bsettl12,b-settle,steady,47,2026-10-06T18:06:04.123+00:00,ok
t1bsettl12,b-settle,steady,48,2026-10-06T18:06:05.423+00:00,ok
t1bsettl12,b-settle,steady,49,2026-10-06T18:06:06.723+00:00,ok
t1bsettl12,b-settle,steady,50,2026-10-06T18:06:08.023+00:00,ok
t1bsettl12,b-settle,steady,51,2026-10-06T18:06:09.323+00:00,ok
t1bsettl12,b-settle,steady,52,2026-10-06T18:06:10.623+00:00,ok
t1bsettl12,b-settle,steady,53,2026-10-06T18:06:11.923+00:00,ok
t1bsettl12,b-settle,steady,54,2026-10-06T18:06:13.223+00:00,ok
t1bsettl12,b-settle,steady,55,2026-10-06T18:06:14.523+00:00,ok
t1bsettl12,b-settle,steady,56,2026-10-06T18:06:15.823+00:00,ok
t1bsettl12,b-settle,steady,57,2026-10-06T18:06:17.123+00:00,ok
t1bsettl12,b-settle,steady,58,2026-10-06T18:06:18.423+00:00,ok
t1bsettl12,b-settle,steady,59,2026-10-06T18:06:19.723+00:00,ok
t1bsettl12,b-settle,steady,60,2026-10-06T18:06:21.023+00:00,ok
t1bsettl12,b-settle,steady,61,2026-10-06T18:06:22.323+00:00,ok
t1bsettl12,b-settle,steady,62,2026-10-06T18:06:23.623+00:00,ok
t1bsettl12,b-settle,steady,63,2026-10-06T18:06:24.923+00:00,ok
t1bsettl12,b-settle,steady,64,2026-10-06T18:06:26.223+00:00,ok
t1bsettl12,b-settle,steady,65,2026-10-06T18:06:27.523+00:00,ok
t1bsettl12,b-settle,steady,66,2026-10-06T18:06:28.823+00:00,ok
t1bsettl12,b-settle,steady,67,2026-10-06T18:06:30.123+00:00,ok
t1bsettl12,b-settle,steady,68,2026-10-06T18:06:31.423+00:00,ok
t1bsettl12,b-settle,steady,69,2026-10-06T18:06:32.723+00:00,ok
t1bsettl12,b-settle,steady,70,2026-10-06T18:06:34.023+00:00,ok
t1bsettl12,b-settle,steady,71,2026-10-06T18:06:35.323+00:00,ok
t1bsettl12,b-settle,steady,72,2026-10-06T18:06:36.623+00:00,ok
t1bsettl12,b-settle,steady,73,2026-10-06T18:06:37.923+00:00,ok
t1bsettl12,b-settle,steady,74,2026-10-06T18:06:39.223+00:00,ok
t1bsettl12,b-settle,steady,75,2026-10-06T18:06:40.523+00:00,ok
t1bsettl12,b-settle,steady,76,2026-10-06T18:06:41.823+00:00,ok
t1bsettl12,b-settle,steady,77,2026-10-06T18:06:43.123+00:00,ok
t1bsettl12,b-settle,steady,78,2026-10-06T18:06:44.423+00:00,ok
t1bsettl12,b-settle,steady,79,2026-10-06T18:06:45.723+00:00,ok
t1bsettl12,b-settle,steady,80,2026-10-06T18:06:47.023+00:00,ok
t1bsettl12,b-settle,steady,81,2026-10-06T18:06:48.323+00:00,ok
t1bsettl12,b-settle,steady,82,2026-10-06T18:06:49.623+00:00,ok
t1bsettl12,b-settle,steady,83,2026-10-06T18:06:50.923+00:00,ok
t1bsettl12,b-settle,steady,84,2026-10-06T18:06:52.223+00:00,ok
t1bsettl12,b-settle,steady,85,2026-10-06T18:06:53.523+00:00,ok
t1bsettl12,b-settle,steady,86,2026-10-06T18:06:54.823+00:00,ok
t1bsettl12,b-settle,steady,87,2026-10-06T18:06:56.123+00:00,ok
t1bsettl12,b-settle,steady,88,2026-10-06T18:06:57.423+00:00,ok
t1bsettl12,b-settle,steady,89,2026-10-06T18:06:58.723+00:00,ok
t1bsettl12,b-settle,steady,90,2026-10-06T18:07:00.023+00:00,ok
t1bsettl12,b-settle,steady,91,2026-10-06T18:07:01.323+00:00,ok
t1bsettl12,b-settle,steady,92,2026-10-06T18:07:02.623+00:00,ok
t1bsettl12,b-settle,steady,93,2026-10-06T18:07:03.923+00:00,ok
t1bsettl12,b-settle,steady,94,2026-10-06T18:07:05.223+00:00,ok
t1bsettl12,b-settle,steady,95,2026-10-06T18:07:06.523+00:00,ok
t1bsettl12,b-settle,steady,96,2026-10-06T18:07:07.823+00:00,ok
t1bsettl12,b-settle,steady,97,2026-10-06T18:07:09.123+00:00,ok
t1bsettl12,b-settle,steady,98,2026-10-06T18:07:10.423+00:00,ok
t1bsettl12,b-settle,steady,99,2026-10-06T18:07:11.723+00:00,ok
t1bsettl12,b-settle,steady,100,2026-10-06T18:07:13.023+00:00,ok
t1bsettl12,b-settle,steady,101,2026-10-06T18:07:14.323+00:00,ok
t1bsettl12,b-settle,steady,102,2026-10-06T18:07:15.623+00:00,ok
t1bsettl12,b-settle,steady,103,2026-10-06T18:07:16.923+00:00,ok
t1bsettl12,b-settle,steady,104,2026-10-06T18:07:18.223+00:00,ok
t1bsettl12,b-settle,steady,105,2026-10-06T18:07:19.523+00:00,ok
t1bsettl12,b-settle,steady,106,2026-10-06T18:07:20.823+00:00,ok
t1bsettl12,b-settle,steady,107,2026-10-06T18:07:22.123+00:00,ok
t1bsettl12,b-settle,steady,108,2026-10-06T18:07:23.423+00:00,ok
t1bsettl12,b-settle,steady,109,2026-10-06T18:07:24.723+00:00,ok
t1bsettl12,b-settle,steady,110,2026-10-06T18:07:26.023+00:00,ok
t1bsettl12,b-settle,steady,111,2026-10-06T18:07:27.323+00:00,ok
t1bsettl12,b-settle,steady,112,2026-10-06T18:07:28.623+00:00,ok
t1bsettl12,b-settle,steady,113,2026-10-06T18:07:29.923+00:00,ok
t1bsettl12,b-settle,steady,114,2026-10-06T18:07:31.223+00:00,ok
t1bsettl12,b-settle,steady,115,2026-10-06T18:07:32.523+00:00,ok
t1bsettl12,b-settle,steady,116,2026-10-06T18:07:33.823+00:00,ok
t1bsettl12,b-settle,steady,117,2026-10-06T18:07:35.123+00:00,ok
t1bsettl12,b-settle,steady,118,2026-10-06T18:07:36.423+00:00,ok
t1bsettl12,b-settle,steady,119,2026-10-06T18:07:37.723+00:00,ok
t1aoverl13,a-overlap,steady,0,2026-10-06T18:09:30.023+00:00,ok
t1aoverl13,a-overlap,steady,1,2026-10-06T18:09:31.323+00:00,ok
t1aoverl13,a-overlap,steady,2,2026-10-06T18:09:32.623+00:00,ok
t1aoverl13,a-overlap,steady,3,2026-10-06T18:09:33.923+00:00,ok
t1aoverl13,a-overlap,steady,4,2026-10-06T18:09:35.223+00:00,ok
t1aoverl13,a-overlap,steady,5,2026-10-06T18:09:36.523+00:00,ok
t1aoverl13,a-overlap,steady,6,2026-10-06T18:09:37.823+00:00,ok
t1aoverl13,a-overlap,steady,7,2026-10-06T18:09:39.123+00:00,ok
t1aoverl13,a-overlap,steady,8,2026-10-06T18:09:40.423+00:00,ok
t1aoverl13,a-overlap,steady,9,2026-10-06T18:09:41.723+00:00,ok
t1aoverl13,a-overlap,steady,10,2026-10-06T18:09:43.023+00:00,ok
t1aoverl13,a-overlap,steady,11,2026-10-06T18:09:44.323+00:00,ok
t1aoverl13,a-overlap,steady,12,2026-10-06T18:09:45.623+00:00,ok
t1aoverl13,a-overlap,steady,13,2026-10-06T18:09:46.923+00:00,ok
t1aoverl13,a-overlap,steady,14,2026-10-06T18:09:48.223+00:00,ok
t1aoverl13,a-overlap,steady,15,2026-10-06T18:09:49.523+00:00,ok
t1aoverl13,a-overlap,steady,16,2026-10-06T18:09:50.823+00:00,ok
t1aoverl13,a-overlap,steady,17,2026-10-06T18:09:52.123+00:00,ok
t1aoverl13,a-overlap,steady,18,2026-10-06T18:09:53.423+00:00,ok
t1aoverl13,a-overlap,steady,19,2026-10-06T18:09:54.723+00:00,ok
t1aoverl13,a-overlap,steady,20,2026-10-06T18:09:56.023+00:00,ok
t1aoverl13,a-overlap,steady,21,2026-10-06T18:09:57.323+00:00,ok
t1aoverl13,a-overlap,steady,22,2026-10-06T18:09:58.623+00:00,ok
t1aoverl13,a-overlap,steady,23,2026-10-06T18:09:59.923+00:00,ok
t1aoverl13,a-overlap,steady,24,2026-10-06T18:10:01.223+00:00,ok
t1aoverl13,a-overlap,steady,25,2026-10-06T18:10:02.523+00:00,ok
t1aoverl13,a-overlap,steady,26,2026-10-06T18:10:03.823+00:00,ok
t1aoverl13,a-overlap,steady,27,2026-10-06T18:10:05.123+00:00,ok
t1aoverl13,a-overlap,steady,28,2026-10-06T18:10:06.423+00:00,ok
t1aoverl13,a-overlap,steady,29,2026-10-06T18:10:07.723+00:00,ok
t1aoverl13,a-overlap,steady,30,2026-10-06T18:10:09.023+00:00,ok
t1aoverl13,a-overlap,steady,31,2026-10-06T18:10:10.323+00:00,ok
t1aoverl13,a-overlap,steady,32,2026-10-06T18:10:11.623+00:00,ok
t1aoverl13,a-overlap,steady,33,2026-10-06T18:10:12.923+00:00,ok
t1aoverl13,a-overlap,steady,34,2026-10-06T18:10:14.223+00:00,ok
t1aoverl13,a-overlap,steady,35,2026-10-06T18:10:15.523+00:00,ok
t1aoverl13,a-overlap,steady,36,2026-10-06T18:10:16.823+00:00,ok
t1aoverl13,a-overlap,steady,37,2026-10-06T18:10:18.123+00:00,ok
t1aoverl13,a-overlap,steady,38,2026-10-06T18:10:19.423+00:00,ok
t1aoverl13,a-overlap,steady,39,2026-10-06T18:10:20.723+00:00,ok
t1aoverl13,a-overlap,steady,40,2026-10-06T18:10:22.023+00:00,ok
t1aoverl13,a-overlap,steady,41,2026-10-06T18:10:23.323+00:00,ok
t1aoverl13,a-overlap,steady,42,2026-10-06T18:10:24.623+00:00,ok
t1aoverl13,a-overlap,steady,43,2026-10-06T18:10:25.923+00:00,ok
t1aoverl13,a-overlap,steady,44,2026-10-06T18:10:27.223+00:00,ok
t1aoverl13,a-overlap,steady,45,2026-10-06T18:10:28.523+00:00,ok
t1aoverl13,a-overlap,steady,46,2026-10-06T18:10:29.823+00:00,ok
t1aoverl13,a-overlap,steady,47,2026-10-06T18:10:31.123+00:00,ok
t1aoverl13,a-overlap,steady,48,2026-10-06T18:10:32.423+00:00,ok
t1aoverl13,a-overlap,steady,49,2026-10-06T18:10:33.723+00:00,ok
t1aoverl13,a-overlap,steady,50,2026-10-06T18:10:35.023+00:00,ok
t1aoverl13,a-overlap,steady,51,2026-10-06T18:10:36.323+00:00,ok
t1aoverl13,a-overlap,steady,52,2026-10-06T18:10:37.623+00:00,ok
t1aoverl13,a-overlap,steady,53,2026-10-06T18:10:38.923+00:00,ok
t1aoverl13,a-overlap,steady,54,2026-10-06T18:10:40.223+00:00,ok
t1aoverl13,a-overlap,steady,55,2026-10-06T18:10:41.523+00:00,ok
t1aoverl13,a-overlap,steady,56,2026-10-06T18:10:42.823+00:00,ok
t1aoverl13,a-overlap,steady,57,2026-10-06T18:10:44.123+00:00,ok
t1aoverl13,a-overlap,steady,58,2026-10-06T18:10:45.423+00:00,ok
t1aoverl13,a-overlap,steady,59,2026-10-06T18:10:46.723+00:00,ok
t1aoverl13,a-overlap,steady,60,2026-10-06T18:10:48.023+00:00,ok
t1aoverl13,a-overlap,steady,61,2026-10-06T18:10:49.323+00:00,ok
t1aoverl13,a-overlap,steady,62,2026-10-06T18:10:50.623+00:00,ok
t1aoverl13,a-overlap,steady,63,2026-10-06T18:10:51.923+00:00,ok
t1aoverl13,a-overlap,steady,64,2026-10-06T18:10:53.223+00:00,ok
t1aoverl13,a-overlap,steady,65,2026-10-06T18:10:54.523+00:00,ok
t1aoverl13,a-overlap,steady,66,2026-10-06T18:10:55.823+00:00,ok
t1aoverl13,a-overlap,steady,67,2026-10-06T18:10:57.123+00:00,ok
t1aoverl13,a-overlap,steady,68,2026-10-06T18:10:58.423+00:00,ok
t1aoverl13,a-overlap,steady,69,2026-10-06T18:10:59.723+00:00,ok
t1aoverl13,a-overlap,steady,70,2026-10-06T18:11:01.023+00:00,ok
t1aoverl13,a-overlap,steady,71,2026-10-06T18:11:02.323+00:00,ok
t1aoverl13,a-overlap,steady,72,2026-10-06T18:11:03.623+00:00,ok
t1aoverl13,a-overlap,steady,73,2026-10-06T18:11:04.923+00:00,ok
t1aoverl13,a-overlap,steady,74,2026-10-06T18:11:06.223+00:00,ok
t1aoverl13,a-overlap,steady,75,2026-10-06T18:11:07.523+00:00,ok
t1aoverl13,a-overlap,steady,76,2026-10-06T18:11:08.823+00:00,ok
t1aoverl13,a-overlap,steady,77,2026-10-06T18:11:10.123+00:00,ok
t1aoverl13,a-overlap,steady,78,2026-10-06T18:11:11.423+00:00,ok
t1aoverl13,a-overlap,steady,79,2026-10-06T18:11:12.723+00:00,ok
t1aoverl13,a-overlap,steady,80,2026-10-06T18:11:14.023+00:00,ok
t1aoverl13,a-overlap,steady,81,2026-10-06T18:11:15.323+00:00,ok
t1aoverl13,a-overlap,steady,82,2026-10-06T18:11:16.623+00:00,ok
t1aoverl13,a-overlap,steady,83,2026-10-06T18:11:17.923+00:00,ok
t1aoverl13,a-overlap,steady,84,2026-10-06T18:11:19.223+00:00,ok
t1aoverl13,a-overlap,steady,85,2026-10-06T18:11:20.523+00:00,ok
t1aoverl13,a-overlap,steady,86,2026-10-06T18:11:21.823+00:00,ok
t1aoverl13,a-overlap,steady,87,2026-10-06T18:11:23.123+00:00,ok
t1aoverl13,a-overlap,steady,88,2026-10-06T18:11:24.423+00:00,ok
t1aoverl13,a-overlap,steady,89,2026-10-06T18:11:25.723+00:00,ok
t1aoverl13,a-overlap,steady,90,2026-10-06T18:11:27.023+00:00,ok
t1aoverl13,a-overlap,steady,91,2026-10-06T18:11:28.323+00:00,ok
t1aoverl13,a-overlap,steady,92,2026-10-06T18:11:29.623+00:00,ok
t1aoverl13,a-overlap,steady,93,2026-10-06T18:11:30.923+00:00,ok
t1aoverl13,a-overlap,steady,94,2026-10-06T18:11:32.223+00:00,ok
t1aoverl13,a-overlap,steady,95,2026-10-06T18:11:33.523+00:00,ok
t1aoverl13,a-overlap,steady,96,2026-10-06T18:11:34.823+00:00,ok
t1aoverl13,a-overlap,steady,97,2026-10-06T18:11:36.123+00:00,ok
t1aoverl13,a-overlap,steady,98,2026-10-06T18:11:37.423+00:00,ok
t1aoverl13,a-overlap,steady,99,2026-10-06T18:11:38.723+00:00,ok
t1aoverl13,a-overlap,steady,100,2026-10-06T18:11:40.023+00:00,ok
t1aoverl13,a-overlap,steady,101,2026-10-06T18:11:41.323+00:00,ok
t1aoverl13,a-overlap,steady,102,2026-10-06T18:11:42.623+00:00,ok
t1aoverl13,a-overlap,steady,103,2026-10-06T18:11:43.923+00:00,ok
t1aoverl13,a-overlap,steady,104,2026-10-06T18:11:45.223+00:00,ok
t1aoverl13,a-overlap,steady,105,2026-10-06T18:11:46.523+00:00,ok
t1aoverl13,a-overlap,steady,106,2026-10-06T18:11:47.823+00:00,ok
t1aoverl13,a-overlap,steady,107,2026-10-06T18:11:49.123+00:00,ok
t1aoverl13,a-overlap,steady,108,2026-10-06T18:11:50.423+00:00,ok
t1aoverl13,a-overlap,steady,109,2026-10-06T18:11:51.723+00:00,ok
t1aoverl13,a-overlap,steady,110,2026-10-06T18:11:53.023+00:00,ok
t1aoverl13,a-overlap,steady,111,2026-10-06T18:11:54.323+00:00,ok
t1aoverl13,a-overlap,steady,112,2026-10-06T18:11:55.623+00:00,ok
t1aoverl13,a-overlap,steady,113,2026-10-06T18:11:56.923+00:00,ok
t1aoverl13,a-overlap,steady,114,2026-10-06T18:11:58.223+00:00,ok
t1aoverl13,a-overlap,steady,115,2026-10-06T18:11:59.523+00:00,ok
t1aoverl13,a-overlap,steady,116,2026-10-06T18:12:00.823+00:00,ok
t1aoverl13,a-overlap,steady,117,2026-10-06T18:12:02.123+00:00,ok
t1aoverl13,a-overlap,steady,118,2026-10-06T18:12:03.423+00:00,ok
t1aoverl13,a-overlap,steady,119,2026-10-06T18:12:04.723+00:00,ok
t1clears14,clear-steady,steady,0,2026-10-06T18:25:00.023+00:00,ok
t1clears14,clear-steady,steady,1,2026-10-06T18:25:01.323+00:00,ok
t1clears14,clear-steady,steady,2,2026-10-06T18:25:02.623+00:00,ok
t1clears14,clear-steady,steady,3,2026-10-06T18:25:03.923+00:00,ok
t1clears14,clear-steady,steady,4,2026-10-06T18:25:05.223+00:00,ok
t1clears14,clear-steady,steady,5,2026-10-06T18:25:06.523+00:00,ok
t1clears14,clear-steady,steady,6,2026-10-06T18:25:07.823+00:00,ok
t1clears14,clear-steady,steady,7,2026-10-06T18:25:09.123+00:00,ok
t1clears14,clear-steady,steady,8,2026-10-06T18:25:10.423+00:00,ok
t1clears14,clear-steady,steady,9,2026-10-06T18:25:11.723+00:00,ok
t1clears14,clear-steady,steady,10,2026-10-06T18:25:13.023+00:00,ok
t1clears14,clear-steady,steady,11,2026-10-06T18:25:14.323+00:00,ok
t1clears14,clear-steady,steady,12,2026-10-06T18:25:15.623+00:00,ok
t1clears14,clear-steady,steady,13,2026-10-06T18:25:16.923+00:00,ok
t1clears14,clear-steady,steady,14,2026-10-06T18:25:18.223+00:00,ok
t1clears14,clear-steady,steady,15,2026-10-06T18:25:19.523+00:00,ok
t1clears14,clear-steady,steady,16,2026-10-06T18:25:20.823+00:00,ok
t1clears14,clear-steady,steady,17,2026-10-06T18:25:22.123+00:00,ok
t1clears14,clear-steady,steady,18,2026-10-06T18:25:23.423+00:00,ok
t1clears14,clear-steady,steady,19,2026-10-06T18:25:24.723+00:00,ok
t1clears14,clear-steady,steady,20,2026-10-06T18:25:26.023+00:00,ok
t1clears14,clear-steady,steady,21,2026-10-06T18:25:27.323+00:00,ok
t1clears14,clear-steady,steady,22,2026-10-06T18:25:28.623+00:00,ok
t1clears14,clear-steady,steady,23,2026-10-06T18:25:29.923+00:00,ok
t1clears14,clear-steady,steady,24,2026-10-06T18:25:31.223+00:00,ok
t1clears14,clear-steady,steady,25,2026-10-06T18:25:32.523+00:00,ok
t1clears14,clear-steady,steady,26,2026-10-06T18:25:33.823+00:00,ok
t1clears14,clear-steady,steady,27,2026-10-06T18:25:35.123+00:00,ok
t1clears14,clear-steady,steady,28,2026-10-06T18:25:36.423+00:00,ok
t1clears14,clear-steady,steady,29,2026-10-06T18:25:37.723+00:00,ok
t1clears14,clear-steady,steady,30,2026-10-06T18:25:39.023+00:00,ok
t1clears14,clear-steady,steady,31,2026-10-06T18:25:40.323+00:00,ok
t1clears14,clear-steady,steady,32,2026-10-06T18:25:41.623+00:00,ok
t1clears14,clear-steady,steady,33,2026-10-06T18:25:42.923+00:00,ok
t1clears14,clear-steady,steady,34,2026-10-06T18:25:44.223+00:00,ok
t1clears14,clear-steady,steady,35,2026-10-06T18:25:45.523+00:00,ok
t1clears14,clear-steady,steady,36,2026-10-06T18:25:46.823+00:00,ok
t1clears14,clear-steady,steady,37,2026-10-06T18:25:48.123+00:00,ok
t1clears14,clear-steady,steady,38,2026-10-06T18:25:49.423+00:00,ok
t1clears14,clear-steady,steady,39,2026-10-06T18:25:50.723+00:00,ok
t1clears14,clear-steady,steady,40,2026-10-06T18:25:52.023+00:00,ok
t1clears14,clear-steady,steady,41,2026-10-06T18:25:53.323+00:00,ok
t1clears14,clear-steady,steady,42,2026-10-06T18:25:54.623+00:00,ok
t1clears14,clear-steady,steady,43,2026-10-06T18:25:55.923+00:00,ok
t1clears14,clear-steady,steady,44,2026-10-06T18:25:57.223+00:00,ok
t1clears14,clear-steady,steady,45,2026-10-06T18:25:58.523+00:00,ok
t1clears14,clear-steady,steady,46,2026-10-06T18:25:59.823+00:00,ok
t1clears14,clear-steady,steady,47,2026-10-06T18:26:01.123+00:00,ok
t1clears14,clear-steady,steady,48,2026-10-06T18:26:02.423+00:00,ok
t1clears14,clear-steady,steady,49,2026-10-06T18:26:03.723+00:00,ok
t1clears14,clear-steady,steady,50,2026-10-06T18:26:05.023+00:00,ok
t1clears14,clear-steady,steady,51,2026-10-06T18:26:06.323+00:00,ok
t1clears14,clear-steady,steady,52,2026-10-06T18:26:07.623+00:00,ok
t1clears14,clear-steady,steady,53,2026-10-06T18:26:08.923+00:00,ok
t1clears14,clear-steady,steady,54,2026-10-06T18:26:10.223+00:00,ok
t1clears14,clear-steady,steady,55,2026-10-06T18:26:11.523+00:00,ok
t1clears14,clear-steady,steady,56,2026-10-06T18:26:12.823+00:00,ok
t1clears14,clear-steady,steady,57,2026-10-06T18:26:14.123+00:00,ok
t1clears14,clear-steady,steady,58,2026-10-06T18:26:15.423+00:00,ok
t1clears14,clear-steady,steady,59,2026-10-06T18:26:16.723+00:00,ok
t1clears14,clear-steady,steady,60,2026-10-06T18:26:18.023+00:00,ok
t1clears14,clear-steady,steady,61,2026-10-06T18:26:19.323+00:00,ok
t1clears14,clear-steady,steady,62,2026-10-06T18:26:20.623+00:00,ok
t1clears14,clear-steady,steady,63,2026-10-06T18:26:21.923+00:00,ok
t1clears14,clear-steady,steady,64,2026-10-06T18:26:23.223+00:00,ok
t1clears14,clear-steady,steady,65,2026-10-06T18:26:24.523+00:00,ok
t1clears14,clear-steady,steady,66,2026-10-06T18:26:25.823+00:00,ok
t1clears14,clear-steady,steady,67,2026-10-06T18:26:27.123+00:00,ok
t1clears14,clear-steady,steady,68,2026-10-06T18:26:28.423+00:00,ok
t1clears14,clear-steady,steady,69,2026-10-06T18:26:29.723+00:00,ok
t1clears14,clear-steady,steady,70,2026-10-06T18:26:31.023+00:00,ok
t1clears14,clear-steady,steady,71,2026-10-06T18:26:32.323+00:00,ok
t1clears14,clear-steady,steady,72,2026-10-06T18:26:33.623+00:00,ok
t1clears14,clear-steady,steady,73,2026-10-06T18:26:34.923+00:00,ok
t1clears14,clear-steady,steady,74,2026-10-06T18:26:36.223+00:00,ok
t1clears14,clear-steady,steady,75,2026-10-06T18:26:37.523+00:00,ok
t1clears14,clear-steady,steady,76,2026-10-06T18:26:38.823+00:00,ok
t1clears14,clear-steady,steady,77,2026-10-06T18:26:40.123+00:00,ok
t1clears14,clear-steady,steady,78,2026-10-06T18:26:41.423+00:00,ok
t1clears14,clear-steady,steady,79,2026-10-06T18:26:42.723+00:00,ok
t1clears14,clear-steady,steady,80,2026-10-06T18:26:44.023+00:00,ok
t1clears14,clear-steady,steady,81,2026-10-06T18:26:45.323+00:00,ok
t1clears14,clear-steady,steady,82,2026-10-06T18:26:46.623+00:00,ok
t1clears14,clear-steady,steady,83,2026-10-06T18:26:47.923+00:00,ok
t1clears14,clear-steady,steady,84,2026-10-06T18:26:49.223+00:00,ok
t1clears14,clear-steady,steady,85,2026-10-06T18:26:50.523+00:00,ok
t1clears14,clear-steady,steady,86,2026-10-06T18:26:51.823+00:00,ok
t1clears14,clear-steady,steady,87,2026-10-06T18:26:53.123+00:00,ok
t1clears14,clear-steady,steady,88,2026-10-06T18:26:54.423+00:00,ok
t1clears14,clear-steady,steady,89,2026-10-06T18:26:55.723+00:00,ok
t1clears14,clear-steady,steady,90,2026-10-06T18:26:57.023+00:00,ok
t1clears14,clear-steady,steady,91,2026-10-06T18:26:58.323+00:00,ok
t1clears14,clear-steady,steady,92,2026-10-06T18:26:59.624+00:00,ok
t1clears14,clear-steady,steady,93,2026-10-06T18:27:00.923+00:00,ok
t1clears14,clear-steady,steady,94,2026-10-06T18:27:02.223+00:00,ok
t1clears14,clear-steady,steady,95,2026-10-06T18:27:03.523+00:00,ok
t1clears14,clear-steady,steady,96,2026-10-06T18:27:04.823+00:00,ok
t1clears14,clear-steady,steady,97,2026-10-06T18:27:06.123+00:00,ok
t1clears14,clear-steady,steady,98,2026-10-06T18:27:07.423+00:00,ok
t1clears14,clear-steady,steady,99,2026-10-06T18:27:08.723+00:00,ok
t1clears14,clear-steady,steady,100,2026-10-06T18:27:10.023+00:00,ok
t1clears14,clear-steady,steady,101,2026-10-06T18:27:11.323+00:00,ok
t1clears14,clear-steady,steady,102,2026-10-06T18:27:12.623+00:00,ok
t1clears14,clear-steady,steady,103,2026-10-06T18:27:13.923+00:00,ok
t1clears14,clear-steady,steady,104,2026-10-06T18:27:15.223+00:00,ok
t1clears14,clear-steady,steady,105,2026-10-06T18:27:16.523+00:00,ok
t1clears14,clear-steady,steady,106,2026-10-06T18:27:17.823+00:00,ok
t1clears14,clear-steady,steady,107,2026-10-06T18:27:19.123+00:00,ok
t1clears14,clear-steady,steady,108,2026-10-06T18:27:20.423+00:00,ok
t1clears14,clear-steady,steady,109,2026-10-06T18:27:21.723+00:00,ok
t1clears14,clear-steady,steady,110,2026-10-06T18:27:23.023+00:00,ok
t1clears14,clear-steady,steady,111,2026-10-06T18:27:24.323+00:00,ok
t1clears14,clear-steady,steady,112,2026-10-06T18:27:25.623+00:00,ok
t1clears14,clear-steady,steady,113,2026-10-06T18:27:26.923+00:00,ok
t1clears14,clear-steady,steady,114,2026-10-06T18:27:28.223+00:00,ok
t1clears14,clear-steady,steady,115,2026-10-06T18:27:29.523+00:00,ok
t1clears14,clear-steady,steady,116,2026-10-06T18:27:30.823+00:00,ok
t1clears14,clear-steady,steady,117,2026-10-06T18:27:32.123+00:00,ok
t1clears14,clear-steady,steady,118,2026-10-06T18:27:33.423+00:00,ok
t1clears14,clear-steady,steady,119,2026-10-06T18:27:34.723+00:00,ok
t1clearp15,clear-pair,pair,0,2026-10-06T18:35:00.023+00:00,ok
t1clearp15,clear-pair,pair,1,2026-10-06T18:35:00.123+00:00,ok
t1clearp15,clear-pair,pair,2,2026-10-06T18:35:02.623+00:00,ok
t1clearp15,clear-pair,pair,3,2026-10-06T18:35:02.723+00:00,ok
t1clearp15,clear-pair,pair,4,2026-10-06T18:35:05.223+00:00,ok
t1clearp15,clear-pair,pair,5,2026-10-06T18:35:05.323+00:00,ok
t1clearp15,clear-pair,pair,6,2026-10-06T18:35:07.823+00:00,ok
t1clearp15,clear-pair,pair,7,2026-10-06T18:35:07.923+00:00,ok
t1clearp15,clear-pair,pair,8,2026-10-06T18:35:10.423+00:00,ok
t1clearp15,clear-pair,pair,9,2026-10-06T18:35:10.523+00:00,ok
t1clearp15,clear-pair,pair,10,2026-10-06T18:35:13.023+00:00,ok
t1clearp15,clear-pair,pair,11,2026-10-06T18:35:13.123+00:00,ok
t1clearp15,clear-pair,pair,12,2026-10-06T18:35:15.623+00:00,ok
t1clearp15,clear-pair,pair,13,2026-10-06T18:35:15.723+00:00,ok
t1clearp15,clear-pair,pair,14,2026-10-06T18:35:18.223+00:00,ok
t1clearp15,clear-pair,pair,15,2026-10-06T18:35:18.323+00:00,ok
t1clearp15,clear-pair,pair,16,2026-10-06T18:35:20.823+00:00,ok
t1clearp15,clear-pair,pair,17,2026-10-06T18:35:20.923+00:00,ok
t1clearp15,clear-pair,pair,18,2026-10-06T18:35:23.423+00:00,ok
t1clearp15,clear-pair,pair,19,2026-10-06T18:35:23.523+00:00,ok
t1clearp15,clear-pair,pair,20,2026-10-06T18:35:26.023+00:00,ok
t1clearp15,clear-pair,pair,21,2026-10-06T18:35:26.123+00:00,ok
t1clearp15,clear-pair,pair,22,2026-10-06T18:35:28.623+00:00,ok
t1clearp15,clear-pair,pair,23,2026-10-06T18:35:28.723+00:00,ok
t1clearp15,clear-pair,pair,24,2026-10-06T18:35:31.223+00:00,ok
t1clearp15,clear-pair,pair,25,2026-10-06T18:35:31.323+00:00,ok
t1clearp15,clear-pair,pair,26,2026-10-06T18:35:33.823+00:00,ok
t1clearp15,clear-pair,pair,27,2026-10-06T18:35:33.923+00:00,ok
t1clearp15,clear-pair,pair,28,2026-10-06T18:35:36.423+00:00,ok
t1clearp15,clear-pair,pair,29,2026-10-06T18:35:36.523+00:00,ok
t1clearp15,clear-pair,pair,30,2026-10-06T18:35:39.023+00:00,ok
t1clearp15,clear-pair,pair,31,2026-10-06T18:35:39.123+00:00,ok
t1clearp15,clear-pair,pair,32,2026-10-06T18:35:41.623+00:00,ok
t1clearp15,clear-pair,pair,33,2026-10-06T18:35:41.723+00:00,ok
t1clearp15,clear-pair,pair,34,2026-10-06T18:35:44.223+00:00,ok
t1clearp15,clear-pair,pair,35,2026-10-06T18:35:44.323+00:00,ok
t1clearp15,clear-pair,pair,36,2026-10-06T18:35:46.823+00:00,ok
t1clearp15,clear-pair,pair,37,2026-10-06T18:35:46.923+00:00,ok
t1clearp15,clear-pair,pair,38,2026-10-06T18:35:49.423+00:00,ok
t1clearp15,clear-pair,pair,39,2026-10-06T18:35:49.523+00:00,ok
t1clearp15,clear-pair,pair,40,2026-10-06T18:35:52.023+00:00,ok
t1clearp15,clear-pair,pair,41,2026-10-06T18:35:52.123+00:00,ok
t1clearp15,clear-pair,pair,42,2026-10-06T18:35:54.623+00:00,ok
t1clearp15,clear-pair,pair,43,2026-10-06T18:35:54.723+00:00,ok
t1clearp15,clear-pair,pair,44,2026-10-06T18:35:57.223+00:00,ok
t1clearp15,clear-pair,pair,45,2026-10-06T18:35:57.323+00:00,ok
t1clearp15,clear-pair,pair,46,2026-10-06T18:35:59.823+00:00,ok
t1clearp15,clear-pair,pair,47,2026-10-06T18:35:59.923+00:00,ok
t1clearp15,clear-pair,pair,48,2026-10-06T18:36:02.423+00:00,ok
t1clearp15,clear-pair,pair,49,2026-10-06T18:36:02.523+00:00,ok
t1clearp15,clear-pair,pair,50,2026-10-06T18:36:05.023+00:00,ok
t1clearp15,clear-pair,pair,51,2026-10-06T18:36:05.123+00:00,ok
t1clearp15,clear-pair,pair,52,2026-10-06T18:36:07.623+00:00,ok
t1clearp15,clear-pair,pair,53,2026-10-06T18:36:07.723+00:00,ok
t1clearp15,clear-pair,pair,54,2026-10-06T18:36:10.223+00:00,ok
t1clearp15,clear-pair,pair,55,2026-10-06T18:36:10.323+00:00,ok
t1clearp15,clear-pair,pair,56,2026-10-06T18:36:12.823+00:00,ok
t1clearp15,clear-pair,pair,57,2026-10-06T18:36:12.923+00:00,ok
t1clearp15,clear-pair,pair,58,2026-10-06T18:36:15.423+00:00,ok
t1clearp15,clear-pair,pair,59,2026-10-06T18:36:15.523+00:00,ok
t1clearp15,clear-pair,pair,60,2026-10-06T18:36:18.023+00:00,ok
t1clearp15,clear-pair,pair,61,2026-10-06T18:36:18.123+00:00,ok
t1clearp15,clear-pair,pair,62,2026-10-06T18:36:20.623+00:00,ok
t1clearp15,clear-pair,pair,63,2026-10-06T18:36:20.723+00:00,ok
t1clearp15,clear-pair,pair,64,2026-10-06T18:36:23.223+00:00,ok
t1clearp15,clear-pair,pair,65,2026-10-06T18:36:23.323+00:00,ok
t1clearp15,clear-pair,pair,66,2026-10-06T18:36:25.823+00:00,ok
t1clearp15,clear-pair,pair,67,2026-10-06T18:36:25.923+00:00,ok
t1clearp15,clear-pair,pair,68,2026-10-06T18:36:28.423+00:00,ok
t1clearp15,clear-pair,pair,69,2026-10-06T18:36:28.523+00:00,ok
t1clearp15,clear-pair,pair,70,2026-10-06T18:36:31.023+00:00,ok
t1clearp15,clear-pair,pair,71,2026-10-06T18:36:31.123+00:00,ok
t1clearp15,clear-pair,pair,72,2026-10-06T18:36:33.623+00:00,ok
t1clearp15,clear-pair,pair,73,2026-10-06T18:36:33.723+00:00,ok
t1clearp15,clear-pair,pair,74,2026-10-06T18:36:36.223+00:00,ok
t1clearp15,clear-pair,pair,75,2026-10-06T18:36:36.323+00:00,ok
t1clearp15,clear-pair,pair,76,2026-10-06T18:36:38.823+00:00,ok
t1clearp15,clear-pair,pair,77,2026-10-06T18:36:38.923+00:00,ok
t1clearp15,clear-pair,pair,78,2026-10-06T18:36:41.423+00:00,ok
t1clearp15,clear-pair,pair,79,2026-10-06T18:36:41.523+00:00,ok
t1clearp15,clear-pair,pair,80,2026-10-06T18:36:44.023+00:00,ok
t1clearp15,clear-pair,pair,81,2026-10-06T18:36:44.123+00:00,ok
t1clearp15,clear-pair,pair,82,2026-10-06T18:36:46.623+00:00,ok
t1clearp15,clear-pair,pair,83,2026-10-06T18:36:46.723+00:00,ok
t1clearp15,clear-pair,pair,84,2026-10-06T18:36:49.223+00:00,ok
t1clearp15,clear-pair,pair,85,2026-10-06T18:36:49.323+00:00,ok
t1clearp15,clear-pair,pair,86,2026-10-06T18:36:51.823+00:00,ok
t1clearp15,clear-pair,pair,87,2026-10-06T18:36:51.923+00:00,ok
t1clearp15,clear-pair,pair,88,2026-10-06T18:36:54.423+00:00,ok
t1clearp15,clear-pair,pair,89,2026-10-06T18:36:54.523+00:00,ok
t1clearp15,clear-pair,pair,90,2026-10-06T18:36:57.023+00:00,ok
t1clearp15,clear-pair,pair,91,2026-10-06T18:36:57.123+00:00,ok
t1clearp15,clear-pair,pair,92,2026-10-06T18:36:59.623+00:00,ok
t1clearp15,clear-pair,pair,93,2026-10-06T18:36:59.723+00:00,ok
t1clearp15,clear-pair,pair,94,2026-10-06T18:37:02.223+00:00,ok
t1clearp15,clear-pair,pair,95,2026-10-06T18:37:02.323+00:00,ok
t1clearp15,clear-pair,pair,96,2026-10-06T18:37:04.823+00:00,ok
t1clearp15,clear-pair,pair,97,2026-10-06T18:37:04.923+00:00,ok
t1clearp15,clear-pair,pair,98,2026-10-06T18:37:07.423+00:00,ok
t1clearp15,clear-pair,pair,99,2026-10-06T18:37:07.523+00:00,ok
t1clearp15,clear-pair,pair,100,2026-10-06T18:37:10.023+00:00,ok
t1clearp15,clear-pair,pair,101,2026-10-06T18:37:10.123+00:00,ok
t1clearp15,clear-pair,pair,102,2026-10-06T18:37:12.623+00:00,ok
t1clearp15,clear-pair,pair,103,2026-10-06T18:37:12.723+00:00,ok
t1clearp15,clear-pair,pair,104,2026-10-06T18:37:15.223+00:00,ok
t1clearp15,clear-pair,pair,105,2026-10-06T18:37:15.323+00:00,ok
t1clearp15,clear-pair,pair,106,2026-10-06T18:37:17.823+00:00,ok
t1clearp15,clear-pair,pair,107,2026-10-06T18:37:17.923+00:00,ok
t1clearp15,clear-pair,pair,108,2026-10-06T18:37:20.423+00:00,ok
t1clearp15,clear-pair,pair,109,2026-10-06T18:37:20.523+00:00,ok
t1clearp15,clear-pair,pair,110,2026-10-06T18:37:23.023+00:00,ok
t1clearp15,clear-pair,pair,111,2026-10-06T18:37:23.123+00:00,ok
t1clearp15,clear-pair,pair,112,2026-10-06T18:37:25.623+00:00,ok
t1clearp15,clear-pair,pair,113,2026-10-06T18:37:25.723+00:00,ok
t1clearp15,clear-pair,pair,114,2026-10-06T18:37:28.223+00:00,ok
t1clearp15,clear-pair,pair,115,2026-10-06T18:37:28.323+00:00,ok
t1clearp15,clear-pair,pair,116,2026-10-06T18:37:30.823+00:00,ok
t1clearp15,clear-pair,pair,117,2026-10-06T18:37:30.923+00:00,ok
t1clearp15,clear-pair,pair,118,2026-10-06T18:37:33.423+00:00,ok
t1clearp15,clear-pair,pair,119,2026-10-06T18:37:33.523+00:00,ok
t1clears16,clear-steady,steady,0,2026-10-06T18:45:00.023+00:00,ok
t1clears16,clear-steady,steady,1,2026-10-06T18:45:01.323+00:00,ok
t1clears16,clear-steady,steady,2,2026-10-06T18:45:02.623+00:00,ok
t1clears16,clear-steady,steady,3,2026-10-06T18:45:03.923+00:00,ok
t1clears16,clear-steady,steady,4,2026-10-06T18:45:05.223+00:00,ok
t1clears16,clear-steady,steady,5,2026-10-06T18:45:06.523+00:00,ok
t1clears16,clear-steady,steady,6,2026-10-06T18:45:07.823+00:00,ok
t1clears16,clear-steady,steady,7,2026-10-06T18:45:09.123+00:00,ok
t1clears16,clear-steady,steady,8,2026-10-06T18:45:10.423+00:00,ok
t1clears16,clear-steady,steady,9,2026-10-06T18:45:11.723+00:00,ok
t1clears16,clear-steady,steady,10,2026-10-06T18:45:13.023+00:00,ok
t1clears16,clear-steady,steady,11,2026-10-06T18:45:14.323+00:00,ok
t1clears16,clear-steady,steady,12,2026-10-06T18:45:15.623+00:00,ok
t1clears16,clear-steady,steady,13,2026-10-06T18:45:16.923+00:00,ok
t1clears16,clear-steady,steady,14,2026-10-06T18:45:18.223+00:00,ok
t1clears16,clear-steady,steady,15,2026-10-06T18:45:19.523+00:00,ok
t1clears16,clear-steady,steady,16,2026-10-06T18:45:20.823+00:00,ok
t1clears16,clear-steady,steady,17,2026-10-06T18:45:22.123+00:00,ok
t1clears16,clear-steady,steady,18,2026-10-06T18:45:23.423+00:00,ok
t1clears16,clear-steady,steady,19,2026-10-06T18:45:24.723+00:00,ok
t1clears16,clear-steady,steady,20,2026-10-06T18:45:26.023+00:00,ok
t1clears16,clear-steady,steady,21,2026-10-06T18:45:27.323+00:00,ok
t1clears16,clear-steady,steady,22,2026-10-06T18:45:28.623+00:00,ok
t1clears16,clear-steady,steady,23,2026-10-06T18:45:29.923+00:00,ok
t1clears16,clear-steady,steady,24,2026-10-06T18:45:31.223+00:00,ok
t1clears16,clear-steady,steady,25,2026-10-06T18:45:32.523+00:00,ok
t1clears16,clear-steady,steady,26,2026-10-06T18:45:33.823+00:00,ok
t1clears16,clear-steady,steady,27,2026-10-06T18:45:35.123+00:00,ok
t1clears16,clear-steady,steady,28,2026-10-06T18:45:36.423+00:00,ok
t1clears16,clear-steady,steady,29,2026-10-06T18:45:37.723+00:00,ok
t1clears16,clear-steady,steady,30,2026-10-06T18:45:39.023+00:00,ok
t1clears16,clear-steady,steady,31,2026-10-06T18:45:40.323+00:00,ok
t1clears16,clear-steady,steady,32,2026-10-06T18:45:41.623+00:00,ok
t1clears16,clear-steady,steady,33,2026-10-06T18:45:42.923+00:00,ok
t1clears16,clear-steady,steady,34,2026-10-06T18:45:44.223+00:00,ok
t1clears16,clear-steady,steady,35,2026-10-06T18:45:45.523+00:00,ok
t1clears16,clear-steady,steady,36,2026-10-06T18:45:46.823+00:00,ok
t1clears16,clear-steady,steady,37,2026-10-06T18:45:48.123+00:00,ok
t1clears16,clear-steady,steady,38,2026-10-06T18:45:49.423+00:00,ok
t1clears16,clear-steady,steady,39,2026-10-06T18:45:50.723+00:00,ok
t1clears16,clear-steady,steady,40,2026-10-06T18:45:52.023+00:00,ok
t1clears16,clear-steady,steady,41,2026-10-06T18:45:53.323+00:00,ok
t1clears16,clear-steady,steady,42,2026-10-06T18:45:54.623+00:00,ok
t1clears16,clear-steady,steady,43,2026-10-06T18:45:55.923+00:00,ok
t1clears16,clear-steady,steady,44,2026-10-06T18:45:57.223+00:00,ok
t1clears16,clear-steady,steady,45,2026-10-06T18:45:58.523+00:00,ok
t1clears16,clear-steady,steady,46,2026-10-06T18:45:59.823+00:00,ok
t1clears16,clear-steady,steady,47,2026-10-06T18:46:01.123+00:00,ok
t1clears16,clear-steady,steady,48,2026-10-06T18:46:02.423+00:00,ok
t1clears16,clear-steady,steady,49,2026-10-06T18:46:03.723+00:00,ok
t1clears16,clear-steady,steady,50,2026-10-06T18:46:05.023+00:00,ok
t1clears16,clear-steady,steady,51,2026-10-06T18:46:06.323+00:00,ok
t1clears16,clear-steady,steady,52,2026-10-06T18:46:07.623+00:00,ok
t1clears16,clear-steady,steady,53,2026-10-06T18:46:08.923+00:00,ok
t1clears16,clear-steady,steady,54,2026-10-06T18:46:10.223+00:00,ok
t1clears16,clear-steady,steady,55,2026-10-06T18:46:11.523+00:00,ok
t1clears16,clear-steady,steady,56,2026-10-06T18:46:12.823+00:00,ok
t1clears16,clear-steady,steady,57,2026-10-06T18:46:14.123+00:00,ok
t1clears16,clear-steady,steady,58,2026-10-06T18:46:15.423+00:00,ok
t1clears16,clear-steady,steady,59,2026-10-06T18:46:16.723+00:00,ok
t1clears16,clear-steady,steady,60,2026-10-06T18:46:18.023+00:00,ok
t1clears16,clear-steady,steady,61,2026-10-06T18:46:19.323+00:00,ok
t1clears16,clear-steady,steady,62,2026-10-06T18:46:20.623+00:00,ok
t1clears16,clear-steady,steady,63,2026-10-06T18:46:21.923+00:00,ok
t1clears16,clear-steady,steady,64,2026-10-06T18:46:23.223+00:00,ok
t1clears16,clear-steady,steady,65,2026-10-06T18:46:24.523+00:00,ok
t1clears16,clear-steady,steady,66,2026-10-06T18:46:25.823+00:00,ok
t1clears16,clear-steady,steady,67,2026-10-06T18:46:27.123+00:00,ok
t1clears16,clear-steady,steady,68,2026-10-06T18:46:28.423+00:00,ok
t1clears16,clear-steady,steady,69,2026-10-06T18:46:29.723+00:00,ok
t1clears16,clear-steady,steady,70,2026-10-06T18:46:31.023+00:00,ok
t1clears16,clear-steady,steady,71,2026-10-06T18:46:32.323+00:00,ok
t1clears16,clear-steady,steady,72,2026-10-06T18:46:33.623+00:00,ok
t1clears16,clear-steady,steady,73,2026-10-06T18:46:34.923+00:00,ok
t1clears16,clear-steady,steady,74,2026-10-06T18:46:36.223+00:00,ok
t1clears16,clear-steady,steady,75,2026-10-06T18:46:37.523+00:00,ok
t1clears16,clear-steady,steady,76,2026-10-06T18:46:38.823+00:00,ok
t1clears16,clear-steady,steady,77,2026-10-06T18:46:40.123+00:00,ok
t1clears16,clear-steady,steady,78,2026-10-06T18:46:41.423+00:00,ok
t1clears16,clear-steady,steady,79,2026-10-06T18:46:42.723+00:00,ok
t1clears16,clear-steady,steady,80,2026-10-06T18:46:44.023+00:00,ok
t1clears16,clear-steady,steady,81,2026-10-06T18:46:45.323+00:00,ok
t1clears16,clear-steady,steady,82,2026-10-06T18:46:46.623+00:00,ok
t1clears16,clear-steady,steady,83,2026-10-06T18:46:47.923+00:00,ok
t1clears16,clear-steady,steady,84,2026-10-06T18:46:49.223+00:00,ok
t1clears16,clear-steady,steady,85,2026-10-06T18:46:50.523+00:00,ok
t1clears16,clear-steady,steady,86,2026-10-06T18:46:51.823+00:00,ok
t1clears16,clear-steady,steady,87,2026-10-06T18:46:53.123+00:00,ok
t1clears16,clear-steady,steady,88,2026-10-06T18:46:54.423+00:00,ok
t1clears16,clear-steady,steady,89,2026-10-06T18:46:55.723+00:00,ok
t1clears16,clear-steady,steady,90,2026-10-06T18:46:57.023+00:00,ok
t1clears16,clear-steady,steady,91,2026-10-06T18:46:58.323+00:00,ok
t1clears16,clear-steady,steady,92,2026-10-06T18:46:59.623+00:00,ok
t1clears16,clear-steady,steady,93,2026-10-06T18:47:00.923+00:00,ok
t1clears16,clear-steady,steady,94,2026-10-06T18:47:02.223+00:00,ok
t1clears16,clear-steady,steady,95,2026-10-06T18:47:03.523+00:00,ok
t1clears16,clear-steady,steady,96,2026-10-06T18:47:04.823+00:00,ok
t1clears16,clear-steady,steady,97,2026-10-06T18:47:06.123+00:00,ok
t1clears16,clear-steady,steady,98,2026-10-06T18:47:07.423+00:00,ok
t1clears16,clear-steady,steady,99,2026-10-06T18:47:08.723+00:00,ok
t1clears16,clear-steady,steady,100,2026-10-06T18:47:10.023+00:00,ok
t1clears16,clear-steady,steady,101,2026-10-06T18:47:11.323+00:00,ok
t1clears16,clear-steady,steady,102,2026-10-06T18:47:12.623+00:00,ok
t1clears16,clear-steady,steady,103,2026-10-06T18:47:13.923+00:00,ok
t1clears16,clear-steady,steady,104,2026-10-06T18:47:15.223+00:00,ok
t1clears16,clear-steady,steady,105,2026-10-06T18:47:16.523+00:00,ok
t1clears16,clear-steady,steady,106,2026-10-06T18:47:17.823+00:00,ok
t1clears16,clear-steady,steady,107,2026-10-06T18:47:19.123+00:00,ok
t1clears16,clear-steady,steady,108,2026-10-06T18:47:20.423+00:00,ok
t1clears16,clear-steady,steady,109,2026-10-06T18:47:21.723+00:00,ok
t1clears16,clear-steady,steady,110,2026-10-06T18:47:23.023+00:00,ok
t1clears16,clear-steady,steady,111,2026-10-06T18:47:24.323+00:00,ok
t1clears16,clear-steady,steady,112,2026-10-06T18:47:25.623+00:00,ok
t1clears16,clear-steady,steady,113,2026-10-06T18:47:26.923+00:00,ok
t1clears16,clear-steady,steady,114,2026-10-06T18:47:28.223+00:00,ok
t1clears16,clear-steady,steady,115,2026-10-06T18:47:29.523+00:00,ok
t1clears16,clear-steady,steady,116,2026-10-06T18:47:30.823+00:00,ok
t1clears16,clear-steady,steady,117,2026-10-06T18:47:32.123+00:00,ok
t1clears16,clear-steady,steady,118,2026-10-06T18:47:33.423+00:00,ok
t1clears16,clear-steady,steady,119,2026-10-06T18:47:34.723+00:00,ok
t1clearp17,clear-pair,pair,0,2026-10-06T18:55:00.023+00:00,ok
t1clearp17,clear-pair,pair,1,2026-10-06T18:55:00.123+00:00,ok
t1clearp17,clear-pair,pair,2,2026-10-06T18:55:02.623+00:00,ok
t1clearp17,clear-pair,pair,3,2026-10-06T18:55:02.723+00:00,ok
t1clearp17,clear-pair,pair,4,2026-10-06T18:55:05.223+00:00,ok
t1clearp17,clear-pair,pair,5,2026-10-06T18:55:05.323+00:00,ok
t1clearp17,clear-pair,pair,6,2026-10-06T18:55:07.823+00:00,ok
t1clearp17,clear-pair,pair,7,2026-10-06T18:55:07.923+00:00,ok
t1clearp17,clear-pair,pair,8,2026-10-06T18:55:10.423+00:00,ok
t1clearp17,clear-pair,pair,9,2026-10-06T18:55:10.523+00:00,ok
t1clearp17,clear-pair,pair,10,2026-10-06T18:55:13.023+00:00,ok
t1clearp17,clear-pair,pair,11,2026-10-06T18:55:13.123+00:00,ok
t1clearp17,clear-pair,pair,12,2026-10-06T18:55:15.623+00:00,ok
t1clearp17,clear-pair,pair,13,2026-10-06T18:55:15.723+00:00,ok
t1clearp17,clear-pair,pair,14,2026-10-06T18:55:18.223+00:00,ok
t1clearp17,clear-pair,pair,15,2026-10-06T18:55:18.323+00:00,ok
t1clearp17,clear-pair,pair,16,2026-10-06T18:55:20.823+00:00,ok
t1clearp17,clear-pair,pair,17,2026-10-06T18:55:20.923+00:00,ok
t1clearp17,clear-pair,pair,18,2026-10-06T18:55:23.423+00:00,ok
t1clearp17,clear-pair,pair,19,2026-10-06T18:55:23.523+00:00,ok
t1clearp17,clear-pair,pair,20,2026-10-06T18:55:26.023+00:00,ok
t1clearp17,clear-pair,pair,21,2026-10-06T18:55:26.123+00:00,ok
t1clearp17,clear-pair,pair,22,2026-10-06T18:55:28.623+00:00,ok
t1clearp17,clear-pair,pair,23,2026-10-06T18:55:28.723+00:00,ok
t1clearp17,clear-pair,pair,24,2026-10-06T18:55:31.223+00:00,ok
t1clearp17,clear-pair,pair,25,2026-10-06T18:55:31.323+00:00,ok
t1clearp17,clear-pair,pair,26,2026-10-06T18:55:33.823+00:00,ok
t1clearp17,clear-pair,pair,27,2026-10-06T18:55:33.923+00:00,ok
t1clearp17,clear-pair,pair,28,2026-10-06T18:55:36.423+00:00,ok
t1clearp17,clear-pair,pair,29,2026-10-06T18:55:36.523+00:00,ok
t1clearp17,clear-pair,pair,30,2026-10-06T18:55:39.023+00:00,ok
t1clearp17,clear-pair,pair,31,2026-10-06T18:55:39.123+00:00,ok
t1clearp17,clear-pair,pair,32,2026-10-06T18:55:41.623+00:00,ok
t1clearp17,clear-pair,pair,33,2026-10-06T18:55:41.723+00:00,ok
t1clearp17,clear-pair,pair,34,2026-10-06T18:55:44.223+00:00,ok
t1clearp17,clear-pair,pair,35,2026-10-06T18:55:44.323+00:00,ok
t1clearp17,clear-pair,pair,36,2026-10-06T18:55:46.823+00:00,ok
t1clearp17,clear-pair,pair,37,2026-10-06T18:55:46.923+00:00,ok
t1clearp17,clear-pair,pair,38,2026-10-06T18:55:49.423+00:00,ok
t1clearp17,clear-pair,pair,39,2026-10-06T18:55:49.523+00:00,ok
t1clearp17,clear-pair,pair,40,2026-10-06T18:55:52.023+00:00,ok
t1clearp17,clear-pair,pair,41,2026-10-06T18:55:52.123+00:00,ok
t1clearp17,clear-pair,pair,42,2026-10-06T18:55:54.623+00:00,ok
t1clearp17,clear-pair,pair,43,2026-10-06T18:55:54.723+00:00,ok
t1clearp17,clear-pair,pair,44,2026-10-06T18:55:57.223+00:00,ok
t1clearp17,clear-pair,pair,45,2026-10-06T18:55:57.323+00:00,ok
t1clearp17,clear-pair,pair,46,2026-10-06T18:55:59.823+00:00,ok
t1clearp17,clear-pair,pair,47,2026-10-06T18:55:59.923+00:00,ok
t1clearp17,clear-pair,pair,48,2026-10-06T18:56:02.423+00:00,ok
t1clearp17,clear-pair,pair,49,2026-10-06T18:56:02.523+00:00,ok
t1clearp17,clear-pair,pair,50,2026-10-06T18:56:05.023+00:00,ok
t1clearp17,clear-pair,pair,51,2026-10-06T18:56:05.123+00:00,ok
t1clearp17,clear-pair,pair,52,2026-10-06T18:56:07.623+00:00,ok
t1clearp17,clear-pair,pair,53,2026-10-06T18:56:07.723+00:00,ok
t1clearp17,clear-pair,pair,54,2026-10-06T18:56:10.223+00:00,ok
t1clearp17,clear-pair,pair,55,2026-10-06T18:56:10.323+00:00,ok
t1clearp17,clear-pair,pair,56,2026-10-06T18:56:12.823+00:00,ok
t1clearp17,clear-pair,pair,57,2026-10-06T18:56:12.923+00:00,ok
t1clearp17,clear-pair,pair,58,2026-10-06T18:56:15.423+00:00,ok
t1clearp17,clear-pair,pair,59,2026-10-06T18:56:15.523+00:00,ok
t1clearp17,clear-pair,pair,60,2026-10-06T18:56:18.023+00:00,ok
t1clearp17,clear-pair,pair,61,2026-10-06T18:56:18.123+00:00,ok
t1clearp17,clear-pair,pair,62,2026-10-06T18:56:20.623+00:00,ok
t1clearp17,clear-pair,pair,63,2026-10-06T18:56:20.723+00:00,ok
t1clearp17,clear-pair,pair,64,2026-10-06T18:56:23.223+00:00,ok
t1clearp17,clear-pair,pair,65,2026-10-06T18:56:23.323+00:00,ok
t1clearp17,clear-pair,pair,66,2026-10-06T18:56:25.823+00:00,ok
t1clearp17,clear-pair,pair,67,2026-10-06T18:56:25.923+00:00,ok
t1clearp17,clear-pair,pair,68,2026-10-06T18:56:28.423+00:00,ok
t1clearp17,clear-pair,pair,69,2026-10-06T18:56:28.523+00:00,ok
t1clearp17,clear-pair,pair,70,2026-10-06T18:56:31.023+00:00,ok
t1clearp17,clear-pair,pair,71,2026-10-06T18:56:31.123+00:00,ok
t1clearp17,clear-pair,pair,72,2026-10-06T18:56:33.623+00:00,ok
t1clearp17,clear-pair,pair,73,2026-10-06T18:56:33.723+00:00,ok
t1clearp17,clear-pair,pair,74,2026-10-06T18:56:36.223+00:00,ok
t1clearp17,clear-pair,pair,75,2026-10-06T18:56:36.323+00:00,ok
t1clearp17,clear-pair,pair,76,2026-10-06T18:56:38.823+00:00,ok
t1clearp17,clear-pair,pair,77,2026-10-06T18:56:38.923+00:00,ok
t1clearp17,clear-pair,pair,78,2026-10-06T18:56:41.423+00:00,ok
t1clearp17,clear-pair,pair,79,2026-10-06T18:56:41.523+00:00,ok
t1clearp17,clear-pair,pair,80,2026-10-06T18:56:44.023+00:00,ok
t1clearp17,clear-pair,pair,81,2026-10-06T18:56:44.123+00:00,ok
t1clearp17,clear-pair,pair,82,2026-10-06T18:56:46.623+00:00,ok
t1clearp17,clear-pair,pair,83,2026-10-06T18:56:46.723+00:00,ok
t1clearp17,clear-pair,pair,84,2026-10-06T18:56:49.223+00:00,ok
t1clearp17,clear-pair,pair,85,2026-10-06T18:56:49.323+00:00,ok
t1clearp17,clear-pair,pair,86,2026-10-06T18:56:51.823+00:00,ok
t1clearp17,clear-pair,pair,87,2026-10-06T18:56:51.923+00:00,ok
t1clearp17,clear-pair,pair,88,2026-10-06T18:56:54.423+00:00,ok
t1clearp17,clear-pair,pair,89,2026-10-06T18:56:54.523+00:00,ok
t1clearp17,clear-pair,pair,90,2026-10-06T18:56:57.023+00:00,ok
t1clearp17,clear-pair,pair,91,2026-10-06T18:56:57.123+00:00,ok
t1clearp17,clear-pair,pair,92,2026-10-06T18:56:59.623+00:00,ok
t1clearp17,clear-pair,pair,93,2026-10-06T18:56:59.723+00:00,ok
t1clearp17,clear-pair,pair,94,2026-10-06T18:57:02.223+00:00,ok
t1clearp17,clear-pair,pair,95,2026-10-06T18:57:02.323+00:00,ok
t1clearp17,clear-pair,pair,96,2026-10-06T18:57:04.823+00:00,ok
t1clearp17,clear-pair,pair,97,2026-10-06T18:57:04.923+00:00,ok
t1clearp17,clear-pair,pair,98,2026-10-06T18:57:07.423+00:00,ok
t1clearp17,clear-pair,pair,99,2026-10-06T18:57:07.523+00:00,ok
t1clearp17,clear-pair,pair,100,2026-10-06T18:57:10.023+00:00,ok
t1clearp17,clear-pair,pair,101,2026-10-06T18:57:10.123+00:00,ok
t1clearp17,clear-pair,pair,102,2026-10-06T18:57:12.623+00:00,ok
t1clearp17,clear-pair,pair,103,2026-10-06T18:57:12.723+00:00,ok
t1clearp17,clear-pair,pair,104,2026-10-06T18:57:15.223+00:00,ok
t1clearp17,clear-pair,pair,105,2026-10-06T18:57:15.323+00:00,ok
t1clearp17,clear-pair,pair,106,2026-10-06T18:57:17.823+00:00,ok
t1clearp17,clear-pair,pair,107,2026-10-06T18:57:17.923+00:00,ok
t1clearp17,clear-pair,pair,108,2026-10-06T18:57:20.423+00:00,ok
t1clearp17,clear-pair,pair,109,2026-10-06T18:57:20.523+00:00,ok
t1clearp17,clear-pair,pair,110,2026-10-06T18:57:23.023+00:00,ok
t1clearp17,clear-pair,pair,111,2026-10-06T18:57:23.123+00:00,ok
t1clearp17,clear-pair,pair,112,2026-10-06T18:57:25.623+00:00,ok
t1clearp17,clear-pair,pair,113,2026-10-06T18:57:25.723+00:00,ok
t1clearp17,clear-pair,pair,114,2026-10-06T18:57:28.223+00:00,ok
t1clearp17,clear-pair,pair,115,2026-10-06T18:57:28.323+00:00,ok
t1clearp17,clear-pair,pair,116,2026-10-06T18:57:30.823+00:00,ok
t1clearp17,clear-pair,pair,117,2026-10-06T18:57:30.923+00:00,ok
t1clearp17,clear-pair,pair,118,2026-10-06T18:57:33.423+00:00,ok
t1clearp17,clear-pair,pair,119,2026-10-06T18:57:33.523+00:00,ok
